static / gitleaks	UNKNOWN STEP	﻿2026-09-24T15:24:59.0806479Z Current runner version: '2.337.0'
static / gitleaks	UNKNOWN STEP	2026-09-24T15:24:59.0826346Z ##[group]Runner Image Provisioner
static / gitleaks	UNKNOWN STEP	2026-09-24T15:24:59.0827101Z Hosted Compute Agent
static / gitleaks	UNKNOWN STEP	2026-09-24T15:24:59.0827590Z Version: 20260828.587
static / gitleaks	UNKNOWN STEP	2026-09-24T15:24:59.0828096Z Commit: abac92662cab4cc7352de4f9f9d2e2419aad9c29
static / gitleaks	UNKNOWN STEP	2026-09-24T15:24:59.0828746Z Build Date: 2026-08-28T16:44:25Z
static / gitleaks	UNKNOWN STEP	2026-09-24T15:24:59.0829333Z Worker ID: {8b276443-44d4-49bf-a201-d5f6021052a9}
static / gitleaks	UNKNOWN STEP	2026-09-24T15:24:59.0829973Z Azure Region: westus3
static / gitleaks	UNKNOWN STEP	2026-09-24T15:24:59.0830440Z ##[endgroup]
static / gitleaks	UNKNOWN STEP	2026-09-24T15:24:59.0831643Z ##[group]Operating System
static / gitleaks	UNKNOWN STEP	2026-09-24T15:24:59.0832224Z Ubuntu
static / gitleaks	UNKNOWN STEP	2026-09-24T15:24:59.0832691Z 24.04.5
static / gitleaks	UNKNOWN STEP	2026-09-24T15:24:59.0833137Z LTS
static / gitleaks	UNKNOWN STEP	2026-09-24T15:24:59.0833571Z ##[endgroup]
static / gitleaks	UNKNOWN STEP	2026-09-24T15:24:59.0834025Z ##[group]Runner Image
static / gitleaks	UNKNOWN STEP	2026-09-24T15:24:59.0834549Z Image: ubuntu-24.04
static / gitleaks	UNKNOWN STEP	2026-09-24T15:24:59.0835041Z Version: 20260920.314.1
static / gitleaks	UNKNOWN STEP	2026-09-24T15:24:59.0836146Z Included Software: https://github.com/actions/runner-images/blob/ubuntu24/20260920.314/images/ubuntu/Ubuntu2404-Readme.md
static / gitleaks	UNKNOWN STEP	2026-09-24T15:24:59.0837373Z Image Release: https://github.com/actions/runner-images/releases/tag/ubuntu24%2F20260920.314
static / gitleaks	UNKNOWN STEP	2026-09-24T15:24:59.0838198Z ##[endgroup]
static / gitleaks	UNKNOWN STEP	2026-09-24T15:24:59.0839225Z ##[group]GITHUB_TOKEN Permissions
static / gitleaks	UNKNOWN STEP	2026-09-24T15:24:59.0840740Z Contents: read
static / gitleaks	UNKNOWN STEP	2026-09-24T15:24:59.0841520Z Metadata: read
static / gitleaks	UNKNOWN STEP	2026-09-24T15:24:59.0842045Z PullRequests: write
static / gitleaks	UNKNOWN STEP	2026-09-24T15:24:59.0842562Z ##[endgroup]
static / gitleaks	UNKNOWN STEP	2026-09-24T15:24:59.0844221Z Secret source: Actions
static / gitleaks	UNKNOWN STEP	2026-09-24T15:24:59.0845016Z Cache mode: write
static / gitleaks	UNKNOWN STEP	2026-09-24T15:24:59.0845604Z Prepare workflow directory
static / gitleaks	UNKNOWN STEP	2026-09-24T15:24:59.1105994Z Prepare all required actions
static / gitleaks	UNKNOWN STEP	2026-09-24T15:24:59.1144280Z Getting action download info
static / gitleaks	UNKNOWN STEP	2026-09-24T15:24:59.4169025Z Download action repository 'actions/checkout@v7' (SHA:3d3c42e5aac5ba805825da76410c181273ba90b1)
static / gitleaks	UNKNOWN STEP	2026-09-24T15:24:59.4950703Z Download action repository 'gitleaks/gitleaks-action@v3' (SHA:e0c47f4f8be36e29cdc102c57e68cb5cbf0e8d1e)
static / gitleaks	UNKNOWN STEP	2026-09-24T15:25:00.2439588Z Uses: tznthou/deepseek-code-review/.github/workflows/reusable-static-review.yml@refs/tags/v1 (23023b4d64e6015f9dc34a562a8cb023875b61e7)
static / gitleaks	UNKNOWN STEP	2026-09-24T15:25:00.2443733Z ##[group] Inputs
static / gitleaks	UNKNOWN STEP	2026-09-24T15:25:00.2444303Z   lint-command: shellcheck -f gcc $(git ls-files '*.sh')
static / gitleaks	UNKNOWN STEP	2026-09-24T15:25:00.2444886Z   lint-name: shellcheck
static / gitleaks	UNKNOWN STEP	2026-09-24T15:25:00.2445325Z   lint-errorformat: %f:%l:%c: %m
static / gitleaks	UNKNOWN STEP	2026-09-24T15:25:00.2445777Z   fail-level: error
static / gitleaks	UNKNOWN STEP	2026-09-24T15:25:00.2446470Z   skip-dependency-review: true
static / gitleaks	UNKNOWN STEP	2026-09-24T15:25:00.2446945Z   dependency-fail-on-severity: high
static / gitleaks	UNKNOWN STEP	2026-09-24T15:25:00.2447417Z   skip-draft: true
static / gitleaks	UNKNOWN STEP	2026-09-24T15:25:00.2447805Z ##[endgroup]
static / gitleaks	UNKNOWN STEP	2026-09-24T15:25:00.2448198Z Complete job name: static / gitleaks
static / gitleaks	UNKNOWN STEP	2026-09-24T15:25:00.3054831Z ##[group]Run actions/checkout@v7
static / gitleaks	UNKNOWN STEP	2026-09-24T15:25:00.3055530Z with:
static / gitleaks	UNKNOWN STEP	2026-09-24T15:25:00.3055904Z   fetch-depth: 0
static / gitleaks	UNKNOWN STEP	2026-09-24T15:25:00.3056332Z   persist-credentials: false
static / gitleaks	UNKNOWN STEP	2026-09-24T15:25:00.3056827Z   repository: tznthou/deepseek-review-probe
static / gitleaks	UNKNOWN STEP	2026-09-24T15:25:00.3060288Z   token: ***
static / gitleaks	UNKNOWN STEP	2026-09-24T15:25:00.3060674Z   ssh-strict: true
static / gitleaks	UNKNOWN STEP	2026-09-24T15:25:00.3061249Z   ssh-user: git
static / gitleaks	UNKNOWN STEP	2026-09-24T15:25:00.3061630Z   clean: true
static / gitleaks	UNKNOWN STEP	2026-09-24T15:25:00.3062024Z   sparse-checkout-cone-mode: true
static / gitleaks	UNKNOWN STEP	2026-09-24T15:25:00.3062499Z   fetch-tags: false
static / gitleaks	UNKNOWN STEP	2026-09-24T15:25:00.3062895Z   show-progress: true
static / gitleaks	UNKNOWN STEP	2026-09-24T15:25:00.3063294Z   lfs: false
static / gitleaks	UNKNOWN STEP	2026-09-24T15:25:00.3063654Z   submodules: false
static / gitleaks	UNKNOWN STEP	2026-09-24T15:25:00.3064050Z   set-safe-directory: true
static / gitleaks	UNKNOWN STEP	2026-09-24T15:25:00.3064499Z   allow-unsafe-pr-checkout: false
static / gitleaks	UNKNOWN STEP	2026-09-24T15:25:00.3065166Z ##[endgroup]
static / gitleaks	UNKNOWN STEP	2026-09-24T15:25:00.3887395Z Syncing repository: tznthou/deepseek-review-probe
static / gitleaks	UNKNOWN STEP	2026-09-24T15:25:00.3888990Z ##[group]Getting Git version info
static / gitleaks	UNKNOWN STEP	2026-09-24T15:25:00.3889853Z Working directory is '/home/runner/work/deepseek-review-probe/deepseek-review-probe'
static / gitleaks	UNKNOWN STEP	2026-09-24T15:25:00.3890871Z [command]/usr/bin/git version
static / gitleaks	UNKNOWN STEP	2026-09-24T15:25:00.3980217Z git version 2.55.0
static / gitleaks	UNKNOWN STEP	2026-09-24T15:25:00.3997871Z ##[endgroup]
static / gitleaks	UNKNOWN STEP	2026-09-24T15:25:00.4007740Z Temporarily overriding HOME='/home/runner/work/_temp/274866d5-a41a-44eb-8f4f-0c6a632a2929' before making global git config changes
static / gitleaks	UNKNOWN STEP	2026-09-24T15:25:00.4010141Z Adding repository directory to the temporary git global config as a safe directory
static / gitleaks	UNKNOWN STEP	2026-09-24T15:25:00.4012629Z [command]/usr/bin/git config --global --add safe.directory /home/runner/work/deepseek-review-probe/deepseek-review-probe
static / gitleaks	UNKNOWN STEP	2026-09-24T15:25:00.4131751Z Deleting the contents of '/home/runner/work/deepseek-review-probe/deepseek-review-probe'
static / gitleaks	UNKNOWN STEP	2026-09-24T15:25:00.4134863Z ##[group]Determining repository object format
static / gitleaks	UNKNOWN STEP	2026-09-24T15:25:00.4136368Z ##[endgroup]
static / gitleaks	UNKNOWN STEP	2026-09-24T15:25:00.4137441Z ##[group]Initializing the repository
static / gitleaks	UNKNOWN STEP	2026-09-24T15:25:00.4141544Z [command]/usr/bin/git init /home/runner/work/deepseek-review-probe/deepseek-review-probe
static / gitleaks	UNKNOWN STEP	2026-09-24T15:25:00.4237979Z hint: Using 'master' as the name for the initial branch. This default branch name
static / gitleaks	UNKNOWN STEP	2026-09-24T15:25:00.4239430Z hint: will change to "main" in Git 3.0. To configure the initial branch name
static / gitleaks	UNKNOWN STEP	2026-09-24T15:25:00.4240755Z hint: to use in all of your new repositories, which will suppress this warning,
static / gitleaks	UNKNOWN STEP	2026-09-24T15:25:00.4241892Z hint: call:
static / gitleaks	UNKNOWN STEP	2026-09-24T15:25:00.4242248Z hint:
static / gitleaks	UNKNOWN STEP	2026-09-24T15:25:00.4242709Z hint: 	git config --global init.defaultBranch <name>
static / gitleaks	UNKNOWN STEP	2026-09-24T15:25:00.4243245Z hint:
static / gitleaks	UNKNOWN STEP	2026-09-24T15:25:00.4243740Z hint: Names commonly chosen instead of 'master' are 'main', 'trunk' and
static / gitleaks	UNKNOWN STEP	2026-09-24T15:25:00.4244558Z hint: 'development'. The just-created branch can be renamed via this command:
static / gitleaks	UNKNOWN STEP	2026-09-24T15:25:00.4245194Z hint:
static / gitleaks	UNKNOWN STEP	2026-09-24T15:25:00.4245549Z hint: 	git branch -m <name>
static / gitleaks	UNKNOWN STEP	2026-09-24T15:25:00.4245962Z hint:
static / gitleaks	UNKNOWN STEP	2026-09-24T15:25:00.4246523Z hint: Disable this message with "git config set advice.defaultBranchName false"
static / gitleaks	UNKNOWN STEP	2026-09-24T15:25:00.4251670Z Initialized empty Git repository in /home/runner/work/deepseek-review-probe/deepseek-review-probe/.git/
static / gitleaks	UNKNOWN STEP	2026-09-24T15:25:00.4259862Z [command]/usr/bin/git remote add origin https://github.com/tznthou/deepseek-review-probe
static / gitleaks	UNKNOWN STEP	2026-09-24T15:25:00.4304994Z ##[endgroup]
static / gitleaks	UNKNOWN STEP	2026-09-24T15:25:00.4306211Z ##[group]Disabling automatic garbage collection
static / gitleaks	UNKNOWN STEP	2026-09-24T15:25:00.4308262Z [command]/usr/bin/git config --local gc.auto 0
static / gitleaks	UNKNOWN STEP	2026-09-24T15:25:00.4338390Z ##[endgroup]
static / gitleaks	UNKNOWN STEP	2026-09-24T15:25:00.4340099Z ##[group]Setting up auth
static / gitleaks	UNKNOWN STEP	2026-09-24T15:25:00.4340995Z Removing SSH command configuration
static / gitleaks	UNKNOWN STEP	2026-09-24T15:25:00.4343678Z [command]/usr/bin/git config --local --name-only --get-regexp core\.sshCommand
static / gitleaks	UNKNOWN STEP	2026-09-24T15:25:00.4376095Z [command]/usr/bin/git submodule foreach --recursive sh -c "git config --local --name-only --get-regexp 'core\.sshCommand' && git config --local --unset-all 'core.sshCommand' || :"
static / gitleaks	UNKNOWN STEP	2026-09-24T15:25:00.4704090Z Removing HTTP extra header
static / gitleaks	UNKNOWN STEP	2026-09-24T15:25:00.4709163Z [command]/usr/bin/git config --local --name-only --get-regexp http\.https\:\/\/github\.com\/\.extraheader
static / gitleaks	UNKNOWN STEP	2026-09-24T15:25:00.4738873Z [command]/usr/bin/git submodule foreach --recursive sh -c "git config --local --name-only --get-regexp 'http\.https\:\/\/github\.com\/\.extraheader' && git config --local --unset-all 'http.https://github.com/.extraheader' || :"
static / gitleaks	UNKNOWN STEP	2026-09-24T15:25:00.4922132Z Removing includeIf entries pointing to credentials config files
static / gitleaks	UNKNOWN STEP	2026-09-24T15:25:00.4926203Z [command]/usr/bin/git config --local --name-only --get-regexp ^includeIf\.gitdir:
static / gitleaks	UNKNOWN STEP	2026-09-24T15:25:00.4956730Z [command]/usr/bin/git submodule foreach --recursive git config --local --show-origin --name-only --get-regexp remote.origin.url
static / gitleaks	UNKNOWN STEP	2026-09-24T15:25:00.5148310Z [command]/usr/bin/git config --file /home/runner/work/_temp/git-credentials-f4ae756a-4459-4870-99dc-c3791887eb48.config http.https://github.com/.extraheader AUTHORIZATION: basic ***
static / gitleaks	UNKNOWN STEP	2026-09-24T15:25:00.5182616Z [command]/usr/bin/git config --local includeIf.gitdir:/home/runner/work/deepseek-review-probe/deepseek-review-probe/.git.path /home/runner/work/_temp/git-credentials-f4ae756a-4459-4870-99dc-c3791887eb48.config
static / gitleaks	UNKNOWN STEP	2026-09-24T15:25:00.5211861Z [command]/usr/bin/git config --local includeIf.gitdir:/home/runner/work/deepseek-review-probe/deepseek-review-probe/.git/worktrees/*.path /home/runner/work/_temp/git-credentials-f4ae756a-4459-4870-99dc-c3791887eb48.config
static / gitleaks	UNKNOWN STEP	2026-09-24T15:25:00.5243615Z [command]/usr/bin/git config --local includeIf.gitdir:/github/workspace/.git.path /github/runner_temp/git-credentials-f4ae756a-4459-4870-99dc-c3791887eb48.config
static / gitleaks	UNKNOWN STEP	2026-09-24T15:25:00.5275538Z [command]/usr/bin/git config --local includeIf.gitdir:/github/workspace/.git/worktrees/*.path /github/runner_temp/git-credentials-f4ae756a-4459-4870-99dc-c3791887eb48.config
static / gitleaks	UNKNOWN STEP	2026-09-24T15:25:00.5304678Z ##[endgroup]
static / gitleaks	UNKNOWN STEP	2026-09-24T15:25:00.5305744Z ##[group]Fetching the repository
static / gitleaks	UNKNOWN STEP	2026-09-24T15:25:00.5311949Z [command]/usr/bin/git -c protocol.version=2 fetch --no-tags --prune --no-recurse-submodules origin +refs/heads/*:refs/remotes/origin/* +refs/tags/*:refs/tags/* +c32af5cbd3c00beb074a2595e7216dd35a2a4db9:refs/remotes/pull/1/merge
static / gitleaks	UNKNOWN STEP	2026-09-24T15:25:01.1794169Z From https://github.com/tznthou/deepseek-review-probe
static / gitleaks	UNKNOWN STEP	2026-09-24T15:25:01.1795362Z  * [new branch]      main                                     -> origin/main
static / gitleaks	UNKNOWN STEP	2026-09-24T15:25:01.1796907Z  * [new branch]      trigger                                  -> origin/trigger
static / gitleaks	UNKNOWN STEP	2026-09-24T15:25:01.1798536Z  * [new ref]         c32af5cbd3c00beb074a2595e7216dd35a2a4db9 -> pull/1/merge
static / gitleaks	UNKNOWN STEP	2026-09-24T15:25:01.1801780Z ##[endgroup]
static / gitleaks	UNKNOWN STEP	2026-09-24T15:25:01.1803266Z ##[group]Determining the checkout info
static / gitleaks	UNKNOWN STEP	2026-09-24T15:25:01.1804924Z ##[endgroup]
static / gitleaks	UNKNOWN STEP	2026-09-24T15:25:01.1806132Z [command]/usr/bin/git sparse-checkout disable
static / gitleaks	UNKNOWN STEP	2026-09-24T15:25:01.1852960Z [command]/usr/bin/git config --local --unset-all extensions.worktreeConfig
static / gitleaks	UNKNOWN STEP	2026-09-24T15:25:01.1883170Z ##[group]Checking out the ref
static / gitleaks	UNKNOWN STEP	2026-09-24T15:25:01.1886191Z [command]/usr/bin/git checkout --progress --force refs/remotes/pull/1/merge
static / gitleaks	UNKNOWN STEP	2026-09-24T15:25:01.1929597Z Note: switching to 'refs/remotes/pull/1/merge'.
static / gitleaks	UNKNOWN STEP	2026-09-24T15:25:01.1930635Z 
static / gitleaks	UNKNOWN STEP	2026-09-24T15:25:01.1931583Z You are in 'detached HEAD' state. You can look around, make experimental
static / gitleaks	UNKNOWN STEP	2026-09-24T15:25:01.1933473Z changes and commit them, and you can discard any commits you make in this
static / gitleaks	UNKNOWN STEP	2026-09-24T15:25:01.1935366Z state without impacting any branches by switching back to a branch.
static / gitleaks	UNKNOWN STEP	2026-09-24T15:25:01.1936527Z 
static / gitleaks	UNKNOWN STEP	2026-09-24T15:25:01.1937518Z If you want to create a new branch to retain commits you create, you may
static / gitleaks	UNKNOWN STEP	2026-09-24T15:25:01.1939350Z do so (now or later) by using -c with the switch command. Example:
static / gitleaks	UNKNOWN STEP	2026-09-24T15:25:01.1940371Z 
static / gitleaks	UNKNOWN STEP	2026-09-24T15:25:01.1940837Z   git switch -c <new-branch-name>
static / gitleaks	UNKNOWN STEP	2026-09-24T15:25:01.1941716Z 
static / gitleaks	UNKNOWN STEP	2026-09-24T15:25:01.1942228Z Or undo this operation with:
static / gitleaks	UNKNOWN STEP	2026-09-24T15:25:01.1942939Z 
static / gitleaks	UNKNOWN STEP	2026-09-24T15:25:01.1943345Z   git switch -
static / gitleaks	UNKNOWN STEP	2026-09-24T15:25:01.1943837Z 
static / gitleaks	UNKNOWN STEP	2026-09-24T15:25:01.1944655Z Turn off this advice by setting config variable advice.detachedHead to false
static / gitleaks	UNKNOWN STEP	2026-09-24T15:25:01.1946064Z 
static / gitleaks	UNKNOWN STEP	2026-09-24T15:25:01.1947393Z HEAD is now at c32af5c Merge db3fd455d993a5854453cbe02050ad498d1066e0 into 984920211803326516e63a678f4c2480d0ef0276
static / gitleaks	UNKNOWN STEP	2026-09-24T15:25:01.1951614Z ##[endgroup]
static / gitleaks	UNKNOWN STEP	2026-09-24T15:25:01.1978097Z [command]/usr/bin/git log -1 --format=%H
static / gitleaks	UNKNOWN STEP	2026-09-24T15:25:01.2003491Z c32af5cbd3c00beb074a2595e7216dd35a2a4db9
static / gitleaks	UNKNOWN STEP	2026-09-24T15:25:01.2012210Z ##[group]Removing auth
static / gitleaks	UNKNOWN STEP	2026-09-24T15:25:01.2013305Z Removing SSH command configuration
static / gitleaks	UNKNOWN STEP	2026-09-24T15:25:01.2015150Z [command]/usr/bin/git config --local --name-only --get-regexp core\.sshCommand
static / gitleaks	UNKNOWN STEP	2026-09-24T15:25:01.2046177Z [command]/usr/bin/git submodule foreach --recursive sh -c "git config --local --name-only --get-regexp 'core\.sshCommand' && git config --local --unset-all 'core.sshCommand' || :"
static / gitleaks	UNKNOWN STEP	2026-09-24T15:25:01.2234486Z Removing HTTP extra header
static / gitleaks	UNKNOWN STEP	2026-09-24T15:25:01.2236455Z [command]/usr/bin/git config --local --name-only --get-regexp http\.https\:\/\/github\.com\/\.extraheader
static / gitleaks	UNKNOWN STEP	2026-09-24T15:25:01.2269571Z [command]/usr/bin/git submodule foreach --recursive sh -c "git config --local --name-only --get-regexp 'http\.https\:\/\/github\.com\/\.extraheader' && git config --local --unset-all 'http.https://github.com/.extraheader' || :"
static / gitleaks	UNKNOWN STEP	2026-09-24T15:25:01.2464415Z Removing includeIf entries pointing to credentials config files
static / gitleaks	UNKNOWN STEP	2026-09-24T15:25:01.2466590Z [command]/usr/bin/git config --local --name-only --get-regexp ^includeIf\.gitdir:
static / gitleaks	UNKNOWN STEP	2026-09-24T15:25:01.2492550Z includeif.gitdir:/home/runner/work/deepseek-review-probe/deepseek-review-probe/.git.path
static / gitleaks	UNKNOWN STEP	2026-09-24T15:25:01.2495374Z includeif.gitdir:/home/runner/work/deepseek-review-probe/deepseek-review-probe/.git/worktrees/*.path
static / gitleaks	UNKNOWN STEP	2026-09-24T15:25:01.2497252Z includeif.gitdir:/github/workspace/.git.path
static / gitleaks	UNKNOWN STEP	2026-09-24T15:25:01.2498719Z includeif.gitdir:/github/workspace/.git/worktrees/*.path
static / gitleaks	UNKNOWN STEP	2026-09-24T15:25:01.2502287Z [command]/usr/bin/git config --local --get-all includeif.gitdir:/home/runner/work/deepseek-review-probe/deepseek-review-probe/.git.path
static / gitleaks	UNKNOWN STEP	2026-09-24T15:25:01.2523268Z /home/runner/work/_temp/git-credentials-f4ae756a-4459-4870-99dc-c3791887eb48.config
static / gitleaks	UNKNOWN STEP	2026-09-24T15:25:01.2531801Z [command]/usr/bin/git config --local --unset includeif.gitdir:/home/runner/work/deepseek-review-probe/deepseek-review-probe/.git.path \/home\/runner\/work\/_temp\/git\-credentials\-f4ae756a\-4459\-4870\-99dc\-c3791887eb48\.config
static / gitleaks	UNKNOWN STEP	2026-09-24T15:25:01.2562926Z [command]/usr/bin/git config --local --get-all includeif.gitdir:/home/runner/work/deepseek-review-probe/deepseek-review-probe/.git/worktrees/*.path
static / gitleaks	UNKNOWN STEP	2026-09-24T15:25:01.2586341Z /home/runner/work/_temp/git-credentials-f4ae756a-4459-4870-99dc-c3791887eb48.config
static / gitleaks	UNKNOWN STEP	2026-09-24T15:25:01.2593476Z [command]/usr/bin/git config --local --unset includeif.gitdir:/home/runner/work/deepseek-review-probe/deepseek-review-probe/.git/worktrees/*.path \/home\/runner\/work\/_temp\/git\-credentials\-f4ae756a\-4459\-4870\-99dc\-c3791887eb48\.config
static / gitleaks	UNKNOWN STEP	2026-09-24T15:25:01.2623691Z [command]/usr/bin/git config --local --get-all includeif.gitdir:/github/workspace/.git.path
static / gitleaks	UNKNOWN STEP	2026-09-24T15:25:01.2646583Z /github/runner_temp/git-credentials-f4ae756a-4459-4870-99dc-c3791887eb48.config
static / gitleaks	UNKNOWN STEP	2026-09-24T15:25:01.2655091Z [command]/usr/bin/git config --local --unset includeif.gitdir:/github/workspace/.git.path \/github\/runner_temp\/git\-credentials\-f4ae756a\-4459\-4870\-99dc\-c3791887eb48\.config
static / gitleaks	UNKNOWN STEP	2026-09-24T15:25:01.2693017Z [command]/usr/bin/git config --local --get-all includeif.gitdir:/github/workspace/.git/worktrees/*.path
static / gitleaks	UNKNOWN STEP	2026-09-24T15:25:01.2715911Z /github/runner_temp/git-credentials-f4ae756a-4459-4870-99dc-c3791887eb48.config
static / gitleaks	UNKNOWN STEP	2026-09-24T15:25:01.2731059Z [command]/usr/bin/git config --local --unset includeif.gitdir:/github/workspace/.git/worktrees/*.path \/github\/runner_temp\/git\-credentials\-f4ae756a\-4459\-4870\-99dc\-c3791887eb48\.config
static / gitleaks	UNKNOWN STEP	2026-09-24T15:25:01.2795757Z [command]/usr/bin/git submodule foreach --recursive git config --local --show-origin --name-only --get-regexp remote.origin.url
static / gitleaks	UNKNOWN STEP	2026-09-24T15:25:01.2987686Z Removing credentials config '/home/runner/work/_temp/git-credentials-f4ae756a-4459-4870-99dc-c3791887eb48.config'
static / gitleaks	UNKNOWN STEP	2026-09-24T15:25:01.2994906Z ##[endgroup]
static / gitleaks	UNKNOWN STEP	2026-09-24T15:25:01.3212749Z ##[group]Run gitleaks/gitleaks-action@v3
static / gitleaks	UNKNOWN STEP	2026-09-24T15:25:01.3213697Z env:
static / gitleaks	UNKNOWN STEP	2026-09-24T15:25:01.3220795Z   GITHUB_TOKEN: ***
static / gitleaks	UNKNOWN STEP	2026-09-24T15:25:01.3221696Z   GITLEAKS_LICENSE: 
static / gitleaks	UNKNOWN STEP	2026-09-24T15:25:01.3222437Z ##[endgroup]
static / gitleaks	UNKNOWN STEP	2026-09-24T15:25:01.4607293Z (node:2117) [DEP0040] DeprecationWarning: The `punycode` module is deprecated. Please use a userland alternative instead.
static / gitleaks	UNKNOWN STEP	2026-09-24T15:25:01.4609847Z (Use `node --trace-deprecation ...` to show where the warning was created)
static / gitleaks	UNKNOWN STEP	2026-09-24T15:25:01.4700239Z (node:2117) [DEP0169] DeprecationWarning: `url.parse()` behavior is not standardized and prone to errors that have security implications. Use the WHATWG URL API instead. CVEs are not issued for `url.parse()` vulnerabilities.
static / gitleaks	UNKNOWN STEP	2026-09-24T15:25:01.8488005Z [tznthou] is an individual user. No license key is required.
static / gitleaks	UNKNOWN STEP	2026-09-24T15:25:01.8489761Z gitleaks version: 8.24.3
static / gitleaks	UNKNOWN STEP	2026-09-24T15:25:01.8491866Z Version to install: 8.24.3 (target directory: /tmp/gitleaks-8.24.3)
static / gitleaks	UNKNOWN STEP	2026-09-24T15:25:02.0485634Z Cache hit for: gitleaks-cache-8.24.3-linux-x64
static / gitleaks	UNKNOWN STEP	2026-09-24T15:25:03.0551334Z Received 5712920 of 5712920 (100.0%), 7.1 MBs/sec
static / gitleaks	UNKNOWN STEP	2026-09-24T15:25:03.0552351Z Cache Size: ~5 MB (5712920 B)
static / gitleaks	UNKNOWN STEP	2026-09-24T15:25:03.0577091Z [command]/usr/bin/tar -xf /home/runner/work/_temp/0f734419-f420-48eb-9750-34704e5c363b/cache.tzst -P -C /home/runner/work/deepseek-review-probe/deepseek-review-probe --use-compress-program unzstd
static / gitleaks	UNKNOWN STEP	2026-09-24T15:25:03.0854592Z Cache restored successfully
static / gitleaks	UNKNOWN STEP	2026-09-24T15:25:03.0859478Z Gitleaks restored from cache
static / gitleaks	UNKNOWN STEP	2026-09-24T15:25:03.0865646Z event type: pull_request
static / gitleaks	UNKNOWN STEP	2026-09-24T15:25:03.5060438Z gitleaks cmd: gitleaks detect --redact -v --exit-code=2 --report-format=sarif --report-path=results.sarif --log-level=debug --log-opts=--no-merges --first-parent 1d425d2692c04cbff92b559948de4635d32fc0a6^..db3fd455d993a5854453cbe02050ad498d1066e0
static / gitleaks	UNKNOWN STEP	2026-09-24T15:25:03.5072054Z [command]/tmp/gitleaks-8.24.3/gitleaks detect --redact -v --exit-code=2 --report-format=sarif --report-path=results.sarif --log-level=debug --log-opts=--no-merges --first-parent 1d425d2692c04cbff92b559948de4635d32fc0a6^..db3fd455d993a5854453cbe02050ad498d1066e0
static / gitleaks	UNKNOWN STEP	2026-09-24T15:25:03.7178152Z 
static / gitleaks	UNKNOWN STEP	2026-09-24T15:25:03.7178920Z     ○
static / gitleaks	UNKNOWN STEP	2026-09-24T15:25:03.7179209Z     │╲
static / gitleaks	UNKNOWN STEP	2026-09-24T15:25:03.7179389Z     │ ○
static / gitleaks	UNKNOWN STEP	2026-09-24T15:25:03.7179614Z     ○ ░
static / gitleaks	UNKNOWN STEP	2026-09-24T15:25:03.7179827Z     ░    gitleaks
static / gitleaks	UNKNOWN STEP	2026-09-24T15:25:03.7179988Z 
static / gitleaks	UNKNOWN STEP	2026-09-24T15:25:03.7180606Z ^[[90m3:25PM^[[0m DBG using github.com/wasilibs/go-re2 regex engine
static / gitleaks	UNKNOWN STEP	2026-09-24T15:25:03.7181515Z ^[[90m3:25PM^[[0m DBG no gitleaks config found in path .gitleaks.toml, using default gitleaks config
static / gitleaks	UNKNOWN STEP	2026-09-24T15:25:03.8305277Z ^[[90m3:25PM^[[0m DBG executing: /usr/bin/git -C . log -p -U0 --no-merges --first-parent 1d425d2692c04cbff92b559948de4635d32fc0a6^..db3fd455d993a5854453cbe02050ad498d1066e0
static / gitleaks	UNKNOWN STEP	2026-09-24T15:25:03.8340228Z ^[[90m3:25PM^[[0m DBG SCM platform parsed from host ^[[36mhost=^[[0mgithub.com ^[[36mplatform=^[[0mgithub
static / gitleaks	UNKNOWN STEP	2026-09-24T15:25:03.8352702Z ^[[90m3:25PM^[[0m ^[[32mINF^[[0m ^[[1m11 commits scanned.^[[0m
static / gitleaks	UNKNOWN STEP	2026-09-24T15:25:03.8353757Z ^[[90m3:25PM^[[0m DBG Note: this number might be smaller than expected due to commits with no additions
static / gitleaks	UNKNOWN STEP	2026-09-24T15:25:03.8354891Z ^[[90m3:25PM^[[0m ^[[32mINF^[[0m ^[[1mscanned ~1683 bytes (1.68 KB) in 118ms^[[0m
static / gitleaks	UNKNOWN STEP	2026-09-24T15:25:03.8355568Z ^[[90m3:25PM^[[0m ^[[32mINF^[[0m ^[[1mno leaks found^[[0m
static / gitleaks	UNKNOWN STEP	2026-09-24T15:25:03.8391866Z Artifact name is valid!
static / gitleaks	UNKNOWN STEP	2026-09-24T15:25:03.8394458Z Root directory input is valid!
static / gitleaks	UNKNOWN STEP	2026-09-24T15:25:04.1434828Z Beginning upload of artifact content to blob storage
static / gitleaks	UNKNOWN STEP	2026-09-24T15:25:04.3900105Z Uploaded bytes 6816
static / gitleaks	UNKNOWN STEP	2026-09-24T15:25:04.4521311Z Finished uploading artifact content to blob storage!
static / gitleaks	UNKNOWN STEP	2026-09-24T15:25:04.4522439Z SHA256 digest of uploaded artifact zip is 0564228236c8bbeb8dcc0424841c33d2ffdc79fd51e290f17c4df9cd152611e9
static / gitleaks	UNKNOWN STEP	2026-09-24T15:25:04.4523047Z Finalizing artifact upload
static / gitleaks	UNKNOWN STEP	2026-09-24T15:25:04.8052111Z Artifact gitleaks-results.sarif.zip successfully finalized. Artifact ID 10816321701
static / gitleaks	UNKNOWN STEP	2026-09-24T15:25:04.8059451Z ✅ No leaks detected
static / gitleaks	UNKNOWN STEP	2026-09-24T15:25:04.8262690Z Post job cleanup.
static / gitleaks	UNKNOWN STEP	2026-09-24T15:25:04.8937329Z [command]/usr/bin/git version
static / gitleaks	UNKNOWN STEP	2026-09-24T15:25:04.8981792Z git version 2.55.0
static / gitleaks	UNKNOWN STEP	2026-09-24T15:25:04.9003022Z Temporarily overriding HOME='/home/runner/work/_temp/dbbdb442-cb4f-46c0-8867-2984455bdf01' before making global git config changes
static / gitleaks	UNKNOWN STEP	2026-09-24T15:25:04.9004148Z Adding repository directory to the temporary git global config as a safe directory
static / gitleaks	UNKNOWN STEP	2026-09-24T15:25:04.9007667Z [command]/usr/bin/git config --global --add safe.directory /home/runner/work/deepseek-review-probe/deepseek-review-probe
static / gitleaks	UNKNOWN STEP	2026-09-24T15:25:04.9037494Z Removing SSH command configuration
static / gitleaks	UNKNOWN STEP	2026-09-24T15:25:04.9043182Z [command]/usr/bin/git config --local --name-only --get-regexp core\.sshCommand
static / gitleaks	UNKNOWN STEP	2026-09-24T15:25:04.9075520Z [command]/usr/bin/git submodule foreach --recursive sh -c "git config --local --name-only --get-regexp 'core\.sshCommand' && git config --local --unset-all 'core.sshCommand' || :"
static / gitleaks	UNKNOWN STEP	2026-09-24T15:25:04.9278601Z Removing HTTP extra header
static / gitleaks	UNKNOWN STEP	2026-09-24T15:25:04.9285102Z [command]/usr/bin/git config --local --name-only --get-regexp http\.https\:\/\/github\.com\/\.extraheader
static / gitleaks	UNKNOWN STEP	2026-09-24T15:25:04.9316550Z [command]/usr/bin/git submodule foreach --recursive sh -c "git config --local --name-only --get-regexp 'http\.https\:\/\/github\.com\/\.extraheader' && git config --local --unset-all 'http.https://github.com/.extraheader' || :"
static / gitleaks	UNKNOWN STEP	2026-09-24T15:25:04.9516484Z Removing includeIf entries pointing to credentials config files
static / gitleaks	UNKNOWN STEP	2026-09-24T15:25:04.9522575Z [command]/usr/bin/git config --local --name-only --get-regexp ^includeIf\.gitdir:
static / gitleaks	UNKNOWN STEP	2026-09-24T15:25:04.9554468Z [command]/usr/bin/git submodule foreach --recursive git config --local --show-origin --name-only --get-regexp remote.origin.url
static / gitleaks	UNKNOWN STEP	2026-09-24T15:25:05.0132934Z Cleaning up orphan processes
codeql / Analyze (python)	UNKNOWN STEP	﻿2026-09-24T15:24:58.9031336Z Current runner version: '2.337.0'
codeql / Analyze (python)	UNKNOWN STEP	2026-09-24T15:24:58.9052319Z ##[group]Runner Image Provisioner
codeql / Analyze (python)	UNKNOWN STEP	2026-09-24T15:24:58.9053036Z Hosted Compute Agent
codeql / Analyze (python)	UNKNOWN STEP	2026-09-24T15:24:58.9053602Z Version: 20260828.587
codeql / Analyze (python)	UNKNOWN STEP	2026-09-24T15:24:58.9054148Z Commit: abac92662cab4cc7352de4f9f9d2e2419aad9c29
codeql / Analyze (python)	UNKNOWN STEP	2026-09-24T15:24:58.9054851Z Build Date: 2026-08-28T16:44:25Z
codeql / Analyze (python)	UNKNOWN STEP	2026-09-24T15:24:58.9055434Z Worker ID: {f289e35d-193f-487c-9a13-057912645cb1}
codeql / Analyze (python)	UNKNOWN STEP	2026-09-24T15:24:58.9056026Z Azure Region: westus3
codeql / Analyze (python)	UNKNOWN STEP	2026-09-24T15:24:58.9056562Z ##[endgroup]
codeql / Analyze (python)	UNKNOWN STEP	2026-09-24T15:24:58.9057661Z ##[group]Operating System
codeql / Analyze (python)	UNKNOWN STEP	2026-09-24T15:24:58.9058192Z Ubuntu
codeql / Analyze (python)	UNKNOWN STEP	2026-09-24T15:24:58.9058711Z 24.04.5
codeql / Analyze (python)	UNKNOWN STEP	2026-09-24T15:24:58.9059146Z LTS
codeql / Analyze (python)	UNKNOWN STEP	2026-09-24T15:24:58.9059611Z ##[endgroup]
codeql / Analyze (python)	UNKNOWN STEP	2026-09-24T15:24:58.9060096Z ##[group]Runner Image
codeql / Analyze (python)	UNKNOWN STEP	2026-09-24T15:24:58.9060788Z Image: ubuntu-24.04
codeql / Analyze (python)	UNKNOWN STEP	2026-09-24T15:24:58.9061332Z Version: 20260920.314.1
codeql / Analyze (python)	UNKNOWN STEP	2026-09-24T15:24:58.9062368Z Included Software: https://github.com/actions/runner-images/blob/ubuntu24/20260920.314/images/ubuntu/Ubuntu2404-Readme.md
codeql / Analyze (python)	UNKNOWN STEP	2026-09-24T15:24:58.9063643Z Image Release: https://github.com/actions/runner-images/releases/tag/ubuntu24%2F20260920.314
codeql / Analyze (python)	UNKNOWN STEP	2026-09-24T15:24:58.9064486Z ##[endgroup]
codeql / Analyze (python)	UNKNOWN STEP	2026-09-24T15:24:58.9065659Z ##[group]GITHUB_TOKEN Permissions
codeql / Analyze (python)	UNKNOWN STEP	2026-09-24T15:24:58.9067215Z Actions: read
codeql / Analyze (python)	UNKNOWN STEP	2026-09-24T15:24:58.9067833Z Contents: read
codeql / Analyze (python)	UNKNOWN STEP	2026-09-24T15:24:58.9068346Z Metadata: read
codeql / Analyze (python)	UNKNOWN STEP	2026-09-24T15:24:58.9068844Z Packages: read
codeql / Analyze (python)	UNKNOWN STEP	2026-09-24T15:24:58.9069347Z SecurityEvents: write
codeql / Analyze (python)	UNKNOWN STEP	2026-09-24T15:24:58.9069842Z ##[endgroup]
codeql / Analyze (python)	UNKNOWN STEP	2026-09-24T15:24:58.9071713Z Secret source: Actions
codeql / Analyze (python)	UNKNOWN STEP	2026-09-24T15:24:58.9072554Z Cache mode: write
codeql / Analyze (python)	UNKNOWN STEP	2026-09-24T15:24:58.9073222Z Prepare workflow directory
codeql / Analyze (python)	UNKNOWN STEP	2026-09-24T15:24:58.9340112Z Prepare all required actions
codeql / Analyze (python)	UNKNOWN STEP	2026-09-24T15:24:58.9380904Z Getting action download info
codeql / Analyze (python)	UNKNOWN STEP	2026-09-24T15:24:59.2847231Z Download action repository 'actions/checkout@v7' (SHA:3d3c42e5aac5ba805825da76410c181273ba90b1)
codeql / Analyze (python)	UNKNOWN STEP	2026-09-24T15:24:59.4617849Z Download action repository 'github/codeql-action@v4' (SHA:2892aa5e19bbd11bc0cff5427e3b750a04d9e3c2)
codeql / Analyze (python)	UNKNOWN STEP	2026-09-24T15:25:00.4480422Z Uses: tznthou/deepseek-code-review/.github/workflows/reusable-codeql.yml@refs/tags/v1 (23023b4d64e6015f9dc34a562a8cb023875b61e7)
codeql / Analyze (python)	UNKNOWN STEP	2026-09-24T15:25:00.4484436Z ##[group] Inputs
codeql / Analyze (python)	UNKNOWN STEP	2026-09-24T15:25:00.4484912Z   languages: ["python"]
codeql / Analyze (python)	UNKNOWN STEP	2026-09-24T15:25:00.4485367Z   build-mode: none
codeql / Analyze (python)	UNKNOWN STEP	2026-09-24T15:25:00.4485777Z   kit-ref: v1
codeql / Analyze (python)	UNKNOWN STEP	2026-09-24T15:25:00.4486169Z   config-file: 
codeql / Analyze (python)	UNKNOWN STEP	2026-09-24T15:25:00.4486834Z   skip-trivy: false
codeql / Analyze (python)	UNKNOWN STEP	2026-09-24T15:25:00.4487261Z ##[endgroup]
codeql / Analyze (python)	UNKNOWN STEP	2026-09-24T15:25:00.4487694Z Complete job name: codeql / Analyze (python)
codeql / Analyze (python)	UNKNOWN STEP	2026-09-24T15:25:00.5120799Z ##[group]Run actions/checkout@v7
codeql / Analyze (python)	UNKNOWN STEP	2026-09-24T15:25:00.5121562Z with:
codeql / Analyze (python)	UNKNOWN STEP	2026-09-24T15:25:00.5121967Z   persist-credentials: false
codeql / Analyze (python)	UNKNOWN STEP	2026-09-24T15:25:00.5122481Z   repository: tznthou/deepseek-review-probe
codeql / Analyze (python)	UNKNOWN STEP	2026-09-24T15:25:00.5126233Z   token: ***
codeql / Analyze (python)	UNKNOWN STEP	2026-09-24T15:25:00.5126621Z   ssh-strict: true
codeql / Analyze (python)	UNKNOWN STEP	2026-09-24T15:25:00.5127012Z   ssh-user: git
codeql / Analyze (python)	UNKNOWN STEP	2026-09-24T15:25:00.5127393Z   clean: true
codeql / Analyze (python)	UNKNOWN STEP	2026-09-24T15:25:00.5127790Z   sparse-checkout-cone-mode: true
codeql / Analyze (python)	UNKNOWN STEP	2026-09-24T15:25:00.5128301Z   fetch-depth: 1
codeql / Analyze (python)	UNKNOWN STEP	2026-09-24T15:25:00.5128684Z   fetch-tags: false
codeql / Analyze (python)	UNKNOWN STEP	2026-09-24T15:25:00.5129077Z   show-progress: true
codeql / Analyze (python)	UNKNOWN STEP	2026-09-24T15:25:00.5129479Z   lfs: false
codeql / Analyze (python)	UNKNOWN STEP	2026-09-24T15:25:00.5129839Z   submodules: false
codeql / Analyze (python)	UNKNOWN STEP	2026-09-24T15:25:00.5130242Z   set-safe-directory: true
codeql / Analyze (python)	UNKNOWN STEP	2026-09-24T15:25:00.5130826Z   allow-unsafe-pr-checkout: false
codeql / Analyze (python)	UNKNOWN STEP	2026-09-24T15:25:00.5131468Z ##[endgroup]
codeql / Analyze (python)	UNKNOWN STEP	2026-09-24T15:25:00.5960107Z Syncing repository: tznthou/deepseek-review-probe
codeql / Analyze (python)	UNKNOWN STEP	2026-09-24T15:25:00.5962780Z ##[group]Getting Git version info
codeql / Analyze (python)	UNKNOWN STEP	2026-09-24T15:25:00.5964209Z Working directory is '/home/runner/work/deepseek-review-probe/deepseek-review-probe'
codeql / Analyze (python)	UNKNOWN STEP	2026-09-24T15:25:00.5966078Z [command]/usr/bin/git version
codeql / Analyze (python)	UNKNOWN STEP	2026-09-24T15:25:00.5997830Z git version 2.55.0
codeql / Analyze (python)	UNKNOWN STEP	2026-09-24T15:25:00.6015540Z ##[endgroup]
codeql / Analyze (python)	UNKNOWN STEP	2026-09-24T15:25:00.6042008Z Temporarily overriding HOME='/home/runner/work/_temp/3c7aa679-d5a5-464c-ab52-1c2edddc81c5' before making global git config changes
codeql / Analyze (python)	UNKNOWN STEP	2026-09-24T15:25:00.6048106Z Adding repository directory to the temporary git global config as a safe directory
codeql / Analyze (python)	UNKNOWN STEP	2026-09-24T15:25:00.6050422Z [command]/usr/bin/git config --global --add safe.directory /home/runner/work/deepseek-review-probe/deepseek-review-probe
codeql / Analyze (python)	UNKNOWN STEP	2026-09-24T15:25:00.6072118Z Deleting the contents of '/home/runner/work/deepseek-review-probe/deepseek-review-probe'
codeql / Analyze (python)	UNKNOWN STEP	2026-09-24T15:25:00.6074759Z ##[group]Determining repository object format
codeql / Analyze (python)	UNKNOWN STEP	2026-09-24T15:25:00.6076449Z ##[endgroup]
codeql / Analyze (python)	UNKNOWN STEP	2026-09-24T15:25:00.6077409Z ##[group]Initializing the repository
codeql / Analyze (python)	UNKNOWN STEP	2026-09-24T15:25:00.6081952Z [command]/usr/bin/git init /home/runner/work/deepseek-review-probe/deepseek-review-probe
codeql / Analyze (python)	UNKNOWN STEP	2026-09-24T15:25:00.6156787Z hint: Using 'master' as the name for the initial branch. This default branch name
codeql / Analyze (python)	UNKNOWN STEP	2026-09-24T15:25:00.6158291Z hint: will change to "main" in Git 3.0. To configure the initial branch name
codeql / Analyze (python)	UNKNOWN STEP	2026-09-24T15:25:00.6160844Z hint: to use in all of your new repositories, which will suppress this warning,
codeql / Analyze (python)	UNKNOWN STEP	2026-09-24T15:25:00.6161711Z hint: call:
codeql / Analyze (python)	UNKNOWN STEP	2026-09-24T15:25:00.6162197Z hint:
codeql / Analyze (python)	UNKNOWN STEP	2026-09-24T15:25:00.6162944Z hint: 	git config --global init.defaultBranch <name>
codeql / Analyze (python)	UNKNOWN STEP	2026-09-24T15:25:00.6163991Z hint:
codeql / Analyze (python)	UNKNOWN STEP	2026-09-24T15:25:00.6164829Z hint: Names commonly chosen instead of 'master' are 'main', 'trunk' and
codeql / Analyze (python)	UNKNOWN STEP	2026-09-24T15:25:00.6165851Z hint: 'development'. The just-created branch can be renamed via this command:
codeql / Analyze (python)	UNKNOWN STEP	2026-09-24T15:25:00.6166740Z hint:
codeql / Analyze (python)	UNKNOWN STEP	2026-09-24T15:25:00.6167277Z hint: 	git branch -m <name>
codeql / Analyze (python)	UNKNOWN STEP	2026-09-24T15:25:00.6167838Z hint:
codeql / Analyze (python)	UNKNOWN STEP	2026-09-24T15:25:00.6168591Z hint: Disable this message with "git config set advice.defaultBranchName false"
codeql / Analyze (python)	UNKNOWN STEP	2026-09-24T15:25:00.6170593Z Initialized empty Git repository in /home/runner/work/deepseek-review-probe/deepseek-review-probe/.git/
codeql / Analyze (python)	UNKNOWN STEP	2026-09-24T15:25:00.6173839Z [command]/usr/bin/git remote add origin https://github.com/tznthou/deepseek-review-probe
codeql / Analyze (python)	UNKNOWN STEP	2026-09-24T15:25:00.6209360Z ##[endgroup]
codeql / Analyze (python)	UNKNOWN STEP	2026-09-24T15:25:00.6210418Z ##[group]Disabling automatic garbage collection
codeql / Analyze (python)	UNKNOWN STEP	2026-09-24T15:25:00.6212507Z [command]/usr/bin/git config --local gc.auto 0
codeql / Analyze (python)	UNKNOWN STEP	2026-09-24T15:25:00.6240365Z ##[endgroup]
codeql / Analyze (python)	UNKNOWN STEP	2026-09-24T15:25:00.6241429Z ##[group]Setting up auth
codeql / Analyze (python)	UNKNOWN STEP	2026-09-24T15:25:00.6242148Z Removing SSH command configuration
codeql / Analyze (python)	UNKNOWN STEP	2026-09-24T15:25:00.6246600Z [command]/usr/bin/git config --local --name-only --get-regexp core\.sshCommand
codeql / Analyze (python)	UNKNOWN STEP	2026-09-24T15:25:00.6274206Z [command]/usr/bin/git submodule foreach --recursive sh -c "git config --local --name-only --get-regexp 'core\.sshCommand' && git config --local --unset-all 'core.sshCommand' || :"
codeql / Analyze (python)	UNKNOWN STEP	2026-09-24T15:25:00.6630177Z Removing HTTP extra header
codeql / Analyze (python)	UNKNOWN STEP	2026-09-24T15:25:00.6632091Z [command]/usr/bin/git config --local --name-only --get-regexp http\.https\:\/\/github\.com\/\.extraheader
codeql / Analyze (python)	UNKNOWN STEP	2026-09-24T15:25:00.6636367Z [command]/usr/bin/git submodule foreach --recursive sh -c "git config --local --name-only --get-regexp 'http\.https\:\/\/github\.com\/\.extraheader' && git config --local --unset-all 'http.https://github.com/.extraheader' || :"
codeql / Analyze (python)	UNKNOWN STEP	2026-09-24T15:25:00.6838466Z Removing includeIf entries pointing to credentials config files
codeql / Analyze (python)	UNKNOWN STEP	2026-09-24T15:25:00.6843389Z [command]/usr/bin/git config --local --name-only --get-regexp ^includeIf\.gitdir:
codeql / Analyze (python)	UNKNOWN STEP	2026-09-24T15:25:00.6874563Z [command]/usr/bin/git submodule foreach --recursive git config --local --show-origin --name-only --get-regexp remote.origin.url
codeql / Analyze (python)	UNKNOWN STEP	2026-09-24T15:25:00.7067387Z [command]/usr/bin/git config --file /home/runner/work/_temp/git-credentials-d6be4fd8-e7bb-4721-a43c-8fe19c027934.config http.https://github.com/.extraheader AUTHORIZATION: basic ***
codeql / Analyze (python)	UNKNOWN STEP	2026-09-24T15:25:00.7101849Z [command]/usr/bin/git config --local includeIf.gitdir:/home/runner/work/deepseek-review-probe/deepseek-review-probe/.git.path /home/runner/work/_temp/git-credentials-d6be4fd8-e7bb-4721-a43c-8fe19c027934.config
codeql / Analyze (python)	UNKNOWN STEP	2026-09-24T15:25:00.7131170Z [command]/usr/bin/git config --local includeIf.gitdir:/home/runner/work/deepseek-review-probe/deepseek-review-probe/.git/worktrees/*.path /home/runner/work/_temp/git-credentials-d6be4fd8-e7bb-4721-a43c-8fe19c027934.config
codeql / Analyze (python)	UNKNOWN STEP	2026-09-24T15:25:00.7163849Z [command]/usr/bin/git config --local includeIf.gitdir:/github/workspace/.git.path /github/runner_temp/git-credentials-d6be4fd8-e7bb-4721-a43c-8fe19c027934.config
codeql / Analyze (python)	UNKNOWN STEP	2026-09-24T15:25:00.7194986Z [command]/usr/bin/git config --local includeIf.gitdir:/github/workspace/.git/worktrees/*.path /github/runner_temp/git-credentials-d6be4fd8-e7bb-4721-a43c-8fe19c027934.config
codeql / Analyze (python)	UNKNOWN STEP	2026-09-24T15:25:00.7223540Z ##[endgroup]
codeql / Analyze (python)	UNKNOWN STEP	2026-09-24T15:25:00.7224603Z ##[group]Fetching the repository
codeql / Analyze (python)	UNKNOWN STEP	2026-09-24T15:25:00.7229785Z [command]/usr/bin/git -c protocol.version=2 fetch --no-tags --prune --no-recurse-submodules --depth=1 origin +c32af5cbd3c00beb074a2595e7216dd35a2a4db9:refs/remotes/pull/1/merge
codeql / Analyze (python)	UNKNOWN STEP	2026-09-24T15:25:01.1301755Z From https://github.com/tznthou/deepseek-review-probe
codeql / Analyze (python)	UNKNOWN STEP	2026-09-24T15:25:01.1303506Z  * [new ref]         c32af5cbd3c00beb074a2595e7216dd35a2a4db9 -> pull/1/merge
codeql / Analyze (python)	UNKNOWN STEP	2026-09-24T15:25:01.1307384Z ##[endgroup]
codeql / Analyze (python)	UNKNOWN STEP	2026-09-24T15:25:01.1308920Z ##[group]Determining the checkout info
codeql / Analyze (python)	UNKNOWN STEP	2026-09-24T15:25:01.1310856Z ##[endgroup]
codeql / Analyze (python)	UNKNOWN STEP	2026-09-24T15:25:01.1311896Z [command]/usr/bin/git sparse-checkout disable
codeql / Analyze (python)	UNKNOWN STEP	2026-09-24T15:25:01.2548725Z [command]/usr/bin/git config --local --unset-all extensions.worktreeConfig
codeql / Analyze (python)	UNKNOWN STEP	2026-09-24T15:25:01.2584603Z ##[group]Checking out the ref
codeql / Analyze (python)	UNKNOWN STEP	2026-09-24T15:25:01.2587683Z [command]/usr/bin/git checkout --progress --force refs/remotes/pull/1/merge
codeql / Analyze (python)	UNKNOWN STEP	2026-09-24T15:25:01.2631798Z Note: switching to 'refs/remotes/pull/1/merge'.
codeql / Analyze (python)	UNKNOWN STEP	2026-09-24T15:25:01.2632952Z 
codeql / Analyze (python)	UNKNOWN STEP	2026-09-24T15:25:01.2634155Z You are in 'detached HEAD' state. You can look around, make experimental
codeql / Analyze (python)	UNKNOWN STEP	2026-09-24T15:25:01.2636423Z changes and commit them, and you can discard any commits you make in this
codeql / Analyze (python)	UNKNOWN STEP	2026-09-24T15:25:01.2638332Z state without impacting any branches by switching back to a branch.
codeql / Analyze (python)	UNKNOWN STEP	2026-09-24T15:25:01.2639616Z 
codeql / Analyze (python)	UNKNOWN STEP	2026-09-24T15:25:01.2640788Z If you want to create a new branch to retain commits you create, you may
codeql / Analyze (python)	UNKNOWN STEP	2026-09-24T15:25:01.2642863Z do so (now or later) by using -c with the switch command. Example:
codeql / Analyze (python)	UNKNOWN STEP	2026-09-24T15:25:01.2644074Z 
codeql / Analyze (python)	UNKNOWN STEP	2026-09-24T15:25:01.2644601Z   git switch -c <new-branch-name>
codeql / Analyze (python)	UNKNOWN STEP	2026-09-24T15:25:01.2645415Z 
codeql / Analyze (python)	UNKNOWN STEP	2026-09-24T15:25:01.2645844Z Or undo this operation with:
codeql / Analyze (python)	UNKNOWN STEP	2026-09-24T15:25:01.2646504Z 
codeql / Analyze (python)	UNKNOWN STEP	2026-09-24T15:25:01.2646902Z   git switch -
codeql / Analyze (python)	UNKNOWN STEP	2026-09-24T15:25:01.2647429Z 
codeql / Analyze (python)	UNKNOWN STEP	2026-09-24T15:25:01.2648248Z Turn off this advice by setting config variable advice.detachedHead to false
codeql / Analyze (python)	UNKNOWN STEP	2026-09-24T15:25:01.2649427Z 
codeql / Analyze (python)	UNKNOWN STEP	2026-09-24T15:25:01.2651033Z HEAD is now at c32af5c Merge db3fd455d993a5854453cbe02050ad498d1066e0 into 984920211803326516e63a678f4c2480d0ef0276
codeql / Analyze (python)	UNKNOWN STEP	2026-09-24T15:25:01.2654904Z ##[endgroup]
codeql / Analyze (python)	UNKNOWN STEP	2026-09-24T15:25:01.2680830Z [command]/usr/bin/git log -1 --format=%H
codeql / Analyze (python)	UNKNOWN STEP	2026-09-24T15:25:01.2706116Z c32af5cbd3c00beb074a2595e7216dd35a2a4db9
codeql / Analyze (python)	UNKNOWN STEP	2026-09-24T15:25:01.2715835Z ##[group]Removing auth
codeql / Analyze (python)	UNKNOWN STEP	2026-09-24T15:25:01.2717065Z Removing SSH command configuration
codeql / Analyze (python)	UNKNOWN STEP	2026-09-24T15:25:01.2718958Z [command]/usr/bin/git config --local --name-only --get-regexp core\.sshCommand
codeql / Analyze (python)	UNKNOWN STEP	2026-09-24T15:25:01.2749600Z [command]/usr/bin/git submodule foreach --recursive sh -c "git config --local --name-only --get-regexp 'core\.sshCommand' && git config --local --unset-all 'core.sshCommand' || :"
codeql / Analyze (python)	UNKNOWN STEP	2026-09-24T15:25:01.2959379Z Removing HTTP extra header
codeql / Analyze (python)	UNKNOWN STEP	2026-09-24T15:25:01.2961923Z [command]/usr/bin/git config --local --name-only --get-regexp http\.https\:\/\/github\.com\/\.extraheader
codeql / Analyze (python)	UNKNOWN STEP	2026-09-24T15:25:01.2993978Z [command]/usr/bin/git submodule foreach --recursive sh -c "git config --local --name-only --get-regexp 'http\.https\:\/\/github\.com\/\.extraheader' && git config --local --unset-all 'http.https://github.com/.extraheader' || :"
codeql / Analyze (python)	UNKNOWN STEP	2026-09-24T15:25:01.3185656Z Removing includeIf entries pointing to credentials config files
codeql / Analyze (python)	UNKNOWN STEP	2026-09-24T15:25:01.3187830Z [command]/usr/bin/git config --local --name-only --get-regexp ^includeIf\.gitdir:
codeql / Analyze (python)	UNKNOWN STEP	2026-09-24T15:25:01.3215311Z includeif.gitdir:/home/runner/work/deepseek-review-probe/deepseek-review-probe/.git.path
codeql / Analyze (python)	UNKNOWN STEP	2026-09-24T15:25:01.3217682Z includeif.gitdir:/home/runner/work/deepseek-review-probe/deepseek-review-probe/.git/worktrees/*.path
codeql / Analyze (python)	UNKNOWN STEP	2026-09-24T15:25:01.3219514Z includeif.gitdir:/github/workspace/.git.path
codeql / Analyze (python)	UNKNOWN STEP	2026-09-24T15:25:01.3221410Z includeif.gitdir:/github/workspace/.git/worktrees/*.path
codeql / Analyze (python)	UNKNOWN STEP	2026-09-24T15:25:01.3224974Z [command]/usr/bin/git config --local --get-all includeif.gitdir:/home/runner/work/deepseek-review-probe/deepseek-review-probe/.git.path
codeql / Analyze (python)	UNKNOWN STEP	2026-09-24T15:25:01.3245486Z /home/runner/work/_temp/git-credentials-d6be4fd8-e7bb-4721-a43c-8fe19c027934.config
codeql / Analyze (python)	UNKNOWN STEP	2026-09-24T15:25:01.3254038Z [command]/usr/bin/git config --local --unset includeif.gitdir:/home/runner/work/deepseek-review-probe/deepseek-review-probe/.git.path \/home\/runner\/work\/_temp\/git\-credentials\-d6be4fd8\-e7bb\-4721\-a43c\-8fe19c027934\.config
codeql / Analyze (python)	UNKNOWN STEP	2026-09-24T15:25:01.3286333Z [command]/usr/bin/git config --local --get-all includeif.gitdir:/home/runner/work/deepseek-review-probe/deepseek-review-probe/.git/worktrees/*.path
codeql / Analyze (python)	UNKNOWN STEP	2026-09-24T15:25:01.3310823Z /home/runner/work/_temp/git-credentials-d6be4fd8-e7bb-4721-a43c-8fe19c027934.config
codeql / Analyze (python)	UNKNOWN STEP	2026-09-24T15:25:01.3318998Z [command]/usr/bin/git config --local --unset includeif.gitdir:/home/runner/work/deepseek-review-probe/deepseek-review-probe/.git/worktrees/*.path \/home\/runner\/work\/_temp\/git\-credentials\-d6be4fd8\-e7bb\-4721\-a43c\-8fe19c027934\.config
codeql / Analyze (python)	UNKNOWN STEP	2026-09-24T15:25:01.3349643Z [command]/usr/bin/git config --local --get-all includeif.gitdir:/github/workspace/.git.path
codeql / Analyze (python)	UNKNOWN STEP	2026-09-24T15:25:01.3372199Z /github/runner_temp/git-credentials-d6be4fd8-e7bb-4721-a43c-8fe19c027934.config
codeql / Analyze (python)	UNKNOWN STEP	2026-09-24T15:25:01.3379770Z [command]/usr/bin/git config --local --unset includeif.gitdir:/github/workspace/.git.path \/github\/runner_temp\/git\-credentials\-d6be4fd8\-e7bb\-4721\-a43c\-8fe19c027934\.config
codeql / Analyze (python)	UNKNOWN STEP	2026-09-24T15:25:01.3415559Z [command]/usr/bin/git config --local --get-all includeif.gitdir:/github/workspace/.git/worktrees/*.path
codeql / Analyze (python)	UNKNOWN STEP	2026-09-24T15:25:01.3438978Z /github/runner_temp/git-credentials-d6be4fd8-e7bb-4721-a43c-8fe19c027934.config
codeql / Analyze (python)	UNKNOWN STEP	2026-09-24T15:25:01.3452628Z [command]/usr/bin/git config --local --unset includeif.gitdir:/github/workspace/.git/worktrees/*.path \/github\/runner_temp\/git\-credentials\-d6be4fd8\-e7bb\-4721\-a43c\-8fe19c027934\.config
codeql / Analyze (python)	UNKNOWN STEP	2026-09-24T15:25:01.3481081Z [command]/usr/bin/git submodule foreach --recursive git config --local --show-origin --name-only --get-regexp remote.origin.url
codeql / Analyze (python)	UNKNOWN STEP	2026-09-24T15:25:01.3665977Z Removing credentials config '/home/runner/work/_temp/git-credentials-d6be4fd8-e7bb-4721-a43c-8fe19c027934.config'
codeql / Analyze (python)	UNKNOWN STEP	2026-09-24T15:25:01.3685965Z ##[endgroup]
codeql / Analyze (python)	UNKNOWN STEP	2026-09-24T15:25:01.3986303Z ##[group]Run actions/checkout@v7
codeql / Analyze (python)	UNKNOWN STEP	2026-09-24T15:25:01.3987185Z with:
codeql / Analyze (python)	UNKNOWN STEP	2026-09-24T15:25:01.3987928Z   repository: tznthou/deepseek-code-review
codeql / Analyze (python)	UNKNOWN STEP	2026-09-24T15:25:01.3988849Z   ref: v1
codeql / Analyze (python)	UNKNOWN STEP	2026-09-24T15:25:01.3989511Z   path: .kit
codeql / Analyze (python)	UNKNOWN STEP	2026-09-24T15:25:01.3990222Z   persist-credentials: false
codeql / Analyze (python)	UNKNOWN STEP	2026-09-24T15:25:01.3996710Z   token: ***
codeql / Analyze (python)	UNKNOWN STEP	2026-09-24T15:25:01.3997452Z   ssh-strict: true
codeql / Analyze (python)	UNKNOWN STEP	2026-09-24T15:25:01.3998176Z   ssh-user: git
codeql / Analyze (python)	UNKNOWN STEP	2026-09-24T15:25:01.3998862Z   clean: true
codeql / Analyze (python)	UNKNOWN STEP	2026-09-24T15:25:01.3999590Z   sparse-checkout-cone-mode: true
codeql / Analyze (python)	UNKNOWN STEP	2026-09-24T15:25:01.4000440Z   fetch-depth: 1
codeql / Analyze (python)	UNKNOWN STEP	2026-09-24T15:25:01.4001240Z   fetch-tags: false
codeql / Analyze (python)	UNKNOWN STEP	2026-09-24T15:25:01.4002023Z   show-progress: true
codeql / Analyze (python)	UNKNOWN STEP	2026-09-24T15:25:01.4002801Z   lfs: false
codeql / Analyze (python)	UNKNOWN STEP	2026-09-24T15:25:01.4003505Z   submodules: false
codeql / Analyze (python)	UNKNOWN STEP	2026-09-24T15:25:01.4004257Z   set-safe-directory: true
codeql / Analyze (python)	UNKNOWN STEP	2026-09-24T15:25:01.4005115Z   allow-unsafe-pr-checkout: false
codeql / Analyze (python)	UNKNOWN STEP	2026-09-24T15:25:01.4005977Z ##[endgroup]
codeql / Analyze (python)	UNKNOWN STEP	2026-09-24T15:25:01.4720165Z Syncing repository: tznthou/deepseek-code-review
codeql / Analyze (python)	UNKNOWN STEP	2026-09-24T15:25:01.4722932Z ##[group]Getting Git version info
codeql / Analyze (python)	UNKNOWN STEP	2026-09-24T15:25:01.4724989Z Working directory is '/home/runner/work/deepseek-review-probe/deepseek-review-probe/.kit'
codeql / Analyze (python)	UNKNOWN STEP	2026-09-24T15:25:01.4757407Z [command]/usr/bin/git version
codeql / Analyze (python)	UNKNOWN STEP	2026-09-24T15:25:01.4793086Z git version 2.55.0
codeql / Analyze (python)	UNKNOWN STEP	2026-09-24T15:25:01.4812287Z ##[endgroup]
codeql / Analyze (python)	UNKNOWN STEP	2026-09-24T15:25:01.4821824Z Temporarily overriding HOME='/home/runner/work/_temp/c876333b-f4e9-4186-8d6a-fe63e69f5c94' before making global git config changes
codeql / Analyze (python)	UNKNOWN STEP	2026-09-24T15:25:01.4825093Z Adding repository directory to the temporary git global config as a safe directory
codeql / Analyze (python)	UNKNOWN STEP	2026-09-24T15:25:01.4828140Z [command]/usr/bin/git config --global --add safe.directory /home/runner/work/deepseek-review-probe/deepseek-review-probe/.kit
codeql / Analyze (python)	UNKNOWN STEP	2026-09-24T15:25:01.4870763Z ##[group]Determining repository object format
codeql / Analyze (python)	UNKNOWN STEP	2026-09-24T15:25:01.8394004Z ##[endgroup]
codeql / Analyze (python)	UNKNOWN STEP	2026-09-24T15:25:01.8395781Z ##[group]Initializing the repository
codeql / Analyze (python)	UNKNOWN STEP	2026-09-24T15:25:01.8399275Z [command]/usr/bin/git init /home/runner/work/deepseek-review-probe/deepseek-review-probe/.kit
codeql / Analyze (python)	UNKNOWN STEP	2026-09-24T15:25:01.8466777Z hint: Using 'master' as the name for the initial branch. This default branch name
codeql / Analyze (python)	UNKNOWN STEP	2026-09-24T15:25:01.8469664Z hint: will change to "main" in Git 3.0. To configure the initial branch name
codeql / Analyze (python)	UNKNOWN STEP	2026-09-24T15:25:01.8472479Z hint: to use in all of your new repositories, which will suppress this warning,
codeql / Analyze (python)	UNKNOWN STEP	2026-09-24T15:25:01.8474512Z hint: call:
codeql / Analyze (python)	UNKNOWN STEP	2026-09-24T15:25:01.8475803Z hint:
codeql / Analyze (python)	UNKNOWN STEP	2026-09-24T15:25:01.8477277Z hint: 	git config --global init.defaultBranch <name>
codeql / Analyze (python)	UNKNOWN STEP	2026-09-24T15:25:01.8478995Z hint:
codeql / Analyze (python)	UNKNOWN STEP	2026-09-24T15:25:01.8480384Z hint: Names commonly chosen instead of 'master' are 'main', 'trunk' and
codeql / Analyze (python)	UNKNOWN STEP	2026-09-24T15:25:01.8483048Z hint: 'development'. The just-created branch can be renamed via this command:
codeql / Analyze (python)	UNKNOWN STEP	2026-09-24T15:25:01.8484632Z hint:
codeql / Analyze (python)	UNKNOWN STEP	2026-09-24T15:25:01.8486080Z hint: 	git branch -m <name>
codeql / Analyze (python)	UNKNOWN STEP	2026-09-24T15:25:01.8487813Z hint:
codeql / Analyze (python)	UNKNOWN STEP	2026-09-24T15:25:01.8489910Z hint: Disable this message with "git config set advice.defaultBranchName false"
codeql / Analyze (python)	UNKNOWN STEP	2026-09-24T15:25:01.8494025Z Initialized empty Git repository in /home/runner/work/deepseek-review-probe/deepseek-review-probe/.kit/.git/
codeql / Analyze (python)	UNKNOWN STEP	2026-09-24T15:25:01.8499605Z [command]/usr/bin/git remote add origin https://github.com/tznthou/deepseek-code-review
codeql / Analyze (python)	UNKNOWN STEP	2026-09-24T15:25:01.8520419Z ##[endgroup]
codeql / Analyze (python)	UNKNOWN STEP	2026-09-24T15:25:01.8522496Z ##[group]Disabling automatic garbage collection
codeql / Analyze (python)	UNKNOWN STEP	2026-09-24T15:25:01.8524171Z [command]/usr/bin/git config --local gc.auto 0
codeql / Analyze (python)	UNKNOWN STEP	2026-09-24T15:25:01.8562012Z ##[endgroup]
codeql / Analyze (python)	UNKNOWN STEP	2026-09-24T15:25:01.8563719Z ##[group]Setting up auth
codeql / Analyze (python)	UNKNOWN STEP	2026-09-24T15:25:01.8565003Z Removing SSH command configuration
codeql / Analyze (python)	UNKNOWN STEP	2026-09-24T15:25:01.8566986Z [command]/usr/bin/git config --local --name-only --get-regexp core\.sshCommand
codeql / Analyze (python)	UNKNOWN STEP	2026-09-24T15:25:01.8605871Z [command]/usr/bin/git submodule foreach --recursive sh -c "git config --local --name-only --get-regexp 'core\.sshCommand' && git config --local --unset-all 'core.sshCommand' || :"
codeql / Analyze (python)	UNKNOWN STEP	2026-09-24T15:25:01.8823074Z Removing HTTP extra header
codeql / Analyze (python)	UNKNOWN STEP	2026-09-24T15:25:01.8830045Z [command]/usr/bin/git config --local --name-only --get-regexp http\.https\:\/\/github\.com\/\.extraheader
codeql / Analyze (python)	UNKNOWN STEP	2026-09-24T15:25:01.8867153Z [command]/usr/bin/git submodule foreach --recursive sh -c "git config --local --name-only --get-regexp 'http\.https\:\/\/github\.com\/\.extraheader' && git config --local --unset-all 'http.https://github.com/.extraheader' || :"
codeql / Analyze (python)	UNKNOWN STEP	2026-09-24T15:25:01.9058723Z Removing includeIf entries pointing to credentials config files
codeql / Analyze (python)	UNKNOWN STEP	2026-09-24T15:25:01.9063184Z [command]/usr/bin/git config --local --name-only --get-regexp ^includeIf\.gitdir:
codeql / Analyze (python)	UNKNOWN STEP	2026-09-24T15:25:01.9099250Z [command]/usr/bin/git submodule foreach --recursive git config --local --show-origin --name-only --get-regexp remote.origin.url
codeql / Analyze (python)	UNKNOWN STEP	2026-09-24T15:25:01.9299450Z [command]/usr/bin/git config --file /home/runner/work/_temp/git-credentials-de571967-75bd-4e78-9e94-02d1e97206bf.config http.https://github.com/.extraheader AUTHORIZATION: basic ***
codeql / Analyze (python)	UNKNOWN STEP	2026-09-24T15:25:01.9338086Z [command]/usr/bin/git config --local includeIf.gitdir:/home/runner/work/deepseek-review-probe/deepseek-review-probe/.kit/.git.path /home/runner/work/_temp/git-credentials-de571967-75bd-4e78-9e94-02d1e97206bf.config
codeql / Analyze (python)	UNKNOWN STEP	2026-09-24T15:25:01.9371351Z [command]/usr/bin/git config --local includeIf.gitdir:/home/runner/work/deepseek-review-probe/deepseek-review-probe/.kit/.git/worktrees/*.path /home/runner/work/_temp/git-credentials-de571967-75bd-4e78-9e94-02d1e97206bf.config
codeql / Analyze (python)	UNKNOWN STEP	2026-09-24T15:25:01.9405229Z [command]/usr/bin/git config --local includeIf.gitdir:/github/workspace/.kit/.git.path /github/runner_temp/git-credentials-de571967-75bd-4e78-9e94-02d1e97206bf.config
codeql / Analyze (python)	UNKNOWN STEP	2026-09-24T15:25:01.9439909Z [command]/usr/bin/git config --local includeIf.gitdir:/github/workspace/.kit/.git/worktrees/*.path /github/runner_temp/git-credentials-de571967-75bd-4e78-9e94-02d1e97206bf.config
codeql / Analyze (python)	UNKNOWN STEP	2026-09-24T15:25:01.9471612Z ##[endgroup]
codeql / Analyze (python)	UNKNOWN STEP	2026-09-24T15:25:01.9473343Z ##[group]Fetching the repository
codeql / Analyze (python)	UNKNOWN STEP	2026-09-24T15:25:01.9480167Z [command]/usr/bin/git -c protocol.version=2 fetch --no-tags --prune --no-recurse-submodules --depth=1 origin +refs/heads/v1*:refs/remotes/origin/v1* +refs/tags/v1*:refs/tags/v1*
codeql / Analyze (python)	UNKNOWN STEP	2026-09-24T15:25:02.7345875Z From https://github.com/tznthou/deepseek-code-review
codeql / Analyze (python)	UNKNOWN STEP	2026-09-24T15:25:02.7347039Z  * [new tag]         v1         -> v1
codeql / Analyze (python)	UNKNOWN STEP	2026-09-24T15:25:02.7347938Z  * [new tag]         v1.0.0     -> v1.0.0
codeql / Analyze (python)	UNKNOWN STEP	2026-09-24T15:25:02.7348946Z  * [new tag]         v1.0.1     -> v1.0.1
codeql / Analyze (python)	UNKNOWN STEP	2026-09-24T15:25:02.7350111Z  * [new tag]         v1.0.2     -> v1.0.2
codeql / Analyze (python)	UNKNOWN STEP	2026-09-24T15:25:02.7351425Z  * [new tag]         v1.1.0     -> v1.1.0
codeql / Analyze (python)	UNKNOWN STEP	2026-09-24T15:25:02.7352499Z  * [new tag]         v1.1.1     -> v1.1.1
codeql / Analyze (python)	UNKNOWN STEP	2026-09-24T15:25:02.7353375Z  * [new tag]         v1.2.0     -> v1.2.0
codeql / Analyze (python)	UNKNOWN STEP	2026-09-24T15:25:02.7354297Z  * [new tag]         v1.2.1     -> v1.2.1
codeql / Analyze (python)	UNKNOWN STEP	2026-09-24T15:25:02.7355181Z  * [new tag]         v1.2.2     -> v1.2.2
codeql / Analyze (python)	UNKNOWN STEP	2026-09-24T15:25:02.7356064Z  * [new tag]         v1.3.0     -> v1.3.0
codeql / Analyze (python)	UNKNOWN STEP	2026-09-24T15:25:02.7357017Z  * [new tag]         v1.3.1     -> v1.3.1
codeql / Analyze (python)	UNKNOWN STEP	2026-09-24T15:25:02.7358066Z  * [new tag]         v1.4.0     -> v1.4.0
codeql / Analyze (python)	UNKNOWN STEP	2026-09-24T15:25:02.7361093Z ##[endgroup]
codeql / Analyze (python)	UNKNOWN STEP	2026-09-24T15:25:02.7362660Z ##[group]Determining the checkout info
codeql / Analyze (python)	UNKNOWN STEP	2026-09-24T15:25:02.7363808Z [command]/usr/bin/git branch --list --remote origin/v1
codeql / Analyze (python)	UNKNOWN STEP	2026-09-24T15:25:02.7405737Z [command]/usr/bin/git tag --list v1
codeql / Analyze (python)	UNKNOWN STEP	2026-09-24T15:25:02.7436301Z v1
codeql / Analyze (python)	UNKNOWN STEP	2026-09-24T15:25:02.7440937Z ##[endgroup]
codeql / Analyze (python)	UNKNOWN STEP	2026-09-24T15:25:02.7445799Z [command]/usr/bin/git sparse-checkout disable
codeql / Analyze (python)	UNKNOWN STEP	2026-09-24T15:25:02.7494770Z [command]/usr/bin/git config --local --unset-all extensions.worktreeConfig
codeql / Analyze (python)	UNKNOWN STEP	2026-09-24T15:25:02.7531794Z ##[group]Checking out the ref
codeql / Analyze (python)	UNKNOWN STEP	2026-09-24T15:25:02.7535444Z [command]/usr/bin/git checkout --progress --force refs/tags/v1
codeql / Analyze (python)	UNKNOWN STEP	2026-09-24T15:25:02.7599072Z Note: switching to 'refs/tags/v1'.
codeql / Analyze (python)	UNKNOWN STEP	2026-09-24T15:25:02.7599666Z 
codeql / Analyze (python)	UNKNOWN STEP	2026-09-24T15:25:02.7600292Z You are in 'detached HEAD' state. You can look around, make experimental
codeql / Analyze (python)	UNKNOWN STEP	2026-09-24T15:25:02.7601357Z changes and commit them, and you can discard any commits you make in this
codeql / Analyze (python)	UNKNOWN STEP	2026-09-24T15:25:02.7602526Z state without impacting any branches by switching back to a branch.
codeql / Analyze (python)	UNKNOWN STEP	2026-09-24T15:25:02.7603074Z 
codeql / Analyze (python)	UNKNOWN STEP	2026-09-24T15:25:02.7603420Z If you want to create a new branch to retain commits you create, you may
codeql / Analyze (python)	UNKNOWN STEP	2026-09-24T15:25:02.7604057Z do so (now or later) by using -c with the switch command. Example:
codeql / Analyze (python)	UNKNOWN STEP	2026-09-24T15:25:02.7604312Z 
codeql / Analyze (python)	UNKNOWN STEP	2026-09-24T15:25:02.7604435Z   git switch -c <new-branch-name>
codeql / Analyze (python)	UNKNOWN STEP	2026-09-24T15:25:02.7604641Z 
codeql / Analyze (python)	UNKNOWN STEP	2026-09-24T15:25:02.7604749Z Or undo this operation with:
codeql / Analyze (python)	UNKNOWN STEP	2026-09-24T15:25:02.7604905Z 
codeql / Analyze (python)	UNKNOWN STEP	2026-09-24T15:25:02.7604997Z   git switch -
codeql / Analyze (python)	UNKNOWN STEP	2026-09-24T15:25:02.7605130Z 
codeql / Analyze (python)	UNKNOWN STEP	2026-09-24T15:25:02.7605385Z Turn off this advice by setting config variable advice.detachedHead to false
codeql / Analyze (python)	UNKNOWN STEP	2026-09-24T15:25:02.7605792Z 
codeql / Analyze (python)	UNKNOWN STEP	2026-09-24T15:25:02.7606194Z HEAD is now at fa37001 chore: 發布 v1.4.0 (#36)
codeql / Analyze (python)	UNKNOWN STEP	2026-09-24T15:25:02.7607510Z ##[endgroup]
codeql / Analyze (python)	UNKNOWN STEP	2026-09-24T15:25:02.7652964Z [command]/usr/bin/git log -1 --format=%H
codeql / Analyze (python)	UNKNOWN STEP	2026-09-24T15:25:02.7683836Z fa37001fb36f9001148fe1063ddc58ed31611a79
codeql / Analyze (python)	UNKNOWN STEP	2026-09-24T15:25:02.7693978Z ##[group]Removing auth
codeql / Analyze (python)	UNKNOWN STEP	2026-09-24T15:25:02.7694494Z Removing SSH command configuration
codeql / Analyze (python)	UNKNOWN STEP	2026-09-24T15:25:02.7700469Z [command]/usr/bin/git config --local --name-only --get-regexp core\.sshCommand
codeql / Analyze (python)	UNKNOWN STEP	2026-09-24T15:25:02.7748674Z [command]/usr/bin/git submodule foreach --recursive sh -c "git config --local --name-only --get-regexp 'core\.sshCommand' && git config --local --unset-all 'core.sshCommand' || :"
codeql / Analyze (python)	UNKNOWN STEP	2026-09-24T15:25:02.7951587Z Removing HTTP extra header
codeql / Analyze (python)	UNKNOWN STEP	2026-09-24T15:25:02.7954767Z [command]/usr/bin/git config --local --name-only --get-regexp http\.https\:\/\/github\.com\/\.extraheader
codeql / Analyze (python)	UNKNOWN STEP	2026-09-24T15:25:02.7989771Z [command]/usr/bin/git submodule foreach --recursive sh -c "git config --local --name-only --get-regexp 'http\.https\:\/\/github\.com\/\.extraheader' && git config --local --unset-all 'http.https://github.com/.extraheader' || :"
codeql / Analyze (python)	UNKNOWN STEP	2026-09-24T15:25:02.8183865Z Removing includeIf entries pointing to credentials config files
codeql / Analyze (python)	UNKNOWN STEP	2026-09-24T15:25:02.8186207Z [command]/usr/bin/git config --local --name-only --get-regexp ^includeIf\.gitdir:
codeql / Analyze (python)	UNKNOWN STEP	2026-09-24T15:25:02.8216563Z includeif.gitdir:/home/runner/work/deepseek-review-probe/deepseek-review-probe/.kit/.git.path
codeql / Analyze (python)	UNKNOWN STEP	2026-09-24T15:25:02.8217248Z includeif.gitdir:/home/runner/work/deepseek-review-probe/deepseek-review-probe/.kit/.git/worktrees/*.path
codeql / Analyze (python)	UNKNOWN STEP	2026-09-24T15:25:02.8217757Z includeif.gitdir:/github/workspace/.kit/.git.path
codeql / Analyze (python)	UNKNOWN STEP	2026-09-24T15:25:02.8218268Z includeif.gitdir:/github/workspace/.kit/.git/worktrees/*.path
codeql / Analyze (python)	UNKNOWN STEP	2026-09-24T15:25:02.8224643Z [command]/usr/bin/git config --local --get-all includeif.gitdir:/home/runner/work/deepseek-review-probe/deepseek-review-probe/.kit/.git.path
codeql / Analyze (python)	UNKNOWN STEP	2026-09-24T15:25:02.8250838Z /home/runner/work/_temp/git-credentials-de571967-75bd-4e78-9e94-02d1e97206bf.config
codeql / Analyze (python)	UNKNOWN STEP	2026-09-24T15:25:02.8258942Z [command]/usr/bin/git config --local --unset includeif.gitdir:/home/runner/work/deepseek-review-probe/deepseek-review-probe/.kit/.git.path \/home\/runner\/work\/_temp\/git\-credentials\-de571967\-75bd\-4e78\-9e94\-02d1e97206bf\.config
codeql / Analyze (python)	UNKNOWN STEP	2026-09-24T15:25:02.8293776Z [command]/usr/bin/git config --local --get-all includeif.gitdir:/home/runner/work/deepseek-review-probe/deepseek-review-probe/.kit/.git/worktrees/*.path
codeql / Analyze (python)	UNKNOWN STEP	2026-09-24T15:25:02.8319267Z /home/runner/work/_temp/git-credentials-de571967-75bd-4e78-9e94-02d1e97206bf.config
codeql / Analyze (python)	UNKNOWN STEP	2026-09-24T15:25:02.8329151Z [command]/usr/bin/git config --local --unset includeif.gitdir:/home/runner/work/deepseek-review-probe/deepseek-review-probe/.kit/.git/worktrees/*.path \/home\/runner\/work\/_temp\/git\-credentials\-de571967\-75bd\-4e78\-9e94\-02d1e97206bf\.config
codeql / Analyze (python)	UNKNOWN STEP	2026-09-24T15:25:02.8369024Z [command]/usr/bin/git config --local --get-all includeif.gitdir:/github/workspace/.kit/.git.path
codeql / Analyze (python)	UNKNOWN STEP	2026-09-24T15:25:02.8395622Z /github/runner_temp/git-credentials-de571967-75bd-4e78-9e94-02d1e97206bf.config
codeql / Analyze (python)	UNKNOWN STEP	2026-09-24T15:25:02.8402587Z [command]/usr/bin/git config --local --unset includeif.gitdir:/github/workspace/.kit/.git.path \/github\/runner_temp\/git\-credentials\-de571967\-75bd\-4e78\-9e94\-02d1e97206bf\.config
codeql / Analyze (python)	UNKNOWN STEP	2026-09-24T15:25:02.8436658Z [command]/usr/bin/git config --local --get-all includeif.gitdir:/github/workspace/.kit/.git/worktrees/*.path
codeql / Analyze (python)	UNKNOWN STEP	2026-09-24T15:25:02.8461295Z /github/runner_temp/git-credentials-de571967-75bd-4e78-9e94-02d1e97206bf.config
codeql / Analyze (python)	UNKNOWN STEP	2026-09-24T15:25:02.8467284Z [command]/usr/bin/git config --local --unset includeif.gitdir:/github/workspace/.kit/.git/worktrees/*.path \/github\/runner_temp\/git\-credentials\-de571967\-75bd\-4e78\-9e94\-02d1e97206bf\.config
codeql / Analyze (python)	UNKNOWN STEP	2026-09-24T15:25:02.8503459Z [command]/usr/bin/git submodule foreach --recursive git config --local --show-origin --name-only --get-regexp remote.origin.url
codeql / Analyze (python)	UNKNOWN STEP	2026-09-24T15:25:02.8695406Z Removing credentials config '/home/runner/work/_temp/git-credentials-de571967-75bd-4e78-9e94-02d1e97206bf.config'
codeql / Analyze (python)	UNKNOWN STEP	2026-09-24T15:25:02.8705215Z ##[endgroup]
codeql / Analyze (python)	UNKNOWN STEP	2026-09-24T15:25:02.8842086Z ##[group]Run # 與 reusable-ai-review-post.yml 的 rubric 路徑同一個模式：
codeql / Analyze (python)	UNKNOWN STEP	2026-09-24T15:25:02.8842626Z ^[[36;1m# 與 reusable-ai-review-post.yml 的 rubric 路徑同一個模式：^[[0m
codeql / Analyze (python)	UNKNOWN STEP	2026-09-24T15:25:02.8842982Z ^[[36;1m# 指定了但檔案不存在 → 出 warning 並退回內建版本，不要讓 CodeQL init^[[0m
codeql / Analyze (python)	UNKNOWN STEP	2026-09-24T15:25:02.8843268Z ^[[36;1m# 丟一個看不出原因的錯誤。^[[0m
codeql / Analyze (python)	UNKNOWN STEP	2026-09-24T15:25:02.8843534Z ^[[36;1mif [ -n "$CUSTOM" ] && [ -f "$CUSTOM" ]; then^[[0m
codeql / Analyze (python)	UNKNOWN STEP	2026-09-24T15:25:02.8843841Z ^[[36;1m  echo "path=$CUSTOM" >> "$GITHUB_OUTPUT"^[[0m
codeql / Analyze (python)	UNKNOWN STEP	2026-09-24T15:25:02.8844165Z ^[[36;1m  echo "使用呼叫方的自訂 CodeQL config：$CUSTOM"^[[0m
codeql / Analyze (python)	UNKNOWN STEP	2026-09-24T15:25:02.8844441Z ^[[36;1melse^[[0m
codeql / Analyze (python)	UNKNOWN STEP	2026-09-24T15:25:02.8844653Z ^[[36;1m  if [ -n "$CUSTOM" ]; then^[[0m
codeql / Analyze (python)	UNKNOWN STEP	2026-09-24T15:25:02.8844972Z ^[[36;1m    echo "::warning::指定了 config-file=$CUSTOM 但檔案不存在，退回 kit 內建版本"^[[0m
codeql / Analyze (python)	UNKNOWN STEP	2026-09-24T15:25:02.8845285Z ^[[36;1m  fi^[[0m
codeql / Analyze (python)	UNKNOWN STEP	2026-09-24T15:25:02.8845585Z ^[[36;1m  echo "path=.kit/.github/codeql/codeql-config.yml" >> "$GITHUB_OUTPUT"^[[0m
codeql / Analyze (python)	UNKNOWN STEP	2026-09-24T15:25:02.8846142Z ^[[36;1m  echo "使用 kit 內建 CodeQL config"^[[0m
codeql / Analyze (python)	UNKNOWN STEP	2026-09-24T15:25:02.8846446Z ^[[36;1mfi^[[0m
codeql / Analyze (python)	UNKNOWN STEP	2026-09-24T15:25:02.9051646Z shell: /usr/bin/bash -e {0}
codeql / Analyze (python)	UNKNOWN STEP	2026-09-24T15:25:02.9051952Z env:
codeql / Analyze (python)	UNKNOWN STEP	2026-09-24T15:25:02.9052157Z   CUSTOM: 
codeql / Analyze (python)	UNKNOWN STEP	2026-09-24T15:25:02.9052356Z ##[endgroup]
codeql / Analyze (python)	UNKNOWN STEP	2026-09-24T15:25:02.9151753Z 使用 kit 內建 CodeQL config
codeql / Analyze (python)	UNKNOWN STEP	2026-09-24T15:25:02.9285897Z ##[group]Run github/codeql-action/init@v4
codeql / Analyze (python)	UNKNOWN STEP	2026-09-24T15:25:02.9286187Z with:
codeql / Analyze (python)	UNKNOWN STEP	2026-09-24T15:25:02.9286397Z   languages: python
codeql / Analyze (python)	UNKNOWN STEP	2026-09-24T15:25:02.9286625Z   build-mode: none
codeql / Analyze (python)	UNKNOWN STEP	2026-09-24T15:25:02.9286890Z   config-file: .kit/.github/codeql/codeql-config.yml
codeql / Analyze (python)	UNKNOWN STEP	2026-09-24T15:25:02.9287192Z   analysis-kinds: code-scanning
codeql / Analyze (python)	UNKNOWN STEP	2026-09-24T15:25:02.9289219Z   token: ***
codeql / Analyze (python)	UNKNOWN STEP	2026-09-24T15:25:02.9289450Z   matrix: {
codeql / Analyze (python)	UNKNOWN STEP	  "language": "python"
codeql / Analyze (python)	UNKNOWN STEP	}
codeql / Analyze (python)	UNKNOWN STEP	2026-09-24T15:25:02.9289721Z   debug: false
codeql / Analyze (python)	UNKNOWN STEP	2026-09-24T15:25:02.9289938Z   check-run-id: 107702179688
codeql / Analyze (python)	UNKNOWN STEP	2026-09-24T15:25:02.9290177Z   job-status: success
codeql / Analyze (python)	UNKNOWN STEP	2026-09-24T15:25:02.9290405Z ##[endgroup]
codeql / Analyze (python)	UNKNOWN STEP	2026-09-24T15:25:03.1172172Z Job run UUID is 2bcc68ec-a87b-45b8-acc2-70345a617904.
codeql / Analyze (python)	UNKNOWN STEP	2026-09-24T15:25:03.1215202Z Using configuration file input from workflow: .kit/.github/codeql/codeql-config.yml
codeql / Analyze (python)	UNKNOWN STEP	2026-09-24T15:25:04.4867451Z ##[group]Setup CodeQL tools
codeql / Analyze (python)	UNKNOWN STEP	2026-09-24T15:25:04.4883084Z [command]/usr/bin/tar --version
codeql / Analyze (python)	UNKNOWN STEP	2026-09-24T15:25:04.4910975Z tar (GNU tar) 1.35
codeql / Analyze (python)	UNKNOWN STEP	2026-09-24T15:25:04.4911436Z Copyright (C) 2023 Free Software Foundation, Inc.
codeql / Analyze (python)	UNKNOWN STEP	2026-09-24T15:25:04.4912020Z License GPLv3+: GNU GPL version 3 or later <https://gnu.org/licenses/gpl.html>.
codeql / Analyze (python)	UNKNOWN STEP	2026-09-24T15:25:04.4912621Z This is free software: you are free to change and redistribute it.
codeql / Analyze (python)	UNKNOWN STEP	2026-09-24T15:25:04.4913110Z There is NO WARRANTY, to the extent permitted by law.
codeql / Analyze (python)	UNKNOWN STEP	2026-09-24T15:25:04.4913389Z 
codeql / Analyze (python)	UNKNOWN STEP	2026-09-24T15:25:04.4913514Z Written by John Gilmore and Jay Fenlason.
codeql / Analyze (python)	UNKNOWN STEP	2026-09-24T15:25:04.4915355Z Found gnu tar version 1.35.
codeql / Analyze (python)	UNKNOWN STEP	2026-09-24T15:25:04.6631244Z No overlay-base databases found in Actions cache.
codeql / Analyze (python)	UNKNOWN STEP	2026-09-24T15:25:04.6805937Z Did not find CodeQL tools version 2.27.1 in the toolcache.
codeql / Analyze (python)	UNKNOWN STEP	2026-09-24T15:25:04.6811744Z Using CodeQL CLI version 2.27.1 sourced from https://github.com/github/codeql-action/releases/download/codeql-bundle-v2.27.1/codeql-bundle-linux64.tar.zst .
codeql / Analyze (python)	UNKNOWN STEP	2026-09-24T15:25:10.9642946Z Deleted the CodeQL tools at '/opt/hostedtoolcache/CodeQL/2.27.0' from the toolcache to free up disk space.
codeql / Analyze (python)	UNKNOWN STEP	2026-09-24T15:25:10.9648675Z Downloading CodeQL tools from https://github.com/github/codeql-action/releases/download/codeql-bundle-v2.27.1/codeql-bundle-linux64.tar.zst . This may take a while.
codeql / Analyze (python)	UNKNOWN STEP	2026-09-24T15:25:10.9649808Z Streaming the extraction of the CodeQL bundle.
codeql / Analyze (python)	UNKNOWN STEP	2026-09-24T15:25:11.2567893Z [command]tar -x --zstd --ignore-zeros --warning=no-unknown-keyword --overwrite -f - -C /opt/hostedtoolcache/CodeQL/2.27.1/x64
codeql / Analyze (python)	UNKNOWN STEP	2026-09-24T15:25:14.7434018Z Finished downloading and extracting CodeQL bundle to /opt/hostedtoolcache/CodeQL/2.27.1/x64 (3.8s).
codeql / Analyze (python)	UNKNOWN STEP	2026-09-24T15:25:14.7434796Z Created toolcache marker file /opt/hostedtoolcache/CodeQL/2.27.1/x64.complete
codeql / Analyze (python)	UNKNOWN STEP	2026-09-24T15:25:15.3377263Z {
codeql / Analyze (python)	UNKNOWN STEP	2026-09-24T15:25:15.3377628Z   "productName": "CodeQL",
codeql / Analyze (python)	UNKNOWN STEP	2026-09-24T15:25:15.3377960Z   "vendor": "GitHub",
codeql / Analyze (python)	UNKNOWN STEP	2026-09-24T15:25:15.3378234Z   "version": "2.27.1",
codeql / Analyze (python)	UNKNOWN STEP	2026-09-24T15:25:15.3378569Z   "sha": "938af3639d0709b587251e45d9f8d2bdc3505696",
codeql / Analyze (python)	UNKNOWN STEP	2026-09-24T15:25:15.3378924Z   "branches": [
codeql / Analyze (python)	UNKNOWN STEP	2026-09-24T15:25:15.3379181Z     "codeql-cli-2.27.1"
codeql / Analyze (python)	UNKNOWN STEP	2026-09-24T15:25:15.3379456Z   ],
codeql / Analyze (python)	UNKNOWN STEP	2026-09-24T15:25:15.3379748Z   "copyright": "Copyright (C) 2019-2026 GitHub, Inc.",
codeql / Analyze (python)	UNKNOWN STEP	2026-09-24T15:25:15.3380380Z   "unpackedLocation": "/opt/hostedtoolcache/CodeQL/2.27.1/x64/codeql",
codeql / Analyze (python)	UNKNOWN STEP	2026-09-24T15:25:15.3381044Z   "configFileLocation": "/home/runner/.config/codeql/config",
codeql / Analyze (python)	UNKNOWN STEP	2026-09-24T15:25:15.3381451Z   "configFileFound": false,
codeql / Analyze (python)	UNKNOWN STEP	2026-09-24T15:25:15.3381743Z   "overlayVersion": 4,
codeql / Analyze (python)	UNKNOWN STEP	2026-09-24T15:25:15.3382004Z   "features": {
codeql / Analyze (python)	UNKNOWN STEP	2026-09-24T15:25:15.3382275Z     "analysisSummaryV2Default": true,
codeql / Analyze (python)	UNKNOWN STEP	2026-09-24T15:25:15.3382606Z     "buildModeOption": true,
codeql / Analyze (python)	UNKNOWN STEP	2026-09-24T15:25:15.3382943Z     "bundleSupportsIncludeDiagnostics": true,
codeql / Analyze (python)	UNKNOWN STEP	2026-09-24T15:25:15.3383217Z     "bundleSupportsIncludeLogs": true,
codeql / Analyze (python)	UNKNOWN STEP	2026-09-24T15:25:15.3383675Z     "bundleSupportsOverlay": true,
codeql / Analyze (python)	UNKNOWN STEP	2026-09-24T15:25:15.3383974Z     "databaseInterpretResultsSupportsSarifRunProperty": true,
codeql / Analyze (python)	UNKNOWN STEP	2026-09-24T15:25:15.3384280Z     "featuresInVersionResult": true,
codeql / Analyze (python)	UNKNOWN STEP	2026-09-24T15:25:15.3384540Z     "indirectTracingSupportsStaticBinaries": false,
codeql / Analyze (python)	UNKNOWN STEP	2026-09-24T15:25:15.3384973Z     "informsAboutUnsupportedPathFilters": true,
codeql / Analyze (python)	UNKNOWN STEP	2026-09-24T15:25:15.3385222Z     "supportsPython312": true,
codeql / Analyze (python)	UNKNOWN STEP	2026-09-24T15:25:15.3385425Z     "mrvaPackCreate": true,
codeql / Analyze (python)	UNKNOWN STEP	2026-09-24T15:25:15.3385619Z     "threatModelOption": true,
codeql / Analyze (python)	UNKNOWN STEP	2026-09-24T15:25:15.3385829Z     "traceCommandUseBuildMode": true,
codeql / Analyze (python)	UNKNOWN STEP	2026-09-24T15:25:15.3386042Z     "v2ramSizing": true,
codeql / Analyze (python)	UNKNOWN STEP	2026-09-24T15:25:15.3386250Z     "mrvaPackCreateMultipleQueries": true,
codeql / Analyze (python)	UNKNOWN STEP	2026-09-24T15:25:15.3386490Z     "setsCodeqlRunnerEnvVar": true,
codeql / Analyze (python)	UNKNOWN STEP	2026-09-24T15:25:15.3386728Z     "sarifMergeRunsFromEqualCategory": true,
codeql / Analyze (python)	UNKNOWN STEP	2026-09-24T15:25:15.3386958Z     "forceOverwrite": true,
codeql / Analyze (python)	UNKNOWN STEP	2026-09-24T15:25:15.3387159Z     "generateSummarySymbolMap": true,
codeql / Analyze (python)	UNKNOWN STEP	2026-09-24T15:25:15.3387404Z     "pythonDefaultIsToNotExtractStdlib": true,
codeql / Analyze (python)	UNKNOWN STEP	2026-09-24T15:25:15.3387649Z     "queryServerRunQueries": true,
codeql / Analyze (python)	UNKNOWN STEP	2026-09-24T15:25:15.3387870Z     "queryServerTrimCacheWithMode": true,
codeql / Analyze (python)	UNKNOWN STEP	2026-09-24T15:25:15.3388132Z     "builtinExtractorsSpecifyDefaultQueries": true,
codeql / Analyze (python)	UNKNOWN STEP	2026-09-24T15:25:15.3388389Z     "bqrsDiffResultSets": true,
codeql / Analyze (python)	UNKNOWN STEP	2026-09-24T15:25:15.3388605Z     "bundleSupportsIncludeOption": true,
codeql / Analyze (python)	UNKNOWN STEP	2026-09-24T15:25:15.3388859Z     "suppressesMissingFileBaselineWarning": true
codeql / Analyze (python)	UNKNOWN STEP	2026-09-24T15:25:15.3389103Z   }
codeql / Analyze (python)	UNKNOWN STEP	2026-09-24T15:25:15.3389248Z }
codeql / Analyze (python)	UNKNOWN STEP	2026-09-24T15:25:15.3390054Z ##[endgroup]
codeql / Analyze (python)	UNKNOWN STEP	2026-09-24T15:25:15.3390362Z ##[group]Validating workflow
codeql / Analyze (python)	UNKNOWN STEP	2026-09-24T15:25:15.7974341Z ##[warning]1 issue was detected with this workflow: Please specify an on.push hook to analyze and see code scanning alerts from the default branch on the Security tab.
codeql / Analyze (python)	UNKNOWN STEP	2026-09-24T15:25:15.7981643Z ##[endgroup]
codeql / Analyze (python)	UNKNOWN STEP	2026-09-24T15:25:15.7982195Z ##[group]Load language configuration
codeql / Analyze (python)	UNKNOWN STEP	2026-09-24T15:25:15.7983174Z [command]/opt/hostedtoolcache/CodeQL/2.27.1/x64/codeql/codeql resolve languages --format=betterjson --extractor-options-verbosity=4 --extractor-include-aliases --filter-to-languages-with-queries
codeql / Analyze (python)	UNKNOWN STEP	2026-09-24T15:25:16.5200713Z {
codeql / Analyze (python)	UNKNOWN STEP	2026-09-24T15:25:16.5207597Z   "aliases" : {
codeql / Analyze (python)	UNKNOWN STEP	2026-09-24T15:25:16.5231124Z     "c" : "cpp",
codeql / Analyze (python)	UNKNOWN STEP	2026-09-24T15:25:16.5231436Z     "c++" : "cpp",
codeql / Analyze (python)	UNKNOWN STEP	2026-09-24T15:25:16.5231697Z     "c-c++" : "cpp",
codeql / Analyze (python)	UNKNOWN STEP	2026-09-24T15:25:16.5231947Z     "c-cpp" : "cpp",
codeql / Analyze (python)	UNKNOWN STEP	2026-09-24T15:25:16.5232186Z     "c#" : "csharp",
codeql / Analyze (python)	UNKNOWN STEP	2026-09-24T15:25:16.5232419Z     "java-kotlin" : "java",
codeql / Analyze (python)	UNKNOWN STEP	2026-09-24T15:25:16.5232687Z     "kotlin" : "java",
codeql / Analyze (python)	UNKNOWN STEP	2026-09-24T15:25:16.5232980Z     "javascript-typescript" : "javascript",
codeql / Analyze (python)	UNKNOWN STEP	2026-09-24T15:25:16.5233335Z     "typescript" : "javascript"
codeql / Analyze (python)	UNKNOWN STEP	2026-09-24T15:25:16.5233614Z   },
codeql / Analyze (python)	UNKNOWN STEP	2026-09-24T15:25:16.5233820Z   "extractors" : {
codeql / Analyze (python)	UNKNOWN STEP	2026-09-24T15:25:16.5234066Z     "rust" : [
codeql / Analyze (python)	UNKNOWN STEP	2026-09-24T15:25:16.5234309Z       {
codeql / Analyze (python)	UNKNOWN STEP	2026-09-24T15:25:16.5234660Z         "extractor_root" : "/opt/hostedtoolcache/CodeQL/2.27.1/x64/codeql/rust",
codeql / Analyze (python)	UNKNOWN STEP	2026-09-24T15:25:16.5235129Z         "extractor_options" : {
codeql / Analyze (python)	UNKNOWN STEP	2026-09-24T15:25:16.5235417Z           "trap" : {
codeql / Analyze (python)	UNKNOWN STEP	2026-09-24T15:25:16.5235712Z             "title" : "Options pertaining to TRAP.",
codeql / Analyze (python)	UNKNOWN STEP	2026-09-24T15:25:16.5236118Z             "description" : "Options pertaining to TRAP.",
codeql / Analyze (python)	UNKNOWN STEP	2026-09-24T15:25:16.5236495Z             "type" : "object",
codeql / Analyze (python)	UNKNOWN STEP	2026-09-24T15:25:16.5236797Z             "properties" : {
codeql / Analyze (python)	UNKNOWN STEP	2026-09-24T15:25:16.5237092Z               "compression" : {
codeql / Analyze (python)	UNKNOWN STEP	2026-09-24T15:25:16.5237551Z                 "title" : "Controls compression for the TRAP files written by the extractor.",
codeql / Analyze (python)	UNKNOWN STEP	2026-09-24T15:25:16.5238492Z                 "description" : "This option is only intended for use in debugging the extractor. Accepted values are 'gzip' (to write gzip-compressed TRAP) 'zstd' (the default, to write Zstandard-compressed TRAP) and 'none' (to write uncompressed TRAP).\n",
codeql / Analyze (python)	UNKNOWN STEP	2026-09-24T15:25:16.5239270Z                 "type" : "string",
codeql / Analyze (python)	UNKNOWN STEP	2026-09-24T15:25:16.5239499Z                 "pattern" : "^(none|gzip|zstd)$"
codeql / Analyze (python)	UNKNOWN STEP	2026-09-24T15:25:16.5240095Z               }
codeql / Analyze (python)	UNKNOWN STEP	2026-09-24T15:25:16.5240340Z             }
codeql / Analyze (python)	UNKNOWN STEP	2026-09-24T15:25:16.5240706Z           },
codeql / Analyze (python)	UNKNOWN STEP	2026-09-24T15:25:16.5240994Z           "cargo_target_dir" : {
codeql / Analyze (python)	UNKNOWN STEP	2026-09-24T15:25:16.5241363Z             "title" : "Directory to use for cargo output files.",
codeql / Analyze (python)	UNKNOWN STEP	2026-09-24T15:25:16.5242753Z             "description" : "This value is an optional path to use as `CARGO_TARGET_DIR` for the internal cargo commands the extractor uses. Pointing it to a persistent directory may reduce execution time of consecutive extractor runs. By default, a new scratch directory is used for each extraction, while qltests use the test's `target` directory so artifacts can be reused across runs.\n",
codeql / Analyze (python)	UNKNOWN STEP	2026-09-24T15:25:16.5243796Z             "type" : "string"
codeql / Analyze (python)	UNKNOWN STEP	2026-09-24T15:25:16.5243992Z           },
codeql / Analyze (python)	UNKNOWN STEP	2026-09-24T15:25:16.5244160Z           "cargo_target" : {
codeql / Analyze (python)	UNKNOWN STEP	2026-09-24T15:25:16.5244367Z             "title" : "Target architecture",
codeql / Analyze (python)	UNKNOWN STEP	2026-09-24T15:25:16.5244908Z             "description" : "Target architecture to use for analysis, analogous to `cargo --target`. By default the host architecture is used.\n",
codeql / Analyze (python)	UNKNOWN STEP	2026-09-24T15:25:16.5245383Z             "type" : "string"
codeql / Analyze (python)	UNKNOWN STEP	2026-09-24T15:25:16.5245578Z           },
codeql / Analyze (python)	UNKNOWN STEP	2026-09-24T15:25:16.5245746Z           "cargo_features" : {
codeql / Analyze (python)	UNKNOWN STEP	2026-09-24T15:25:16.5245960Z             "title" : "Cargo features to turn on",
codeql / Analyze (python)	UNKNOWN STEP	2026-09-24T15:25:16.5246767Z             "description" : "Comma-separated list of features to turn on. By default all features are enabled. If any features are specified, then only those features are enabled. The `default` feature must be explicitly specified if only default features are desired. Can be repeated.\n",
codeql / Analyze (python)	UNKNOWN STEP	2026-09-24T15:25:16.5247523Z             "type" : "array"
codeql / Analyze (python)	UNKNOWN STEP	2026-09-24T15:25:16.5247702Z           },
codeql / Analyze (python)	UNKNOWN STEP	2026-09-24T15:25:16.5247872Z           "cargo_cfg_overrides" : {
codeql / Analyze (python)	UNKNOWN STEP	2026-09-24T15:25:16.5248095Z             "title" : "Cargo cfg overrides",
codeql / Analyze (python)	UNKNOWN STEP	2026-09-24T15:25:16.5248529Z             "description" : "Comma-separated list of cfg settings to enable, or disable if prefixed with `-`. Can be repeated.\n",
codeql / Analyze (python)	UNKNOWN STEP	2026-09-24T15:25:16.5248933Z             "type" : "array"
codeql / Analyze (python)	UNKNOWN STEP	2026-09-24T15:25:16.5249119Z           },
codeql / Analyze (python)	UNKNOWN STEP	2026-09-24T15:25:16.5249289Z           "logging" : {
codeql / Analyze (python)	UNKNOWN STEP	2026-09-24T15:25:16.5249497Z             "title" : "Options pertaining to logging.",
codeql / Analyze (python)	UNKNOWN STEP	2026-09-24T15:25:16.5249783Z             "description" : "Options pertaining to logging.",
codeql / Analyze (python)	UNKNOWN STEP	2026-09-24T15:25:16.5250032Z             "type" : "object",
codeql / Analyze (python)	UNKNOWN STEP	2026-09-24T15:25:16.5250230Z             "properties" : {
codeql / Analyze (python)	UNKNOWN STEP	2026-09-24T15:25:16.5250433Z               "verbosity" : {
codeql / Analyze (python)	UNKNOWN STEP	2026-09-24T15:25:16.5250821Z                 "title" : "Extractor logging verbosity level.",
codeql / Analyze (python)	UNKNOWN STEP	2026-09-24T15:25:16.5251575Z                 "description" : "Controls the level of verbosity of the extractor. The supported levels are (in order of increasing verbosity):\n  - off\n  - errors\n  - warnings\n  - info or progress\n  - debug or progress+\n  - trace or progress++\n  - progress+++\n",
codeql / Analyze (python)	UNKNOWN STEP	2026-09-24T15:25:16.5252272Z                 "type" : "string",
codeql / Analyze (python)	UNKNOWN STEP	2026-09-24T15:25:16.5252655Z                 "pattern" : "^(off|errors|warnings|(info|progress)|(debug|progress\\+)|(trace|progress\\+\\+)|progress\\+\\+\\+)$"
codeql / Analyze (python)	UNKNOWN STEP	2026-09-24T15:25:16.5253044Z               },
codeql / Analyze (python)	UNKNOWN STEP	2026-09-24T15:25:16.5253223Z               "flamegraph" : {
codeql / Analyze (python)	UNKNOWN STEP	2026-09-24T15:25:16.5253484Z                 "title" : "[Experimental] File path for write flame graph log",
codeql / Analyze (python)	UNKNOWN STEP	2026-09-24T15:25:16.5254177Z                 "description" : "Collect flame graph data using the `tracing-flame` crate. To render a flame graph or chart, run the `inferno-flamegraph` command. See also: https://crates.io/crates/tracing-flame\n",
codeql / Analyze (python)	UNKNOWN STEP	2026-09-24T15:25:16.5254766Z                 "type" : "string"
codeql / Analyze (python)	UNKNOWN STEP	2026-09-24T15:25:16.5254956Z               }
codeql / Analyze (python)	UNKNOWN STEP	2026-09-24T15:25:16.5255116Z             }
codeql / Analyze (python)	UNKNOWN STEP	2026-09-24T15:25:16.5255271Z           },
codeql / Analyze (python)	UNKNOWN STEP	2026-09-24T15:25:16.5255445Z           "extract_dependencies_as_source" : {
codeql / Analyze (python)	UNKNOWN STEP	2026-09-24T15:25:16.5255708Z             "title" : "Extract dependencies as source code",
codeql / Analyze (python)	UNKNOWN STEP	2026-09-24T15:25:16.5256108Z             "description" : "Extract the full source code of dependencies instead of only extracting signatures.\n",
codeql / Analyze (python)	UNKNOWN STEP	2026-09-24T15:25:16.5256606Z             "type" : "string",
codeql / Analyze (python)	UNKNOWN STEP	2026-09-24T15:25:16.5256813Z             "pattern" : "^(false|true)$"
codeql / Analyze (python)	UNKNOWN STEP	2026-09-24T15:25:16.5257019Z           }
codeql / Analyze (python)	UNKNOWN STEP	2026-09-24T15:25:16.5257172Z         }
codeql / Analyze (python)	UNKNOWN STEP	2026-09-24T15:25:16.5257322Z       }
codeql / Analyze (python)	UNKNOWN STEP	2026-09-24T15:25:16.5257566Z     ],
codeql / Analyze (python)	UNKNOWN STEP	2026-09-24T15:25:16.5257727Z     "csharp" : [
codeql / Analyze (python)	UNKNOWN STEP	2026-09-24T15:25:16.5257889Z       {
codeql / Analyze (python)	UNKNOWN STEP	2026-09-24T15:25:16.5258126Z         "extractor_root" : "/opt/hostedtoolcache/CodeQL/2.27.1/x64/codeql/csharp",
codeql / Analyze (python)	UNKNOWN STEP	2026-09-24T15:25:16.5258425Z         "extractor_options" : {
codeql / Analyze (python)	UNKNOWN STEP	2026-09-24T15:25:16.5258621Z           "trap" : {
codeql / Analyze (python)	UNKNOWN STEP	2026-09-24T15:25:16.5258815Z             "title" : "Options pertaining to TRAP.",
codeql / Analyze (python)	UNKNOWN STEP	2026-09-24T15:25:16.5259132Z             "description" : "Options pertaining to TRAP.",
codeql / Analyze (python)	UNKNOWN STEP	2026-09-24T15:25:16.5259477Z             "type" : "object",
codeql / Analyze (python)	UNKNOWN STEP	2026-09-24T15:25:16.5259769Z             "properties" : {
codeql / Analyze (python)	UNKNOWN STEP	2026-09-24T15:25:16.5260051Z               "compression" : {
codeql / Analyze (python)	UNKNOWN STEP	2026-09-24T15:25:16.5260445Z                 "title" : "Controls compression for the TRAP files written by the extractor.",
codeql / Analyze (python)	UNKNOWN STEP	2026-09-24T15:25:16.5261334Z                 "description" : "This option is only intended for use in debugging the extractor. Accepted values are 'brotli' (the default, to write brotli-compressed TRAP), 'gzip', and 'none' (to write uncompressed TRAP).\n",
codeql / Analyze (python)	UNKNOWN STEP	2026-09-24T15:25:16.5262438Z                 "type" : "string",
codeql / Analyze (python)	UNKNOWN STEP	2026-09-24T15:25:16.5262757Z                 "pattern" : "^(none|gzip|brotli)$"
codeql / Analyze (python)	UNKNOWN STEP	2026-09-24T15:25:16.5263011Z               }
codeql / Analyze (python)	UNKNOWN STEP	2026-09-24T15:25:16.5263178Z             }
codeql / Analyze (python)	UNKNOWN STEP	2026-09-24T15:25:16.5263341Z           },
codeql / Analyze (python)	UNKNOWN STEP	2026-09-24T15:25:16.5263503Z           "buildless" : {
codeql / Analyze (python)	UNKNOWN STEP	2026-09-24T15:25:16.5263787Z             "title" : "DEPRECATED - Whether to use buildless (standalone) extraction.",
codeql / Analyze (python)	UNKNOWN STEP	2026-09-24T15:25:16.5265156Z             "description" : "DEPRECATED: Use `--build-mode none` instead.\nA value indicating, which type of extraction the autobuilder should perform. If 'true', then the standalone extractor will be used, otherwise tracing extraction will be performed. The default is 'false'. Note that buildless extraction will generally yield less accurate analysis results, and should only be used in cases where it is not possible to build the code (for example if it uses inaccessible dependencies).\n",
codeql / Analyze (python)	UNKNOWN STEP	2026-09-24T15:25:16.5266403Z             "type" : "string",
codeql / Analyze (python)	UNKNOWN STEP	2026-09-24T15:25:16.5266609Z             "pattern" : "^(false|true)$"
codeql / Analyze (python)	UNKNOWN STEP	2026-09-24T15:25:16.5266816Z           },
codeql / Analyze (python)	UNKNOWN STEP	2026-09-24T15:25:16.5266976Z           "logging" : {
codeql / Analyze (python)	UNKNOWN STEP	2026-09-24T15:25:16.5267181Z             "title" : "Options pertaining to logging.",
codeql / Analyze (python)	UNKNOWN STEP	2026-09-24T15:25:16.5267463Z             "description" : "Options pertaining to logging.",
codeql / Analyze (python)	UNKNOWN STEP	2026-09-24T15:25:16.5267732Z             "type" : "object",
codeql / Analyze (python)	UNKNOWN STEP	2026-09-24T15:25:16.5284570Z             "properties" : {
codeql / Analyze (python)	UNKNOWN STEP	2026-09-24T15:25:16.5284856Z               "verbosity" : {
codeql / Analyze (python)	UNKNOWN STEP	2026-09-24T15:25:16.5285184Z                 "title" : "Extractor logging verbosity level.",
codeql / Analyze (python)	UNKNOWN STEP	2026-09-24T15:25:16.5285970Z                 "description" : "Controls the level of verbosity of the extractor. The supported levels are (in order of increasing verbosity):\n  - off\n  - errors\n  - warnings\n  - info or progress\n  - debug or progress+\n  - trace or progress++\n  - progress+++\n",
codeql / Analyze (python)	UNKNOWN STEP	2026-09-24T15:25:16.5286724Z                 "type" : "string",
codeql / Analyze (python)	UNKNOWN STEP	2026-09-24T15:25:16.5287131Z                 "pattern" : "^(off|errors|warnings|(info|progress)|(debug|progress\\+)|(trace|progress\\+\\+)|progress\\+\\+\\+)$"
codeql / Analyze (python)	UNKNOWN STEP	2026-09-24T15:25:16.5287518Z               }
codeql / Analyze (python)	UNKNOWN STEP	2026-09-24T15:25:16.5287686Z             }
codeql / Analyze (python)	UNKNOWN STEP	2026-09-24T15:25:16.5287848Z           },
codeql / Analyze (python)	UNKNOWN STEP	2026-09-24T15:25:16.5288012Z           "binlog" : {
codeql / Analyze (python)	UNKNOWN STEP	2026-09-24T15:25:16.5288200Z             "title" : "Binlog",
codeql / Analyze (python)	UNKNOWN STEP	2026-09-24T15:25:16.5288740Z             "description" : "[EXPERIMENTAL] The value is a path to the MsBuild binary log file that should be extracted. This option only works when `--build-mode none` is also specified.\n",
codeql / Analyze (python)	UNKNOWN STEP	2026-09-24T15:25:16.5289277Z             "type" : "array"
codeql / Analyze (python)	UNKNOWN STEP	2026-09-24T15:25:16.5289462Z           },
codeql / Analyze (python)	UNKNOWN STEP	2026-09-24T15:25:16.5289813Z           "buildless_dependency_dir" : {
codeql / Analyze (python)	UNKNOWN STEP	2026-09-24T15:25:16.5290157Z             "title" : "The path where buildless (standalone) extraction should keep dependencies.",
codeql / Analyze (python)	UNKNOWN STEP	2026-09-24T15:25:16.5311220Z             "description" : "If set, the buildless (standalone) extractor will store dependencies in this directory.\n",
codeql / Analyze (python)	UNKNOWN STEP	2026-09-24T15:25:16.5311890Z             "type" : "string"
codeql / Analyze (python)	UNKNOWN STEP	2026-09-24T15:25:16.5312183Z           }
codeql / Analyze (python)	UNKNOWN STEP	2026-09-24T15:25:16.5312414Z         }
codeql / Analyze (python)	UNKNOWN STEP	2026-09-24T15:25:16.5312644Z       }
codeql / Analyze (python)	UNKNOWN STEP	2026-09-24T15:25:16.5312868Z     ],
codeql / Analyze (python)	UNKNOWN STEP	2026-09-24T15:25:16.5313104Z     "python" : [
codeql / Analyze (python)	UNKNOWN STEP	2026-09-24T15:25:16.5313369Z       {
codeql / Analyze (python)	UNKNOWN STEP	2026-09-24T15:25:16.5313740Z         "extractor_root" : "/opt/hostedtoolcache/CodeQL/2.27.1/x64/codeql/python",
codeql / Analyze (python)	UNKNOWN STEP	2026-09-24T15:25:16.5314344Z         "extractor_options" : {
codeql / Analyze (python)	UNKNOWN STEP	2026-09-24T15:25:16.5314656Z           "logging" : {
codeql / Analyze (python)	UNKNOWN STEP	2026-09-24T15:25:16.5314973Z             "title" : "Options pertaining to logging.",
codeql / Analyze (python)	UNKNOWN STEP	2026-09-24T15:25:16.5315406Z             "description" : "Options pertaining to logging.",
codeql / Analyze (python)	UNKNOWN STEP	2026-09-24T15:25:16.5315805Z             "type" : "object",
codeql / Analyze (python)	UNKNOWN STEP	2026-09-24T15:25:16.5316107Z             "properties" : {
codeql / Analyze (python)	UNKNOWN STEP	2026-09-24T15:25:16.5316403Z               "verbosity" : {
codeql / Analyze (python)	UNKNOWN STEP	2026-09-24T15:25:16.5316769Z                 "title" : "Python extractor logging verbosity level.",
codeql / Analyze (python)	UNKNOWN STEP	2026-09-24T15:25:16.5318095Z                 "description" : "Controls the level of verbosity of the CodeQL Python extractor.\nThe supported levels are (in order of increasing verbosity):\n\n  - off\n  - errors\n  - warnings\n  - info or progress\n  - debug or progress+\n  - trace or progress++\n  - progress+++\n",
codeql / Analyze (python)	UNKNOWN STEP	2026-09-24T15:25:16.5319317Z                 "type" : "string",
codeql / Analyze (python)	UNKNOWN STEP	2026-09-24T15:25:16.5319926Z                 "pattern" : "^(off|errors|warnings|(info|progress)|(debug|progress\\+)|(trace|progress\\+\\+)|progress\\+\\+\\+)$"
codeql / Analyze (python)	UNKNOWN STEP	2026-09-24T15:25:16.5320647Z               }
codeql / Analyze (python)	UNKNOWN STEP	2026-09-24T15:25:16.5320890Z             }
codeql / Analyze (python)	UNKNOWN STEP	2026-09-24T15:25:16.5321122Z           },
codeql / Analyze (python)	UNKNOWN STEP	2026-09-24T15:25:16.5321376Z           "python_executable_name" : {
codeql / Analyze (python)	UNKNOWN STEP	2026-09-24T15:25:16.5321885Z             "title" : "Controls the name of the Python executable used by the Python extractor.",
codeql / Analyze (python)	UNKNOWN STEP	2026-09-24T15:25:16.5323697Z             "description" : "The Python extractor uses platform-dependent heuristics to determine the name of the Python executable to use. Specifying a value for this option overrides the name of the Python executable used by the extractor. Accepted values are py, python and python3. Use this setting with caution, the Python extractor requires Python 3 to run.\n",
codeql / Analyze (python)	UNKNOWN STEP	2026-09-24T15:25:16.5325300Z             "type" : "string",
codeql / Analyze (python)	UNKNOWN STEP	2026-09-24T15:25:16.5325655Z             "pattern" : "^(py|python|python3)$"
codeql / Analyze (python)	UNKNOWN STEP	2026-09-24T15:25:16.5326003Z           }
codeql / Analyze (python)	UNKNOWN STEP	2026-09-24T15:25:16.5326230Z         }
codeql / Analyze (python)	UNKNOWN STEP	2026-09-24T15:25:16.5326460Z       }
codeql / Analyze (python)	UNKNOWN STEP	2026-09-24T15:25:16.5326684Z     ],
codeql / Analyze (python)	UNKNOWN STEP	2026-09-24T15:25:16.5326909Z     "cpp" : [
codeql / Analyze (python)	UNKNOWN STEP	2026-09-24T15:25:16.5327141Z       {
codeql / Analyze (python)	UNKNOWN STEP	2026-09-24T15:25:16.5327501Z         "extractor_root" : "/opt/hostedtoolcache/CodeQL/2.27.1/x64/codeql/cpp",
codeql / Analyze (python)	UNKNOWN STEP	2026-09-24T15:25:16.5327980Z         "extractor_options" : {
codeql / Analyze (python)	UNKNOWN STEP	2026-09-24T15:25:16.5328286Z           "trap" : {
codeql / Analyze (python)	UNKNOWN STEP	2026-09-24T15:25:16.5328566Z             "title" : "TRAP options",
codeql / Analyze (python)	UNKNOWN STEP	2026-09-24T15:25:16.5329020Z             "description" : "Options about how the extractor handles TRAP files",
codeql / Analyze (python)	UNKNOWN STEP	2026-09-24T15:25:16.5329488Z             "type" : "object",
codeql / Analyze (python)	UNKNOWN STEP	2026-09-24T15:25:16.5329788Z             "visibility" : 3,
codeql / Analyze (python)	UNKNOWN STEP	2026-09-24T15:25:16.5330089Z             "properties" : {
codeql / Analyze (python)	UNKNOWN STEP	2026-09-24T15:25:16.5330379Z               "cache" : {
codeql / Analyze (python)	UNKNOWN STEP	2026-09-24T15:25:16.5330802Z                 "title" : "TRAP cache options",
codeql / Analyze (python)	UNKNOWN STEP	2026-09-24T15:25:16.5331292Z                 "description" : "Options about how the extractor handles its TRAP cache",
codeql / Analyze (python)	UNKNOWN STEP	2026-09-24T15:25:16.5331742Z                 "type" : "object",
codeql / Analyze (python)	UNKNOWN STEP	2026-09-24T15:25:16.5332027Z                 "properties" : {
codeql / Analyze (python)	UNKNOWN STEP	2026-09-24T15:25:16.5332300Z                   "dir" : {
codeql / Analyze (python)	UNKNOWN STEP	2026-09-24T15:25:16.5332617Z                     "title" : "TRAP cache directory",
codeql / Analyze (python)	UNKNOWN STEP	2026-09-24T15:25:16.5333045Z                     "description" : "The directory of the TRAP cache to use",
codeql / Analyze (python)	UNKNOWN STEP	2026-09-24T15:25:16.5333596Z                     "type" : "string"
codeql / Analyze (python)	UNKNOWN STEP	2026-09-24T15:25:16.5333886Z                   },
codeql / Analyze (python)	UNKNOWN STEP	2026-09-24T15:25:16.5334093Z                   "bound" : {
codeql / Analyze (python)	UNKNOWN STEP	2026-09-24T15:25:16.5334298Z                     "title" : "TRAP cache bound",
codeql / Analyze (python)	UNKNOWN STEP	2026-09-24T15:25:16.5334707Z                     "description" : "A soft limit (in MB) on the size of the TRAP cache",
codeql / Analyze (python)	UNKNOWN STEP	2026-09-24T15:25:16.5335005Z                     "type" : "string",
codeql / Analyze (python)	UNKNOWN STEP	2026-09-24T15:25:16.5335223Z                     "pattern" : "[0-9]+"
codeql / Analyze (python)	UNKNOWN STEP	2026-09-24T15:25:16.5335425Z                   },
codeql / Analyze (python)	UNKNOWN STEP	2026-09-24T15:25:16.5335598Z                   "write" : {
codeql / Analyze (python)	UNKNOWN STEP	2026-09-24T15:25:16.5335810Z                     "title" : "TRAP cache writeable",
codeql / Analyze (python)	UNKNOWN STEP	2026-09-24T15:25:16.5336137Z                     "description" : "Whether to write to the TRAP cache as well as reading it",
codeql / Analyze (python)	UNKNOWN STEP	2026-09-24T15:25:16.5336451Z                     "type" : "string",
codeql / Analyze (python)	UNKNOWN STEP	2026-09-24T15:25:16.5336682Z                     "pattern" : "(true|TRUE|false|FALSE)"
codeql / Analyze (python)	UNKNOWN STEP	2026-09-24T15:25:16.5336914Z                   }
codeql / Analyze (python)	UNKNOWN STEP	2026-09-24T15:25:16.5337120Z                 }
codeql / Analyze (python)	UNKNOWN STEP	2026-09-24T15:25:16.5337285Z               }
codeql / Analyze (python)	UNKNOWN STEP	2026-09-24T15:25:16.5337451Z             }
codeql / Analyze (python)	UNKNOWN STEP	2026-09-24T15:25:16.5337612Z           },
codeql / Analyze (python)	UNKNOWN STEP	2026-09-24T15:25:16.5337777Z           "scale_timeouts" : {
codeql / Analyze (python)	UNKNOWN STEP	2026-09-24T15:25:16.5338043Z             "title" : "Value to scale compiler introspection timeouts with",
codeql / Analyze (python)	UNKNOWN STEP	2026-09-24T15:25:16.5339128Z             "description" : "The extractor attempts to determine what compiler the source code being extracted is compiled with. To this end the extractor makes additional calls to the compiler, some of which are expected to return within a certain fixed time (either 10s or 15s). On some systems that are under high load this time might be too short, and can be scaled up using this option.\n",
codeql / Analyze (python)	UNKNOWN STEP	2026-09-24T15:25:16.5340154Z             "type" : "string",
codeql / Analyze (python)	UNKNOWN STEP	2026-09-24T15:25:16.5340361Z             "pattern" : "[0-9]+"
codeql / Analyze (python)	UNKNOWN STEP	2026-09-24T15:25:16.5340727Z           },
codeql / Analyze (python)	UNKNOWN STEP	2026-09-24T15:25:16.5340972Z           "log_verbosity" : {
codeql / Analyze (python)	UNKNOWN STEP	2026-09-24T15:25:16.5341329Z             "title" : "Verbosity of the extractor logging",
codeql / Analyze (python)	UNKNOWN STEP	2026-09-24T15:25:16.5341891Z             "description" : "Set the verbosity of the extractor logging to 'quiet' (0), 'normal' (1), 'chatty' (2), or 'noisy' (3). The default is 'normal'.\n",
codeql / Analyze (python)	UNKNOWN STEP	2026-09-24T15:25:16.5342341Z             "type" : "string",
codeql / Analyze (python)	UNKNOWN STEP	2026-09-24T15:25:16.5342540Z             "pattern" : "[0-3]"
codeql / Analyze (python)	UNKNOWN STEP	2026-09-24T15:25:16.5342833Z           },
codeql / Analyze (python)	UNKNOWN STEP	2026-09-24T15:25:16.5343044Z           "frontend_options" : {
codeql / Analyze (python)	UNKNOWN STEP	2026-09-24T15:25:16.5343271Z             "title" : "C/C++ extractor frontend options",
codeql / Analyze (python)	UNKNOWN STEP	2026-09-24T15:25:16.5343712Z             "description" : "Set additional options that should be passed to the C/C++ extractor frontend.\n",
codeql / Analyze (python)	UNKNOWN STEP	2026-09-24T15:25:16.5344262Z             "type" : "array",
codeql / Analyze (python)	UNKNOWN STEP	2026-09-24T15:25:16.5344554Z             "visibility" : 3
codeql / Analyze (python)	UNKNOWN STEP	2026-09-24T15:25:16.5344824Z           }
codeql / Analyze (python)	UNKNOWN STEP	2026-09-24T15:25:16.5345052Z         }
codeql / Analyze (python)	UNKNOWN STEP	2026-09-24T15:25:16.5345274Z       }
codeql / Analyze (python)	UNKNOWN STEP	2026-09-24T15:25:16.5345504Z     ],
codeql / Analyze (python)	UNKNOWN STEP	2026-09-24T15:25:16.5345722Z     "java" : [
codeql / Analyze (python)	UNKNOWN STEP	2026-09-24T15:25:16.5345957Z       {
codeql / Analyze (python)	UNKNOWN STEP	2026-09-24T15:25:16.5346311Z         "extractor_root" : "/opt/hostedtoolcache/CodeQL/2.27.1/x64/codeql/java",
codeql / Analyze (python)	UNKNOWN STEP	2026-09-24T15:25:16.5346763Z         "extractor_options" : {
codeql / Analyze (python)	UNKNOWN STEP	2026-09-24T15:25:16.5347055Z           "exclude" : {
codeql / Analyze (python)	UNKNOWN STEP	2026-09-24T15:25:16.5347377Z             "title" : "A glob excluding files from analysis.",
codeql / Analyze (python)	UNKNOWN STEP	2026-09-24T15:25:16.5348248Z             "description" : "A glob indicating what files to exclude from the analysis. This accepts glob patterns that are supported by Java's 'getPathMatcher' implementation.\n",
codeql / Analyze (python)	UNKNOWN STEP	2026-09-24T15:25:16.5349049Z             "type" : "string"
codeql / Analyze (python)	UNKNOWN STEP	2026-09-24T15:25:16.5349323Z           },
codeql / Analyze (python)	UNKNOWN STEP	2026-09-24T15:25:16.5349573Z           "add_prefer_source" : {
codeql / Analyze (python)	UNKNOWN STEP	2026-09-24T15:25:16.5349917Z             "title" : "Whether to always prefer source files over class files.",
codeql / Analyze (python)	UNKNOWN STEP	2026-09-24T15:25:16.5351045Z             "description" : "A value indicating whether source files should be preferred over class files. If set to 'true', the extraction adds '-Xprefer:source' to the javac command line. If set to 'false', the extraction uses the default javac behavior ('-Xprefer:newer'). The default is 'true'.\n",
codeql / Analyze (python)	UNKNOWN STEP	2026-09-24T15:25:16.5352344Z             "type" : "string",
codeql / Analyze (python)	UNKNOWN STEP	2026-09-24T15:25:16.5352790Z             "pattern" : "^(false|true)$"
codeql / Analyze (python)	UNKNOWN STEP	2026-09-24T15:25:16.5353082Z           },
codeql / Analyze (python)	UNKNOWN STEP	2026-09-24T15:25:16.5353294Z           "buildless" : {
codeql / Analyze (python)	UNKNOWN STEP	2026-09-24T15:25:16.5353653Z             "title" : "Whether to use buildless (standalone) extraction (experimental).",
codeql / Analyze (python)	UNKNOWN STEP	2026-09-24T15:25:16.5355086Z             "description" : "A value indicating, which type of extraction the autobuilder should perform. If 'true', then the standalone extractor will be used, otherwise tracing extraction will be performed. The default is 'false'. Note that buildless extraction will generally yield less accurate analysis results, and should only be used in cases where it is not possible to build the code (for example if it uses inaccessible dependencies).\n",
codeql / Analyze (python)	UNKNOWN STEP	2026-09-24T15:25:16.5356251Z             "type" : "string",
codeql / Analyze (python)	UNKNOWN STEP	2026-09-24T15:25:16.5356462Z             "pattern" : "^(false|true)$"
codeql / Analyze (python)	UNKNOWN STEP	2026-09-24T15:25:16.5356670Z           },
codeql / Analyze (python)	UNKNOWN STEP	2026-09-24T15:25:16.5356853Z           "buildless_dependency_dir" : {
codeql / Analyze (python)	UNKNOWN STEP	2026-09-24T15:25:16.5357190Z             "title" : "The path where buildless (standalone) extraction should keep dependencies.",
codeql / Analyze (python)	UNKNOWN STEP	2026-09-24T15:25:16.5357691Z             "description" : "If set, the buildless (standalone) extractor will store dependencies in this directory.\n",
codeql / Analyze (python)	UNKNOWN STEP	2026-09-24T15:25:16.5358074Z             "type" : "string"
codeql / Analyze (python)	UNKNOWN STEP	2026-09-24T15:25:16.5358261Z           },
codeql / Analyze (python)	UNKNOWN STEP	2026-09-24T15:25:16.5358432Z           "minimize_dependency_jars" : {
codeql / Analyze (python)	UNKNOWN STEP	2026-09-24T15:25:16.5358766Z             "title" : "Whether to rewrite and minimize downloaded JAR dependencies (experimental).",
codeql / Analyze (python)	UNKNOWN STEP	2026-09-24T15:25:16.5359403Z             "description" : "If 'true', JAR dependencies downloaded during extraction will be rewritten to remove unneeded data, such as method bodies. The default is 'false'.\n",
codeql / Analyze (python)	UNKNOWN STEP	2026-09-24T15:25:16.5359927Z             "type" : "string",
codeql / Analyze (python)	UNKNOWN STEP	2026-09-24T15:25:16.5360202Z             "pattern" : "^(false|true)$"
codeql / Analyze (python)	UNKNOWN STEP	2026-09-24T15:25:16.5360473Z           }
codeql / Analyze (python)	UNKNOWN STEP	2026-09-24T15:25:16.5360808Z         }
codeql / Analyze (python)	UNKNOWN STEP	2026-09-24T15:25:16.5360961Z       }
codeql / Analyze (python)	UNKNOWN STEP	2026-09-24T15:25:16.5361113Z     ],
codeql / Analyze (python)	UNKNOWN STEP	2026-09-24T15:25:16.5361266Z     "go" : [
codeql / Analyze (python)	UNKNOWN STEP	2026-09-24T15:25:16.5361425Z       {
codeql / Analyze (python)	UNKNOWN STEP	2026-09-24T15:25:16.5361659Z         "extractor_root" : "/opt/hostedtoolcache/CodeQL/2.27.1/x64/codeql/go",
codeql / Analyze (python)	UNKNOWN STEP	2026-09-24T15:25:16.5361957Z         "extractor_options" : {
codeql / Analyze (python)	UNKNOWN STEP	2026-09-24T15:25:16.5362157Z           "extract_tests" : {
codeql / Analyze (python)	UNKNOWN STEP	2026-09-24T15:25:16.5362431Z             "title" : "Whether to include Go test files in the CodeQL database.",
codeql / Analyze (python)	UNKNOWN STEP	2026-09-24T15:25:16.5362932Z             "description" : "A value indicating whether Go test files should be included in the CodeQL database. The default is 'false'.\n",
codeql / Analyze (python)	UNKNOWN STEP	2026-09-24T15:25:16.5363358Z             "type" : "string",
codeql / Analyze (python)	UNKNOWN STEP	2026-09-24T15:25:16.5363563Z             "pattern" : "^(false|true)$"
codeql / Analyze (python)	UNKNOWN STEP	2026-09-24T15:25:16.5363768Z           },
codeql / Analyze (python)	UNKNOWN STEP	2026-09-24T15:25:16.5363945Z           "extract_vendor_dirs" : {
codeql / Analyze (python)	UNKNOWN STEP	2026-09-24T15:25:16.5364240Z             "title" : "Whether to include Go vendor directories in the CodeQL database.",
codeql / Analyze (python)	UNKNOWN STEP	2026-09-24T15:25:16.5364776Z             "description" : "A value indicating whether Go vendor directories should be included in the CodeQL database. The default is 'false'.\n",
codeql / Analyze (python)	UNKNOWN STEP	2026-09-24T15:25:16.5365223Z             "type" : "string",
codeql / Analyze (python)	UNKNOWN STEP	2026-09-24T15:25:16.5365419Z             "pattern" : "^(false|true)$"
codeql / Analyze (python)	UNKNOWN STEP	2026-09-24T15:25:16.5365620Z           }
codeql / Analyze (python)	UNKNOWN STEP	2026-09-24T15:25:16.5365771Z         }
codeql / Analyze (python)	UNKNOWN STEP	2026-09-24T15:25:16.5365927Z       }
codeql / Analyze (python)	UNKNOWN STEP	2026-09-24T15:25:16.5366077Z     ],
codeql / Analyze (python)	UNKNOWN STEP	2026-09-24T15:25:16.5366234Z     "actions" : [
codeql / Analyze (python)	UNKNOWN STEP	2026-09-24T15:25:16.5366396Z       {
codeql / Analyze (python)	UNKNOWN STEP	2026-09-24T15:25:16.5366636Z         "extractor_root" : "/opt/hostedtoolcache/CodeQL/2.27.1/x64/codeql/actions",
codeql / Analyze (python)	UNKNOWN STEP	2026-09-24T15:25:16.5366941Z         "extractor_options" : {
codeql / Analyze (python)	UNKNOWN STEP	2026-09-24T15:25:16.5367136Z           "trap" : {
codeql / Analyze (python)	UNKNOWN STEP	2026-09-24T15:25:16.5367324Z             "title" : "TRAP options",
codeql / Analyze (python)	UNKNOWN STEP	2026-09-24T15:25:16.5367975Z             "description" : "Options about how the extractor handles TRAP files",
codeql / Analyze (python)	UNKNOWN STEP	2026-09-24T15:25:16.5368264Z             "type" : "object",
codeql / Analyze (python)	UNKNOWN STEP	2026-09-24T15:25:16.5368456Z             "visibility" : 3,
codeql / Analyze (python)	UNKNOWN STEP	2026-09-24T15:25:16.5368649Z             "properties" : {
codeql / Analyze (python)	UNKNOWN STEP	2026-09-24T15:25:16.5368928Z               "cache" : {
codeql / Analyze (python)	UNKNOWN STEP	2026-09-24T15:25:16.5369135Z                 "title" : "TRAP cache options",
codeql / Analyze (python)	UNKNOWN STEP	2026-09-24T15:25:16.5369447Z                 "description" : "Options about how the extractor handles its TRAP cache",
codeql / Analyze (python)	UNKNOWN STEP	2026-09-24T15:25:16.5369757Z                 "type" : "object",
codeql / Analyze (python)	UNKNOWN STEP	2026-09-24T15:25:16.5369967Z                 "properties" : {
codeql / Analyze (python)	UNKNOWN STEP	2026-09-24T15:25:16.5370163Z                   "dir" : {
codeql / Analyze (python)	UNKNOWN STEP	2026-09-24T15:25:16.5370381Z                     "title" : "TRAP cache directory",
codeql / Analyze (python)	UNKNOWN STEP	2026-09-24T15:25:16.5371010Z                     "description" : "The directory of the TRAP cache to use",
codeql / Analyze (python)	UNKNOWN STEP	2026-09-24T15:25:16.5371289Z                     "type" : "string"
codeql / Analyze (python)	UNKNOWN STEP	2026-09-24T15:25:16.5371498Z                   },
codeql / Analyze (python)	UNKNOWN STEP	2026-09-24T15:25:16.5371673Z                   "bound" : {
codeql / Analyze (python)	UNKNOWN STEP	2026-09-24T15:25:16.5371877Z                     "title" : "TRAP cache bound",
codeql / Analyze (python)	UNKNOWN STEP	2026-09-24T15:25:16.5372171Z                     "description" : "A soft limit (in MB) on the size of the TRAP cache",
codeql / Analyze (python)	UNKNOWN STEP	2026-09-24T15:25:16.5372463Z                     "type" : "string",
codeql / Analyze (python)	UNKNOWN STEP	2026-09-24T15:25:16.5372677Z                     "pattern" : "[0-9]+"
codeql / Analyze (python)	UNKNOWN STEP	2026-09-24T15:25:16.5372877Z                   },
codeql / Analyze (python)	UNKNOWN STEP	2026-09-24T15:25:16.5373056Z                   "write" : {
codeql / Analyze (python)	UNKNOWN STEP	2026-09-24T15:25:16.5373261Z                     "title" : "TRAP cache writeable",
codeql / Analyze (python)	UNKNOWN STEP	2026-09-24T15:25:16.5373587Z                     "description" : "Whether to write to the TRAP cache as well as reading it",
codeql / Analyze (python)	UNKNOWN STEP	2026-09-24T15:25:16.5373901Z                     "type" : "string",
codeql / Analyze (python)	UNKNOWN STEP	2026-09-24T15:25:16.5374130Z                     "pattern" : "(true|TRUE|false|FALSE)"
codeql / Analyze (python)	UNKNOWN STEP	2026-09-24T15:25:16.5374353Z                   }
codeql / Analyze (python)	UNKNOWN STEP	2026-09-24T15:25:16.5374523Z                 }
codeql / Analyze (python)	UNKNOWN STEP	2026-09-24T15:25:16.5374699Z               }
codeql / Analyze (python)	UNKNOWN STEP	2026-09-24T15:25:16.5374865Z             }
codeql / Analyze (python)	UNKNOWN STEP	2026-09-24T15:25:16.5375030Z           }
codeql / Analyze (python)	UNKNOWN STEP	2026-09-24T15:25:16.5375186Z         }
codeql / Analyze (python)	UNKNOWN STEP	2026-09-24T15:25:16.5375337Z       }
codeql / Analyze (python)	UNKNOWN STEP	2026-09-24T15:25:16.5375487Z     ],
codeql / Analyze (python)	UNKNOWN STEP	2026-09-24T15:25:16.5375647Z     "javascript" : [
codeql / Analyze (python)	UNKNOWN STEP	2026-09-24T15:25:16.5375818Z       {
codeql / Analyze (python)	UNKNOWN STEP	2026-09-24T15:25:16.5376069Z         "extractor_root" : "/opt/hostedtoolcache/CodeQL/2.27.1/x64/codeql/javascript",
codeql / Analyze (python)	UNKNOWN STEP	2026-09-24T15:25:16.5376381Z         "extractor_options" : {
codeql / Analyze (python)	UNKNOWN STEP	2026-09-24T15:25:16.5376573Z           "trap" : {
codeql / Analyze (python)	UNKNOWN STEP	2026-09-24T15:25:16.5376753Z             "title" : "TRAP options",
codeql / Analyze (python)	UNKNOWN STEP	2026-09-24T15:25:16.5377037Z             "description" : "Options about how the extractor handles TRAP files",
codeql / Analyze (python)	UNKNOWN STEP	2026-09-24T15:25:16.5377331Z             "type" : "object",
codeql / Analyze (python)	UNKNOWN STEP	2026-09-24T15:25:16.5377528Z             "visibility" : 3,
codeql / Analyze (python)	UNKNOWN STEP	2026-09-24T15:25:16.5377726Z             "properties" : {
codeql / Analyze (python)	UNKNOWN STEP	2026-09-24T15:25:16.5377917Z               "cache" : {
codeql / Analyze (python)	UNKNOWN STEP	2026-09-24T15:25:16.5378115Z                 "title" : "TRAP cache options",
codeql / Analyze (python)	UNKNOWN STEP	2026-09-24T15:25:16.5378429Z                 "description" : "Options about how the extractor handles its TRAP cache",
codeql / Analyze (python)	UNKNOWN STEP	2026-09-24T15:25:16.5378738Z                 "type" : "object",
codeql / Analyze (python)	UNKNOWN STEP	2026-09-24T15:25:16.5378944Z                 "properties" : {
codeql / Analyze (python)	UNKNOWN STEP	2026-09-24T15:25:16.5379141Z                   "dir" : {
codeql / Analyze (python)	UNKNOWN STEP	2026-09-24T15:25:16.5379346Z                     "title" : "TRAP cache directory",
codeql / Analyze (python)	UNKNOWN STEP	2026-09-24T15:25:16.5379636Z                     "description" : "The directory of the TRAP cache to use",
codeql / Analyze (python)	UNKNOWN STEP	2026-09-24T15:25:16.5379908Z                     "type" : "string"
codeql / Analyze (python)	UNKNOWN STEP	2026-09-24T15:25:16.5380108Z                   },
codeql / Analyze (python)	UNKNOWN STEP	2026-09-24T15:25:16.5380285Z                   "bound" : {
codeql / Analyze (python)	UNKNOWN STEP	2026-09-24T15:25:16.5380619Z                     "title" : "TRAP cache bound",
codeql / Analyze (python)	UNKNOWN STEP	2026-09-24T15:25:16.5380955Z                     "description" : "A soft limit (in MB) on the size of the TRAP cache",
codeql / Analyze (python)	UNKNOWN STEP	2026-09-24T15:25:16.5381253Z                     "type" : "string",
codeql / Analyze (python)	UNKNOWN STEP	2026-09-24T15:25:16.5381464Z                     "pattern" : "[0-9]+"
codeql / Analyze (python)	UNKNOWN STEP	2026-09-24T15:25:16.5381783Z                   },
codeql / Analyze (python)	UNKNOWN STEP	2026-09-24T15:25:16.5381955Z                   "write" : {
codeql / Analyze (python)	UNKNOWN STEP	2026-09-24T15:25:16.5382171Z                     "title" : "TRAP cache writeable",
codeql / Analyze (python)	UNKNOWN STEP	2026-09-24T15:25:16.5382497Z                     "description" : "Whether to write to the TRAP cache as well as reading it",
codeql / Analyze (python)	UNKNOWN STEP	2026-09-24T15:25:16.5382898Z                     "type" : "string",
codeql / Analyze (python)	UNKNOWN STEP	2026-09-24T15:25:16.5383127Z                     "pattern" : "(true|TRUE|false|FALSE)"
codeql / Analyze (python)	UNKNOWN STEP	2026-09-24T15:25:16.5383356Z                   }
codeql / Analyze (python)	UNKNOWN STEP	2026-09-24T15:25:16.5383521Z                 }
codeql / Analyze (python)	UNKNOWN STEP	2026-09-24T15:25:16.5383680Z               }
codeql / Analyze (python)	UNKNOWN STEP	2026-09-24T15:25:16.5383842Z             }
codeql / Analyze (python)	UNKNOWN STEP	2026-09-24T15:25:16.5384001Z           },
codeql / Analyze (python)	UNKNOWN STEP	2026-09-24T15:25:16.5384167Z           "skip_types" : {
codeql / Analyze (python)	UNKNOWN STEP	2026-09-24T15:25:16.5384390Z             "title" : "Skip type extraction for TypeScript",
codeql / Analyze (python)	UNKNOWN STEP	2026-09-24T15:25:16.5384757Z             "description" : "Whether to skip the extraction of types in a TypeScript application",
codeql / Analyze (python)	UNKNOWN STEP	2026-09-24T15:25:16.5385087Z             "type" : "string",
codeql / Analyze (python)	UNKNOWN STEP	2026-09-24T15:25:16.5385294Z             "pattern" : "^(false|true)$"
codeql / Analyze (python)	UNKNOWN STEP	2026-09-24T15:25:16.5385499Z           }
codeql / Analyze (python)	UNKNOWN STEP	2026-09-24T15:25:16.5385656Z         }
codeql / Analyze (python)	UNKNOWN STEP	2026-09-24T15:25:16.5385814Z       }
codeql / Analyze (python)	UNKNOWN STEP	2026-09-24T15:25:16.5385966Z     ],
codeql / Analyze (python)	UNKNOWN STEP	2026-09-24T15:25:16.5386118Z     "ruby" : [
codeql / Analyze (python)	UNKNOWN STEP	2026-09-24T15:25:16.5386275Z       {
codeql / Analyze (python)	UNKNOWN STEP	2026-09-24T15:25:16.5386515Z         "extractor_root" : "/opt/hostedtoolcache/CodeQL/2.27.1/x64/codeql/ruby",
codeql / Analyze (python)	UNKNOWN STEP	2026-09-24T15:25:16.5386816Z         "extractor_options" : {
codeql / Analyze (python)	UNKNOWN STEP	2026-09-24T15:25:16.5387018Z           "trap" : {
codeql / Analyze (python)	UNKNOWN STEP	2026-09-24T15:25:16.5387210Z             "title" : "Options pertaining to TRAP.",
codeql / Analyze (python)	UNKNOWN STEP	2026-09-24T15:25:16.5387477Z             "description" : "Options pertaining to TRAP.",
codeql / Analyze (python)	UNKNOWN STEP	2026-09-24T15:25:16.5387723Z             "type" : "object",
codeql / Analyze (python)	UNKNOWN STEP	2026-09-24T15:25:16.5387917Z             "properties" : {
codeql / Analyze (python)	UNKNOWN STEP	2026-09-24T15:25:16.5388110Z               "compression" : {
codeql / Analyze (python)	UNKNOWN STEP	2026-09-24T15:25:16.5388408Z                 "title" : "Controls compression for the TRAP files written by the extractor.",
codeql / Analyze (python)	UNKNOWN STEP	2026-09-24T15:25:16.5389214Z                 "description" : "This option is only intended for use in debugging the extractor. Accepted values are 'gzip' (the default, to write gzip-compressed TRAP) 'zstd' (to write Zstandard-compressed TRAP) and 'none' (to write uncompressed TRAP).\n",
codeql / Analyze (python)	UNKNOWN STEP	2026-09-24T15:25:16.5389913Z                 "type" : "string",
codeql / Analyze (python)	UNKNOWN STEP	2026-09-24T15:25:16.5390132Z                 "pattern" : "^(none|gzip|zstd)$"
codeql / Analyze (python)	UNKNOWN STEP	2026-09-24T15:25:16.5390348Z               }
codeql / Analyze (python)	UNKNOWN STEP	2026-09-24T15:25:16.5390665Z             }
codeql / Analyze (python)	UNKNOWN STEP	2026-09-24T15:25:16.5390826Z           }
codeql / Analyze (python)	UNKNOWN STEP	2026-09-24T15:25:16.5390977Z         }
codeql / Analyze (python)	UNKNOWN STEP	2026-09-24T15:25:16.5391127Z       }
codeql / Analyze (python)	UNKNOWN STEP	2026-09-24T15:25:16.5391277Z     ],
codeql / Analyze (python)	UNKNOWN STEP	2026-09-24T15:25:16.5391428Z     "swift" : [
codeql / Analyze (python)	UNKNOWN STEP	2026-09-24T15:25:16.5391580Z       {
codeql / Analyze (python)	UNKNOWN STEP	2026-09-24T15:25:16.5391810Z         "extractor_root" : "/opt/hostedtoolcache/CodeQL/2.27.1/x64/codeql/swift"
codeql / Analyze (python)	UNKNOWN STEP	2026-09-24T15:25:16.5392091Z       }
codeql / Analyze (python)	UNKNOWN STEP	2026-09-24T15:25:16.5392243Z     ]
codeql / Analyze (python)	UNKNOWN STEP	2026-09-24T15:25:16.5392394Z   }
codeql / Analyze (python)	UNKNOWN STEP	2026-09-24T15:25:16.5392550Z }
codeql / Analyze (python)	UNKNOWN STEP	2026-09-24T15:25:16.5445698Z Languages from configuration: python
codeql / Analyze (python)	UNKNOWN STEP	2026-09-24T15:25:16.5510780Z Using Git version 2.55.0
codeql / Analyze (python)	UNKNOWN STEP	2026-09-24T15:25:16.5516090Z Using overlay database mode: none without caching.
codeql / Analyze (python)	UNKNOWN STEP	2026-09-24T15:25:16.5519604Z Computing PR diff ranges...
codeql / Analyze (python)	UNKNOWN STEP	2026-09-24T15:25:17.0734041Z Persisted 4 diff range(s) across 2 file(s).
codeql / Analyze (python)	UNKNOWN STEP	2026-09-24T15:25:17.0734744Z [command]/opt/hostedtoolcache/CodeQL/2.27.1/x64/codeql/codeql resolve languages --format=betterjson --extractor-options-verbosity=4 --extractor-include-aliases
codeql / Analyze (python)	UNKNOWN STEP	2026-09-24T15:25:17.7863605Z {
codeql / Analyze (python)	UNKNOWN STEP	2026-09-24T15:25:17.7866191Z   "aliases" : {
codeql / Analyze (python)	UNKNOWN STEP	2026-09-24T15:25:17.7866825Z     "c" : "cpp",
codeql / Analyze (python)	UNKNOWN STEP	2026-09-24T15:25:17.7867380Z     "c++" : "cpp",
codeql / Analyze (python)	UNKNOWN STEP	2026-09-24T15:25:17.7867805Z     "c-c++" : "cpp",
codeql / Analyze (python)	UNKNOWN STEP	2026-09-24T15:25:17.7868235Z     "c-cpp" : "cpp",
codeql / Analyze (python)	UNKNOWN STEP	2026-09-24T15:25:17.7868655Z     "c#" : "csharp",
codeql / Analyze (python)	UNKNOWN STEP	2026-09-24T15:25:17.7869048Z     "java-kotlin" : "java",
codeql / Analyze (python)	UNKNOWN STEP	2026-09-24T15:25:17.7869479Z     "kotlin" : "java",
codeql / Analyze (python)	UNKNOWN STEP	2026-09-24T15:25:17.7869890Z     "javascript-typescript" : "javascript",
codeql / Analyze (python)	UNKNOWN STEP	2026-09-24T15:25:17.7870393Z     "typescript" : "javascript"
codeql / Analyze (python)	UNKNOWN STEP	2026-09-24T15:25:17.7871570Z   },
codeql / Analyze (python)	UNKNOWN STEP	2026-09-24T15:25:17.7871846Z   "extractors" : {
codeql / Analyze (python)	UNKNOWN STEP	2026-09-24T15:25:17.7872165Z     "javascript" : [
codeql / Analyze (python)	UNKNOWN STEP	2026-09-24T15:25:17.7872451Z       {
codeql / Analyze (python)	UNKNOWN STEP	2026-09-24T15:25:17.7872837Z         "extractor_root" : "/opt/hostedtoolcache/CodeQL/2.27.1/x64/codeql/javascript",
codeql / Analyze (python)	UNKNOWN STEP	2026-09-24T15:25:17.7873376Z         "extractor_options" : {
codeql / Analyze (python)	UNKNOWN STEP	2026-09-24T15:25:17.7873950Z           "trap" : {
codeql / Analyze (python)	UNKNOWN STEP	2026-09-24T15:25:17.7874249Z             "title" : "TRAP options",
codeql / Analyze (python)	UNKNOWN STEP	2026-09-24T15:25:17.7874720Z             "description" : "Options about how the extractor handles TRAP files",
codeql / Analyze (python)	UNKNOWN STEP	2026-09-24T15:25:17.7875196Z             "type" : "object",
codeql / Analyze (python)	UNKNOWN STEP	2026-09-24T15:25:17.7875502Z             "visibility" : 3,
codeql / Analyze (python)	UNKNOWN STEP	2026-09-24T15:25:17.7875814Z             "properties" : {
codeql / Analyze (python)	UNKNOWN STEP	2026-09-24T15:25:17.7876149Z               "cache" : {
codeql / Analyze (python)	UNKNOWN STEP	2026-09-24T15:25:17.7876469Z                 "title" : "TRAP cache options",
codeql / Analyze (python)	UNKNOWN STEP	2026-09-24T15:25:17.7876981Z                 "description" : "Options about how the extractor handles its TRAP cache",
codeql / Analyze (python)	UNKNOWN STEP	2026-09-24T15:25:17.7877486Z                 "type" : "object",
codeql / Analyze (python)	UNKNOWN STEP	2026-09-24T15:25:17.7877825Z                 "properties" : {
codeql / Analyze (python)	UNKNOWN STEP	2026-09-24T15:25:17.7878139Z                   "dir" : {
codeql / Analyze (python)	UNKNOWN STEP	2026-09-24T15:25:17.7878462Z                     "title" : "TRAP cache directory",
codeql / Analyze (python)	UNKNOWN STEP	2026-09-24T15:25:17.7878934Z                     "description" : "The directory of the TRAP cache to use",
codeql / Analyze (python)	UNKNOWN STEP	2026-09-24T15:25:17.7879388Z                     "type" : "string"
codeql / Analyze (python)	UNKNOWN STEP	2026-09-24T15:25:17.7879716Z                   },
codeql / Analyze (python)	UNKNOWN STEP	2026-09-24T15:25:17.7879991Z                   "bound" : {
codeql / Analyze (python)	UNKNOWN STEP	2026-09-24T15:25:17.7880324Z                     "title" : "TRAP cache bound",
codeql / Analyze (python)	UNKNOWN STEP	2026-09-24T15:25:17.7880982Z                     "description" : "A soft limit (in MB) on the size of the TRAP cache",
codeql / Analyze (python)	UNKNOWN STEP	2026-09-24T15:25:17.7881464Z                     "type" : "string",
codeql / Analyze (python)	UNKNOWN STEP	2026-09-24T15:25:17.7881801Z                     "pattern" : "[0-9]+"
codeql / Analyze (python)	UNKNOWN STEP	2026-09-24T15:25:17.7882129Z                   },
codeql / Analyze (python)	UNKNOWN STEP	2026-09-24T15:25:17.7882398Z                   "write" : {
codeql / Analyze (python)	UNKNOWN STEP	2026-09-24T15:25:17.7882796Z                     "title" : "TRAP cache writeable",
codeql / Analyze (python)	UNKNOWN STEP	2026-09-24T15:25:17.7883344Z                     "description" : "Whether to write to the TRAP cache as well as reading it",
codeql / Analyze (python)	UNKNOWN STEP	2026-09-24T15:25:17.7883867Z                     "type" : "string",
codeql / Analyze (python)	UNKNOWN STEP	2026-09-24T15:25:17.7884233Z                     "pattern" : "(true|TRUE|false|FALSE)"
codeql / Analyze (python)	UNKNOWN STEP	2026-09-24T15:25:17.7884601Z                   }
codeql / Analyze (python)	UNKNOWN STEP	2026-09-24T15:25:17.7884856Z                 }
codeql / Analyze (python)	UNKNOWN STEP	2026-09-24T15:25:17.7885108Z               }
codeql / Analyze (python)	UNKNOWN STEP	2026-09-24T15:25:17.7885359Z             }
codeql / Analyze (python)	UNKNOWN STEP	2026-09-24T15:25:17.7885605Z           },
codeql / Analyze (python)	UNKNOWN STEP	2026-09-24T15:25:17.7885858Z           "skip_types" : {
codeql / Analyze (python)	UNKNOWN STEP	2026-09-24T15:25:17.7886220Z             "title" : "Skip type extraction for TypeScript",
codeql / Analyze (python)	UNKNOWN STEP	2026-09-24T15:25:17.7886833Z             "description" : "Whether to skip the extraction of types in a TypeScript application",
codeql / Analyze (python)	UNKNOWN STEP	2026-09-24T15:25:17.7887400Z             "type" : "string",
codeql / Analyze (python)	UNKNOWN STEP	2026-09-24T15:25:17.7887728Z             "pattern" : "^(false|true)$"
codeql / Analyze (python)	UNKNOWN STEP	2026-09-24T15:25:17.7888060Z           }
codeql / Analyze (python)	UNKNOWN STEP	2026-09-24T15:25:17.7888300Z         }
codeql / Analyze (python)	UNKNOWN STEP	2026-09-24T15:25:17.7888544Z       }
codeql / Analyze (python)	UNKNOWN STEP	2026-09-24T15:25:17.7888776Z     ],
codeql / Analyze (python)	UNKNOWN STEP	2026-09-24T15:25:17.7889054Z     "go" : [
codeql / Analyze (python)	UNKNOWN STEP	2026-09-24T15:25:17.7889292Z       {
codeql / Analyze (python)	UNKNOWN STEP	2026-09-24T15:25:17.7889661Z         "extractor_root" : "/opt/hostedtoolcache/CodeQL/2.27.1/x64/codeql/go",
codeql / Analyze (python)	UNKNOWN STEP	2026-09-24T15:25:17.7890142Z         "extractor_options" : {
codeql / Analyze (python)	UNKNOWN STEP	2026-09-24T15:25:17.7890468Z           "extract_tests" : {
codeql / Analyze (python)	UNKNOWN STEP	2026-09-24T15:25:17.7891099Z             "title" : "Whether to include Go test files in the CodeQL database.",
codeql / Analyze (python)	UNKNOWN STEP	2026-09-24T15:25:17.7891959Z             "description" : "A value indicating whether Go test files should be included in the CodeQL database. The default is 'false'.\n",
codeql / Analyze (python)	UNKNOWN STEP	2026-09-24T15:25:17.7892681Z             "type" : "string",
codeql / Analyze (python)	UNKNOWN STEP	2026-09-24T15:25:17.7893009Z             "pattern" : "^(false|true)$"
codeql / Analyze (python)	UNKNOWN STEP	2026-09-24T15:25:17.7893338Z           },
codeql / Analyze (python)	UNKNOWN STEP	2026-09-24T15:25:17.7893600Z           "extract_vendor_dirs" : {
codeql / Analyze (python)	UNKNOWN STEP	2026-09-24T15:25:17.7894092Z             "title" : "Whether to include Go vendor directories in the CodeQL database.",
codeql / Analyze (python)	UNKNOWN STEP	2026-09-24T15:25:17.7895216Z             "description" : "A value indicating whether Go vendor directories should be included in the CodeQL database. The default is 'false'.\n",
codeql / Analyze (python)	UNKNOWN STEP	2026-09-24T15:25:17.7895987Z             "type" : "string",
codeql / Analyze (python)	UNKNOWN STEP	2026-09-24T15:25:17.7896312Z             "pattern" : "^(false|true)$"
codeql / Analyze (python)	UNKNOWN STEP	2026-09-24T15:25:17.7896639Z           }
codeql / Analyze (python)	UNKNOWN STEP	2026-09-24T15:25:17.7897015Z         }
codeql / Analyze (python)	UNKNOWN STEP	2026-09-24T15:25:17.7897249Z       }
codeql / Analyze (python)	UNKNOWN STEP	2026-09-24T15:25:17.7897482Z     ],
codeql / Analyze (python)	UNKNOWN STEP	2026-09-24T15:25:17.7897714Z     "html" : [
codeql / Analyze (python)	UNKNOWN STEP	2026-09-24T15:25:17.7897962Z       {
codeql / Analyze (python)	UNKNOWN STEP	2026-09-24T15:25:17.7898334Z         "extractor_root" : "/opt/hostedtoolcache/CodeQL/2.27.1/x64/codeql/html"
codeql / Analyze (python)	UNKNOWN STEP	2026-09-24T15:25:17.7898798Z       }
codeql / Analyze (python)	UNKNOWN STEP	2026-09-24T15:25:17.7899024Z     ],
codeql / Analyze (python)	UNKNOWN STEP	2026-09-24T15:25:17.7899258Z     "csharp" : [
codeql / Analyze (python)	UNKNOWN STEP	2026-09-24T15:25:17.7899519Z       {
codeql / Analyze (python)	UNKNOWN STEP	2026-09-24T15:25:17.7899897Z         "extractor_root" : "/opt/hostedtoolcache/CodeQL/2.27.1/x64/codeql/csharp",
codeql / Analyze (python)	UNKNOWN STEP	2026-09-24T15:25:17.7900393Z         "extractor_options" : {
codeql / Analyze (python)	UNKNOWN STEP	2026-09-24T15:25:17.7901856Z           "trap" : {
codeql / Analyze (python)	UNKNOWN STEP	2026-09-24T15:25:17.7902205Z             "title" : "Options pertaining to TRAP.",
codeql / Analyze (python)	UNKNOWN STEP	2026-09-24T15:25:17.7902639Z             "description" : "Options pertaining to TRAP.",
codeql / Analyze (python)	UNKNOWN STEP	2026-09-24T15:25:17.7903038Z             "type" : "object",
codeql / Analyze (python)	UNKNOWN STEP	2026-09-24T15:25:17.7903352Z             "properties" : {
codeql / Analyze (python)	UNKNOWN STEP	2026-09-24T15:25:17.7903672Z               "compression" : {
codeql / Analyze (python)	UNKNOWN STEP	2026-09-24T15:25:17.7904168Z                 "title" : "Controls compression for the TRAP files written by the extractor.",
codeql / Analyze (python)	UNKNOWN STEP	2026-09-24T15:25:17.7905483Z                 "description" : "This option is only intended for use in debugging the extractor. Accepted values are 'brotli' (the default, to write brotli-compressed TRAP), 'gzip', and 'none' (to write uncompressed TRAP).\n",
codeql / Analyze (python)	UNKNOWN STEP	2026-09-24T15:25:17.7906583Z                 "type" : "string",
codeql / Analyze (python)	UNKNOWN STEP	2026-09-24T15:25:17.7906927Z                 "pattern" : "^(none|gzip|brotli)$"
codeql / Analyze (python)	UNKNOWN STEP	2026-09-24T15:25:17.7907285Z               }
codeql / Analyze (python)	UNKNOWN STEP	2026-09-24T15:25:17.7907537Z             }
codeql / Analyze (python)	UNKNOWN STEP	2026-09-24T15:25:17.7907784Z           },
codeql / Analyze (python)	UNKNOWN STEP	2026-09-24T15:25:17.7908039Z           "buildless" : {
codeql / Analyze (python)	UNKNOWN STEP	2026-09-24T15:25:17.7908503Z             "title" : "DEPRECATED - Whether to use buildless (standalone) extraction.",
codeql / Analyze (python)	UNKNOWN STEP	2026-09-24T15:25:17.7911064Z             "description" : "DEPRECATED: Use `--build-mode none` instead.\nA value indicating, which type of extraction the autobuilder should perform. If 'true', then the standalone extractor will be used, otherwise tracing extraction will be performed. The default is 'false'. Note that buildless extraction will generally yield less accurate analysis results, and should only be used in cases where it is not possible to build the code (for example if it uses inaccessible dependencies).\n",
codeql / Analyze (python)	UNKNOWN STEP	2026-09-24T15:25:17.7913253Z             "type" : "string",
codeql / Analyze (python)	UNKNOWN STEP	2026-09-24T15:25:17.7913575Z             "pattern" : "^(false|true)$"
codeql / Analyze (python)	UNKNOWN STEP	2026-09-24T15:25:17.7913904Z           },
codeql / Analyze (python)	UNKNOWN STEP	2026-09-24T15:25:17.7914153Z           "logging" : {
codeql / Analyze (python)	UNKNOWN STEP	2026-09-24T15:25:17.7914479Z             "title" : "Options pertaining to logging.",
codeql / Analyze (python)	UNKNOWN STEP	2026-09-24T15:25:17.7917912Z             "description" : "Options pertaining to logging.",
codeql / Analyze (python)	UNKNOWN STEP	2026-09-24T15:25:17.7918362Z             "type" : "object",
codeql / Analyze (python)	UNKNOWN STEP	2026-09-24T15:25:17.7918696Z             "properties" : {
codeql / Analyze (python)	UNKNOWN STEP	2026-09-24T15:25:17.7919016Z               "verbosity" : {
codeql / Analyze (python)	UNKNOWN STEP	2026-09-24T15:25:17.7919370Z                 "title" : "Extractor logging verbosity level.",
codeql / Analyze (python)	UNKNOWN STEP	2026-09-24T15:25:17.7920802Z                 "description" : "Controls the level of verbosity of the extractor. The supported levels are (in order of increasing verbosity):\n  - off\n  - errors\n  - warnings\n  - info or progress\n  - debug or progress+\n  - trace or progress++\n  - progress+++\n",
codeql / Analyze (python)	UNKNOWN STEP	2026-09-24T15:25:17.7921691Z                 "type" : "string",
codeql / Analyze (python)	UNKNOWN STEP	2026-09-24T15:25:17.7922094Z                 "pattern" : "^(off|errors|warnings|(info|progress)|(debug|progress\\+)|(trace|progress\\+\\+)|progress\\+\\+\\+)$"
codeql / Analyze (python)	UNKNOWN STEP	2026-09-24T15:25:17.7922491Z               }
codeql / Analyze (python)	UNKNOWN STEP	2026-09-24T15:25:17.7922665Z             }
codeql / Analyze (python)	UNKNOWN STEP	2026-09-24T15:25:17.7922825Z           },
codeql / Analyze (python)	UNKNOWN STEP	2026-09-24T15:25:17.7922995Z           "binlog" : {
codeql / Analyze (python)	UNKNOWN STEP	2026-09-24T15:25:17.7923349Z             "title" : "Binlog",
codeql / Analyze (python)	UNKNOWN STEP	2026-09-24T15:25:17.7923897Z             "description" : "[EXPERIMENTAL] The value is a path to the MsBuild binary log file that should be extracted. This option only works when `--build-mode none` is also specified.\n",
codeql / Analyze (python)	UNKNOWN STEP	2026-09-24T15:25:17.7924439Z             "type" : "array"
codeql / Analyze (python)	UNKNOWN STEP	2026-09-24T15:25:17.7924755Z           },
codeql / Analyze (python)	UNKNOWN STEP	2026-09-24T15:25:17.7924938Z           "buildless_dependency_dir" : {
codeql / Analyze (python)	UNKNOWN STEP	2026-09-24T15:25:17.7925282Z             "title" : "The path where buildless (standalone) extraction should keep dependencies.",
codeql / Analyze (python)	UNKNOWN STEP	2026-09-24T15:25:17.7925808Z             "description" : "If set, the buildless (standalone) extractor will store dependencies in this directory.\n",
codeql / Analyze (python)	UNKNOWN STEP	2026-09-24T15:25:17.7926200Z             "type" : "string"
codeql / Analyze (python)	UNKNOWN STEP	2026-09-24T15:25:17.7926394Z           }
codeql / Analyze (python)	UNKNOWN STEP	2026-09-24T15:25:17.7926550Z         }
codeql / Analyze (python)	UNKNOWN STEP	2026-09-24T15:25:17.7926700Z       }
codeql / Analyze (python)	UNKNOWN STEP	2026-09-24T15:25:17.7926850Z     ],
codeql / Analyze (python)	UNKNOWN STEP	2026-09-24T15:25:17.7927000Z     "csv" : [
codeql / Analyze (python)	UNKNOWN STEP	2026-09-24T15:25:17.7927160Z       {
codeql / Analyze (python)	UNKNOWN STEP	2026-09-24T15:25:17.7927402Z         "extractor_root" : "/opt/hostedtoolcache/CodeQL/2.27.1/x64/codeql/csv"
codeql / Analyze (python)	UNKNOWN STEP	2026-09-24T15:25:17.7927839Z       }
codeql / Analyze (python)	UNKNOWN STEP	2026-09-24T15:25:17.7928037Z     ],
codeql / Analyze (python)	UNKNOWN STEP	2026-09-24T15:25:17.7928254Z     "actions" : [
codeql / Analyze (python)	UNKNOWN STEP	2026-09-24T15:25:17.7928772Z       {
codeql / Analyze (python)	UNKNOWN STEP	2026-09-24T15:25:17.7929076Z         "extractor_root" : "/opt/hostedtoolcache/CodeQL/2.27.1/x64/codeql/actions",
codeql / Analyze (python)	UNKNOWN STEP	2026-09-24T15:25:17.7929389Z         "extractor_options" : {
codeql / Analyze (python)	UNKNOWN STEP	2026-09-24T15:25:17.7929669Z           "trap" : {
codeql / Analyze (python)	UNKNOWN STEP	2026-09-24T15:25:17.7929911Z             "title" : "TRAP options",
codeql / Analyze (python)	UNKNOWN STEP	2026-09-24T15:25:17.7930329Z             "description" : "Options about how the extractor handles TRAP files",
codeql / Analyze (python)	UNKNOWN STEP	2026-09-24T15:25:17.7930854Z             "type" : "object",
codeql / Analyze (python)	UNKNOWN STEP	2026-09-24T15:25:17.7931688Z             "visibility" : 3,
codeql / Analyze (python)	UNKNOWN STEP	2026-09-24T15:25:17.7931927Z             "properties" : {
codeql / Analyze (python)	UNKNOWN STEP	2026-09-24T15:25:17.7932121Z               "cache" : {
codeql / Analyze (python)	UNKNOWN STEP	2026-09-24T15:25:17.7932324Z                 "title" : "TRAP cache options",
codeql / Analyze (python)	UNKNOWN STEP	2026-09-24T15:25:17.7932637Z                 "description" : "Options about how the extractor handles its TRAP cache",
codeql / Analyze (python)	UNKNOWN STEP	2026-09-24T15:25:17.7932956Z                 "type" : "object",
codeql / Analyze (python)	UNKNOWN STEP	2026-09-24T15:25:17.7933167Z                 "properties" : {
codeql / Analyze (python)	UNKNOWN STEP	2026-09-24T15:25:17.7933366Z                   "dir" : {
codeql / Analyze (python)	UNKNOWN STEP	2026-09-24T15:25:17.7933576Z                     "title" : "TRAP cache directory",
codeql / Analyze (python)	UNKNOWN STEP	2026-09-24T15:25:17.7933868Z                     "description" : "The directory of the TRAP cache to use",
codeql / Analyze (python)	UNKNOWN STEP	2026-09-24T15:25:17.7934151Z                     "type" : "string"
codeql / Analyze (python)	UNKNOWN STEP	2026-09-24T15:25:17.7934351Z                   },
codeql / Analyze (python)	UNKNOWN STEP	2026-09-24T15:25:17.7934524Z                   "bound" : {
codeql / Analyze (python)	UNKNOWN STEP	2026-09-24T15:25:17.7934728Z                     "title" : "TRAP cache bound",
codeql / Analyze (python)	UNKNOWN STEP	2026-09-24T15:25:17.7935025Z                     "description" : "A soft limit (in MB) on the size of the TRAP cache",
codeql / Analyze (python)	UNKNOWN STEP	2026-09-24T15:25:17.7935318Z                     "type" : "string",
codeql / Analyze (python)	UNKNOWN STEP	2026-09-24T15:25:17.7935526Z                     "pattern" : "[0-9]+"
codeql / Analyze (python)	UNKNOWN STEP	2026-09-24T15:25:17.7935728Z                   },
codeql / Analyze (python)	UNKNOWN STEP	2026-09-24T15:25:17.7935893Z                   "write" : {
codeql / Analyze (python)	UNKNOWN STEP	2026-09-24T15:25:17.7936101Z                     "title" : "TRAP cache writeable",
codeql / Analyze (python)	UNKNOWN STEP	2026-09-24T15:25:17.7936428Z                     "description" : "Whether to write to the TRAP cache as well as reading it",
codeql / Analyze (python)	UNKNOWN STEP	2026-09-24T15:25:17.7936739Z                     "type" : "string",
codeql / Analyze (python)	UNKNOWN STEP	2026-09-24T15:25:17.7936967Z                     "pattern" : "(true|TRUE|false|FALSE)"
codeql / Analyze (python)	UNKNOWN STEP	2026-09-24T15:25:17.7937188Z                   }
codeql / Analyze (python)	UNKNOWN STEP	2026-09-24T15:25:17.7937353Z                 }
codeql / Analyze (python)	UNKNOWN STEP	2026-09-24T15:25:17.7937519Z               }
codeql / Analyze (python)	UNKNOWN STEP	2026-09-24T15:25:17.7937679Z             }
codeql / Analyze (python)	UNKNOWN STEP	2026-09-24T15:25:17.7937836Z           }
codeql / Analyze (python)	UNKNOWN STEP	2026-09-24T15:25:17.7937990Z         }
codeql / Analyze (python)	UNKNOWN STEP	2026-09-24T15:25:17.7938145Z       }
codeql / Analyze (python)	UNKNOWN STEP	2026-09-24T15:25:17.7938296Z     ],
codeql / Analyze (python)	UNKNOWN STEP	2026-09-24T15:25:17.7938458Z     "ruby" : [
codeql / Analyze (python)	UNKNOWN STEP	2026-09-24T15:25:17.7938633Z       {
codeql / Analyze (python)	UNKNOWN STEP	2026-09-24T15:25:17.7938877Z         "extractor_root" : "/opt/hostedtoolcache/CodeQL/2.27.1/x64/codeql/ruby",
codeql / Analyze (python)	UNKNOWN STEP	2026-09-24T15:25:17.7939180Z         "extractor_options" : {
codeql / Analyze (python)	UNKNOWN STEP	2026-09-24T15:25:17.7939382Z           "trap" : {
codeql / Analyze (python)	UNKNOWN STEP	2026-09-24T15:25:17.7939747Z             "title" : "Options pertaining to TRAP.",
codeql / Analyze (python)	UNKNOWN STEP	2026-09-24T15:25:17.7940019Z             "description" : "Options pertaining to TRAP.",
codeql / Analyze (python)	UNKNOWN STEP	2026-09-24T15:25:17.7940265Z             "type" : "object",
codeql / Analyze (python)	UNKNOWN STEP	2026-09-24T15:25:17.7940462Z             "properties" : {
codeql / Analyze (python)	UNKNOWN STEP	2026-09-24T15:25:17.7940937Z               "compression" : {
codeql / Analyze (python)	UNKNOWN STEP	2026-09-24T15:25:17.7941239Z                 "title" : "Controls compression for the TRAP files written by the extractor.",
codeql / Analyze (python)	UNKNOWN STEP	2026-09-24T15:25:17.7942055Z                 "description" : "This option is only intended for use in debugging the extractor. Accepted values are 'gzip' (the default, to write gzip-compressed TRAP) 'zstd' (to write Zstandard-compressed TRAP) and 'none' (to write uncompressed TRAP).\n",
codeql / Analyze (python)	UNKNOWN STEP	2026-09-24T15:25:17.7942766Z                 "type" : "string",
codeql / Analyze (python)	UNKNOWN STEP	2026-09-24T15:25:17.7942991Z                 "pattern" : "^(none|gzip|zstd)$"
codeql / Analyze (python)	UNKNOWN STEP	2026-09-24T15:25:17.7943209Z               }
codeql / Analyze (python)	UNKNOWN STEP	2026-09-24T15:25:17.7943406Z             }
codeql / Analyze (python)	UNKNOWN STEP	2026-09-24T15:25:17.7943575Z           }
codeql / Analyze (python)	UNKNOWN STEP	2026-09-24T15:25:17.7943732Z         }
codeql / Analyze (python)	UNKNOWN STEP	2026-09-24T15:25:17.7943885Z       }
codeql / Analyze (python)	UNKNOWN STEP	2026-09-24T15:25:17.7944039Z     ],
codeql / Analyze (python)	UNKNOWN STEP	2026-09-24T15:25:17.7944196Z     "yaml" : [
codeql / Analyze (python)	UNKNOWN STEP	2026-09-24T15:25:17.7944363Z       {
codeql / Analyze (python)	UNKNOWN STEP	2026-09-24T15:25:17.7944595Z         "extractor_root" : "/opt/hostedtoolcache/CodeQL/2.27.1/x64/codeql/yaml"
codeql / Analyze (python)	UNKNOWN STEP	2026-09-24T15:25:17.7944878Z       }
codeql / Analyze (python)	UNKNOWN STEP	2026-09-24T15:25:17.7945027Z     ],
codeql / Analyze (python)	UNKNOWN STEP	2026-09-24T15:25:17.7945176Z     "xml" : [
codeql / Analyze (python)	UNKNOWN STEP	2026-09-24T15:25:17.7945329Z       {
codeql / Analyze (python)	UNKNOWN STEP	2026-09-24T15:25:17.7945555Z         "extractor_root" : "/opt/hostedtoolcache/CodeQL/2.27.1/x64/codeql/xml"
codeql / Analyze (python)	UNKNOWN STEP	2026-09-24T15:25:17.7945830Z       }
codeql / Analyze (python)	UNKNOWN STEP	2026-09-24T15:25:17.7945975Z     ],
codeql / Analyze (python)	UNKNOWN STEP	2026-09-24T15:25:17.7946129Z     "python" : [
codeql / Analyze (python)	UNKNOWN STEP	2026-09-24T15:25:17.7946297Z       {
codeql / Analyze (python)	UNKNOWN STEP	2026-09-24T15:25:17.7946540Z         "extractor_root" : "/opt/hostedtoolcache/CodeQL/2.27.1/x64/codeql/python",
codeql / Analyze (python)	UNKNOWN STEP	2026-09-24T15:25:17.7946847Z         "extractor_options" : {
codeql / Analyze (python)	UNKNOWN STEP	2026-09-24T15:25:17.7947052Z           "logging" : {
codeql / Analyze (python)	UNKNOWN STEP	2026-09-24T15:25:17.7947257Z             "title" : "Options pertaining to logging.",
codeql / Analyze (python)	UNKNOWN STEP	2026-09-24T15:25:17.7947540Z             "description" : "Options pertaining to logging.",
codeql / Analyze (python)	UNKNOWN STEP	2026-09-24T15:25:17.7947793Z             "type" : "object",
codeql / Analyze (python)	UNKNOWN STEP	2026-09-24T15:25:17.7947988Z             "properties" : {
codeql / Analyze (python)	UNKNOWN STEP	2026-09-24T15:25:17.7948184Z               "verbosity" : {
codeql / Analyze (python)	UNKNOWN STEP	2026-09-24T15:25:17.7948421Z                 "title" : "Python extractor logging verbosity level.",
codeql / Analyze (python)	UNKNOWN STEP	2026-09-24T15:25:17.7949218Z                 "description" : "Controls the level of verbosity of the CodeQL Python extractor.\nThe supported levels are (in order of increasing verbosity):\n\n  - off\n  - errors\n  - warnings\n  - info or progress\n  - debug or progress+\n  - trace or progress++\n  - progress+++\n",
codeql / Analyze (python)	UNKNOWN STEP	2026-09-24T15:25:17.7949957Z                 "type" : "string",
codeql / Analyze (python)	UNKNOWN STEP	2026-09-24T15:25:17.7950342Z                 "pattern" : "^(off|errors|warnings|(info|progress)|(debug|progress\\+)|(trace|progress\\+\\+)|progress\\+\\+\\+)$"
codeql / Analyze (python)	UNKNOWN STEP	2026-09-24T15:25:17.7950867Z               }
codeql / Analyze (python)	UNKNOWN STEP	2026-09-24T15:25:17.7951030Z             }
codeql / Analyze (python)	UNKNOWN STEP	2026-09-24T15:25:17.7951191Z           },
codeql / Analyze (python)	UNKNOWN STEP	2026-09-24T15:25:17.7951367Z           "python_executable_name" : {
codeql / Analyze (python)	UNKNOWN STEP	2026-09-24T15:25:17.7951695Z             "title" : "Controls the name of the Python executable used by the Python extractor.",
codeql / Analyze (python)	UNKNOWN STEP	2026-09-24T15:25:17.7952780Z             "description" : "The Python extractor uses platform-dependent heuristics to determine the name of the Python executable to use. Specifying a value for this option overrides the name of the Python executable used by the extractor. Accepted values are py, python and python3. Use this setting with caution, the Python extractor requires Python 3 to run.\n",
codeql / Analyze (python)	UNKNOWN STEP	2026-09-24T15:25:17.7953730Z             "type" : "string",
codeql / Analyze (python)	UNKNOWN STEP	2026-09-24T15:25:17.7953936Z             "pattern" : "^(py|python|python3)$"
codeql / Analyze (python)	UNKNOWN STEP	2026-09-24T15:25:17.7954157Z           }
codeql / Analyze (python)	UNKNOWN STEP	2026-09-24T15:25:17.7954310Z         }
codeql / Analyze (python)	UNKNOWN STEP	2026-09-24T15:25:17.7954460Z       }
codeql / Analyze (python)	UNKNOWN STEP	2026-09-24T15:25:17.7954610Z     ],
codeql / Analyze (python)	UNKNOWN STEP	2026-09-24T15:25:17.7954765Z     "cpp" : [
codeql / Analyze (python)	UNKNOWN STEP	2026-09-24T15:25:17.7954925Z       {
codeql / Analyze (python)	UNKNOWN STEP	2026-09-24T15:25:17.7955281Z         "extractor_root" : "/opt/hostedtoolcache/CodeQL/2.27.1/x64/codeql/cpp",
codeql / Analyze (python)	UNKNOWN STEP	2026-09-24T15:25:17.7955586Z         "extractor_options" : {
codeql / Analyze (python)	UNKNOWN STEP	2026-09-24T15:25:17.7955787Z           "trap" : {
codeql / Analyze (python)	UNKNOWN STEP	2026-09-24T15:25:17.7955974Z             "title" : "TRAP options",
codeql / Analyze (python)	UNKNOWN STEP	2026-09-24T15:25:17.7956361Z             "description" : "Options about how the extractor handles TRAP files",
codeql / Analyze (python)	UNKNOWN STEP	2026-09-24T15:25:17.7956659Z             "type" : "object",
codeql / Analyze (python)	UNKNOWN STEP	2026-09-24T15:25:17.7956861Z             "visibility" : 3,
codeql / Analyze (python)	UNKNOWN STEP	2026-09-24T15:25:17.7957053Z             "properties" : {
codeql / Analyze (python)	UNKNOWN STEP	2026-09-24T15:25:17.7957243Z               "cache" : {
codeql / Analyze (python)	UNKNOWN STEP	2026-09-24T15:25:17.7957441Z                 "title" : "TRAP cache options",
codeql / Analyze (python)	UNKNOWN STEP	2026-09-24T15:25:17.7957747Z                 "description" : "Options about how the extractor handles its TRAP cache",
codeql / Analyze (python)	UNKNOWN STEP	2026-09-24T15:25:17.7958057Z                 "type" : "object",
codeql / Analyze (python)	UNKNOWN STEP	2026-09-24T15:25:17.7958260Z                 "properties" : {
codeql / Analyze (python)	UNKNOWN STEP	2026-09-24T15:25:17.7958455Z                   "dir" : {
codeql / Analyze (python)	UNKNOWN STEP	2026-09-24T15:25:17.7958660Z                     "title" : "TRAP cache directory",
codeql / Analyze (python)	UNKNOWN STEP	2026-09-24T15:25:17.7958949Z                     "description" : "The directory of the TRAP cache to use",
codeql / Analyze (python)	UNKNOWN STEP	2026-09-24T15:25:17.7959222Z                     "type" : "string"
codeql / Analyze (python)	UNKNOWN STEP	2026-09-24T15:25:17.7959419Z                   },
codeql / Analyze (python)	UNKNOWN STEP	2026-09-24T15:25:17.7959589Z                   "bound" : {
codeql / Analyze (python)	UNKNOWN STEP	2026-09-24T15:25:17.7959790Z                     "title" : "TRAP cache bound",
codeql / Analyze (python)	UNKNOWN STEP	2026-09-24T15:25:17.7960091Z                     "description" : "A soft limit (in MB) on the size of the TRAP cache",
codeql / Analyze (python)	UNKNOWN STEP	2026-09-24T15:25:17.7960387Z                     "type" : "string",
codeql / Analyze (python)	UNKNOWN STEP	2026-09-24T15:25:17.7960728Z                     "pattern" : "[0-9]+"
codeql / Analyze (python)	UNKNOWN STEP	2026-09-24T15:25:17.7960939Z                   },
codeql / Analyze (python)	UNKNOWN STEP	2026-09-24T15:25:17.7961152Z                   "write" : {
codeql / Analyze (python)	UNKNOWN STEP	2026-09-24T15:25:17.7961363Z                     "title" : "TRAP cache writeable",
codeql / Analyze (python)	UNKNOWN STEP	2026-09-24T15:25:17.7961688Z                     "description" : "Whether to write to the TRAP cache as well as reading it",
codeql / Analyze (python)	UNKNOWN STEP	2026-09-24T15:25:17.7962002Z                     "type" : "string",
codeql / Analyze (python)	UNKNOWN STEP	2026-09-24T15:25:17.7962231Z                     "pattern" : "(true|TRUE|false|FALSE)"
codeql / Analyze (python)	UNKNOWN STEP	2026-09-24T15:25:17.7962455Z                   }
codeql / Analyze (python)	UNKNOWN STEP	2026-09-24T15:25:17.7962622Z                 }
codeql / Analyze (python)	UNKNOWN STEP	2026-09-24T15:25:17.7962787Z               }
codeql / Analyze (python)	UNKNOWN STEP	2026-09-24T15:25:17.7962944Z             }
codeql / Analyze (python)	UNKNOWN STEP	2026-09-24T15:25:17.7963100Z           },
codeql / Analyze (python)	UNKNOWN STEP	2026-09-24T15:25:17.7963293Z           "scale_timeouts" : {
codeql / Analyze (python)	UNKNOWN STEP	2026-09-24T15:25:17.7963554Z             "title" : "Value to scale compiler introspection timeouts with",
codeql / Analyze (python)	UNKNOWN STEP	2026-09-24T15:25:17.7964644Z             "description" : "The extractor attempts to determine what compiler the source code being extracted is compiled with. To this end the extractor makes additional calls to the compiler, some of which are expected to return within a certain fixed time (either 10s or 15s). On some systems that are under high load this time might be too short, and can be scaled up using this option.\n",
codeql / Analyze (python)	UNKNOWN STEP	2026-09-24T15:25:17.7965639Z             "type" : "string",
codeql / Analyze (python)	UNKNOWN STEP	2026-09-24T15:25:17.7965836Z             "pattern" : "[0-9]+"
codeql / Analyze (python)	UNKNOWN STEP	2026-09-24T15:25:17.7966038Z           },
codeql / Analyze (python)	UNKNOWN STEP	2026-09-24T15:25:17.7966200Z           "log_verbosity" : {
codeql / Analyze (python)	UNKNOWN STEP	2026-09-24T15:25:17.7966422Z             "title" : "Verbosity of the extractor logging",
codeql / Analyze (python)	UNKNOWN STEP	2026-09-24T15:25:17.7966923Z             "description" : "Set the verbosity of the extractor logging to 'quiet' (0), 'normal' (1), 'chatty' (2), or 'noisy' (3). The default is 'normal'.\n",
codeql / Analyze (python)	UNKNOWN STEP	2026-09-24T15:25:17.7967365Z             "type" : "string",
codeql / Analyze (python)	UNKNOWN STEP	2026-09-24T15:25:17.7967558Z             "pattern" : "[0-3]"
codeql / Analyze (python)	UNKNOWN STEP	2026-09-24T15:25:17.7967747Z           },
codeql / Analyze (python)	UNKNOWN STEP	2026-09-24T15:25:17.7967914Z           "frontend_options" : {
codeql / Analyze (python)	UNKNOWN STEP	2026-09-24T15:25:17.7968135Z             "title" : "C/C++ extractor frontend options",
codeql / Analyze (python)	UNKNOWN STEP	2026-09-24T15:25:17.7968544Z             "description" : "Set additional options that should be passed to the C/C++ extractor frontend.\n",
codeql / Analyze (python)	UNKNOWN STEP	2026-09-24T15:25:17.7968902Z             "type" : "array",
codeql / Analyze (python)	UNKNOWN STEP	2026-09-24T15:25:17.7969091Z             "visibility" : 3
codeql / Analyze (python)	UNKNOWN STEP	2026-09-24T15:25:17.7969327Z           }
codeql / Analyze (python)	UNKNOWN STEP	2026-09-24T15:25:17.7969718Z         }
codeql / Analyze (python)	UNKNOWN STEP	2026-09-24T15:25:17.7969876Z       }
codeql / Analyze (python)	UNKNOWN STEP	2026-09-24T15:25:17.7970029Z     ],
codeql / Analyze (python)	UNKNOWN STEP	2026-09-24T15:25:17.7970187Z     "properties" : [
codeql / Analyze (python)	UNKNOWN STEP	2026-09-24T15:25:17.7970361Z       {
codeql / Analyze (python)	UNKNOWN STEP	2026-09-24T15:25:17.7970723Z         "extractor_root" : "/opt/hostedtoolcache/CodeQL/2.27.1/x64/codeql/properties"
codeql / Analyze (python)	UNKNOWN STEP	2026-09-24T15:25:17.7971129Z       }
codeql / Analyze (python)	UNKNOWN STEP	2026-09-24T15:25:17.7971280Z     ],
codeql / Analyze (python)	UNKNOWN STEP	2026-09-24T15:25:17.7971435Z     "rust" : [
codeql / Analyze (python)	UNKNOWN STEP	2026-09-24T15:25:17.7971595Z       {
codeql / Analyze (python)	UNKNOWN STEP	2026-09-24T15:25:17.7971827Z         "extractor_root" : "/opt/hostedtoolcache/CodeQL/2.27.1/x64/codeql/rust",
codeql / Analyze (python)	UNKNOWN STEP	2026-09-24T15:25:17.7972120Z         "extractor_options" : {
codeql / Analyze (python)	UNKNOWN STEP	2026-09-24T15:25:17.7972314Z           "trap" : {
codeql / Analyze (python)	UNKNOWN STEP	2026-09-24T15:25:17.7972507Z             "title" : "Options pertaining to TRAP.",
codeql / Analyze (python)	UNKNOWN STEP	2026-09-24T15:25:17.7972769Z             "description" : "Options pertaining to TRAP.",
codeql / Analyze (python)	UNKNOWN STEP	2026-09-24T15:25:17.7973011Z             "type" : "object",
codeql / Analyze (python)	UNKNOWN STEP	2026-09-24T15:25:17.7973201Z             "properties" : {
codeql / Analyze (python)	UNKNOWN STEP	2026-09-24T15:25:17.7973394Z               "compression" : {
codeql / Analyze (python)	UNKNOWN STEP	2026-09-24T15:25:17.7973701Z                 "title" : "Controls compression for the TRAP files written by the extractor.",
codeql / Analyze (python)	UNKNOWN STEP	2026-09-24T15:25:17.7974509Z                 "description" : "This option is only intended for use in debugging the extractor. Accepted values are 'gzip' (to write gzip-compressed TRAP) 'zstd' (the default, to write Zstandard-compressed TRAP) and 'none' (to write uncompressed TRAP).\n",
codeql / Analyze (python)	UNKNOWN STEP	2026-09-24T15:25:17.7975200Z                 "type" : "string",
codeql / Analyze (python)	UNKNOWN STEP	2026-09-24T15:25:17.7975416Z                 "pattern" : "^(none|gzip|zstd)$"
codeql / Analyze (python)	UNKNOWN STEP	2026-09-24T15:25:17.7975628Z               }
codeql / Analyze (python)	UNKNOWN STEP	2026-09-24T15:25:17.7975787Z             }
codeql / Analyze (python)	UNKNOWN STEP	2026-09-24T15:25:17.7975939Z           },
codeql / Analyze (python)	UNKNOWN STEP	2026-09-24T15:25:17.7976102Z           "cargo_target_dir" : {
codeql / Analyze (python)	UNKNOWN STEP	2026-09-24T15:25:17.7976339Z             "title" : "Directory to use for cargo output files.",
codeql / Analyze (python)	UNKNOWN STEP	2026-09-24T15:25:17.7977402Z             "description" : "This value is an optional path to use as `CARGO_TARGET_DIR` for the internal cargo commands the extractor uses. Pointing it to a persistent directory may reduce execution time of consecutive extractor runs. By default, a new scratch directory is used for each extraction, while qltests use the test's `target` directory so artifacts can be reused across runs.\n",
codeql / Analyze (python)	UNKNOWN STEP	2026-09-24T15:25:17.7978395Z             "type" : "string"
codeql / Analyze (python)	UNKNOWN STEP	2026-09-24T15:25:17.7978585Z           },
codeql / Analyze (python)	UNKNOWN STEP	2026-09-24T15:25:17.7978746Z           "cargo_target" : {
codeql / Analyze (python)	UNKNOWN STEP	2026-09-24T15:25:17.7978944Z             "title" : "Target architecture",
codeql / Analyze (python)	UNKNOWN STEP	2026-09-24T15:25:17.7979399Z             "description" : "Target architecture to use for analysis, analogous to `cargo --target`. By default the host architecture is used.\n",
codeql / Analyze (python)	UNKNOWN STEP	2026-09-24T15:25:17.7979925Z             "type" : "string"
codeql / Analyze (python)	UNKNOWN STEP	2026-09-24T15:25:17.7980202Z           },
codeql / Analyze (python)	UNKNOWN STEP	2026-09-24T15:25:17.7980430Z           "cargo_features" : {
codeql / Analyze (python)	UNKNOWN STEP	2026-09-24T15:25:17.7980986Z             "title" : "Cargo features to turn on",
codeql / Analyze (python)	UNKNOWN STEP	2026-09-24T15:25:17.7981774Z             "description" : "Comma-separated list of features to turn on. By default all features are enabled. If any features are specified, then only those features are enabled. The `default` feature must be explicitly specified if only default features are desired. Can be repeated.\n",
codeql / Analyze (python)	UNKNOWN STEP	2026-09-24T15:25:17.7982562Z             "type" : "array"
codeql / Analyze (python)	UNKNOWN STEP	2026-09-24T15:25:17.7982751Z           },
codeql / Analyze (python)	UNKNOWN STEP	2026-09-24T15:25:17.7982925Z           "cargo_cfg_overrides" : {
codeql / Analyze (python)	UNKNOWN STEP	2026-09-24T15:25:17.7983149Z             "title" : "Cargo cfg overrides",
codeql / Analyze (python)	UNKNOWN STEP	2026-09-24T15:25:17.7983562Z             "description" : "Comma-separated list of cfg settings to enable, or disable if prefixed with `-`. Can be repeated.\n",
codeql / Analyze (python)	UNKNOWN STEP	2026-09-24T15:25:17.7983968Z             "type" : "array"
codeql / Analyze (python)	UNKNOWN STEP	2026-09-24T15:25:17.7984149Z           },
codeql / Analyze (python)	UNKNOWN STEP	2026-09-24T15:25:17.7984308Z           "logging" : {
codeql / Analyze (python)	UNKNOWN STEP	2026-09-24T15:25:17.7984516Z             "title" : "Options pertaining to logging.",
codeql / Analyze (python)	UNKNOWN STEP	2026-09-24T15:25:17.7984788Z             "description" : "Options pertaining to logging.",
codeql / Analyze (python)	UNKNOWN STEP	2026-09-24T15:25:17.7985036Z             "type" : "object",
codeql / Analyze (python)	UNKNOWN STEP	2026-09-24T15:25:17.7985226Z             "properties" : {
codeql / Analyze (python)	UNKNOWN STEP	2026-09-24T15:25:17.7985542Z               "verbosity" : {
codeql / Analyze (python)	UNKNOWN STEP	2026-09-24T15:25:17.7985768Z                 "title" : "Extractor logging verbosity level.",
codeql / Analyze (python)	UNKNOWN STEP	2026-09-24T15:25:17.7986619Z                 "description" : "Controls the level of verbosity of the extractor. The supported levels are (in order of increasing verbosity):\n  - off\n  - errors\n  - warnings\n  - info or progress\n  - debug or progress+\n  - trace or progress++\n  - progress+++\n",
codeql / Analyze (python)	UNKNOWN STEP	2026-09-24T15:25:17.7987387Z                 "type" : "string",
codeql / Analyze (python)	UNKNOWN STEP	2026-09-24T15:25:17.7987772Z                 "pattern" : "^(off|errors|warnings|(info|progress)|(debug|progress\\+)|(trace|progress\\+\\+)|progress\\+\\+\\+)$"
codeql / Analyze (python)	UNKNOWN STEP	2026-09-24T15:25:17.7988154Z               },
codeql / Analyze (python)	UNKNOWN STEP	2026-09-24T15:25:17.7988332Z               "flamegraph" : {
codeql / Analyze (python)	UNKNOWN STEP	2026-09-24T15:25:17.7988595Z                 "title" : "[Experimental] File path for write flame graph log",
codeql / Analyze (python)	UNKNOWN STEP	2026-09-24T15:25:17.7989315Z                 "description" : "Collect flame graph data using the `tracing-flame` crate. To render a flame graph or chart, run the `inferno-flamegraph` command. See also: https://crates.io/crates/tracing-flame\n",
codeql / Analyze (python)	UNKNOWN STEP	2026-09-24T15:25:17.7989915Z                 "type" : "string"
codeql / Analyze (python)	UNKNOWN STEP	2026-09-24T15:25:17.7990108Z               }
codeql / Analyze (python)	UNKNOWN STEP	2026-09-24T15:25:17.7990265Z             }
codeql / Analyze (python)	UNKNOWN STEP	2026-09-24T15:25:17.7990422Z           },
codeql / Analyze (python)	UNKNOWN STEP	2026-09-24T15:25:17.7990758Z           "extract_dependencies_as_source" : {
codeql / Analyze (python)	UNKNOWN STEP	2026-09-24T15:25:17.7991023Z             "title" : "Extract dependencies as source code",
codeql / Analyze (python)	UNKNOWN STEP	2026-09-24T15:25:17.7991425Z             "description" : "Extract the full source code of dependencies instead of only extracting signatures.\n",
codeql / Analyze (python)	UNKNOWN STEP	2026-09-24T15:25:17.7998927Z             "type" : "string",
codeql / Analyze (python)	UNKNOWN STEP	2026-09-24T15:25:17.7999159Z             "pattern" : "^(false|true)$"
codeql / Analyze (python)	UNKNOWN STEP	2026-09-24T15:25:17.7999375Z           }
codeql / Analyze (python)	UNKNOWN STEP	2026-09-24T15:25:17.7999531Z         }
codeql / Analyze (python)	UNKNOWN STEP	2026-09-24T15:25:17.7999686Z       }
codeql / Analyze (python)	UNKNOWN STEP	2026-09-24T15:25:17.7999847Z     ],
codeql / Analyze (python)	UNKNOWN STEP	2026-09-24T15:25:17.8000004Z     "swift" : [
codeql / Analyze (python)	UNKNOWN STEP	2026-09-24T15:25:17.8000164Z       {
codeql / Analyze (python)	UNKNOWN STEP	2026-09-24T15:25:17.8000404Z         "extractor_root" : "/opt/hostedtoolcache/CodeQL/2.27.1/x64/codeql/swift"
codeql / Analyze (python)	UNKNOWN STEP	2026-09-24T15:25:17.8000961Z       }
codeql / Analyze (python)	UNKNOWN STEP	2026-09-24T15:25:17.8001126Z     ],
codeql / Analyze (python)	UNKNOWN STEP	2026-09-24T15:25:17.8001285Z     "java" : [
codeql / Analyze (python)	UNKNOWN STEP	2026-09-24T15:25:17.8001448Z       {
codeql / Analyze (python)	UNKNOWN STEP	2026-09-24T15:25:17.8001686Z         "extractor_root" : "/opt/hostedtoolcache/CodeQL/2.27.1/x64/codeql/java",
codeql / Analyze (python)	UNKNOWN STEP	2026-09-24T15:25:17.8001987Z         "extractor_options" : {
codeql / Analyze (python)	UNKNOWN STEP	2026-09-24T15:25:17.8002191Z           "exclude" : {
codeql / Analyze (python)	UNKNOWN STEP	2026-09-24T15:25:17.8002420Z             "title" : "A glob excluding files from analysis.",
codeql / Analyze (python)	UNKNOWN STEP	2026-09-24T15:25:17.8003004Z             "description" : "A glob indicating what files to exclude from the analysis. This accepts glob patterns that are supported by Java's 'getPathMatcher' implementation.\n",
codeql / Analyze (python)	UNKNOWN STEP	2026-09-24T15:25:17.8003552Z             "type" : "string"
codeql / Analyze (python)	UNKNOWN STEP	2026-09-24T15:25:17.8003748Z           },
codeql / Analyze (python)	UNKNOWN STEP	2026-09-24T15:25:17.8003927Z           "add_prefer_source" : {
codeql / Analyze (python)	UNKNOWN STEP	2026-09-24T15:25:17.8004213Z             "title" : "Whether to always prefer source files over class files.",
codeql / Analyze (python)	UNKNOWN STEP	2026-09-24T15:25:17.8005097Z             "description" : "A value indicating whether source files should be preferred over class files. If set to 'true', the extraction adds '-Xprefer:source' to the javac command line. If set to 'false', the extraction uses the default javac behavior ('-Xprefer:newer'). The default is 'true'.\n",
codeql / Analyze (python)	UNKNOWN STEP	2026-09-24T15:25:17.8005878Z             "type" : "string",
codeql / Analyze (python)	UNKNOWN STEP	2026-09-24T15:25:17.8006093Z             "pattern" : "^(false|true)$"
codeql / Analyze (python)	UNKNOWN STEP	2026-09-24T15:25:17.8006306Z           },
codeql / Analyze (python)	UNKNOWN STEP	2026-09-24T15:25:17.8006466Z           "buildless" : {
codeql / Analyze (python)	UNKNOWN STEP	2026-09-24T15:25:17.8006754Z             "title" : "Whether to use buildless (standalone) extraction (experimental).",
codeql / Analyze (python)	UNKNOWN STEP	2026-09-24T15:25:17.8008004Z             "description" : "A value indicating, which type of extraction the autobuilder should perform. If 'true', then the standalone extractor will be used, otherwise tracing extraction will be performed. The default is 'false'. Note that buildless extraction will generally yield less accurate analysis results, and should only be used in cases where it is not possible to build the code (for example if it uses inaccessible dependencies).\n",
codeql / Analyze (python)	UNKNOWN STEP	2026-09-24T15:25:17.8009304Z             "type" : "string",
codeql / Analyze (python)	UNKNOWN STEP	2026-09-24T15:25:17.8009515Z             "pattern" : "^(false|true)$"
codeql / Analyze (python)	UNKNOWN STEP	2026-09-24T15:25:17.8009723Z           },
codeql / Analyze (python)	UNKNOWN STEP	2026-09-24T15:25:17.8009995Z           "buildless_dependency_dir" : {
codeql / Analyze (python)	UNKNOWN STEP	2026-09-24T15:25:17.8010334Z             "title" : "The path where buildless (standalone) extraction should keep dependencies.",
codeql / Analyze (python)	UNKNOWN STEP	2026-09-24T15:25:17.8010994Z             "description" : "If set, the buildless (standalone) extractor will store dependencies in this directory.\n",
codeql / Analyze (python)	UNKNOWN STEP	2026-09-24T15:25:17.8011378Z             "type" : "string"
codeql / Analyze (python)	UNKNOWN STEP	2026-09-24T15:25:17.8011566Z           },
codeql / Analyze (python)	UNKNOWN STEP	2026-09-24T15:25:17.8011741Z           "minimize_dependency_jars" : {
codeql / Analyze (python)	UNKNOWN STEP	2026-09-24T15:25:17.8012082Z             "title" : "Whether to rewrite and minimize downloaded JAR dependencies (experimental).",
codeql / Analyze (python)	UNKNOWN STEP	2026-09-24T15:25:17.8012744Z             "description" : "If 'true', JAR dependencies downloaded during extraction will be rewritten to remove unneeded data, such as method bodies. The default is 'false'.\n",
codeql / Analyze (python)	UNKNOWN STEP	2026-09-24T15:25:17.8013264Z             "type" : "string",
codeql / Analyze (python)	UNKNOWN STEP	2026-09-24T15:25:17.8013464Z             "pattern" : "^(false|true)$"
codeql / Analyze (python)	UNKNOWN STEP	2026-09-24T15:25:17.8013669Z           }
codeql / Analyze (python)	UNKNOWN STEP	2026-09-24T15:25:17.8013826Z         }
codeql / Analyze (python)	UNKNOWN STEP	2026-09-24T15:25:17.8013980Z       }
codeql / Analyze (python)	UNKNOWN STEP	2026-09-24T15:25:17.8014129Z     ]
codeql / Analyze (python)	UNKNOWN STEP	2026-09-24T15:25:17.8014284Z   }
codeql / Analyze (python)	UNKNOWN STEP	2026-09-24T15:25:17.8014439Z }
codeql / Analyze (python)	UNKNOWN STEP	2026-09-24T15:25:17.9824718Z python does not support TRAP caching (missing option group)
codeql / Analyze (python)	UNKNOWN STEP	2026-09-24T15:25:17.9825077Z Found 0 languages that support TRAP caching
codeql / Analyze (python)	UNKNOWN STEP	2026-09-24T15:25:17.9825841Z ##[endgroup]
codeql / Analyze (python)	UNKNOWN STEP	2026-09-24T15:25:17.9838798Z While resolving threads, found a cgroup CPUs file with 4 CPUs in /sys/fs/cgroup/cpuset.cpus.effective.
codeql / Analyze (python)	UNKNOWN STEP	2026-09-24T15:25:17.9849289Z Writing augmented user configuration file to /home/runner/work/_temp/user-config.yaml
codeql / Analyze (python)	UNKNOWN STEP	2026-09-24T15:25:17.9850092Z ##[group]Augmented user configuration file contents
codeql / Analyze (python)	UNKNOWN STEP	2026-09-24T15:25:17.9883835Z name: CodeQL config
codeql / Analyze (python)	UNKNOWN STEP	2026-09-24T15:25:17.9884132Z queries:
codeql / Analyze (python)	UNKNOWN STEP	2026-09-24T15:25:17.9884390Z   - uses: security-and-quality
codeql / Analyze (python)	UNKNOWN STEP	2026-09-24T15:25:17.9884737Z threat-models: local
codeql / Analyze (python)	UNKNOWN STEP	2026-09-24T15:25:17.9884986Z paths-ignore:
codeql / Analyze (python)	UNKNOWN STEP	2026-09-24T15:25:17.9885169Z   - '**/node_modules'
codeql / Analyze (python)	UNKNOWN STEP	2026-09-24T15:25:17.9885346Z   - '**/dist'
codeql / Analyze (python)	UNKNOWN STEP	2026-09-24T15:25:17.9885512Z   - '**/build'
codeql / Analyze (python)	UNKNOWN STEP	2026-09-24T15:25:17.9885671Z   - '**/*.min.js'
codeql / Analyze (python)	UNKNOWN STEP	2026-09-24T15:25:17.9885836Z   - '**/*.test.*'
codeql / Analyze (python)	UNKNOWN STEP	2026-09-24T15:25:17.9886003Z   - '**/vendor/**'
codeql / Analyze (python)	UNKNOWN STEP	2026-09-24T15:25:17.9886178Z query-filters:
codeql / Analyze (python)	UNKNOWN STEP	2026-09-24T15:25:17.9886342Z   - exclude:
codeql / Analyze (python)	UNKNOWN STEP	2026-09-24T15:25:17.9886520Z       tags: exclude-from-incremental
codeql / Analyze (python)	UNKNOWN STEP	2026-09-24T15:25:17.9886670Z 
codeql / Analyze (python)	UNKNOWN STEP	2026-09-24T15:25:17.9886896Z ##[endgroup]
codeql / Analyze (python)	UNKNOWN STEP	2026-09-24T15:25:17.9887965Z [command]/opt/hostedtoolcache/CodeQL/2.27.1/x64/codeql/codeql database init --force-overwrite --db-cluster /home/runner/work/_temp/codeql_databases --source-root=/home/runner/work/deepseek-review-probe/deepseek-review-probe --no-calculate-baseline --extractor-include-aliases --language=python --codescanning-config=/home/runner/work/_temp/user-config.yaml --build-mode=none
codeql / Analyze (python)	UNKNOWN STEP	2026-09-24T15:25:18.9624134Z Package install location: /home/runner/.codeql/packages
codeql / Analyze (python)	UNKNOWN STEP	2026-09-24T15:25:18.9641141Z Nothing downloaded.
codeql / Analyze (python)	UNKNOWN STEP	2026-09-24T15:25:20.0318434Z Resolving extractor python.
codeql / Analyze (python)	UNKNOWN STEP	2026-09-24T15:25:20.0362668Z Successfully loaded extractor Python (python) from /opt/hostedtoolcache/CodeQL/2.27.1/x64/codeql/python.
codeql / Analyze (python)	UNKNOWN STEP	2026-09-24T15:25:20.0532635Z Created skeleton CodeQL database at /home/runner/work/_temp/codeql_databases/python. This in-progress database is ready to be populated by an extractor.
codeql / Analyze (python)	UNKNOWN STEP	2026-09-24T15:25:20.6484515Z ##[group]Run github/codeql-action/analyze@v4
codeql / Analyze (python)	UNKNOWN STEP	2026-09-24T15:25:20.6484769Z with:
codeql / Analyze (python)	UNKNOWN STEP	2026-09-24T15:25:20.6484949Z   category: /language:python
codeql / Analyze (python)	UNKNOWN STEP	2026-09-24T15:25:20.6485156Z   output: ../results
codeql / Analyze (python)	UNKNOWN STEP	2026-09-24T15:25:20.6485333Z   upload: always
codeql / Analyze (python)	UNKNOWN STEP	2026-09-24T15:25:20.6485508Z   skip-queries: false
codeql / Analyze (python)	UNKNOWN STEP	2026-09-24T15:25:20.6485797Z   checkout_path: /home/runner/work/deepseek-review-probe/deepseek-review-probe
codeql / Analyze (python)	UNKNOWN STEP	2026-09-24T15:25:20.6486267Z   upload-database: true
codeql / Analyze (python)	UNKNOWN STEP	2026-09-24T15:25:20.6486465Z   wait-for-processing: true
codeql / Analyze (python)	UNKNOWN STEP	2026-09-24T15:25:20.6488281Z   token: ***
codeql / Analyze (python)	UNKNOWN STEP	2026-09-24T15:25:20.6488475Z   matrix: {
codeql / Analyze (python)	UNKNOWN STEP	  "language": "python"
codeql / Analyze (python)	UNKNOWN STEP	}
codeql / Analyze (python)	UNKNOWN STEP	2026-09-24T15:25:20.6488705Z   expect-error: false
codeql / Analyze (python)	UNKNOWN STEP	2026-09-24T15:25:20.6488890Z env:
codeql / Analyze (python)	UNKNOWN STEP	2026-09-24T15:25:20.6489116Z   CODEQL_ACTION_JOB_RUN_UUID: 2bcc68ec-a87b-45b8-acc2-70345a617904
codeql / Analyze (python)	UNKNOWN STEP	2026-09-24T15:25:20.6489416Z   CODEQL_ACTION_FEATURE_MULTI_LANGUAGE: false
codeql / Analyze (python)	UNKNOWN STEP	2026-09-24T15:25:20.6489662Z   CODEQL_ACTION_FEATURE_SANDWICH: false
codeql / Analyze (python)	UNKNOWN STEP	2026-09-24T15:25:20.6489930Z   CODEQL_ACTION_FEATURE_SARIF_COMBINE: true
codeql / Analyze (python)	UNKNOWN STEP	2026-09-24T15:25:20.6490173Z   CODEQL_ACTION_FEATURE_WILL_UPLOAD: true
codeql / Analyze (python)	UNKNOWN STEP	2026-09-24T15:25:20.6490410Z   CODEQL_ACTION_VERSION: 4.38.2
codeql / Analyze (python)	UNKNOWN STEP	2026-09-24T15:25:20.6490736Z   CODEQL_ACTION_INIT_HAS_RUN: true
codeql / Analyze (python)	UNKNOWN STEP	2026-09-24T15:25:20.6491030Z   CODEQL_ACTION_ANALYSIS_KEY: .github/workflows/code-review.yml:analyze
codeql / Analyze (python)	UNKNOWN STEP	2026-09-24T15:25:20.6491353Z   CODEQL_WORKFLOW_STARTED_AT: 2026-09-24T15:25:03.116Z
codeql / Analyze (python)	UNKNOWN STEP	2026-09-24T15:25:20.6491622Z   CODEQL_ACTION_HAS_SET_UP_CODEQL: true
codeql / Analyze (python)	UNKNOWN STEP	2026-09-24T15:25:20.6491842Z   CODEQL_RAM: 14575
codeql / Analyze (python)	UNKNOWN STEP	2026-09-24T15:25:20.6492019Z   CODEQL_THREADS: 4
codeql / Analyze (python)	UNKNOWN STEP	2026-09-24T15:25:20.6492192Z ##[endgroup]
codeql / Analyze (python)	UNKNOWN STEP	2026-09-24T15:25:20.8466910Z Existing job run UUID is 2bcc68ec-a87b-45b8-acc2-70345a617904.
codeql / Analyze (python)	UNKNOWN STEP	2026-09-24T15:25:21.2715344Z While resolving threads, found a cgroup CPUs file with 4 CPUs in /sys/fs/cgroup/cpuset.cpus.effective.
codeql / Analyze (python)	UNKNOWN STEP	2026-09-24T15:25:21.2745473Z ##[group]Generating diff range extension pack
codeql / Analyze (python)	UNKNOWN STEP	2026-09-24T15:25:21.2771666Z Successfully created diff range extension pack at /home/runner/work/_temp/pr-diff-range.
codeql / Analyze (python)	UNKNOWN STEP	2026-09-24T15:25:21.2772427Z ##[endgroup]
codeql / Analyze (python)	UNKNOWN STEP	2026-09-24T15:25:21.2816933Z ##[group]Extracting python
codeql / Analyze (python)	UNKNOWN STEP	2026-09-24T15:25:21.2820431Z [command]/opt/hostedtoolcache/CodeQL/2.27.1/x64/codeql/codeql database trace-command --use-build-mode --working-dir /home/runner/work/deepseek-review-probe/deepseek-review-probe /home/runner/work/_temp/codeql_databases/python
codeql / Analyze (python)	UNKNOWN STEP	2026-09-24T15:25:21.9460764Z Running command in /home/runner/work/deepseek-review-probe/deepseek-review-probe: [/opt/hostedtoolcache/CodeQL/2.27.1/x64/codeql/python/tools/autobuild.sh]
codeql / Analyze (python)	UNKNOWN STEP	2026-09-24T15:25:22.0162009Z [2026-09-24 15:25:22] [build-stderr] /bin/sh: 1: python2: not found
codeql / Analyze (python)	UNKNOWN STEP	2026-09-24T15:25:22.0419361Z [2026-09-24 15:25:22] [build-stdout] No directories containing root identifiers were found. Returning working directory as root.
codeql / Analyze (python)	UNKNOWN STEP	2026-09-24T15:25:22.0426800Z [2026-09-24 15:25:22] [build-stdout] Will try to guess Python version, as it was not specified in `lgtm.yml`
codeql / Analyze (python)	UNKNOWN STEP	2026-09-24T15:25:22.0427788Z [2026-09-24 15:25:22] [build-stdout] Trying to guess Python version based on Trove classifiers in setup.py
codeql / Analyze (python)	UNKNOWN STEP	2026-09-24T15:25:22.0428641Z [2026-09-24 15:25:22] [build-stdout] Did not find setup.py (expected it to be at /home/runner/work/deepseek-review-probe/deepseek-review-probe/setup.py)
codeql / Analyze (python)	UNKNOWN STEP	2026-09-24T15:25:22.0429424Z [2026-09-24 15:25:22] [build-stdout] Trying to guess Python version based on travis file
codeql / Analyze (python)	UNKNOWN STEP	2026-09-24T15:25:22.0430455Z [2026-09-24 15:25:22] [build-stdout] Did not find any travis files (expected them at either ['/home/runner/work/deepseek-review-probe/deepseek-review-probe/.travis.yml', '/home/runner/work/deepseek-review-probe/deepseek-review-probe/travis.yml'])
codeql / Analyze (python)	UNKNOWN STEP	2026-09-24T15:25:22.0432041Z [2026-09-24 15:25:22] [build-stdout] Trying to guess Python version based on installed versions
codeql / Analyze (python)	UNKNOWN STEP	2026-09-24T15:25:22.0432595Z [2026-09-24 15:25:22] [build-stdout] Wanted to run Python 2, but it is not available. Using Python 3 instead
codeql / Analyze (python)	UNKNOWN STEP	2026-09-24T15:25:22.0433139Z [2026-09-24 15:25:22] [build-stdout] This script is running Python 3, but Python 2 is also available (as 'python3')
codeql / Analyze (python)	UNKNOWN STEP	2026-09-24T15:25:22.0433913Z [2026-09-24 15:25:22] [build-stdout] Could not guess Python version, will use default: Python 3
codeql / Analyze (python)	UNKNOWN STEP	2026-09-24T15:25:22.0435313Z [2026-09-24 15:25:22] [build-stdout] Calling python3 -S /opt/hostedtoolcache/CodeQL/2.27.1/x64/codeql/python/tools/python_tracer.py --verbosity 3 -z all -c /home/runner/work/_temp/codeql_databases/python/working/trap_cache -R /home/runner/work/deepseek-review-probe/deepseek-review-probe --filter exclude:**/node_modules --filter exclude:**/dist --filter exclude:**/build --filter exclude:**/*.min.js --filter exclude:**/*.test.* --filter exclude:**/vendor/
codeql / Analyze (python)	UNKNOWN STEP	2026-09-24T15:25:22.3456920Z [2026-09-24 15:25:22] [build-stdout] INFO: The Python extractor has recently stopped extracting the standard library by default. If you encounter problems, please let us know by submitting an issue to https://github.com/github/codeql. It is possible to re-enable extraction of the standard library by setting the environment variable CODEQL_EXTRACTOR_PYTHON_EXTRACT_STDLIB.
codeql / Analyze (python)	UNKNOWN STEP	2026-09-24T15:25:22.3468373Z [2026-09-24 15:25:22] [build-stdout] [INFO] Extraction will use the Python 3 standard library.
codeql / Analyze (python)	UNKNOWN STEP	2026-09-24T15:25:22.3491000Z [2026-09-24 15:25:22] [build-stdout] [INFO] sys_path is: ['/opt/hostedtoolcache/CodeQL/2.27.1/x64/codeql/python/tools', '/usr/lib/python312.zip', '/usr/lib/python3.12', '/usr/lib/python3.12/lib-dynload']
codeql / Analyze (python)	UNKNOWN STEP	2026-09-24T15:25:22.3492448Z [2026-09-24 15:25:22] [build-stdout] [INFO] Python version 3.12.3
codeql / Analyze (python)	UNKNOWN STEP	2026-09-24T15:25:22.3493224Z [2026-09-24 15:25:22] [build-stdout] [INFO] Python extractor version 7.1.10
codeql / Analyze (python)	UNKNOWN STEP	2026-09-24T15:25:22.5244118Z [2026-09-24 15:25:22] [build-stdout] [INFO] [1] Extracted file /home/runner/work/deepseek-review-probe/deepseek-review-probe/.kit/tools/check-dsh-version.py in 121ms
codeql / Analyze (python)	UNKNOWN STEP	2026-09-24T15:25:22.5257996Z [2026-09-24 15:25:22] [build-stdout] [INFO] [1] Extracted folder /home/runner/work/deepseek-review-probe/deepseek-review-probe/.kit/tools/eval in 1ms
codeql / Analyze (python)	UNKNOWN STEP	2026-09-24T15:25:22.5321536Z [2026-09-24 15:25:22] [build-stdout] [INFO] [4] Extracted file /home/runner/work/deepseek-review-probe/deepseek-review-probe/.kit/tools/eval/build_eval_set.py in 118ms
codeql / Analyze (python)	UNKNOWN STEP	2026-09-24T15:25:22.5331447Z [2026-09-24 15:25:22] [build-stdout] [INFO] [1] Extracted folder /home/runner/work/deepseek-review-probe/deepseek-review-probe/.kit/tools in 0ms
codeql / Analyze (python)	UNKNOWN STEP	2026-09-24T15:25:22.6221916Z [2026-09-24 15:25:22] [build-stdout] [INFO] [3] Extracted file /home/runner/work/deepseek-review-probe/deepseek-review-probe/.kit/tools/eval/eval_filter.py in 219ms
codeql / Analyze (python)	UNKNOWN STEP	2026-09-24T15:25:22.6441690Z [2026-09-24 15:25:22] [build-stdout] [INFO] [1] Extracted file /home/runner/work/deepseek-review-probe/deepseek-review-probe/.kit/.github/scripts/locate.py in 119ms
codeql / Analyze (python)	UNKNOWN STEP	2026-09-24T15:25:22.6471207Z [2026-09-24 15:25:22] [build-stdout] [INFO] [1] Skipped built-in file /usr/lib/python3.12/collections/__init__.py
codeql / Analyze (python)	UNKNOWN STEP	2026-09-24T15:25:22.6472284Z [2026-09-24 15:25:22] [build-stdout] [INFO] [1] Extracted folder /home/runner/work/deepseek-review-probe/deepseek-review-probe/.kit/.github in 0ms
codeql / Analyze (python)	UNKNOWN STEP	2026-09-24T15:25:22.6671702Z [2026-09-24 15:25:22] [build-stdout] [INFO] [1] Extracted file /home/runner/work/deepseek-review-probe/deepseek-review-probe/app.py in 24ms
codeql / Analyze (python)	UNKNOWN STEP	2026-09-24T15:25:22.6691130Z [2026-09-24 15:25:22] [build-stdout] [INFO] [1] Skipped built-in file /usr/lib/python3.12/struct.py
codeql / Analyze (python)	UNKNOWN STEP	2026-09-24T15:25:22.6701378Z [2026-09-24 15:25:22] [build-stdout] [INFO] [1] Extracted folder /home/runner/work/deepseek-review-probe/deepseek-review-probe/.kit/.github/scripts in 0ms
codeql / Analyze (python)	UNKNOWN STEP	2026-09-24T15:25:22.6702487Z [2026-09-24 15:25:22] [build-stdout] [INFO] [1] Extracted folder /usr/lib/python3.12/urllib in 0ms
codeql / Analyze (python)	UNKNOWN STEP	2026-09-24T15:25:22.6731141Z [2026-09-24 15:25:22] [build-stdout] [INFO] [1] Skipped built-in file /usr/lib/python3.12/re/__init__.py
codeql / Analyze (python)	UNKNOWN STEP	2026-09-24T15:25:22.6781296Z [2026-09-24 15:25:22] [build-stdout] [INFO] [1] Skipped built-in file /usr/lib/python3.12/urllib/request.py
codeql / Analyze (python)	UNKNOWN STEP	2026-09-24T15:25:22.6801475Z [2026-09-24 15:25:22] [build-stdout] [INFO] [1] Skipped built-in file /usr/lib/python3.12/plistlib.py
codeql / Analyze (python)	UNKNOWN STEP	2026-09-24T15:25:22.6811810Z [2026-09-24 15:25:22] [build-stdout] [INFO] [1] Skipped built-in file /usr/lib/python3.12/os.py
codeql / Analyze (python)	UNKNOWN STEP	2026-09-24T15:25:22.6821406Z [2026-09-24 15:25:22] [build-stdout] [INFO] [1] Extracted folder /usr/lib/python3.12/collections in 0ms
codeql / Analyze (python)	UNKNOWN STEP	2026-09-24T15:25:22.6841708Z [2026-09-24 15:25:22] [build-stdout] [INFO] [1] Skipped built-in file /usr/lib/python3.12/urllib/error.py
codeql / Analyze (python)	UNKNOWN STEP	2026-09-24T15:25:22.6842631Z [2026-09-24 15:25:22] [build-stdout] [INFO] [1] Extracted module time in 6ms
codeql / Analyze (python)	UNKNOWN STEP	2026-09-24T15:25:22.6843839Z [2026-09-24 15:25:22] [build-stdout] [INFO] [1] Skipped built-in file /usr/lib/python3.12/urllib/__init__.py
codeql / Analyze (python)	UNKNOWN STEP	2026-09-24T15:25:22.6844859Z [2026-09-24 15:25:22] [build-stdout] [INFO] [1] Skipped built-in file /usr/lib/python3.12/json/__init__.py
codeql / Analyze (python)	UNKNOWN STEP	2026-09-24T15:25:22.6845817Z [2026-09-24 15:25:22] [build-stdout] [INFO] [1] Extracted folder /usr/lib/python3.12/re in 0ms
codeql / Analyze (python)	UNKNOWN STEP	2026-09-24T15:25:22.6846669Z [2026-09-24 15:25:22] [build-stdout] [INFO] [1] Extracted module sys in 0ms
codeql / Analyze (python)	UNKNOWN STEP	2026-09-24T15:25:22.6847728Z [2026-09-24 15:25:22] [build-stdout] [INFO] [1] Extracted folder /home/runner/work/deepseek-review-probe/deepseek-review-probe/.kit in 0ms
codeql / Analyze (python)	UNKNOWN STEP	2026-09-24T15:25:22.6848812Z [2026-09-24 15:25:22] [build-stdout] [INFO] [1] Extracted folder /usr/lib/python3.12/json in 0ms
codeql / Analyze (python)	UNKNOWN STEP	2026-09-24T15:25:22.6849713Z [2026-09-24 15:25:22] [build-stdout] [INFO] [1] Skipped built-in file /usr/lib/python3.12/pathlib.py
codeql / Analyze (python)	UNKNOWN STEP	2026-09-24T15:25:22.6850784Z [2026-09-24 15:25:22] [build-stdout] [INFO] [1] Skipped built-in file /usr/lib/python3.12/argparse.py
codeql / Analyze (python)	UNKNOWN STEP	2026-09-24T15:25:22.6851718Z [2026-09-24 15:25:22] [build-stdout] [INFO] [1] Skipped built-in file /usr/lib/python3.12/subprocess.py
codeql / Analyze (python)	UNKNOWN STEP	2026-09-24T15:25:22.6852649Z [2026-09-24 15:25:22] [build-stdout] [INFO] [1] Skipped built-in file /usr/lib/python3.12/__future__.py
codeql / Analyze (python)	UNKNOWN STEP	2026-09-24T15:25:22.7078859Z [2026-09-24 15:25:22] [build-stdout] [INFO] [4] Extracted file /home/runner/work/deepseek-review-probe/deepseek-review-probe/.kit/.github/scripts/post_review.py in 181ms
codeql / Analyze (python)	UNKNOWN STEP	2026-09-24T15:25:22.7522597Z [2026-09-24 15:25:22] [build-stdout] [INFO] [1] Skipped built-in file /usr/lib/python3.12/importlib/__init__.py
codeql / Analyze (python)	UNKNOWN STEP	2026-09-24T15:25:22.7534010Z [2026-09-24 15:25:22] [build-stdout] [INFO] [2] Extracted file /home/runner/work/deepseek-review-probe/deepseek-review-probe/.kit/tools/selftest.py in 352ms
codeql / Analyze (python)	UNKNOWN STEP	2026-09-24T15:25:22.7535434Z [2026-09-24 15:25:22] [build-stdout] [INFO] [4] Skipped built-in file /usr/lib/python3.12/importlib/util.py
codeql / Analyze (python)	UNKNOWN STEP	2026-09-24T15:25:22.7536440Z [2026-09-24 15:25:22] [build-stdout] [INFO] [1] Extracted folder /usr/lib/python3.12/importlib in 0ms
codeql / Analyze (python)	UNKNOWN STEP	2026-09-24T15:25:22.8819065Z [2026-09-24 15:25:22] [build-stdout] [INFO] [3] Extracted file /home/runner/work/deepseek-review-probe/deepseek-review-probe/.kit/.github/scripts/deepseek_review.py in 260ms
codeql / Analyze (python)	UNKNOWN STEP	2026-09-24T15:25:22.9140982Z [2026-09-24 15:25:22] [build-stdout] [INFO] Processed 35 modules in 0.56s
codeql / Analyze (python)	UNKNOWN STEP	2026-09-24T15:25:22.9498967Z ##[endgroup]
codeql / Analyze (python)	UNKNOWN STEP	2026-09-24T15:25:22.9504495Z ##[group]Finalizing python
codeql / Analyze (python)	UNKNOWN STEP	2026-09-24T15:25:22.9505813Z [command]/opt/hostedtoolcache/CodeQL/2.27.1/x64/codeql/codeql database finalize --finalize-dataset --threads=4 --ram=14575 /home/runner/work/_temp/codeql_databases/python
codeql / Analyze (python)	UNKNOWN STEP	2026-09-24T15:25:23.5840035Z Running pre-finalize script /opt/hostedtoolcache/CodeQL/2.27.1/x64/codeql/python/tools/pre-finalize.sh in /home/runner/work/deepseek-review-probe/deepseek-review-probe.
codeql / Analyze (python)	UNKNOWN STEP	2026-09-24T15:25:23.6412513Z Running command in /home/runner/work/deepseek-review-probe/deepseek-review-probe: [/opt/hostedtoolcache/CodeQL/2.27.1/x64/codeql/python/tools/pre-finalize.sh]
codeql / Analyze (python)	UNKNOWN STEP	2026-09-24T15:25:24.2873502Z [2026-09-24 15:25:24] [build-stderr] Scanning for files in /home/runner/work/deepseek-review-probe/deepseek-review-probe...
codeql / Analyze (python)	UNKNOWN STEP	2026-09-24T15:25:24.3632005Z [2026-09-24 15:25:24] [build-stderr] /home/runner/work/_temp/codeql_databases/python: Indexing files in in /home/runner/work/deepseek-review-probe/deepseek-review-probe...
codeql / Analyze (python)	UNKNOWN STEP	2026-09-24T15:25:24.3897877Z [2026-09-24 15:25:24] [build-stderr] Running command in /home/runner/work/deepseek-review-probe/deepseek-review-probe: [/opt/hostedtoolcache/CodeQL/2.27.1/x64/codeql/yaml/tools/index-files.sh, /home/runner/work/_temp/codeql_databases/python/working/files-to-index4435785957329684522.list]
codeql / Analyze (python)	UNKNOWN STEP	2026-09-24T15:25:24.7491462Z Pre-finalize script /opt/hostedtoolcache/CodeQL/2.27.1/x64/codeql/python/tools/pre-finalize.sh completed in 1164 ms.
codeql / Analyze (python)	UNKNOWN STEP	2026-09-24T15:25:24.7518827Z Running TRAP import for CodeQL database at /home/runner/work/_temp/codeql_databases/python...
codeql / Analyze (python)	UNKNOWN STEP	2026-09-24T15:25:25.3848867Z Importing TRAP files
codeql / Analyze (python)	UNKNOWN STEP	2026-09-24T15:25:25.7917063Z Merging relations
codeql / Analyze (python)	UNKNOWN STEP	2026-09-24T15:25:26.1126022Z Finished writing database (relations: 317.18 KiB; string pool: 2.13 MiB).
codeql / Analyze (python)	UNKNOWN STEP	2026-09-24T15:25:26.1583266Z TRAP import complete (1.4s).
codeql / Analyze (python)	UNKNOWN STEP	2026-09-24T15:25:26.3481353Z Finished zipping source archive (71.70 KiB).
codeql / Analyze (python)	UNKNOWN STEP	2026-09-24T15:25:26.3554497Z ##[endgroup]
codeql / Analyze (python)	UNKNOWN STEP	2026-09-24T15:25:26.3558957Z ##[group]Running queries for python
codeql / Analyze (python)	UNKNOWN STEP	2026-09-24T15:25:26.3560991Z [command]/opt/hostedtoolcache/CodeQL/2.27.1/x64/codeql/codeql database run-queries --ram=14575 --threads=4 --expect-discarded-cache --additional-packs=/home/runner/work/_temp/pr-diff-range --extension-packs=codeql-action/pr-diff-range /home/runner/work/_temp/codeql_databases/python --min-disk-free=1024 -v
codeql / Analyze (python)	UNKNOWN STEP	2026-09-24T15:25:26.9597762Z Writing logs to /home/runner/work/_temp/codeql_databases/python/log/database-run-queries-20260924.152526.957.log.
codeql / Analyze (python)	UNKNOWN STEP	2026-09-24T15:25:27.5942096Z Writing logs to /home/runner/work/_temp/codeql_databases/python/log/execute-queries-20260924.152527.589.log.
codeql / Analyze (python)	UNKNOWN STEP	2026-09-24T15:25:27.8563945Z Recording pack reference codeql/python-queries at /opt/hostedtoolcache/CodeQL/2.27.1/x64/codeql/qlpacks/codeql/python-queries/1.8.11.
codeql / Analyze (python)	UNKNOWN STEP	2026-09-24T15:25:28.0578237Z Resolving data extensions.
codeql / Analyze (python)	UNKNOWN STEP	2026-09-24T15:25:29.0096020Z Finished resolving data extensions.
codeql / Analyze (python)	UNKNOWN STEP	2026-09-24T15:25:29.0811902Z Loading data extensions.
codeql / Analyze (python)	UNKNOWN STEP	2026-09-24T15:25:29.4371296Z Finished loading data extensions.
codeql / Analyze (python)	UNKNOWN STEP	2026-09-24T15:25:30.2241947Z [1/174] Loaded /opt/hostedtoolcache/CodeQL/2.27.1/x64/codeql/qlpacks/codeql/python-queries/1.8.11/Expressions/UseofInput.qlx.
codeql / Analyze (python)	UNKNOWN STEP	2026-09-24T15:25:30.2321930Z [2/174] Loaded /opt/hostedtoolcache/CodeQL/2.27.1/x64/codeql/qlpacks/codeql/python-queries/1.8.11/Security/CWE-326/WeakCryptoKey.qlx.
codeql / Analyze (python)	UNKNOWN STEP	2026-09-24T15:25:30.3632022Z [3/174] Loaded /opt/hostedtoolcache/CodeQL/2.27.1/x64/codeql/qlpacks/codeql/python-queries/1.8.11/Security/CWE-116/BadTagFilter.qlx.
codeql / Analyze (python)	UNKNOWN STEP	2026-09-24T15:25:30.4619710Z [4/174] Loaded /opt/hostedtoolcache/CodeQL/2.27.1/x64/codeql/qlpacks/codeql/python-queries/1.8.11/Security/CWE-918/FullServerSideRequestForgery.qlx.
codeql / Analyze (python)	UNKNOWN STEP	2026-09-24T15:25:30.4693186Z [5/174] Loaded /opt/hostedtoolcache/CodeQL/2.27.1/x64/codeql/qlpacks/codeql/python-queries/1.8.11/Security/CWE-079/ReflectedXss.qlx.
codeql / Analyze (python)	UNKNOWN STEP	2026-09-24T15:25:30.4811966Z [6/174] Loaded /opt/hostedtoolcache/CodeQL/2.27.1/x64/codeql/qlpacks/codeql/python-queries/1.8.11/Security/CWE-022/PathInjection.qlx.
codeql / Analyze (python)	UNKNOWN STEP	2026-09-24T15:25:30.5773740Z [7/174] Loaded /opt/hostedtoolcache/CodeQL/2.27.1/x64/codeql/qlpacks/codeql/python-queries/1.8.11/Security/CWE-643/XpathInjection.qlx.
codeql / Analyze (python)	UNKNOWN STEP	2026-09-24T15:25:30.6049289Z [8/174] Loaded /opt/hostedtoolcache/CodeQL/2.27.1/x64/codeql/qlpacks/codeql/python-queries/1.8.11/Security/CWE-377/InsecureTemporaryFile.qlx.
codeql / Analyze (python)	UNKNOWN STEP	2026-09-24T15:25:30.7092364Z [9/174] Loaded /opt/hostedtoolcache/CodeQL/2.27.1/x64/codeql/qlpacks/codeql/python-queries/1.8.11/Security/CWE-094/CodeInjection.qlx.
codeql / Analyze (python)	UNKNOWN STEP	2026-09-24T15:25:30.7434626Z [10/174] Loaded /opt/hostedtoolcache/CodeQL/2.27.1/x64/codeql/qlpacks/codeql/python-queries/1.8.11/Security/CWE-209/StackTraceExposure.qlx.
codeql / Analyze (python)	UNKNOWN STEP	2026-09-24T15:25:30.8272948Z [11/174] Loaded /opt/hostedtoolcache/CodeQL/2.27.1/x64/codeql/qlpacks/codeql/python-queries/1.8.11/Security/CWE-730/ReDoS.qlx.
codeql / Analyze (python)	UNKNOWN STEP	2026-09-24T15:25:30.8321456Z [12/174] Loaded /opt/hostedtoolcache/CodeQL/2.27.1/x64/codeql/qlpacks/codeql/python-queries/1.8.11/Security/CWE-730/PolynomialReDoS.qlx.
codeql / Analyze (python)	UNKNOWN STEP	2026-09-24T15:25:30.8741918Z [13/174] Loaded /opt/hostedtoolcache/CodeQL/2.27.1/x64/codeql/qlpacks/codeql/python-queries/1.8.11/Security/CWE-730/RegexInjection.qlx.
codeql / Analyze (python)	UNKNOWN STEP	2026-09-24T15:25:30.8832050Z [14/174] Loaded /opt/hostedtoolcache/CodeQL/2.27.1/x64/codeql/qlpacks/codeql/python-queries/1.8.11/Security/CWE-295/MissingHostKeyValidation.qlx.
codeql / Analyze (python)	UNKNOWN STEP	2026-09-24T15:25:30.9322032Z [15/174] Loaded /opt/hostedtoolcache/CodeQL/2.27.1/x64/codeql/qlpacks/codeql/python-queries/1.8.11/Security/CWE-943/NoSqlInjection.qlx.
codeql / Analyze (python)	UNKNOWN STEP	2026-09-24T15:25:31.0152027Z [16/174] Loaded /opt/hostedtoolcache/CodeQL/2.27.1/x64/codeql/qlpacks/codeql/python-queries/1.8.11/Security/CWE-1275/SameSiteNoneCookie.qlx.
codeql / Analyze (python)	UNKNOWN STEP	2026-09-24T15:25:31.0200357Z [17/174] Loaded /opt/hostedtoolcache/CodeQL/2.27.1/x64/codeql/qlpacks/codeql/python-queries/1.8.11/Security/CWE-611/Xxe.qlx.
codeql / Analyze (python)	UNKNOWN STEP	2026-09-24T15:25:31.0296130Z [18/174] Loaded /opt/hostedtoolcache/CodeQL/2.27.1/x64/codeql/qlpacks/codeql/python-queries/1.8.11/Security/CWE-352/CSRFProtectionDisabled.qlx.
codeql / Analyze (python)	UNKNOWN STEP	2026-09-24T15:25:31.0531888Z [19/174] Loaded /opt/hostedtoolcache/CodeQL/2.27.1/x64/codeql/qlpacks/codeql/python-queries/1.8.11/Security/CWE-601/UrlRedirect.qlx.
codeql / Analyze (python)	UNKNOWN STEP	2026-09-24T15:25:31.1058464Z [20/174] Loaded /opt/hostedtoolcache/CodeQL/2.27.1/x64/codeql/qlpacks/codeql/python-queries/1.8.11/Security/CWE-312/CleartextLogging.qlx.
codeql / Analyze (python)	UNKNOWN STEP	2026-09-24T15:25:31.1302004Z [21/174] Loaded /opt/hostedtoolcache/CodeQL/2.27.1/x64/codeql/qlpacks/codeql/python-queries/1.8.11/Security/CWE-776/XmlBomb.qlx.
codeql / Analyze (python)	UNKNOWN STEP	2026-09-24T15:25:31.1454323Z [22/174] Loaded /opt/hostedtoolcache/CodeQL/2.27.1/x64/codeql/qlpacks/codeql/python-queries/1.8.11/Security/CWE-1004/NonHttpOnlyCookie.qlx.
codeql / Analyze (python)	UNKNOWN STEP	2026-09-24T15:25:31.1703584Z [23/174] Loaded /opt/hostedtoolcache/CodeQL/2.27.1/x64/codeql/qlpacks/codeql/python-queries/1.8.11/Security/CWE-312/CleartextStorage.qlx.
codeql / Analyze (python)	UNKNOWN STEP	2026-09-24T15:25:31.1952110Z [24/174] Loaded /opt/hostedtoolcache/CodeQL/2.27.1/x64/codeql/qlpacks/codeql/python-queries/1.8.11/Security/CWE-502/UnsafeDeserialization.qlx.
codeql / Analyze (python)	UNKNOWN STEP	2026-09-24T15:25:31.2212839Z [25/174] Loaded /opt/hostedtoolcache/CodeQL/2.27.1/x64/codeql/qlpacks/codeql/python-queries/1.8.11/Security/CWE-089/SqlInjection.qlx.
codeql / Analyze (python)	UNKNOWN STEP	2026-09-24T15:25:31.2481967Z [26/174] Loaded /opt/hostedtoolcache/CodeQL/2.27.1/x64/codeql/qlpacks/codeql/python-queries/1.8.11/Security/CVE-2018-1281/BindToAllInterfaces.qlx.
codeql / Analyze (python)	UNKNOWN STEP	2026-09-24T15:25:31.2631796Z [27/174] Loaded /opt/hostedtoolcache/CodeQL/2.27.1/x64/codeql/qlpacks/codeql/python-queries/1.8.11/Security/CWE-215/FlaskDebug.qlx.
codeql / Analyze (python)	UNKNOWN STEP	2026-09-24T15:25:31.2882009Z [28/174] Loaded /opt/hostedtoolcache/CodeQL/2.27.1/x64/codeql/qlpacks/codeql/python-queries/1.8.11/Security/CWE-078/CommandInjection.qlx.
codeql / Analyze (python)	UNKNOWN STEP	2026-09-24T15:25:31.3061906Z [29/174] Loaded /opt/hostedtoolcache/CodeQL/2.27.1/x64/codeql/qlpacks/codeql/python-queries/1.8.11/Security/CWE-074/TemplateInjection.qlx.
codeql / Analyze (python)	UNKNOWN STEP	2026-09-24T15:25:31.3312134Z [30/174] Loaded /opt/hostedtoolcache/CodeQL/2.27.1/x64/codeql/qlpacks/codeql/python-queries/1.8.11/Security/CWE-327/BrokenCryptoAlgorithm.qlx.
codeql / Analyze (python)	UNKNOWN STEP	2026-09-24T15:25:31.3651829Z [31/174] Loaded /opt/hostedtoolcache/CodeQL/2.27.1/x64/codeql/qlpacks/codeql/python-queries/1.8.11/Security/CWE-327/InsecureProtocol.qlx.
codeql / Analyze (python)	UNKNOWN STEP	2026-09-24T15:25:31.3722733Z [32/174] Loaded /opt/hostedtoolcache/CodeQL/2.27.1/x64/codeql/qlpacks/codeql/python-queries/1.8.11/Security/CWE-327/InsecureDefaultProtocol.qlx.
codeql / Analyze (python)	UNKNOWN STEP	2026-09-24T15:25:31.4616277Z [33/174] Loaded /opt/hostedtoolcache/CodeQL/2.27.1/x64/codeql/qlpacks/codeql/python-queries/1.8.11/Security/CWE-614/InsecureCookie.qlx.
codeql / Analyze (python)	UNKNOWN STEP	2026-09-24T15:25:31.4666762Z [34/174] Loaded /opt/hostedtoolcache/CodeQL/2.27.1/x64/codeql/qlpacks/codeql/python-queries/1.8.11/Security/CWE-020/IncompleteUrlSubstringSanitization.qlx.
codeql / Analyze (python)	UNKNOWN STEP	2026-09-24T15:25:31.4780953Z [35/174] Loaded /opt/hostedtoolcache/CodeQL/2.27.1/x64/codeql/qlpacks/codeql/python-queries/1.8.11/Security/CWE-327/WeakSensitiveDataHashing.qlx.
codeql / Analyze (python)	UNKNOWN STEP	2026-09-24T15:25:31.5038538Z [36/174] Loaded /opt/hostedtoolcache/CodeQL/2.27.1/x64/codeql/qlpacks/codeql/python-queries/1.8.11/Security/CWE-090/LdapInjection.qlx.
codeql / Analyze (python)	UNKNOWN STEP	2026-09-24T15:25:31.5132034Z [37/174] Loaded /opt/hostedtoolcache/CodeQL/2.27.1/x64/codeql/qlpacks/codeql/python-queries/1.8.11/Security/CWE-020/IncompleteHostnameRegExp.qlx.
codeql / Analyze (python)	UNKNOWN STEP	2026-09-24T15:25:31.5352246Z [38/174] Loaded /opt/hostedtoolcache/CodeQL/2.27.1/x64/codeql/qlpacks/codeql/python-queries/1.8.11/Security/CWE-020/OverlyLargeRange.qlx.
codeql / Analyze (python)	UNKNOWN STEP	2026-09-24T15:25:31.5521771Z [39/174] Loaded /opt/hostedtoolcache/CodeQL/2.27.1/x64/codeql/qlpacks/codeql/python-queries/1.8.11/Security/CWE-285/PamAuthorization.qlx.
codeql / Analyze (python)	UNKNOWN STEP	2026-09-24T15:25:31.5902159Z [40/174] Loaded /opt/hostedtoolcache/CodeQL/2.27.1/x64/codeql/qlpacks/codeql/python-queries/1.8.11/Security/CWE-079/Jinja2WithoutEscaping.qlx.
codeql / Analyze (python)	UNKNOWN STEP	2026-09-24T15:25:31.6231983Z [41/174] Loaded /opt/hostedtoolcache/CodeQL/2.27.1/x64/codeql/qlpacks/codeql/python-queries/1.8.11/Security/CWE-113/HeaderInjection.qlx.
codeql / Analyze (python)	UNKNOWN STEP	2026-09-24T15:25:31.6461331Z [42/174] Loaded /opt/hostedtoolcache/CodeQL/2.27.1/x64/codeql/qlpacks/codeql/python-queries/1.8.11/Security/CWE-020/CookieInjection.qlx.
codeql / Analyze (python)	UNKNOWN STEP	2026-09-24T15:25:31.6553626Z [43/174] Loaded /opt/hostedtoolcache/CodeQL/2.27.1/x64/codeql/qlpacks/codeql/python-queries/1.8.11/Security/CWE-295/RequestWithoutValidation.qlx.
codeql / Analyze (python)	UNKNOWN STEP	2026-09-24T15:25:31.6641341Z [44/174] Loaded /opt/hostedtoolcache/CodeQL/2.27.1/x64/codeql/qlpacks/codeql/python-queries/1.8.11/Security/CWE-732/WeakFilePermissions.qlx.
codeql / Analyze (python)	UNKNOWN STEP	2026-09-24T15:25:31.6881932Z [45/174] Loaded /opt/hostedtoolcache/CodeQL/2.27.1/x64/codeql/qlpacks/codeql/python-queries/1.8.11/Security/CWE-918/PartialServerSideRequestForgery.qlx.
codeql / Analyze (python)	UNKNOWN STEP	2026-09-24T15:25:31.6902519Z [46/174] Loaded /opt/hostedtoolcache/CodeQL/2.27.1/x64/codeql/qlpacks/codeql/python-queries/1.8.11/Diagnostics/ExtractionWarnings.qlx.
codeql / Analyze (python)	UNKNOWN STEP	2026-09-24T15:25:31.6938244Z [47/174] Loaded /opt/hostedtoolcache/CodeQL/2.27.1/x64/codeql/qlpacks/codeql/python-queries/1.8.11/Security/CWE-022/TarSlip.qlx.
codeql / Analyze (python)	UNKNOWN STEP	2026-09-24T15:25:31.6961398Z [48/174] Loaded /opt/hostedtoolcache/CodeQL/2.27.1/x64/codeql/qlpacks/codeql/python-queries/1.8.11/Diagnostics/ExtractedFiles.qlx.
codeql / Analyze (python)	UNKNOWN STEP	2026-09-24T15:25:31.7018073Z [49/174] Loaded /opt/hostedtoolcache/CodeQL/2.27.1/x64/codeql/qlpacks/codeql/python-queries/1.8.11/Summary/LinesOfCode.qlx.
codeql / Analyze (python)	UNKNOWN STEP	2026-09-24T15:25:31.7060479Z [50/174] Loaded /opt/hostedtoolcache/CodeQL/2.27.1/x64/codeql/qlpacks/codeql/python-queries/1.8.11/Summary/LinesOfUserCode.qlx.
codeql / Analyze (python)	UNKNOWN STEP	2026-09-24T15:25:31.7121436Z [51/174] Loaded /opt/hostedtoolcache/CodeQL/2.27.1/x64/codeql/qlpacks/codeql/python-queries/1.8.11/Lexical/CommentedOutCode.qlx.
codeql / Analyze (python)	UNKNOWN STEP	2026-09-24T15:25:31.7156029Z [52/174] Loaded /opt/hostedtoolcache/CodeQL/2.27.1/x64/codeql/qlpacks/codeql/python-queries/1.8.11/Lexical/OldOctalLiteral.qlx.
codeql / Analyze (python)	UNKNOWN STEP	2026-09-24T15:25:31.7258672Z [53/174] Loaded /opt/hostedtoolcache/CodeQL/2.27.1/x64/codeql/qlpacks/codeql/python-queries/1.8.11/Variables/UnusedLocalVariable.qlx.
codeql / Analyze (python)	UNKNOWN STEP	2026-09-24T15:25:31.7291556Z [54/174] Loaded /opt/hostedtoolcache/CodeQL/2.27.1/x64/codeql/qlpacks/codeql/python-queries/1.8.11/Variables/GlobalAtModuleLevel.qlx.
codeql / Analyze (python)	UNKNOWN STEP	2026-09-24T15:25:31.7292811Z [55/174] Loaded /opt/hostedtoolcache/CodeQL/2.27.1/x64/codeql/qlpacks/codeql/python-queries/1.8.11/Security/CWE-117/LogInjection.qlx.
codeql / Analyze (python)	UNKNOWN STEP	2026-09-24T15:25:31.7443022Z [56/174] Loaded /opt/hostedtoolcache/CodeQL/2.27.1/x64/codeql/qlpacks/codeql/python-queries/1.8.11/Variables/SuspiciousUnusedLoopIterationVariable.qlx.
codeql / Analyze (python)	UNKNOWN STEP	2026-09-24T15:25:31.7491505Z [57/174] Loaded /opt/hostedtoolcache/CodeQL/2.27.1/x64/codeql/qlpacks/codeql/python-queries/1.8.11/Variables/LeakingListComprehension.qlx.
codeql / Analyze (python)	UNKNOWN STEP	2026-09-24T15:25:31.8822162Z [58/174] Loaded /opt/hostedtoolcache/CodeQL/2.27.1/x64/codeql/qlpacks/codeql/python-queries/1.8.11/Security/CWE-078/UnsafeShellCommandConstruction.qlx.
codeql / Analyze (python)	UNKNOWN STEP	2026-09-24T15:25:31.8932319Z [59/174] Loaded /opt/hostedtoolcache/CodeQL/2.27.1/x64/codeql/qlpacks/codeql/python-queries/1.8.11/Variables/LoopVariableCapture/LoopVariableCapture.qlx.
codeql / Analyze (python)	UNKNOWN STEP	2026-09-24T15:25:31.8991755Z [60/174] Loaded /opt/hostedtoolcache/CodeQL/2.27.1/x64/codeql/qlpacks/codeql/python-queries/1.8.11/Variables/MultiplyDefined.qlx.
codeql / Analyze (python)	UNKNOWN STEP	2026-09-24T15:25:31.9244248Z [61/174] Loaded /opt/hostedtoolcache/CodeQL/2.27.1/x64/codeql/qlpacks/codeql/python-queries/1.8.11/Variables/UndefinedExport.qlx.
codeql / Analyze (python)	UNKNOWN STEP	2026-09-24T15:25:31.9267183Z [62/174] Loaded /opt/hostedtoolcache/CodeQL/2.27.1/x64/codeql/qlpacks/codeql/python-queries/1.8.11/Variables/UnusedModuleVariable.qlx.
codeql / Analyze (python)	UNKNOWN STEP	2026-09-24T15:25:31.9321827Z [63/174] Loaded /opt/hostedtoolcache/CodeQL/2.27.1/x64/codeql/qlpacks/codeql/python-queries/1.8.11/Imports/ImportandImportFrom.qlx.
codeql / Analyze (python)	UNKNOWN STEP	2026-09-24T15:25:31.9323115Z [64/174] Loaded /opt/hostedtoolcache/CodeQL/2.27.1/x64/codeql/qlpacks/codeql/python-queries/1.8.11/Variables/UndefinedPlaceHolder.qlx.
codeql / Analyze (python)	UNKNOWN STEP	2026-09-24T15:25:31.9361340Z [65/174] Loaded /opt/hostedtoolcache/CodeQL/2.27.1/x64/codeql/qlpacks/codeql/python-queries/1.8.11/Variables/UninitializedLocal.qlx.
codeql / Analyze (python)	UNKNOWN STEP	2026-09-24T15:25:31.9408954Z [66/174] Loaded /opt/hostedtoolcache/CodeQL/2.27.1/x64/codeql/qlpacks/codeql/python-queries/1.8.11/Imports/ModuleImportsItself.qlx.
codeql / Analyze (python)	UNKNOWN STEP	2026-09-24T15:25:31.9452319Z [67/174] Loaded /opt/hostedtoolcache/CodeQL/2.27.1/x64/codeql/qlpacks/codeql/python-queries/1.8.11/Imports/SyntaxError.qlx.
codeql / Analyze (python)	UNKNOWN STEP	2026-09-24T15:25:31.9481580Z [68/174] Loaded /opt/hostedtoolcache/CodeQL/2.27.1/x64/codeql/qlpacks/codeql/python-queries/1.8.11/Imports/ModuleLevelCyclicImport.qlx.
codeql / Analyze (python)	UNKNOWN STEP	2026-09-24T15:25:31.9511460Z [69/174] Loaded /opt/hostedtoolcache/CodeQL/2.27.1/x64/codeql/qlpacks/codeql/python-queries/1.8.11/Imports/CyclicImport.qlx.
codeql / Analyze (python)	UNKNOWN STEP	2026-09-24T15:25:31.9540346Z [70/174] Loaded /opt/hostedtoolcache/CodeQL/2.27.1/x64/codeql/qlpacks/codeql/python-queries/1.8.11/Imports/MultipleImports.qlx.
codeql / Analyze (python)	UNKNOWN STEP	2026-09-24T15:25:31.9571394Z [71/174] Loaded /opt/hostedtoolcache/CodeQL/2.27.1/x64/codeql/qlpacks/codeql/python-queries/1.8.11/Imports/UnintentionalImport.qlx.
codeql / Analyze (python)	UNKNOWN STEP	2026-09-24T15:25:31.9591074Z [72/174] Loaded /opt/hostedtoolcache/CodeQL/2.27.1/x64/codeql/qlpacks/codeql/python-queries/1.8.11/Imports/EncodingError.qlx.
codeql / Analyze (python)	UNKNOWN STEP	2026-09-24T15:25:31.9711477Z [73/174] Loaded /opt/hostedtoolcache/CodeQL/2.27.1/x64/codeql/qlpacks/codeql/python-queries/1.8.11/Imports/DeprecatedModule.qlx.
codeql / Analyze (python)	UNKNOWN STEP	2026-09-24T15:25:31.9961977Z [74/174] Loaded /opt/hostedtoolcache/CodeQL/2.27.1/x64/codeql/qlpacks/codeql/python-queries/1.8.11/Imports/FromImportOfMutableAttribute.qlx.
codeql / Analyze (python)	UNKNOWN STEP	2026-09-24T15:25:32.0084442Z [75/174] Loaded /opt/hostedtoolcache/CodeQL/2.27.1/x64/codeql/qlpacks/codeql/python-queries/1.8.11/Classes/CallsToInitDel/SuperclassInitCalledMultipleTimes.qlx.
codeql / Analyze (python)	UNKNOWN STEP	2026-09-24T15:25:32.0121559Z [76/174] Loaded /opt/hostedtoolcache/CodeQL/2.27.1/x64/codeql/qlpacks/codeql/python-queries/1.8.11/Classes/CallsToInitDel/MissingCallToDel.qlx.
codeql / Analyze (python)	UNKNOWN STEP	2026-09-24T15:25:32.0197232Z [77/174] Loaded /opt/hostedtoolcache/CodeQL/2.27.1/x64/codeql/qlpacks/codeql/python-queries/1.8.11/Imports/UnusedImport.qlx.
codeql / Analyze (python)	UNKNOWN STEP	2026-09-24T15:25:32.0237677Z [78/174] Loaded /opt/hostedtoolcache/CodeQL/2.27.1/x64/codeql/qlpacks/codeql/python-queries/1.8.11/Classes/WrongNumberArgumentsInClassInstantiation.qlx.
codeql / Analyze (python)	UNKNOWN STEP	2026-09-24T15:25:32.0281643Z [79/174] Loaded /opt/hostedtoolcache/CodeQL/2.27.1/x64/codeql/qlpacks/codeql/python-queries/1.8.11/Classes/CallsToInitDel/MissingCallToInit.qlx.
codeql / Analyze (python)	UNKNOWN STEP	2026-09-24T15:25:32.0330463Z [80/174] Loaded /opt/hostedtoolcache/CodeQL/2.27.1/x64/codeql/qlpacks/codeql/python-queries/1.8.11/Classes/DefineEqualsWhenAddingAttributes.qlx.
codeql / Analyze (python)	UNKNOWN STEP	2026-09-24T15:25:32.0361580Z [81/174] Loaded /opt/hostedtoolcache/CodeQL/2.27.1/x64/codeql/qlpacks/codeql/python-queries/1.8.11/Classes/OverwritingAttributeInSuperClass.qlx.
codeql / Analyze (python)	UNKNOWN STEP	2026-09-24T15:25:32.0421514Z [82/174] Loaded /opt/hostedtoolcache/CodeQL/2.27.1/x64/codeql/qlpacks/codeql/python-queries/1.8.11/Classes/SubclassShadowing/SubclassShadowing.qlx.
codeql / Analyze (python)	UNKNOWN STEP	2026-09-24T15:25:32.0475886Z [83/174] Loaded /opt/hostedtoolcache/CodeQL/2.27.1/x64/codeql/qlpacks/codeql/python-queries/1.8.11/Classes/InconsistentMRO.qlx.
codeql / Analyze (python)	UNKNOWN STEP	2026-09-24T15:25:32.0531619Z [84/174] Loaded /opt/hostedtoolcache/CodeQL/2.27.1/x64/codeql/qlpacks/codeql/python-queries/1.8.11/Classes/CallsToInitDel/SuperclassDelCalledMultipleTimes.qlx.
codeql / Analyze (python)	UNKNOWN STEP	2026-09-24T15:25:32.0641688Z [85/174] Loaded /opt/hostedtoolcache/CodeQL/2.27.1/x64/codeql/qlpacks/codeql/python-queries/1.8.11/Classes/MutatingDescriptor.qlx.
codeql / Analyze (python)	UNKNOWN STEP	2026-09-24T15:25:32.0699959Z [86/174] Loaded /opt/hostedtoolcache/CodeQL/2.27.1/x64/codeql/qlpacks/codeql/python-queries/1.8.11/Classes/PropertyInOldStyleClass.qlx.
codeql / Analyze (python)	UNKNOWN STEP	2026-09-24T15:25:32.0731376Z [87/174] Loaded /opt/hostedtoolcache/CodeQL/2.27.1/x64/codeql/qlpacks/codeql/python-queries/1.8.11/Classes/Comparisons/EqualsOrHash.qlx.
codeql / Analyze (python)	UNKNOWN STEP	2026-09-24T15:25:32.0822783Z [88/174] Loaded /opt/hostedtoolcache/CodeQL/2.27.1/x64/codeql/qlpacks/codeql/python-queries/1.8.11/Classes/InitCallsSubclass/InitCallsSubclassMethod.qlx.
codeql / Analyze (python)	UNKNOWN STEP	2026-09-24T15:25:32.0917724Z [89/174] Loaded /opt/hostedtoolcache/CodeQL/2.27.1/x64/codeql/qlpacks/codeql/python-queries/1.8.11/Classes/Comparisons/IncompleteOrdering.qlx.
codeql / Analyze (python)	UNKNOWN STEP	2026-09-24T15:25:32.0948515Z [90/174] Loaded /opt/hostedtoolcache/CodeQL/2.27.1/x64/codeql/qlpacks/codeql/python-queries/1.8.11/Classes/SuperInOldStyleClass.qlx.
codeql / Analyze (python)	UNKNOWN STEP	2026-09-24T15:25:32.1011314Z [91/174] Loaded /opt/hostedtoolcache/CodeQL/2.27.1/x64/codeql/qlpacks/codeql/python-queries/1.8.11/Classes/Comparisons/EqualsOrNotEquals.qlx.
codeql / Analyze (python)	UNKNOWN STEP	2026-09-24T15:25:32.1091961Z [92/174] Loaded /opt/hostedtoolcache/CodeQL/2.27.1/x64/codeql/qlpacks/codeql/python-queries/1.8.11/Classes/ConflictingAttributesInBaseClasses.qlx.
codeql / Analyze (python)	UNKNOWN STEP	2026-09-24T15:25:32.1107353Z [93/174] Loaded /opt/hostedtoolcache/CodeQL/2.27.1/x64/codeql/qlpacks/codeql/python-queries/1.8.11/Expressions/ExpectedMappingForFormatString.qlx.
codeql / Analyze (python)	UNKNOWN STEP	2026-09-24T15:25:32.1144671Z [94/174] Loaded /opt/hostedtoolcache/CodeQL/2.27.1/x64/codeql/qlpacks/codeql/python-queries/1.8.11/Classes/WrongNameForArgumentInClassInstantiation.qlx.
codeql / Analyze (python)	UNKNOWN STEP	2026-09-24T15:25:32.1181473Z [95/174] Loaded /opt/hostedtoolcache/CodeQL/2.27.1/x64/codeql/qlpacks/codeql/python-queries/1.8.11/Classes/SlotsInOldStyleClass.qlx.
codeql / Analyze (python)	UNKNOWN STEP	2026-09-24T15:25:32.1211403Z [96/174] Loaded /opt/hostedtoolcache/CodeQL/2.27.1/x64/codeql/qlpacks/codeql/python-queries/1.8.11/Expressions/HashedButNoHash.qlx.
codeql / Analyze (python)	UNKNOWN STEP	2026-09-24T15:25:32.1212168Z [97/174] Loaded /opt/hostedtoolcache/CodeQL/2.27.1/x64/codeql/qlpacks/codeql/python-queries/1.8.11/Expressions/EqualsNone.qlx.
codeql / Analyze (python)	UNKNOWN STEP	2026-09-24T15:25:32.1733203Z [98/174] Loaded /opt/hostedtoolcache/CodeQL/2.27.1/x64/codeql/qlpacks/codeql/python-queries/1.8.11/Expressions/UnintentionalImplicitStringConcatenation.qlx.
codeql / Analyze (python)	UNKNOWN STEP	2026-09-24T15:25:32.1780958Z [99/174] Loaded /opt/hostedtoolcache/CodeQL/2.27.1/x64/codeql/qlpacks/codeql/python-queries/1.8.11/Expressions/WrongNameForArgumentInCall.qlx.
codeql / Analyze (python)	UNKNOWN STEP	2026-09-24T15:25:32.1813646Z [100/174] Loaded /opt/hostedtoolcache/CodeQL/2.27.1/x64/codeql/qlpacks/codeql/python-queries/1.8.11/Expressions/TruncatedDivision.qlx.
codeql / Analyze (python)	UNKNOWN STEP	2026-09-24T15:25:32.1839565Z [101/174] Loaded /opt/hostedtoolcache/CodeQL/2.27.1/x64/codeql/qlpacks/codeql/python-queries/1.8.11/Expressions/UseofApply.qlx.
codeql / Analyze (python)	UNKNOWN STEP	2026-09-24T15:25:32.1872262Z [102/174] Loaded /opt/hostedtoolcache/CodeQL/2.27.1/x64/codeql/qlpacks/codeql/python-queries/1.8.11/Expressions/WrongNumberArgumentsInCall.qlx.
codeql / Analyze (python)	UNKNOWN STEP	2026-09-24T15:25:32.1881737Z [103/174] Loaded /opt/hostedtoolcache/CodeQL/2.27.1/x64/codeql/qlpacks/codeql/python-queries/1.8.11/Expressions/WrongNumberArgumentsForFormat.qlx.
codeql / Analyze (python)	UNKNOWN STEP	2026-09-24T15:25:32.1901455Z [104/174] Loaded /opt/hostedtoolcache/CodeQL/2.27.1/x64/codeql/qlpacks/codeql/python-queries/1.8.11/Expressions/ContainsNonContainer.qlx.
codeql / Analyze (python)	UNKNOWN STEP	2026-09-24T15:25:32.1932372Z [105/174] Loaded /opt/hostedtoolcache/CodeQL/2.27.1/x64/codeql/qlpacks/codeql/python-queries/1.8.11/Expressions/Formatting/MixedExplicitImplicitIn3101Format.qlx.
codeql / Analyze (python)	UNKNOWN STEP	2026-09-24T15:25:32.1961503Z [106/174] Loaded /opt/hostedtoolcache/CodeQL/2.27.1/x64/codeql/qlpacks/codeql/python-queries/1.8.11/Expressions/Formatting/WrongNumberArgumentsFor3101Format.qlx.
codeql / Analyze (python)	UNKNOWN STEP	2026-09-24T15:25:32.1974954Z [107/174] Loaded /opt/hostedtoolcache/CodeQL/2.27.1/x64/codeql/qlpacks/codeql/python-queries/1.8.11/Expressions/Formatting/UnusedArgumentIn3101Format.qlx.
codeql / Analyze (python)	UNKNOWN STEP	2026-09-24T15:25:32.1991515Z [108/174] Loaded /opt/hostedtoolcache/CodeQL/2.27.1/x64/codeql/qlpacks/codeql/python-queries/1.8.11/Expressions/IncorrectComparisonUsingIs.qlx.
codeql / Analyze (python)	UNKNOWN STEP	2026-09-24T15:25:32.2021555Z [109/174] Loaded /opt/hostedtoolcache/CodeQL/2.27.1/x64/codeql/qlpacks/codeql/python-queries/1.8.11/Expressions/Formatting/WrongNameInArgumentsFor3101Format.qlx.
codeql / Analyze (python)	UNKNOWN STEP	2026-09-24T15:25:32.2049064Z [110/174] Loaded /opt/hostedtoolcache/CodeQL/2.27.1/x64/codeql/qlpacks/codeql/python-queries/1.8.11/Expressions/Formatting/UnusedNamedArgumentIn3101Format.qlx.
codeql / Analyze (python)	UNKNOWN STEP	2026-09-24T15:25:32.2081839Z [111/174] Loaded /opt/hostedtoolcache/CodeQL/2.27.1/x64/codeql/qlpacks/codeql/python-queries/1.8.11/Expressions/Comparisons/UselessComparisonTest.qlx.
codeql / Analyze (python)	UNKNOWN STEP	2026-09-24T15:25:32.2086427Z [112/174] Loaded /opt/hostedtoolcache/CodeQL/2.27.1/x64/codeql/qlpacks/codeql/python-queries/1.8.11/Expressions/UnsupportedFormatCharacter.qlx.
codeql / Analyze (python)	UNKNOWN STEP	2026-09-24T15:25:32.2111094Z [113/174] Loaded /opt/hostedtoolcache/CodeQL/2.27.1/x64/codeql/qlpacks/codeql/python-queries/1.8.11/Expressions/CompareIdenticalValuesMissingSelf.qlx.
codeql / Analyze (python)	UNKNOWN STEP	2026-09-24T15:25:32.2141509Z [114/174] Loaded /opt/hostedtoolcache/CodeQL/2.27.1/x64/codeql/qlpacks/codeql/python-queries/1.8.11/Expressions/CompareIdenticalValues.qlx.
codeql / Analyze (python)	UNKNOWN STEP	2026-09-24T15:25:32.2170477Z [115/174] Loaded /opt/hostedtoolcache/CodeQL/2.27.1/x64/codeql/qlpacks/codeql/python-queries/1.8.11/Expressions/CompareConstants.qlx.
codeql / Analyze (python)	UNKNOWN STEP	2026-09-24T15:25:32.2201460Z [116/174] Loaded /opt/hostedtoolcache/CodeQL/2.27.1/x64/codeql/qlpacks/codeql/python-queries/1.8.11/Expressions/CallToSuperWrongClass.qlx.
codeql / Analyze (python)	UNKNOWN STEP	2026-09-24T15:25:32.2291773Z [117/174] Loaded /opt/hostedtoolcache/CodeQL/2.27.1/x64/codeql/qlpacks/codeql/python-queries/1.8.11/Expressions/Regex/BackspaceEscape.qlx.
codeql / Analyze (python)	UNKNOWN STEP	2026-09-24T15:25:32.2331653Z [118/174] Loaded /opt/hostedtoolcache/CodeQL/2.27.1/x64/codeql/qlpacks/codeql/python-queries/1.8.11/Expressions/Regex/MissingPartSpecialGroup.qlx.
codeql / Analyze (python)	UNKNOWN STEP	2026-09-24T15:25:32.2470847Z [119/174] Loaded /opt/hostedtoolcache/CodeQL/2.27.1/x64/codeql/qlpacks/codeql/python-queries/1.8.11/Expressions/UnnecessaryLambda.qlx.
codeql / Analyze (python)	UNKNOWN STEP	2026-09-24T15:25:32.2548333Z [120/174] Loaded /opt/hostedtoolcache/CodeQL/2.27.1/x64/codeql/qlpacks/codeql/python-queries/1.8.11/Expressions/Regex/DuplicateCharacterInSet.qlx.
codeql / Analyze (python)	UNKNOWN STEP	2026-09-24T15:25:32.2611759Z [121/174] Loaded /opt/hostedtoolcache/CodeQL/2.27.1/x64/codeql/qlpacks/codeql/python-queries/1.8.11/Expressions/DuplicateKeyInDictionaryLiteral.qlx.
codeql / Analyze (python)	UNKNOWN STEP	2026-09-24T15:25:32.2632922Z [122/174] Loaded /opt/hostedtoolcache/CodeQL/2.27.1/x64/codeql/qlpacks/codeql/python-queries/1.8.11/Expressions/Regex/UnmatchableCaret.qlx.
codeql / Analyze (python)	UNKNOWN STEP	2026-09-24T15:25:32.2634208Z [123/174] Loaded /opt/hostedtoolcache/CodeQL/2.27.1/x64/codeql/qlpacks/codeql/python-queries/1.8.11/Expressions/ExplicitCallToDel.qlx.
codeql / Analyze (python)	UNKNOWN STEP	2026-09-24T15:25:32.2635414Z [124/174] Loaded /opt/hostedtoolcache/CodeQL/2.27.1/x64/codeql/qlpacks/codeql/python-queries/1.8.11/Expressions/Regex/UnmatchableDollar.qlx.
codeql / Analyze (python)	UNKNOWN STEP	2026-09-24T15:25:32.2751901Z [125/174] Loaded /opt/hostedtoolcache/CodeQL/2.27.1/x64/codeql/qlpacks/codeql/python-queries/1.8.11/Expressions/NonCallableCalled.qlx.
codeql / Analyze (python)	UNKNOWN STEP	2026-09-24T15:25:32.2781675Z [126/174] Loaded /opt/hostedtoolcache/CodeQL/2.27.1/x64/codeql/qlpacks/codeql/python-queries/1.8.11/Functions/IterReturnsNonSelf.qlx.
codeql / Analyze (python)	UNKNOWN STEP	2026-09-24T15:25:32.2806420Z [127/174] Loaded /opt/hostedtoolcache/CodeQL/2.27.1/x64/codeql/qlpacks/codeql/python-queries/1.8.11/Functions/IncorrectlyOverriddenMethod.qlx.
codeql / Analyze (python)	UNKNOWN STEP	2026-09-24T15:25:32.2821552Z [128/174] Loaded /opt/hostedtoolcache/CodeQL/2.27.1/x64/codeql/qlpacks/codeql/python-queries/1.8.11/Functions/InitIsGenerator.qlx.
codeql / Analyze (python)	UNKNOWN STEP	2026-09-24T15:25:32.2831578Z [129/174] Loaded /opt/hostedtoolcache/CodeQL/2.27.1/x64/codeql/qlpacks/codeql/python-queries/1.8.11/Functions/IncorrectlySpecifiedOverriddenMethod.qlx.
codeql / Analyze (python)	UNKNOWN STEP	2026-09-24T15:25:32.2918234Z [130/174] Loaded /opt/hostedtoolcache/CodeQL/2.27.1/x64/codeql/qlpacks/codeql/python-queries/1.8.11/Functions/IterReturnsNonIterator.qlx.
codeql / Analyze (python)	UNKNOWN STEP	2026-09-24T15:25:32.2955451Z [131/174] Loaded /opt/hostedtoolcache/CodeQL/2.27.1/x64/codeql/qlpacks/codeql/python-queries/1.8.11/Functions/UseImplicitNoneReturnValue.qlx.
codeql / Analyze (python)	UNKNOWN STEP	2026-09-24T15:25:32.3072181Z [132/174] Loaded /opt/hostedtoolcache/CodeQL/2.27.1/x64/codeql/qlpacks/codeql/python-queries/1.8.11/Functions/OverlyComplexDelMethod.qlx.
codeql / Analyze (python)	UNKNOWN STEP	2026-09-24T15:25:32.3182185Z [133/174] Loaded /opt/hostedtoolcache/CodeQL/2.27.1/x64/codeql/qlpacks/codeql/python-queries/1.8.11/Functions/DeprecatedSliceMethod.qlx.
codeql / Analyze (python)	UNKNOWN STEP	2026-09-24T15:25:32.3221859Z [134/174] Loaded /opt/hostedtoolcache/CodeQL/2.27.1/x64/codeql/qlpacks/codeql/python-queries/1.8.11/Functions/NonSelf.qlx.
codeql / Analyze (python)	UNKNOWN STEP	2026-09-24T15:25:32.3231850Z [135/174] Loaded /opt/hostedtoolcache/CodeQL/2.27.1/x64/codeql/qlpacks/codeql/python-queries/1.8.11/Functions/IncorrectRaiseInSpecialMethod.qlx.
codeql / Analyze (python)	UNKNOWN STEP	2026-09-24T15:25:32.3321880Z [136/174] Loaded /opt/hostedtoolcache/CodeQL/2.27.1/x64/codeql/qlpacks/codeql/python-queries/1.8.11/Functions/ExplicitReturnInInit.qlx.
codeql / Analyze (python)	UNKNOWN STEP	2026-09-24T15:25:32.3341761Z [137/174] Loaded /opt/hostedtoolcache/CodeQL/2.27.1/x64/codeql/qlpacks/codeql/python-queries/1.8.11/Functions/SignatureSpecialMethods.qlx.
codeql / Analyze (python)	UNKNOWN STEP	2026-09-24T15:25:32.3574514Z [138/174] Loaded /opt/hostedtoolcache/CodeQL/2.27.1/x64/codeql/qlpacks/codeql/python-queries/1.8.11/Functions/ConsistentReturns.qlx.
codeql / Analyze (python)	UNKNOWN STEP	2026-09-24T15:25:32.3601733Z [139/174] Loaded /opt/hostedtoolcache/CodeQL/2.27.1/x64/codeql/qlpacks/codeql/python-queries/1.8.11/Functions/ModificationOfParameterWithDefault.qlx.
codeql / Analyze (python)	UNKNOWN STEP	2026-09-24T15:25:32.3762500Z [140/174] Loaded /opt/hostedtoolcache/CodeQL/2.27.1/x64/codeql/qlpacks/codeql/python-queries/1.8.11/Functions/NonCls.qlx.
codeql / Analyze (python)	UNKNOWN STEP	2026-09-24T15:25:32.3791869Z [141/174] Loaded /opt/hostedtoolcache/CodeQL/2.27.1/x64/codeql/qlpacks/codeql/python-queries/1.8.11/Statements/SideEffectInAssert.qlx.
codeql / Analyze (python)	UNKNOWN STEP	2026-09-24T15:25:32.3841781Z [142/174] Loaded /opt/hostedtoolcache/CodeQL/2.27.1/x64/codeql/qlpacks/codeql/python-queries/1.8.11/Functions/ReturnConsistentTupleSizes.qlx.
codeql / Analyze (python)	UNKNOWN STEP	2026-09-24T15:25:32.3851534Z [143/174] Loaded /opt/hostedtoolcache/CodeQL/2.27.1/x64/codeql/qlpacks/codeql/python-queries/1.8.11/Functions/SignatureOverriddenMethod.qlx.
codeql / Analyze (python)	UNKNOWN STEP	2026-09-24T15:25:32.3881477Z [144/174] Loaded /opt/hostedtoolcache/CodeQL/2.27.1/x64/codeql/qlpacks/codeql/python-queries/1.8.11/Statements/TopLevelPrint.qlx.
codeql / Analyze (python)	UNKNOWN STEP	2026-09-24T15:25:32.3911554Z [145/174] Loaded /opt/hostedtoolcache/CodeQL/2.27.1/x64/codeql/qlpacks/codeql/python-queries/1.8.11/Statements/NonIteratorInForLoop.qlx.
codeql / Analyze (python)	UNKNOWN STEP	2026-09-24T15:25:32.3941563Z [146/174] Loaded /opt/hostedtoolcache/CodeQL/2.27.1/x64/codeql/qlpacks/codeql/python-queries/1.8.11/Statements/NestedLoopsSameVariableWithReuse.qlx.
codeql / Analyze (python)	UNKNOWN STEP	2026-09-24T15:25:32.3961392Z [147/174] Loaded /opt/hostedtoolcache/CodeQL/2.27.1/x64/codeql/qlpacks/codeql/python-queries/1.8.11/Statements/AssertOnTuple.qlx.
codeql / Analyze (python)	UNKNOWN STEP	2026-09-24T15:25:32.3962527Z [148/174] Loaded /opt/hostedtoolcache/CodeQL/2.27.1/x64/codeql/qlpacks/codeql/python-queries/1.8.11/Statements/BreakOrReturnInFinally.qlx.
codeql / Analyze (python)	UNKNOWN STEP	2026-09-24T15:25:32.3963606Z [149/174] Loaded /opt/hostedtoolcache/CodeQL/2.27.1/x64/codeql/qlpacks/codeql/python-queries/1.8.11/Statements/ReturnOrYieldOutsideFunction.qlx.
codeql / Analyze (python)	UNKNOWN STEP	2026-09-24T15:25:32.4001660Z [150/174] Loaded /opt/hostedtoolcache/CodeQL/2.27.1/x64/codeql/qlpacks/codeql/python-queries/1.8.11/Statements/UseOfExit.qlx.
codeql / Analyze (python)	UNKNOWN STEP	2026-09-24T15:25:32.4051611Z [151/174] Loaded /opt/hostedtoolcache/CodeQL/2.27.1/x64/codeql/qlpacks/codeql/python-queries/1.8.11/Statements/NestedLoopsSameVariable.qlx.
codeql / Analyze (python)	UNKNOWN STEP	2026-09-24T15:25:32.4137486Z [152/174] Loaded /opt/hostedtoolcache/CodeQL/2.27.1/x64/codeql/qlpacks/codeql/python-queries/1.8.11/Statements/UnreachableCode.qlx.
codeql / Analyze (python)	UNKNOWN STEP	2026-09-24T15:25:32.4155857Z [153/174] Loaded /opt/hostedtoolcache/CodeQL/2.27.1/x64/codeql/qlpacks/codeql/python-queries/1.8.11/Statements/StatementNoEffect.qlx.
codeql / Analyze (python)	UNKNOWN STEP	2026-09-24T15:25:32.4157049Z [154/174] Loaded /opt/hostedtoolcache/CodeQL/2.27.1/x64/codeql/qlpacks/codeql/python-queries/1.8.11/Statements/UnnecessaryElseClause.qlx.
codeql / Analyze (python)	UNKNOWN STEP	2026-09-24T15:25:32.4228362Z [155/174] Loaded /opt/hostedtoolcache/CodeQL/2.27.1/x64/codeql/qlpacks/codeql/python-queries/1.8.11/Statements/MismatchInMultipleAssignment.qlx.
codeql / Analyze (python)	UNKNOWN STEP	2026-09-24T15:25:32.4250349Z [156/174] Loaded /opt/hostedtoolcache/CodeQL/2.27.1/x64/codeql/qlpacks/codeql/python-queries/1.8.11/Statements/UnnecessaryDelete.qlx.
codeql / Analyze (python)	UNKNOWN STEP	2026-09-24T15:25:32.4276207Z [157/174] Loaded /opt/hostedtoolcache/CodeQL/2.27.1/x64/codeql/qlpacks/codeql/python-queries/1.8.11/Statements/UnnecessaryPass.qlx.
codeql / Analyze (python)	UNKNOWN STEP	2026-09-24T15:25:32.4361751Z [158/174] Loaded /opt/hostedtoolcache/CodeQL/2.27.1/x64/codeql/qlpacks/codeql/python-queries/1.8.11/Statements/RedundantAssignment.qlx.
codeql / Analyze (python)	UNKNOWN STEP	2026-09-24T15:25:32.4490866Z [159/174] Loaded /opt/hostedtoolcache/CodeQL/2.27.1/x64/codeql/qlpacks/codeql/python-queries/1.8.11/Statements/IterableStringOrSequence.qlx.
codeql / Analyze (python)	UNKNOWN STEP	2026-09-24T15:25:32.5012399Z [160/174] Loaded /opt/hostedtoolcache/CodeQL/2.27.1/x64/codeql/qlpacks/codeql/python-queries/1.8.11/Statements/ModificationOfLocals.qlx.
codeql / Analyze (python)	UNKNOWN STEP	2026-09-24T15:25:32.5041628Z [161/174] Loaded /opt/hostedtoolcache/CodeQL/2.27.1/x64/codeql/qlpacks/codeql/python-queries/1.8.11/Statements/UnusedExceptionObject.qlx.
codeql / Analyze (python)	UNKNOWN STEP	2026-09-24T15:25:32.5101784Z [162/174] Loaded /opt/hostedtoolcache/CodeQL/2.27.1/x64/codeql/qlpacks/codeql/python-queries/1.8.11/Testing/ImpreciseAssert.qlx.
codeql / Analyze (python)	UNKNOWN STEP	2026-09-24T15:25:32.5131678Z [163/174] Loaded /opt/hostedtoolcache/CodeQL/2.27.1/x64/codeql/qlpacks/codeql/python-queries/1.8.11/Statements/ConstantInConditional.qlx.
codeql / Analyze (python)	UNKNOWN STEP	2026-09-24T15:25:32.5161467Z [164/174] Loaded /opt/hostedtoolcache/CodeQL/2.27.1/x64/codeql/qlpacks/codeql/python-queries/1.8.11/Statements/ShouldUseWithStatement.qlx.
codeql / Analyze (python)	UNKNOWN STEP	2026-09-24T15:25:32.5191323Z [165/174] Loaded /opt/hostedtoolcache/CodeQL/2.27.1/x64/codeql/qlpacks/codeql/python-queries/1.8.11/Numerics/Pythagorean.qlx.
codeql / Analyze (python)	UNKNOWN STEP	2026-09-24T15:25:32.5251506Z [166/174] Loaded /opt/hostedtoolcache/CodeQL/2.27.1/x64/codeql/qlpacks/codeql/python-queries/1.8.11/Exceptions/IllegalExceptionHandlerType.qlx.
codeql / Analyze (python)	UNKNOWN STEP	2026-09-24T15:25:32.5312115Z [167/174] Loaded /opt/hostedtoolcache/CodeQL/2.27.1/x64/codeql/qlpacks/codeql/python-queries/1.8.11/Exceptions/IllegalRaise.qlx.
codeql / Analyze (python)	UNKNOWN STEP	2026-09-24T15:25:32.5341321Z [168/174] Loaded /opt/hostedtoolcache/CodeQL/2.27.1/x64/codeql/qlpacks/codeql/python-queries/1.8.11/Exceptions/UnguardedNextInGenerator.qlx.
codeql / Analyze (python)	UNKNOWN STEP	2026-09-24T15:25:32.5371356Z [169/174] Loaded /opt/hostedtoolcache/CodeQL/2.27.1/x64/codeql/qlpacks/codeql/python-queries/1.8.11/Exceptions/RaisingTuple.qlx.
codeql / Analyze (python)	UNKNOWN STEP	2026-09-24T15:25:32.5521765Z [170/174] Loaded /opt/hostedtoolcache/CodeQL/2.27.1/x64/codeql/qlpacks/codeql/python-queries/1.8.11/Exceptions/EmptyExcept.qlx.
codeql / Analyze (python)	UNKNOWN STEP	2026-09-24T15:25:32.5632897Z [171/174] Loaded /opt/hostedtoolcache/CodeQL/2.27.1/x64/codeql/qlpacks/codeql/python-queries/1.8.11/Exceptions/CatchingBaseException.qlx.
codeql / Analyze (python)	UNKNOWN STEP	2026-09-24T15:25:32.5671671Z [172/174] Loaded /opt/hostedtoolcache/CodeQL/2.27.1/x64/codeql/qlpacks/codeql/python-queries/1.8.11/Exceptions/NotImplementedIsNotAnException.qlx.
codeql / Analyze (python)	UNKNOWN STEP	2026-09-24T15:25:32.5696704Z [173/174] Loaded /opt/hostedtoolcache/CodeQL/2.27.1/x64/codeql/qlpacks/codeql/python-queries/1.8.11/Resources/FileNotAlwaysClosed.qlx.
codeql / Analyze (python)	UNKNOWN STEP	2026-09-24T15:25:32.5731611Z [174/174] Loaded /opt/hostedtoolcache/CodeQL/2.27.1/x64/codeql/qlpacks/codeql/python-queries/1.8.11/Exceptions/IncorrectExceptOrder.qlx.
codeql / Analyze (python)	UNKNOWN STEP	2026-09-24T15:25:32.9947866Z Starting evaluation of codeql/python-queries/Classes/CallsToInitDel/MissingCallToDel.ql.
codeql / Analyze (python)	UNKNOWN STEP	2026-09-24T15:25:32.9952089Z Starting evaluation of codeql/python-queries/Classes/CallsToInitDel/MissingCallToInit.ql.
codeql / Analyze (python)	UNKNOWN STEP	2026-09-24T15:25:32.9959989Z Starting evaluation of codeql/python-queries/Classes/CallsToInitDel/SuperclassDelCalledMultipleTimes.ql.
codeql / Analyze (python)	UNKNOWN STEP	2026-09-24T15:25:32.9961427Z Starting evaluation of codeql/python-queries/Classes/CallsToInitDel/SuperclassInitCalledMultipleTimes.ql.
codeql / Analyze (python)	UNKNOWN STEP	2026-09-24T15:25:32.9986567Z Starting evaluation of codeql/python-queries/Classes/Comparisons/EqualsOrHash.ql.
codeql / Analyze (python)	UNKNOWN STEP	2026-09-24T15:25:33.0011384Z Starting evaluation of codeql/python-queries/Classes/Comparisons/IncompleteOrdering.ql.
codeql / Analyze (python)	UNKNOWN STEP	2026-09-24T15:25:33.0041223Z Starting evaluation of codeql/python-queries/Classes/ConflictingAttributesInBaseClasses.ql.
codeql / Analyze (python)	UNKNOWN STEP	2026-09-24T15:25:33.0042564Z Starting evaluation of codeql/python-queries/Classes/Comparisons/EqualsOrNotEquals.ql.
codeql / Analyze (python)	UNKNOWN STEP	2026-09-24T15:25:33.1925277Z [1/174 eval 190ms] Evaluation done; writing results to codeql/python-queries/Classes/CallsToInitDel/SuperclassDelCalledMultipleTimes.bqrs.
codeql / Analyze (python)	UNKNOWN STEP	2026-09-24T15:25:33.1963494Z Starting evaluation of codeql/python-queries/Classes/DefineEqualsWhenAddingAttributes.ql.
codeql / Analyze (python)	UNKNOWN STEP	2026-09-24T15:25:33.1981899Z Starting evaluation of codeql/python-queries/Classes/InconsistentMRO.ql.
codeql / Analyze (python)	UNKNOWN STEP	2026-09-24T15:25:33.2082966Z [2/174 eval 206ms] Evaluation done; writing results to codeql/python-queries/Classes/Comparisons/EqualsOrHash.bqrs.
codeql / Analyze (python)	UNKNOWN STEP	2026-09-24T15:25:33.2094353Z [3/174 eval 205ms] Evaluation done; writing results to codeql/python-queries/Classes/Comparisons/EqualsOrNotEquals.bqrs.
codeql / Analyze (python)	UNKNOWN STEP	2026-09-24T15:25:33.2141611Z [4/174 eval 206ms] Evaluation done; writing results to codeql/python-queries/Classes/Comparisons/IncompleteOrdering.bqrs.
codeql / Analyze (python)	UNKNOWN STEP	2026-09-24T15:25:33.2154806Z [5/174 eval 212ms] Evaluation done; writing results to codeql/python-queries/Classes/CallsToInitDel/SuperclassInitCalledMultipleTimes.bqrs.
codeql / Analyze (python)	UNKNOWN STEP	2026-09-24T15:25:33.2159477Z [6/174 eval 212ms] Evaluation done; writing results to codeql/python-queries/Classes/CallsToInitDel/MissingCallToInit.bqrs.
codeql / Analyze (python)	UNKNOWN STEP	2026-09-24T15:25:33.2161216Z [7/174 eval 16ms] Evaluation done; writing results to codeql/python-queries/Classes/DefineEqualsWhenAddingAttributes.bqrs.
codeql / Analyze (python)	UNKNOWN STEP	2026-09-24T15:25:33.2162474Z [8/174 eval 213ms] Evaluation done; writing results to codeql/python-queries/Classes/CallsToInitDel/MissingCallToDel.bqrs.
codeql / Analyze (python)	UNKNOWN STEP	2026-09-24T15:25:33.2677713Z Starting evaluation of codeql/python-queries/Classes/InitCallsSubclass/InitCallsSubclassMethod.ql.
codeql / Analyze (python)	UNKNOWN STEP	2026-09-24T15:25:33.2837196Z Starting evaluation of codeql/python-queries/Classes/MutatingDescriptor.ql.
codeql / Analyze (python)	UNKNOWN STEP	2026-09-24T15:25:33.2853964Z Starting evaluation of codeql/python-queries/Classes/OverwritingAttributeInSuperClass.ql.
codeql / Analyze (python)	UNKNOWN STEP	2026-09-24T15:25:33.2883962Z [9/174 eval 13ms] Evaluation done; writing results to codeql/python-queries/Classes/InitCallsSubclass/InitCallsSubclassMethod.bqrs.
codeql / Analyze (python)	UNKNOWN STEP	2026-09-24T15:25:33.2911411Z [10/174 eval 6ms] Evaluation done; writing results to codeql/python-queries/Classes/MutatingDescriptor.bqrs.
codeql / Analyze (python)	UNKNOWN STEP	2026-09-24T15:25:33.2941372Z Starting evaluation of codeql/python-queries/Classes/PropertyInOldStyleClass.ql.
codeql / Analyze (python)	UNKNOWN STEP	2026-09-24T15:25:33.3100337Z [11/174 eval 13ms] Evaluation done; writing results to codeql/python-queries/Classes/PropertyInOldStyleClass.bqrs.
codeql / Analyze (python)	UNKNOWN STEP	2026-09-24T15:25:34.0919153Z Starting evaluation of codeql/python-queries/Classes/SlotsInOldStyleClass.ql.
codeql / Analyze (python)	UNKNOWN STEP	2026-09-24T15:25:34.0944705Z Starting evaluation of codeql/python-queries/Classes/SubclassShadowing/SubclassShadowing.ql.
codeql / Analyze (python)	UNKNOWN STEP	2026-09-24T15:25:34.0961144Z Starting evaluation of codeql/python-queries/Classes/SuperInOldStyleClass.ql.
codeql / Analyze (python)	UNKNOWN STEP	2026-09-24T15:25:34.0991384Z Starting evaluation of codeql/python-queries/Classes/WrongNameForArgumentInClassInstantiation.ql.
codeql / Analyze (python)	UNKNOWN STEP	2026-09-24T15:25:34.1024089Z [12/174 eval 2ms] Evaluation done; writing results to codeql/python-queries/Classes/SlotsInOldStyleClass.bqrs.
codeql / Analyze (python)	UNKNOWN STEP	2026-09-24T15:25:34.1035371Z [13/174 eval 2ms] Evaluation done; writing results to codeql/python-queries/Classes/SubclassShadowing/SubclassShadowing.bqrs.
codeql / Analyze (python)	UNKNOWN STEP	2026-09-24T15:25:34.1081254Z [14/174 eval 3ms] Evaluation done; writing results to codeql/python-queries/Classes/SuperInOldStyleClass.bqrs.
codeql / Analyze (python)	UNKNOWN STEP	2026-09-24T15:25:34.1082580Z Starting evaluation of codeql/python-queries/Classes/WrongNumberArgumentsInClassInstantiation.ql.
codeql / Analyze (python)	UNKNOWN STEP	2026-09-24T15:25:34.1111200Z Starting evaluation of codeql/python-queries/Diagnostics/ExtractedFiles.ql.
codeql / Analyze (python)	UNKNOWN STEP	2026-09-24T15:25:34.1131122Z Starting evaluation of codeql/python-queries/Diagnostics/ExtractionWarnings.ql.
codeql / Analyze (python)	UNKNOWN STEP	2026-09-24T15:25:34.1141237Z Starting evaluation of codeql/python-queries/Exceptions/CatchingBaseException.ql.
codeql / Analyze (python)	UNKNOWN STEP	2026-09-24T15:25:34.1171324Z [15/174 eval 2ms] Evaluation done; writing results to codeql/python-queries/Diagnostics/ExtractionWarnings.bqrs.
codeql / Analyze (python)	UNKNOWN STEP	2026-09-24T15:25:34.1201345Z [16/174 eval 17ms] Evaluation done; writing results to codeql/python-queries/Diagnostics/ExtractedFiles.bqrs.
codeql / Analyze (python)	UNKNOWN STEP	2026-09-24T15:25:34.1593641Z Starting evaluation of codeql/python-queries/Exceptions/EmptyExcept.ql.
codeql / Analyze (python)	UNKNOWN STEP	2026-09-24T15:25:34.1621408Z Starting evaluation of codeql/python-queries/Exceptions/IllegalExceptionHandlerType.ql.
codeql / Analyze (python)	UNKNOWN STEP	2026-09-24T15:25:34.1651187Z Starting evaluation of codeql/python-queries/Exceptions/IllegalRaise.ql.
codeql / Analyze (python)	UNKNOWN STEP	2026-09-24T15:25:34.1679359Z Starting evaluation of codeql/python-queries/Exceptions/IncorrectExceptOrder.ql.
codeql / Analyze (python)	UNKNOWN STEP	2026-09-24T15:25:34.4275488Z Starting evaluation of codeql/python-queries/Exceptions/NotImplementedIsNotAnException.ql.
codeql / Analyze (python)	UNKNOWN STEP	2026-09-24T15:25:34.4543186Z Starting evaluation of codeql/python-queries/Exceptions/RaisingTuple.ql.
codeql / Analyze (python)	UNKNOWN STEP	2026-09-24T15:25:34.4620379Z Starting evaluation of codeql/python-queries/Exceptions/UnguardedNextInGenerator.ql.
codeql / Analyze (python)	UNKNOWN STEP	2026-09-24T15:25:34.4641774Z Starting evaluation of codeql/python-queries/Expressions/CallToSuperWrongClass.ql.
codeql / Analyze (python)	UNKNOWN STEP	2026-09-24T15:25:34.4642804Z Starting evaluation of codeql/python-queries/Expressions/CompareConstants.ql.
codeql / Analyze (python)	UNKNOWN STEP	2026-09-24T15:25:34.4678820Z [17/174 eval 2ms] Evaluation done; writing results to codeql/python-queries/Expressions/CallToSuperWrongClass.bqrs.
codeql / Analyze (python)	UNKNOWN STEP	2026-09-24T15:25:34.4762081Z Starting evaluation of codeql/python-queries/Expressions/CompareIdenticalValues.ql.
codeql / Analyze (python)	UNKNOWN STEP	2026-09-24T15:25:34.4896616Z Starting evaluation of codeql/python-queries/Expressions/CompareIdenticalValuesMissingSelf.ql.
codeql / Analyze (python)	UNKNOWN STEP	2026-09-24T15:25:34.4941659Z Starting evaluation of codeql/python-queries/Expressions/Comparisons/UselessComparisonTest.ql.
codeql / Analyze (python)	UNKNOWN STEP	2026-09-24T15:25:34.5001320Z [18/174 eval 26ms] Evaluation done; writing results to codeql/python-queries/Expressions/CompareConstants.bqrs.
codeql / Analyze (python)	UNKNOWN STEP	2026-09-24T15:25:34.5031353Z [19/174 eval 1ms] Evaluation done; writing results to codeql/python-queries/Expressions/CompareIdenticalValuesMissingSelf.bqrs.
codeql / Analyze (python)	UNKNOWN STEP	2026-09-24T15:25:34.5607502Z Starting evaluation of codeql/python-queries/Expressions/ContainsNonContainer.ql.
codeql / Analyze (python)	UNKNOWN STEP	2026-09-24T15:25:34.5677726Z [20/174 eval 72ms] Evaluation done; writing results to codeql/python-queries/Expressions/Comparisons/UselessComparisonTest.bqrs.
codeql / Analyze (python)	UNKNOWN STEP	2026-09-24T15:25:34.5701641Z Starting evaluation of codeql/python-queries/Expressions/DuplicateKeyInDictionaryLiteral.ql.
codeql / Analyze (python)	UNKNOWN STEP	2026-09-24T15:25:34.5925248Z Starting evaluation of codeql/python-queries/Expressions/EqualsNone.ql.
codeql / Analyze (python)	UNKNOWN STEP	2026-09-24T15:25:34.5976811Z [21/174 eval 27ms] Evaluation done; writing results to codeql/python-queries/Expressions/DuplicateKeyInDictionaryLiteral.bqrs.
codeql / Analyze (python)	UNKNOWN STEP	2026-09-24T15:25:34.6036667Z Starting evaluation of codeql/python-queries/Expressions/ExpectedMappingForFormatString.ql.
codeql / Analyze (python)	UNKNOWN STEP	2026-09-24T15:25:34.6052038Z [22/174 eval 123ms] Evaluation done; writing results to codeql/python-queries/Expressions/CompareIdenticalValues.bqrs.
codeql / Analyze (python)	UNKNOWN STEP	2026-09-24T15:25:34.6091400Z Starting evaluation of codeql/python-queries/Expressions/ExplicitCallToDel.ql.
codeql / Analyze (python)	UNKNOWN STEP	2026-09-24T15:25:34.6121294Z Starting evaluation of codeql/python-queries/Expressions/Formatting/MixedExplicitImplicitIn3101Format.ql.
codeql / Analyze (python)	UNKNOWN STEP	2026-09-24T15:25:34.6211450Z [23/174 eval 4ms] Evaluation done; writing results to codeql/python-queries/Expressions/ExpectedMappingForFormatString.bqrs.
codeql / Analyze (python)	UNKNOWN STEP	2026-09-24T15:25:34.6248138Z [24/174 eval 3ms] Evaluation done; writing results to codeql/python-queries/Expressions/ExplicitCallToDel.bqrs.
codeql / Analyze (python)	UNKNOWN STEP	2026-09-24T15:25:34.6261610Z Starting evaluation of codeql/python-queries/Expressions/Formatting/UnusedArgumentIn3101Format.ql.
codeql / Analyze (python)	UNKNOWN STEP	2026-09-24T15:25:34.6291185Z [25/174 eval 9ms] Evaluation done; writing results to codeql/python-queries/Expressions/EqualsNone.bqrs.
codeql / Analyze (python)	UNKNOWN STEP	2026-09-24T15:25:34.6321490Z Starting evaluation of codeql/python-queries/Expressions/Formatting/UnusedNamedArgumentIn3101Format.ql.
codeql / Analyze (python)	UNKNOWN STEP	2026-09-24T15:25:34.6371511Z Starting evaluation of codeql/python-queries/Expressions/Formatting/WrongNameInArgumentsFor3101Format.ql.
codeql / Analyze (python)	UNKNOWN STEP	2026-09-24T15:25:34.6421365Z Starting evaluation of codeql/python-queries/Expressions/Formatting/WrongNumberArgumentsFor3101Format.ql.
codeql / Analyze (python)	UNKNOWN STEP	2026-09-24T15:25:34.6478029Z Starting evaluation of codeql/python-queries/Expressions/HashedButNoHash.ql.
codeql / Analyze (python)	UNKNOWN STEP	2026-09-24T15:25:34.6504005Z Starting evaluation of codeql/python-queries/Expressions/IncorrectComparisonUsingIs.ql.
codeql / Analyze (python)	UNKNOWN STEP	2026-09-24T15:25:34.6532452Z Starting evaluation of codeql/python-queries/Expressions/NonCallableCalled.ql.
codeql / Analyze (python)	UNKNOWN STEP	2026-09-24T15:25:34.6561282Z Starting evaluation of codeql/python-queries/Expressions/Regex/BackspaceEscape.ql.
codeql / Analyze (python)	UNKNOWN STEP	2026-09-24T15:25:34.6591357Z [26/174 eval 24ms] Evaluation done; writing results to codeql/python-queries/Expressions/IncorrectComparisonUsingIs.bqrs.
codeql / Analyze (python)	UNKNOWN STEP	2026-09-24T15:25:34.6604730Z [27/174 eval 45ms] Evaluation done; writing results to codeql/python-queries/Expressions/Formatting/MixedExplicitImplicitIn3101Format.bqrs.
codeql / Analyze (python)	UNKNOWN STEP	2026-09-24T15:25:34.6621438Z Starting evaluation of codeql/python-queries/Expressions/Regex/DuplicateCharacterInSet.ql.
codeql / Analyze (python)	UNKNOWN STEP	2026-09-24T15:25:34.6650992Z Starting evaluation of codeql/python-queries/Expressions/Regex/MissingPartSpecialGroup.ql.
codeql / Analyze (python)	UNKNOWN STEP	2026-09-24T15:25:34.6680221Z Starting evaluation of codeql/python-queries/Expressions/Regex/UnmatchableCaret.ql.
codeql / Analyze (python)	UNKNOWN STEP	2026-09-24T15:25:34.6701376Z Starting evaluation of codeql/python-queries/Expressions/Regex/UnmatchableDollar.ql.
codeql / Analyze (python)	UNKNOWN STEP	2026-09-24T15:25:34.6711156Z Starting evaluation of codeql/python-queries/Expressions/TruncatedDivision.ql.
codeql / Analyze (python)	UNKNOWN STEP	2026-09-24T15:25:34.6741267Z Starting evaluation of codeql/python-queries/Expressions/UnintentionalImplicitStringConcatenation.ql.
codeql / Analyze (python)	UNKNOWN STEP	2026-09-24T15:25:34.6742321Z Starting evaluation of codeql/python-queries/Expressions/UnnecessaryLambda.ql.
codeql / Analyze (python)	UNKNOWN STEP	2026-09-24T15:25:34.6742924Z [28/174 eval 14ms] Evaluation done; writing results to codeql/python-queries/Expressions/UnintentionalImplicitStringConcatenation.bqrs.
codeql / Analyze (python)	UNKNOWN STEP	2026-09-24T15:25:34.6743544Z Starting evaluation of codeql/python-queries/Expressions/UnsupportedFormatCharacter.ql.
codeql / Analyze (python)	UNKNOWN STEP	2026-09-24T15:25:34.6744096Z [29/174 eval 2ms] Evaluation done; writing results to codeql/python-queries/Expressions/UnsupportedFormatCharacter.bqrs.
codeql / Analyze (python)	UNKNOWN STEP	2026-09-24T15:25:34.6744703Z Starting evaluation of codeql/python-queries/Expressions/UseofApply.ql.
codeql / Analyze (python)	UNKNOWN STEP	2026-09-24T15:25:34.6745102Z Starting evaluation of codeql/python-queries/Expressions/UseofInput.ql.
codeql / Analyze (python)	UNKNOWN STEP	2026-09-24T15:25:34.6745543Z Starting evaluation of codeql/python-queries/Expressions/WrongNameForArgumentInCall.ql.
codeql / Analyze (python)	UNKNOWN STEP	2026-09-24T15:25:34.6746069Z [30/174 eval 23ms] Evaluation done; writing results to codeql/python-queries/Expressions/UnnecessaryLambda.bqrs.
codeql / Analyze (python)	UNKNOWN STEP	2026-09-24T15:25:34.6771201Z Starting evaluation of codeql/python-queries/Expressions/WrongNumberArgumentsForFormat.ql.
codeql / Analyze (python)	UNKNOWN STEP	2026-09-24T15:25:34.6785544Z Starting evaluation of codeql/python-queries/Expressions/WrongNumberArgumentsInCall.ql.
codeql / Analyze (python)	UNKNOWN STEP	2026-09-24T15:25:34.6802004Z Starting evaluation of codeql/python-queries/Functions/ConsistentReturns.ql.
codeql / Analyze (python)	UNKNOWN STEP	2026-09-24T15:25:34.6831296Z [31/174 eval 2ms] Evaluation done; writing results to codeql/python-queries/Expressions/WrongNumberArgumentsForFormat.bqrs.
codeql / Analyze (python)	UNKNOWN STEP	2026-09-24T15:25:34.6852903Z Starting evaluation of codeql/python-queries/Functions/DeprecatedSliceMethod.ql.
codeql / Analyze (python)	UNKNOWN STEP	2026-09-24T15:25:34.6862309Z Starting evaluation of codeql/python-queries/Functions/ExplicitReturnInInit.ql.
codeql / Analyze (python)	UNKNOWN STEP	2026-09-24T15:25:34.6916722Z Starting evaluation of codeql/python-queries/Functions/IncorrectRaiseInSpecialMethod.ql.
codeql / Analyze (python)	UNKNOWN STEP	2026-09-24T15:25:34.6921281Z Starting evaluation of codeql/python-queries/Functions/IncorrectlyOverriddenMethod.ql.
codeql / Analyze (python)	UNKNOWN STEP	2026-09-24T15:25:34.6930623Z Starting evaluation of codeql/python-queries/Functions/IncorrectlySpecifiedOverriddenMethod.ql.
codeql / Analyze (python)	UNKNOWN STEP	2026-09-24T15:25:34.6963413Z Starting evaluation of codeql/python-queries/Functions/InitIsGenerator.ql.
codeql / Analyze (python)	UNKNOWN STEP	2026-09-24T15:25:34.6981335Z Starting evaluation of codeql/python-queries/Functions/IterReturnsNonIterator.ql.
codeql / Analyze (python)	UNKNOWN STEP	2026-09-24T15:25:34.7020982Z [32/174 eval 6ms] Evaluation done; writing results to codeql/python-queries/Functions/DeprecatedSliceMethod.bqrs.
codeql / Analyze (python)	UNKNOWN STEP	2026-09-24T15:25:34.7022170Z [33/174 eval 6ms] Evaluation done; writing results to codeql/python-queries/Functions/ExplicitReturnInInit.bqrs.
codeql / Analyze (python)	UNKNOWN STEP	2026-09-24T15:25:34.7043986Z [34/174 eval 6ms] Evaluation done; writing results to codeql/python-queries/Functions/IncorrectRaiseInSpecialMethod.bqrs.
codeql / Analyze (python)	UNKNOWN STEP	2026-09-24T15:25:34.7059290Z [35/174 eval 4ms] Evaluation done; writing results to codeql/python-queries/Functions/InitIsGenerator.bqrs.
codeql / Analyze (python)	UNKNOWN STEP	2026-09-24T15:25:34.7255077Z Starting evaluation of codeql/python-queries/Functions/IterReturnsNonSelf.ql.
codeql / Analyze (python)	UNKNOWN STEP	2026-09-24T15:25:34.7293840Z Starting evaluation of codeql/python-queries/Functions/ModificationOfParameterWithDefault.ql.
codeql / Analyze (python)	UNKNOWN STEP	2026-09-24T15:25:34.7371396Z [36/174 eval 10ms] Evaluation done; writing results to codeql/python-queries/Functions/IterReturnsNonSelf.bqrs.
codeql / Analyze (python)	UNKNOWN STEP	2026-09-24T15:25:35.0441787Z Starting evaluation of codeql/python-queries/Functions/NonCls.ql.
codeql / Analyze (python)	UNKNOWN STEP	2026-09-24T15:25:35.0442574Z Starting evaluation of codeql/python-queries/Functions/NonSelf.ql.
codeql / Analyze (python)	UNKNOWN STEP	2026-09-24T15:25:35.0475005Z Starting evaluation of codeql/python-queries/Functions/OverlyComplexDelMethod.ql.
codeql / Analyze (python)	UNKNOWN STEP	2026-09-24T15:25:35.0501450Z Starting evaluation of codeql/python-queries/Functions/ReturnConsistentTupleSizes.ql.
codeql / Analyze (python)	UNKNOWN STEP	2026-09-24T15:25:35.0531567Z [37/174 eval 7ms] Evaluation done; writing results to codeql/python-queries/Functions/NonCls.bqrs.
codeql / Analyze (python)	UNKNOWN STEP	2026-09-24T15:25:35.0532359Z [38/174 eval 6ms] Evaluation done; writing results to codeql/python-queries/Functions/NonSelf.bqrs.
codeql / Analyze (python)	UNKNOWN STEP	2026-09-24T15:25:35.0561781Z Starting evaluation of codeql/python-queries/Functions/SignatureOverriddenMethod.ql.
codeql / Analyze (python)	UNKNOWN STEP	2026-09-24T15:25:35.0621401Z Starting evaluation of codeql/python-queries/Functions/SignatureSpecialMethods.ql.
codeql / Analyze (python)	UNKNOWN STEP	2026-09-24T15:25:35.0651455Z [39/174 eval 1ms] Evaluation done; writing results to codeql/python-queries/Functions/SignatureOverriddenMethod.bqrs.
codeql / Analyze (python)	UNKNOWN STEP	2026-09-24T15:25:35.0652312Z Starting evaluation of codeql/python-queries/Functions/UseImplicitNoneReturnValue.ql.
codeql / Analyze (python)	UNKNOWN STEP	2026-09-24T15:25:35.0653085Z [40/174 eval 5ms] Evaluation done; writing results to codeql/python-queries/Functions/SignatureSpecialMethods.bqrs.
codeql / Analyze (python)	UNKNOWN STEP	2026-09-24T15:25:35.0771507Z Starting evaluation of codeql/python-queries/Imports/CyclicImport.ql.
codeql / Analyze (python)	UNKNOWN STEP	2026-09-24T15:25:35.0772410Z Starting evaluation of codeql/python-queries/Imports/DeprecatedModule.ql.
codeql / Analyze (python)	UNKNOWN STEP	2026-09-24T15:25:35.1671887Z Starting evaluation of codeql/python-queries/Imports/EncodingError.ql.
codeql / Analyze (python)	UNKNOWN STEP	2026-09-24T15:25:35.1731492Z Starting evaluation of codeql/python-queries/Imports/FromImportOfMutableAttribute.ql.
codeql / Analyze (python)	UNKNOWN STEP	2026-09-24T15:25:35.1732301Z Starting evaluation of codeql/python-queries/Imports/ImportandImportFrom.ql.
codeql / Analyze (python)	UNKNOWN STEP	2026-09-24T15:25:35.1733093Z [41/174 eval 2ms] Evaluation done; writing results to codeql/python-queries/Imports/EncodingError.bqrs.
codeql / Analyze (python)	UNKNOWN STEP	2026-09-24T15:25:35.1733849Z Starting evaluation of codeql/python-queries/Imports/ModuleImportsItself.ql.
codeql / Analyze (python)	UNKNOWN STEP	2026-09-24T15:25:35.1734553Z [42/174 eval 5ms] Evaluation done; writing results to codeql/python-queries/Imports/ImportandImportFrom.bqrs.
codeql / Analyze (python)	UNKNOWN STEP	2026-09-24T15:25:35.1751311Z Starting evaluation of codeql/python-queries/Imports/ModuleLevelCyclicImport.ql.
codeql / Analyze (python)	UNKNOWN STEP	2026-09-24T15:25:35.1803411Z Starting evaluation of codeql/python-queries/Imports/MultipleImports.ql.
codeql / Analyze (python)	UNKNOWN STEP	2026-09-24T15:25:35.2411818Z [43/174 eval 64ms] Evaluation done; writing results to codeql/python-queries/Imports/MultipleImports.bqrs.
codeql / Analyze (python)	UNKNOWN STEP	2026-09-24T15:25:35.2425631Z Starting evaluation of codeql/python-queries/Imports/SyntaxError.ql.
codeql / Analyze (python)	UNKNOWN STEP	2026-09-24T15:25:35.2467266Z Starting evaluation of codeql/python-queries/Imports/UnintentionalImport.ql.
codeql / Analyze (python)	UNKNOWN STEP	2026-09-24T15:25:35.2495846Z Starting evaluation of codeql/python-queries/Imports/UnusedImport.ql.
codeql / Analyze (python)	UNKNOWN STEP	2026-09-24T15:25:35.2522018Z [44/174 eval 2ms] Evaluation done; writing results to codeql/python-queries/Imports/SyntaxError.bqrs.
codeql / Analyze (python)	UNKNOWN STEP	2026-09-24T15:25:35.2561339Z [45/174 eval 2ms] Evaluation done; writing results to codeql/python-queries/Imports/UnintentionalImport.bqrs.
codeql / Analyze (python)	UNKNOWN STEP	2026-09-24T15:25:35.2821572Z Starting evaluation of codeql/python-queries/Lexical/CommentedOutCode.ql.
codeql / Analyze (python)	UNKNOWN STEP	2026-09-24T15:25:35.2991683Z [46/174 eval 49ms] Evaluation done; writing results to codeql/python-queries/Imports/UnusedImport.bqrs.
codeql / Analyze (python)	UNKNOWN STEP	2026-09-24T15:25:35.3192067Z [47/174 eval 891ms] Evaluation done; writing results to codeql/python-queries/Exceptions/NotImplementedIsNotAnException.bqrs.
codeql / Analyze (python)	UNKNOWN STEP	2026-09-24T15:25:35.3241384Z [48/174 eval 652ms] Evaluation done; writing results to codeql/python-queries/Expressions/UseofApply.bqrs.
codeql / Analyze (python)	UNKNOWN STEP	2026-09-24T15:25:35.3271404Z [49/174 eval 863ms] Evaluation done; writing results to codeql/python-queries/Exceptions/UnguardedNextInGenerator.bqrs.
codeql / Analyze (python)	UNKNOWN STEP	2026-09-24T15:25:35.3301327Z [50/174 eval 655ms] Evaluation done; writing results to codeql/python-queries/Expressions/UseofInput.bqrs.
codeql / Analyze (python)	UNKNOWN STEP	2026-09-24T15:25:35.3561829Z [51/174 eval 627ms] Evaluation done; writing results to codeql/python-queries/Functions/ModificationOfParameterWithDefault.bqrs.
codeql / Analyze (python)	UNKNOWN STEP	2026-09-24T15:25:35.3621178Z Starting evaluation of codeql/python-queries/Lexical/OldOctalLiteral.ql.
codeql / Analyze (python)	UNKNOWN STEP	2026-09-24T15:25:35.3651146Z Starting evaluation of codeql/python-queries/Resources/FileNotAlwaysClosed.ql.
codeql / Analyze (python)	UNKNOWN STEP	2026-09-24T15:25:35.3681439Z Starting evaluation of codeql/python-queries/Numerics/Pythagorean.ql.
codeql / Analyze (python)	UNKNOWN STEP	2026-09-24T15:25:35.3701962Z Starting evaluation of codeql/python-queries/Security/CVE-2018-1281/BindToAllInterfaces.ql.
codeql / Analyze (python)	UNKNOWN STEP	2026-09-24T15:25:35.3703109Z [52/174 eval 89ms] Evaluation done; writing results to codeql/python-queries/Lexical/CommentedOutCode.bqrs.
codeql / Analyze (python)	UNKNOWN STEP	2026-09-24T15:25:35.3759831Z [53/174 eval 6ms] Evaluation done; writing results to codeql/python-queries/Lexical/OldOctalLiteral.bqrs.
codeql / Analyze (python)	UNKNOWN STEP	2026-09-24T15:25:35.3761006Z [54/174 eval 7ms] Evaluation done; writing results to codeql/python-queries/Numerics/Pythagorean.bqrs.
codeql / Analyze (python)	UNKNOWN STEP	2026-09-24T15:25:35.3762252Z Starting evaluation of codeql/python-queries/Security/CWE-020/CookieInjection.ql.
codeql / Analyze (python)	UNKNOWN STEP	2026-09-24T15:25:35.4106371Z [55/174 eval 952ms] Evaluation done; writing results to codeql/python-queries/Exceptions/RaisingTuple.bqrs.
codeql / Analyze (python)	UNKNOWN STEP	2026-09-24T15:25:35.6529163Z [56/174 eval 604ms] Evaluation done; writing results to codeql/python-queries/Functions/ReturnConsistentTupleSizes.bqrs.
codeql / Analyze (python)	UNKNOWN STEP	2026-09-24T15:25:35.7344083Z Starting evaluation of codeql/python-queries/Security/CWE-020/IncompleteHostnameRegExp.ql.
codeql / Analyze (python)	UNKNOWN STEP	2026-09-24T15:25:35.7362314Z Starting evaluation of codeql/python-queries/Security/CWE-020/IncompleteUrlSubstringSanitization.ql.
codeql / Analyze (python)	UNKNOWN STEP	2026-09-24T15:25:35.7680721Z Starting evaluation of codeql/python-queries/Security/CWE-020/OverlyLargeRange.ql.
codeql / Analyze (python)	UNKNOWN STEP	2026-09-24T15:25:35.7741583Z Starting evaluation of codeql/python-queries/Security/CWE-022/PathInjection.ql.
codeql / Analyze (python)	UNKNOWN STEP	2026-09-24T15:25:35.7768056Z [57/174 eval 36ms] Evaluation done; writing results to codeql/python-queries/Security/CWE-020/IncompleteUrlSubstringSanitization.bqrs.
codeql / Analyze (python)	UNKNOWN STEP	2026-09-24T15:25:35.8084696Z Starting evaluation of codeql/python-queries/Security/CWE-022/TarSlip.ql.
codeql / Analyze (python)	UNKNOWN STEP	2026-09-24T15:25:35.8601750Z Starting evaluation of codeql/python-queries/Security/CWE-074/TemplateInjection.ql.
codeql / Analyze (python)	UNKNOWN STEP	2026-09-24T15:25:35.8762249Z Starting evaluation of codeql/python-queries/Security/CWE-078/CommandInjection.ql.
codeql / Analyze (python)	UNKNOWN STEP	2026-09-24T15:25:35.8951825Z Starting evaluation of codeql/python-queries/Security/CWE-078/UnsafeShellCommandConstruction.ql.
codeql / Analyze (python)	UNKNOWN STEP	2026-09-24T15:25:35.9077545Z Starting evaluation of codeql/python-queries/Security/CWE-079/Jinja2WithoutEscaping.ql.
codeql / Analyze (python)	UNKNOWN STEP	2026-09-24T15:25:35.9141260Z Starting evaluation of codeql/python-queries/Security/CWE-079/ReflectedXss.ql.
codeql / Analyze (python)	UNKNOWN STEP	2026-09-24T15:25:35.9142168Z [58/174 eval 13ms] Evaluation done; writing results to codeql/python-queries/Security/CWE-078/UnsafeShellCommandConstruction.bqrs.
codeql / Analyze (python)	UNKNOWN STEP	2026-09-24T15:25:35.9143184Z [59/174 eval 2ms] Evaluation done; writing results to codeql/python-queries/Security/CWE-079/Jinja2WithoutEscaping.bqrs.
codeql / Analyze (python)	UNKNOWN STEP	2026-09-24T15:25:35.9281340Z Starting evaluation of codeql/python-queries/Security/CWE-089/SqlInjection.ql.
codeql / Analyze (python)	UNKNOWN STEP	2026-09-24T15:25:35.9282111Z Starting evaluation of codeql/python-queries/Security/CWE-090/LdapInjection.ql.
codeql / Analyze (python)	UNKNOWN STEP	2026-09-24T15:25:36.0376273Z Starting evaluation of codeql/python-queries/Security/CWE-094/CodeInjection.ql.
codeql / Analyze (python)	UNKNOWN STEP	2026-09-24T15:25:36.0507983Z Starting evaluation of codeql/python-queries/Security/CWE-1004/NonHttpOnlyCookie.ql.
codeql / Analyze (python)	UNKNOWN STEP	2026-09-24T15:25:36.0534397Z Starting evaluation of codeql/python-queries/Security/CWE-113/HeaderInjection.ql.
codeql / Analyze (python)	UNKNOWN STEP	2026-09-24T15:25:36.1021755Z Starting evaluation of codeql/python-queries/Security/CWE-116/BadTagFilter.ql.
codeql / Analyze (python)	UNKNOWN STEP	2026-09-24T15:25:36.1181776Z [60/174 eval 2s] Evaluation done; writing results to codeql/python-queries/Exceptions/CatchingBaseException.bqrs.
codeql / Analyze (python)	UNKNOWN STEP	2026-09-24T15:25:36.2621799Z [61/174 eval 894ms] Evaluation done; writing results to codeql/python-queries/Security/CVE-2018-1281/BindToAllInterfaces.bqrs.
codeql / Analyze (python)	UNKNOWN STEP	2026-09-24T15:25:36.2751678Z [62/174 eval 416ms] Evaluation done; writing results to codeql/python-queries/Security/CWE-074/TemplateInjection.bqrs.
codeql / Analyze (python)	UNKNOWN STEP	2026-09-24T15:25:36.3161882Z [63/174 eval 282ms] Evaluation done; writing results to codeql/python-queries/Security/CWE-094/CodeInjection.bqrs.
codeql / Analyze (python)	UNKNOWN STEP	2026-09-24T15:25:36.3326022Z [64/174 eval 524ms] Evaluation done; writing results to codeql/python-queries/Security/CWE-022/TarSlip.bqrs.
codeql / Analyze (python)	UNKNOWN STEP	2026-09-24T15:25:36.3471681Z [65/174 eval 2.2s] Evaluation done; writing results to codeql/python-queries/Exceptions/IncorrectExceptOrder.bqrs.
codeql / Analyze (python)	UNKNOWN STEP	2026-09-24T15:25:36.3589374Z [66/174 eval 1.7s] Evaluation done; writing results to codeql/python-queries/Expressions/Regex/MissingPartSpecialGroup.bqrs.
codeql / Analyze (python)	UNKNOWN STEP	2026-09-24T15:25:36.3753340Z [67/174 eval 2.2s] Evaluation done; writing results to codeql/python-queries/Exceptions/EmptyExcept.bqrs.
codeql / Analyze (python)	UNKNOWN STEP	2026-09-24T15:25:36.3861510Z [68/174 eval 1.7s] Evaluation done; writing results to codeql/python-queries/Expressions/Regex/BackspaceEscape.bqrs.
codeql / Analyze (python)	UNKNOWN STEP	2026-09-24T15:25:36.4292643Z [69/174 eval 1.3s] Evaluation done; writing results to codeql/python-queries/Imports/DeprecatedModule.bqrs.
codeql / Analyze (python)	UNKNOWN STEP	2026-09-24T15:25:36.4601777Z [70/174 eval 1.8s] Evaluation done; writing results to codeql/python-queries/Expressions/Regex/DuplicateCharacterInSet.bqrs.
codeql / Analyze (python)	UNKNOWN STEP	2026-09-24T15:25:36.4689681Z [71/174 eval 1.8s] Evaluation done; writing results to codeql/python-queries/Expressions/Regex/UnmatchableDollar.bqrs.
codeql / Analyze (python)	UNKNOWN STEP	2026-09-24T15:25:36.4742333Z [72/174 eval 1.8s] Evaluation done; writing results to codeql/python-queries/Expressions/Regex/UnmatchableCaret.bqrs.
codeql / Analyze (python)	UNKNOWN STEP	2026-09-24T15:25:36.5179340Z [73/174 eval 1.1s] Evaluation done; writing results to codeql/python-queries/Security/CWE-020/CookieInjection.bqrs.
codeql / Analyze (python)	UNKNOWN STEP	2026-09-24T15:25:36.5217052Z [74/174 eval 1.2s] Evaluation done; writing results to codeql/python-queries/Resources/FileNotAlwaysClosed.bqrs.
codeql / Analyze (python)	UNKNOWN STEP	2026-09-24T15:25:36.5897059Z [75/174 eval 716ms] Evaluation done; writing results to codeql/python-queries/Security/CWE-078/CommandInjection.bqrs.
codeql / Analyze (python)	UNKNOWN STEP	2026-09-24T15:25:36.6184998Z [76/174 eval 850ms] Evaluation done; writing results to codeql/python-queries/Security/CWE-022/PathInjection.bqrs.
codeql / Analyze (python)	UNKNOWN STEP	2026-09-24T15:25:36.6338538Z [77/174 eval 864ms] Evaluation done; writing results to codeql/python-queries/Security/CWE-020/OverlyLargeRange.bqrs.
codeql / Analyze (python)	UNKNOWN STEP	2026-09-24T15:25:36.6411626Z [78/174 eval 898ms] Evaluation done; writing results to codeql/python-queries/Security/CWE-020/IncompleteHostnameRegExp.bqrs.
codeql / Analyze (python)	UNKNOWN STEP	2026-09-24T15:25:36.6553708Z [79/174 eval 745ms] Evaluation done; writing results to codeql/python-queries/Security/CWE-079/ReflectedXss.bqrs.
codeql / Analyze (python)	UNKNOWN STEP	2026-09-24T15:25:36.6585197Z [80/174 eval 730ms] Evaluation done; writing results to codeql/python-queries/Security/CWE-089/SqlInjection.bqrs.
codeql / Analyze (python)	UNKNOWN STEP	2026-09-24T15:25:36.6677085Z [81/174 eval 618ms] Evaluation done; writing results to codeql/python-queries/Security/CWE-1004/NonHttpOnlyCookie.bqrs.
codeql / Analyze (python)	UNKNOWN STEP	2026-09-24T15:25:36.6853838Z [82/174 eval 635ms] Evaluation done; writing results to codeql/python-queries/Security/CWE-113/HeaderInjection.bqrs.
codeql / Analyze (python)	UNKNOWN STEP	2026-09-24T15:25:36.6952241Z Starting evaluation of codeql/python-queries/Security/CWE-117/LogInjection.ql.
codeql / Analyze (python)	UNKNOWN STEP	2026-09-24T15:25:36.7395500Z [83/174 eval 45ms] Evaluation done; writing results to codeql/python-queries/Security/CWE-117/LogInjection.bqrs.
codeql / Analyze (python)	UNKNOWN STEP	2026-09-24T15:25:36.7419581Z Starting evaluation of codeql/python-queries/Security/CWE-1275/SameSiteNoneCookie.ql.
codeql / Analyze (python)	UNKNOWN STEP	2026-09-24T15:25:36.7551886Z [84/174 eval 13ms] Evaluation done; writing results to codeql/python-queries/Security/CWE-1275/SameSiteNoneCookie.bqrs.
codeql / Analyze (python)	UNKNOWN STEP	2026-09-24T15:25:36.8314872Z Starting evaluation of codeql/python-queries/Security/CWE-209/StackTraceExposure.ql.
codeql / Analyze (python)	UNKNOWN STEP	2026-09-24T15:25:36.8983384Z [85/174 eval 971ms] Evaluation done; writing results to codeql/python-queries/Security/CWE-090/LdapInjection.bqrs.
codeql / Analyze (python)	UNKNOWN STEP	2026-09-24T15:25:36.9166604Z [86/174 eval 84ms] Evaluation done; writing results to codeql/python-queries/Security/CWE-209/StackTraceExposure.bqrs.
codeql / Analyze (python)	UNKNOWN STEP	2026-09-24T15:25:36.9198081Z Starting evaluation of codeql/python-queries/Security/CWE-215/FlaskDebug.ql.
codeql / Analyze (python)	UNKNOWN STEP	2026-09-24T15:25:36.9223137Z Starting evaluation of codeql/python-queries/Security/CWE-285/PamAuthorization.ql.
codeql / Analyze (python)	UNKNOWN STEP	2026-09-24T15:25:36.9435533Z Starting evaluation of codeql/python-queries/Security/CWE-295/MissingHostKeyValidation.ql.
codeql / Analyze (python)	UNKNOWN STEP	2026-09-24T15:25:36.9463110Z [87/174 eval 20ms] Evaluation done; writing results to codeql/python-queries/Security/CWE-285/PamAuthorization.bqrs.
codeql / Analyze (python)	UNKNOWN STEP	2026-09-24T15:25:36.9494046Z [88/174 eval 22ms] Evaluation done; writing results to codeql/python-queries/Security/CWE-215/FlaskDebug.bqrs.
codeql / Analyze (python)	UNKNOWN STEP	2026-09-24T15:25:36.9523572Z [89/174 eval 1ms] Evaluation done; writing results to codeql/python-queries/Security/CWE-295/MissingHostKeyValidation.bqrs.
codeql / Analyze (python)	UNKNOWN STEP	2026-09-24T15:25:36.9553358Z Starting evaluation of codeql/python-queries/Security/CWE-295/RequestWithoutValidation.ql.
codeql / Analyze (python)	UNKNOWN STEP	2026-09-24T15:25:36.9581105Z Starting evaluation of codeql/python-queries/Security/CWE-312/CleartextLogging.ql.
codeql / Analyze (python)	UNKNOWN STEP	2026-09-24T15:25:36.9611310Z [90/174 eval 9ms] Evaluation done; writing results to codeql/python-queries/Security/CWE-295/RequestWithoutValidation.bqrs.
codeql / Analyze (python)	UNKNOWN STEP	2026-09-24T15:25:36.9671222Z Starting evaluation of codeql/python-queries/Security/CWE-312/CleartextStorage.ql.
codeql / Analyze (python)	UNKNOWN STEP	2026-09-24T15:25:36.9731262Z [91/174 eval 869ms] Evaluation done; writing results to codeql/python-queries/Security/CWE-116/BadTagFilter.bqrs.
codeql / Analyze (python)	UNKNOWN STEP	2026-09-24T15:25:37.0661763Z Starting evaluation of codeql/python-queries/Security/CWE-326/WeakCryptoKey.ql.
codeql / Analyze (python)	UNKNOWN STEP	2026-09-24T15:25:37.0711369Z Starting evaluation of codeql/python-queries/Security/CWE-327/BrokenCryptoAlgorithm.ql.
codeql / Analyze (python)	UNKNOWN STEP	2026-09-24T15:25:37.0741393Z Starting evaluation of codeql/python-queries/Security/CWE-327/InsecureDefaultProtocol.ql.
codeql / Analyze (python)	UNKNOWN STEP	2026-09-24T15:25:37.0771247Z Starting evaluation of codeql/python-queries/Security/CWE-327/InsecureProtocol.ql.
codeql / Analyze (python)	UNKNOWN STEP	2026-09-24T15:25:37.0801459Z [92/174 eval 11ms] Evaluation done; writing results to codeql/python-queries/Security/CWE-326/WeakCryptoKey.bqrs.
codeql / Analyze (python)	UNKNOWN STEP	2026-09-24T15:25:37.0831386Z [93/174 eval 5ms] Evaluation done; writing results to codeql/python-queries/Security/CWE-327/BrokenCryptoAlgorithm.bqrs.
codeql / Analyze (python)	UNKNOWN STEP	2026-09-24T15:25:37.0871326Z [94/174 eval 4ms] Evaluation done; writing results to codeql/python-queries/Security/CWE-327/InsecureDefaultProtocol.bqrs.
codeql / Analyze (python)	UNKNOWN STEP	2026-09-24T15:25:37.0980644Z [95/174 eval 152ms] Evaluation done; writing results to codeql/python-queries/Security/CWE-312/CleartextLogging.bqrs.
codeql / Analyze (python)	UNKNOWN STEP	2026-09-24T15:25:37.1021453Z [96/174 eval 135ms] Evaluation done; writing results to codeql/python-queries/Security/CWE-312/CleartextStorage.bqrs.
codeql / Analyze (python)	UNKNOWN STEP	2026-09-24T15:25:37.1081440Z Starting evaluation of codeql/python-queries/Security/CWE-327/WeakSensitiveDataHashing.ql.
codeql / Analyze (python)	UNKNOWN STEP	2026-09-24T15:25:37.1341654Z [97/174 eval 61ms] Evaluation done; writing results to codeql/python-queries/Security/CWE-327/InsecureProtocol.bqrs.
codeql / Analyze (python)	UNKNOWN STEP	2026-09-24T15:25:37.1370911Z Starting evaluation of codeql/python-queries/Security/CWE-352/CSRFProtectionDisabled.ql.
codeql / Analyze (python)	UNKNOWN STEP	2026-09-24T15:25:37.1388595Z Starting evaluation of codeql/python-queries/Security/CWE-377/InsecureTemporaryFile.ql.
codeql / Analyze (python)	UNKNOWN STEP	2026-09-24T15:25:37.1436809Z [98/174 eval 31ms] Evaluation done; writing results to codeql/python-queries/Security/CWE-327/WeakSensitiveDataHashing.bqrs.
codeql / Analyze (python)	UNKNOWN STEP	2026-09-24T15:25:37.1471135Z Starting evaluation of codeql/python-queries/Security/CWE-502/UnsafeDeserialization.ql.
codeql / Analyze (python)	UNKNOWN STEP	2026-09-24T15:25:37.1501247Z Starting evaluation of codeql/python-queries/Security/CWE-601/UrlRedirect.ql.
codeql / Analyze (python)	UNKNOWN STEP	2026-09-24T15:25:37.1531009Z Starting evaluation of codeql/python-queries/Security/CWE-611/Xxe.ql.
codeql / Analyze (python)	UNKNOWN STEP	2026-09-24T15:25:37.1561056Z Starting evaluation of codeql/python-queries/Security/CWE-614/InsecureCookie.ql.
codeql / Analyze (python)	UNKNOWN STEP	2026-09-24T15:25:37.1591177Z Starting evaluation of codeql/python-queries/Security/CWE-643/XpathInjection.ql.
codeql / Analyze (python)	UNKNOWN STEP	2026-09-24T15:25:37.1621052Z Starting evaluation of codeql/python-queries/Security/CWE-730/PolynomialReDoS.ql.
codeql / Analyze (python)	UNKNOWN STEP	2026-09-24T15:25:37.1651068Z Starting evaluation of codeql/python-queries/Security/CWE-730/ReDoS.ql.
codeql / Analyze (python)	UNKNOWN STEP	2026-09-24T15:25:37.1681086Z Starting evaluation of codeql/python-queries/Security/CWE-730/RegexInjection.ql.
codeql / Analyze (python)	UNKNOWN STEP	2026-09-24T15:25:37.1711169Z Starting evaluation of codeql/python-queries/Security/CWE-732/WeakFilePermissions.ql.
codeql / Analyze (python)	UNKNOWN STEP	2026-09-24T15:25:37.1741025Z Starting evaluation of codeql/python-queries/Security/CWE-776/XmlBomb.ql.
codeql / Analyze (python)	UNKNOWN STEP	2026-09-24T15:25:37.1771153Z Starting evaluation of codeql/python-queries/Security/CWE-918/FullServerSideRequestForgery.ql.
codeql / Analyze (python)	UNKNOWN STEP	2026-09-24T15:25:37.1801193Z Starting evaluation of codeql/python-queries/Security/CWE-918/PartialServerSideRequestForgery.ql.
codeql / Analyze (python)	UNKNOWN STEP	2026-09-24T15:25:37.1814997Z Starting evaluation of codeql/python-queries/Security/CWE-943/NoSqlInjection.ql.
codeql / Analyze (python)	UNKNOWN STEP	2026-09-24T15:25:37.1861100Z Starting evaluation of codeql/python-queries/Statements/AssertOnTuple.ql.
codeql / Analyze (python)	UNKNOWN STEP	2026-09-24T15:25:37.1891157Z Starting evaluation of codeql/python-queries/Statements/BreakOrReturnInFinally.ql.
codeql / Analyze (python)	UNKNOWN STEP	2026-09-24T15:25:37.1921558Z Starting evaluation of codeql/python-queries/Statements/ConstantInConditional.ql.
codeql / Analyze (python)	UNKNOWN STEP	2026-09-24T15:25:37.1934915Z Starting evaluation of codeql/python-queries/Statements/IterableStringOrSequence.ql.
codeql / Analyze (python)	UNKNOWN STEP	2026-09-24T15:25:37.1971229Z Starting evaluation of codeql/python-queries/Statements/MismatchInMultipleAssignment.ql.
codeql / Analyze (python)	UNKNOWN STEP	2026-09-24T15:25:37.1981253Z Starting evaluation of codeql/python-queries/Statements/ModificationOfLocals.ql.
codeql / Analyze (python)	UNKNOWN STEP	2026-09-24T15:25:37.2001148Z Starting evaluation of codeql/python-queries/Statements/NestedLoopsSameVariable.ql.
codeql / Analyze (python)	UNKNOWN STEP	2026-09-24T15:25:37.2030180Z Starting evaluation of codeql/python-queries/Statements/NestedLoopsSameVariableWithReuse.ql.
codeql / Analyze (python)	UNKNOWN STEP	2026-09-24T15:25:37.2061218Z Starting evaluation of codeql/python-queries/Statements/NonIteratorInForLoop.ql.
codeql / Analyze (python)	UNKNOWN STEP	2026-09-24T15:25:37.2091201Z Starting evaluation of codeql/python-queries/Statements/RedundantAssignment.ql.
codeql / Analyze (python)	UNKNOWN STEP	2026-09-24T15:25:37.2136247Z Starting evaluation of codeql/python-queries/Statements/ReturnOrYieldOutsideFunction.ql.
codeql / Analyze (python)	UNKNOWN STEP	2026-09-24T15:25:37.2137079Z Starting evaluation of codeql/python-queries/Statements/ShouldUseWithStatement.ql.
codeql / Analyze (python)	UNKNOWN STEP	2026-09-24T15:25:37.2181363Z [99/174 eval 10ms] Evaluation done; writing results to codeql/python-queries/Security/CWE-352/CSRFProtectionDisabled.bqrs.
codeql / Analyze (python)	UNKNOWN STEP	2026-09-24T15:25:37.2211732Z [100/174 eval 8ms] Evaluation done; writing results to codeql/python-queries/Security/CWE-377/InsecureTemporaryFile.bqrs.
codeql / Analyze (python)	UNKNOWN STEP	2026-09-24T15:25:37.2221115Z Starting evaluation of codeql/python-queries/Statements/SideEffectInAssert.ql.
codeql / Analyze (python)	UNKNOWN STEP	2026-09-24T15:25:37.2251224Z [101/174 eval 59ms] Evaluation done; writing results to codeql/python-queries/Security/CWE-614/InsecureCookie.bqrs.
codeql / Analyze (python)	UNKNOWN STEP	2026-09-24T15:25:37.2281139Z [102/174 eval 60ms] Evaluation done; writing results to codeql/python-queries/Statements/AssertOnTuple.bqrs.
codeql / Analyze (python)	UNKNOWN STEP	2026-09-24T15:25:37.2301274Z [103/174 eval 69ms] Evaluation done; writing results to codeql/python-queries/Statements/ReturnOrYieldOutsideFunction.bqrs.
codeql / Analyze (python)	UNKNOWN STEP	2026-09-24T15:25:37.2331265Z [104/174 eval 71ms] Evaluation done; writing results to codeql/python-queries/Statements/ModificationOfLocals.bqrs.
codeql / Analyze (python)	UNKNOWN STEP	2026-09-24T15:25:37.2391327Z [105/174 eval 70ms] Evaluation done; writing results to codeql/python-queries/Statements/ShouldUseWithStatement.bqrs.
codeql / Analyze (python)	UNKNOWN STEP	2026-09-24T15:25:37.2470147Z [106/174 eval 104ms] Evaluation done; writing results to codeql/python-queries/Security/CWE-601/UrlRedirect.bqrs.
codeql / Analyze (python)	UNKNOWN STEP	2026-09-24T15:25:37.2741767Z [107/174 eval 130ms] Evaluation done; writing results to codeql/python-queries/Security/CWE-502/UnsafeDeserialization.bqrs.
codeql / Analyze (python)	UNKNOWN STEP	2026-09-24T15:25:37.2901781Z [108/174 eval 145ms] Evaluation done; writing results to codeql/python-queries/Security/CWE-643/XpathInjection.bqrs.
codeql / Analyze (python)	UNKNOWN STEP	2026-09-24T15:25:37.3081926Z [109/174 eval 164ms] Evaluation done; writing results to codeql/python-queries/Security/CWE-730/ReDoS.bqrs.
codeql / Analyze (python)	UNKNOWN STEP	2026-09-24T15:25:37.3621917Z [110/174 eval 217ms] Evaluation done; writing results to codeql/python-queries/Security/CWE-611/Xxe.bqrs.
codeql / Analyze (python)	UNKNOWN STEP	2026-09-24T15:25:37.3766299Z [111/174 eval 233ms] Evaluation done; writing results to codeql/python-queries/Security/CWE-730/RegexInjection.bqrs.
codeql / Analyze (python)	UNKNOWN STEP	2026-09-24T15:25:37.3844047Z [112/174 eval 239ms] Evaluation done; writing results to codeql/python-queries/Security/CWE-732/WeakFilePermissions.bqrs.
codeql / Analyze (python)	UNKNOWN STEP	2026-09-24T15:25:37.3935679Z [113/174 eval 251ms] Evaluation done; writing results to codeql/python-queries/Security/CWE-776/XmlBomb.bqrs.
codeql / Analyze (python)	UNKNOWN STEP	2026-09-24T15:25:37.4334459Z [114/174 eval 290ms] Evaluation done; writing results to codeql/python-queries/Security/CWE-918/PartialServerSideRequestForgery.bqrs.
codeql / Analyze (python)	UNKNOWN STEP	2026-09-24T15:25:37.5538639Z [115/174 eval 411ms] Evaluation done; writing results to codeql/python-queries/Security/CWE-943/NoSqlInjection.bqrs.
codeql / Analyze (python)	UNKNOWN STEP	2026-09-24T15:25:37.5645639Z [116/174 eval 422ms] Evaluation done; writing results to codeql/python-queries/Statements/BreakOrReturnInFinally.bqrs.
codeql / Analyze (python)	UNKNOWN STEP	2026-09-24T15:25:37.5680094Z [117/174 eval 425ms] Evaluation done; writing results to codeql/python-queries/Statements/ConstantInConditional.bqrs.
codeql / Analyze (python)	UNKNOWN STEP	2026-09-24T15:25:37.5835833Z [118/174 eval 439ms] Evaluation done; writing results to codeql/python-queries/Security/CWE-730/PolynomialReDoS.bqrs.
codeql / Analyze (python)	UNKNOWN STEP	2026-09-24T15:25:37.5871356Z [119/174 eval 441ms] Evaluation done; writing results to codeql/python-queries/Statements/NestedLoopsSameVariable.bqrs.
codeql / Analyze (python)	UNKNOWN STEP	2026-09-24T15:25:37.5874189Z [120/174 eval 441ms] Evaluation done; writing results to codeql/python-queries/Statements/NestedLoopsSameVariableWithReuse.bqrs.
codeql / Analyze (python)	UNKNOWN STEP	2026-09-24T15:25:37.6114031Z Starting evaluation of codeql/python-queries/Statements/StatementNoEffect.ql.
codeql / Analyze (python)	UNKNOWN STEP	2026-09-24T15:25:37.6138150Z [121/174 eval 466ms] Evaluation done; writing results to codeql/python-queries/Statements/SideEffectInAssert.bqrs.
codeql / Analyze (python)	UNKNOWN STEP	2026-09-24T15:25:37.6139850Z Starting evaluation of codeql/python-queries/Statements/TopLevelPrint.ql.
codeql / Analyze (python)	UNKNOWN STEP	2026-09-24T15:25:37.6171918Z Starting evaluation of codeql/python-queries/Statements/UnnecessaryDelete.ql.
codeql / Analyze (python)	UNKNOWN STEP	2026-09-24T15:25:37.6201152Z Starting evaluation of codeql/python-queries/Statements/UnnecessaryElseClause.ql.
codeql / Analyze (python)	UNKNOWN STEP	2026-09-24T15:25:37.6220312Z [122/174 eval 6ms] Evaluation done; writing results to codeql/python-queries/Statements/StatementNoEffect.bqrs.
codeql / Analyze (python)	UNKNOWN STEP	2026-09-24T15:25:37.6231086Z Starting evaluation of codeql/python-queries/Statements/UnnecessaryPass.ql.
codeql / Analyze (python)	UNKNOWN STEP	2026-09-24T15:25:37.6264098Z Starting evaluation of codeql/python-queries/Statements/UnreachableCode.ql.
codeql / Analyze (python)	UNKNOWN STEP	2026-09-24T15:25:37.6291177Z [123/174 eval 4ms] Evaluation done; writing results to codeql/python-queries/Statements/UnnecessaryDelete.bqrs.
codeql / Analyze (python)	UNKNOWN STEP	2026-09-24T15:25:37.6294535Z [124/174 eval 4ms] Evaluation done; writing results to codeql/python-queries/Statements/UnnecessaryElseClause.bqrs.
codeql / Analyze (python)	UNKNOWN STEP	2026-09-24T15:25:37.6321307Z [125/174 eval 4ms] Evaluation done; writing results to codeql/python-queries/Statements/UnnecessaryPass.bqrs.
codeql / Analyze (python)	UNKNOWN STEP	2026-09-24T15:25:37.6351162Z [126/174 eval 8ms] Evaluation done; writing results to codeql/python-queries/Statements/TopLevelPrint.bqrs.
codeql / Analyze (python)	UNKNOWN STEP	2026-09-24T15:25:37.6351979Z Starting evaluation of codeql/python-queries/Statements/UnusedExceptionObject.ql.
codeql / Analyze (python)	UNKNOWN STEP	2026-09-24T15:25:37.6441970Z Starting evaluation of codeql/python-queries/Statements/UseOfExit.ql.
codeql / Analyze (python)	UNKNOWN STEP	2026-09-24T15:25:37.6455271Z Starting evaluation of codeql/python-queries/Summary/LinesOfCode.ql.
codeql / Analyze (python)	UNKNOWN STEP	2026-09-24T15:25:37.6481045Z Starting evaluation of codeql/python-queries/Summary/LinesOfUserCode.ql.
codeql / Analyze (python)	UNKNOWN STEP	2026-09-24T15:25:37.6501239Z Starting evaluation of codeql/python-queries/Testing/ImpreciseAssert.ql.
codeql / Analyze (python)	UNKNOWN STEP	2026-09-24T15:25:37.6531281Z [127/174 eval 22ms] Evaluation done; writing results to codeql/python-queries/Statements/UnusedExceptionObject.bqrs.
codeql / Analyze (python)	UNKNOWN STEP	2026-09-24T15:25:37.6561132Z Starting evaluation of codeql/python-queries/Variables/GlobalAtModuleLevel.ql.
codeql / Analyze (python)	UNKNOWN STEP	2026-09-24T15:25:37.6571207Z [128/174 eval 3ms] Evaluation done; writing results to codeql/python-queries/Statements/UseOfExit.bqrs.
codeql / Analyze (python)	UNKNOWN STEP	2026-09-24T15:25:37.6591200Z Starting evaluation of codeql/python-queries/Variables/LeakingListComprehension.ql.
codeql / Analyze (python)	UNKNOWN STEP	2026-09-24T15:25:37.6621349Z [129/174 eval 3ms] Evaluation done; writing results to codeql/python-queries/Summary/LinesOfCode.bqrs.
codeql / Analyze (python)	UNKNOWN STEP	2026-09-24T15:25:37.6650049Z [130/174 eval 29ms] Evaluation done; writing results to codeql/python-queries/Statements/UnreachableCode.bqrs.
codeql / Analyze (python)	UNKNOWN STEP	2026-09-24T15:25:37.6661198Z [131/174 eval 2ms] Evaluation done; writing results to codeql/python-queries/Testing/ImpreciseAssert.bqrs.
codeql / Analyze (python)	UNKNOWN STEP	2026-09-24T15:25:37.6691247Z [132/174 eval 1ms] Evaluation done; writing results to codeql/python-queries/Variables/GlobalAtModuleLevel.bqrs.
codeql / Analyze (python)	UNKNOWN STEP	2026-09-24T15:25:37.6724984Z [133/174 eval 18ms] Evaluation done; writing results to codeql/python-queries/Summary/LinesOfUserCode.bqrs.
codeql / Analyze (python)	UNKNOWN STEP	2026-09-24T15:25:37.6741270Z Starting evaluation of codeql/python-queries/Variables/LoopVariableCapture/LoopVariableCapture.ql.
codeql / Analyze (python)	UNKNOWN STEP	2026-09-24T15:25:37.6755270Z [134/174 eval 26ms] Evaluation done; writing results to codeql/python-queries/Variables/LeakingListComprehension.bqrs.
codeql / Analyze (python)	UNKNOWN STEP	2026-09-24T15:25:37.6801138Z Starting evaluation of codeql/python-queries/Variables/MultiplyDefined.ql.
codeql / Analyze (python)	UNKNOWN STEP	2026-09-24T15:25:37.7071680Z Starting evaluation of codeql/python-queries/Variables/SuspiciousUnusedLoopIterationVariable.ql.
codeql / Analyze (python)	UNKNOWN STEP	2026-09-24T15:25:37.7131496Z [135/174 eval 44ms] Evaluation done; writing results to codeql/python-queries/Variables/LoopVariableCapture/LoopVariableCapture.bqrs.
codeql / Analyze (python)	UNKNOWN STEP	2026-09-24T15:25:37.7180857Z [136/174 eval 42ms] Evaluation done; writing results to codeql/python-queries/Variables/MultiplyDefined.bqrs.
codeql / Analyze (python)	UNKNOWN STEP	2026-09-24T15:25:37.7231157Z Starting evaluation of codeql/python-queries/Variables/UndefinedExport.ql.
codeql / Analyze (python)	UNKNOWN STEP	2026-09-24T15:25:37.7261069Z Starting evaluation of codeql/python-queries/Variables/UndefinedPlaceHolder.ql.
codeql / Analyze (python)	UNKNOWN STEP	2026-09-24T15:25:37.7282571Z Starting evaluation of codeql/python-queries/Variables/UninitializedLocal.ql.
codeql / Analyze (python)	UNKNOWN STEP	2026-09-24T15:25:37.7321198Z [137/174 eval 3ms] Evaluation done; writing results to codeql/python-queries/Variables/UndefinedPlaceHolder.bqrs.
codeql / Analyze (python)	UNKNOWN STEP	2026-09-24T15:25:37.7402138Z Starting evaluation of codeql/python-queries/Variables/UnusedLocalVariable.ql.
codeql / Analyze (python)	UNKNOWN STEP	2026-09-24T15:25:37.7481617Z [138/174 eval 37ms] Evaluation done; writing results to codeql/python-queries/Variables/SuspiciousUnusedLoopIterationVariable.bqrs.
codeql / Analyze (python)	UNKNOWN STEP	2026-09-24T15:25:37.7762936Z [139/174 eval 34ms] Evaluation done; writing results to codeql/python-queries/Variables/UnusedLocalVariable.bqrs.
codeql / Analyze (python)	UNKNOWN STEP	2026-09-24T15:25:37.7881531Z Starting evaluation of codeql/python-queries/Variables/UnusedModuleVariable.ql.
codeql / Analyze (python)	UNKNOWN STEP	2026-09-24T15:25:37.9132348Z [140/174 eval 770ms] Evaluation done; writing results to codeql/python-queries/Security/CWE-918/FullServerSideRequestForgery.bqrs.
codeql / Analyze (python)	UNKNOWN STEP	2026-09-24T15:25:38.7644021Z [141/174 eval 3.6s] Evaluation done; writing results to codeql/python-queries/Imports/ModuleImportsItself.bqrs.
codeql / Analyze (python)	UNKNOWN STEP	2026-09-24T15:25:38.7675150Z [142/174 eval 1.6s] Evaluation done; writing results to codeql/python-queries/Statements/MismatchInMultipleAssignment.bqrs.
codeql / Analyze (python)	UNKNOWN STEP	2026-09-24T15:25:38.7880766Z [143/174 eval 5.6s] Evaluation done; writing results to codeql/python-queries/Classes/InconsistentMRO.bqrs.
codeql / Analyze (python)	UNKNOWN STEP	2026-09-24T15:25:38.7948527Z [144/174 eval 4.7s] Evaluation done; writing results to codeql/python-queries/Classes/WrongNameForArgumentInClassInstantiation.bqrs.
codeql / Analyze (python)	UNKNOWN STEP	2026-09-24T15:25:38.7999867Z [145/174 eval 5.5s] Evaluation done; writing results to codeql/python-queries/Classes/OverwritingAttributeInSuperClass.bqrs.
codeql / Analyze (python)	UNKNOWN STEP	2026-09-24T15:25:38.8121707Z [146/174 eval 4.6s] Evaluation done; writing results to codeql/python-queries/Exceptions/IllegalExceptionHandlerType.bqrs.
codeql / Analyze (python)	UNKNOWN STEP	2026-09-24T15:25:38.8162763Z [147/174 eval 4.7s] Evaluation done; writing results to codeql/python-queries/Exceptions/IllegalRaise.bqrs.
codeql / Analyze (python)	UNKNOWN STEP	2026-09-24T15:25:38.8357567Z [148/174 eval 5.8s] Evaluation done; writing results to codeql/python-queries/Classes/ConflictingAttributesInBaseClasses.bqrs.
codeql / Analyze (python)	UNKNOWN STEP	2026-09-24T15:25:38.8365322Z [149/174 eval 1.7s] Evaluation done; writing results to codeql/python-queries/Statements/IterableStringOrSequence.bqrs.
codeql / Analyze (python)	UNKNOWN STEP	2026-09-24T15:25:38.8380079Z [150/174 eval 4.3s] Evaluation done; writing results to codeql/python-queries/Expressions/ContainsNonContainer.bqrs.
codeql / Analyze (python)	UNKNOWN STEP	2026-09-24T15:25:38.8427950Z [151/174 eval 1.7s] Evaluation done; writing results to codeql/python-queries/Statements/NonIteratorInForLoop.bqrs.
codeql / Analyze (python)	UNKNOWN STEP	2026-09-24T15:25:38.8504531Z [152/174 eval 4.8s] Evaluation done; writing results to codeql/python-queries/Classes/WrongNumberArgumentsInClassInstantiation.bqrs.
codeql / Analyze (python)	UNKNOWN STEP	2026-09-24T15:25:38.8625056Z [153/174 eval 4.2s] Evaluation done; writing results to codeql/python-queries/Expressions/HashedButNoHash.bqrs.
codeql / Analyze (python)	UNKNOWN STEP	2026-09-24T15:25:38.8652081Z [154/174 eval 4.2s] Evaluation done; writing results to codeql/python-queries/Expressions/TruncatedDivision.bqrs.
codeql / Analyze (python)	UNKNOWN STEP	2026-09-24T15:25:38.8653783Z [155/174 eval 4.2s] Evaluation done; writing results to codeql/python-queries/Expressions/NonCallableCalled.bqrs.
codeql / Analyze (python)	UNKNOWN STEP	2026-09-24T15:25:38.8655026Z [156/174 eval 4.2s] Evaluation done; writing results to codeql/python-queries/Expressions/WrongNameForArgumentInCall.bqrs.
codeql / Analyze (python)	UNKNOWN STEP	2026-09-24T15:25:38.8656333Z [157/174 eval 4.3s] Evaluation done; writing results to codeql/python-queries/Expressions/Formatting/UnusedArgumentIn3101Format.bqrs.
codeql / Analyze (python)	UNKNOWN STEP	2026-09-24T15:25:38.8659217Z [158/174 eval 4.2s] Evaluation done; writing results to codeql/python-queries/Expressions/Formatting/WrongNumberArgumentsFor3101Format.bqrs.
codeql / Analyze (python)	UNKNOWN STEP	2026-09-24T15:25:38.8665897Z [159/174 eval 4.3s] Evaluation done; writing results to codeql/python-queries/Expressions/Formatting/UnusedNamedArgumentIn3101Format.bqrs.
codeql / Analyze (python)	UNKNOWN STEP	2026-09-24T15:25:38.8672770Z [160/174 eval 4.2s] Evaluation done; writing results to codeql/python-queries/Expressions/Formatting/WrongNameInArgumentsFor3101Format.bqrs.
codeql / Analyze (python)	UNKNOWN STEP	2026-09-24T15:25:38.8841563Z [161/174 eval 4.2s] Evaluation done; writing results to codeql/python-queries/Functions/IncorrectlyOverriddenMethod.bqrs.
codeql / Analyze (python)	UNKNOWN STEP	2026-09-24T15:25:38.8845984Z [162/174 eval 4.2s] Evaluation done; writing results to codeql/python-queries/Expressions/WrongNumberArgumentsInCall.bqrs.
codeql / Analyze (python)	UNKNOWN STEP	2026-09-24T15:25:38.8901413Z [163/174 eval 3.8s] Evaluation done; writing results to codeql/python-queries/Functions/OverlyComplexDelMethod.bqrs.
codeql / Analyze (python)	UNKNOWN STEP	2026-09-24T15:25:38.8921658Z [164/174 eval 4.2s] Evaluation done; writing results to codeql/python-queries/Functions/ConsistentReturns.bqrs.
codeql / Analyze (python)	UNKNOWN STEP	2026-09-24T15:25:38.8923714Z [165/174 eval 4.2s] Evaluation done; writing results to codeql/python-queries/Functions/IncorrectlySpecifiedOverriddenMethod.bqrs.
codeql / Analyze (python)	UNKNOWN STEP	2026-09-24T15:25:38.8924907Z [166/174 eval 4.2s] Evaluation done; writing results to codeql/python-queries/Functions/IterReturnsNonIterator.bqrs.
codeql / Analyze (python)	UNKNOWN STEP	2026-09-24T15:25:38.8971266Z [167/174 eval 3.7s] Evaluation done; writing results to codeql/python-queries/Imports/FromImportOfMutableAttribute.bqrs.
codeql / Analyze (python)	UNKNOWN STEP	2026-09-24T15:25:38.9004249Z [168/174 eval 3.8s] Evaluation done; writing results to codeql/python-queries/Functions/UseImplicitNoneReturnValue.bqrs.
codeql / Analyze (python)	UNKNOWN STEP	2026-09-24T15:25:38.9049886Z [169/174 eval 3.8s] Evaluation done; writing results to codeql/python-queries/Imports/CyclicImport.bqrs.
codeql / Analyze (python)	UNKNOWN STEP	2026-09-24T15:25:38.9084308Z [170/174 eval 3.7s] Evaluation done; writing results to codeql/python-queries/Imports/ModuleLevelCyclicImport.bqrs.
codeql / Analyze (python)	UNKNOWN STEP	2026-09-24T15:25:38.9114087Z [171/174 eval 1.8s] Evaluation done; writing results to codeql/python-queries/Statements/RedundantAssignment.bqrs.
codeql / Analyze (python)	UNKNOWN STEP	2026-09-24T15:25:38.9188626Z [172/174 eval 1.1s] Evaluation done; writing results to codeql/python-queries/Variables/UnusedModuleVariable.bqrs.
codeql / Analyze (python)	UNKNOWN STEP	2026-09-24T15:25:38.9201699Z [173/174 eval 1.2s] Evaluation done; writing results to codeql/python-queries/Variables/UndefinedExport.bqrs.
codeql / Analyze (python)	UNKNOWN STEP	2026-09-24T15:25:38.9333331Z [174/174 eval 1.2s] Evaluation done; writing results to codeql/python-queries/Variables/UninitializedLocal.bqrs.
codeql / Analyze (python)	UNKNOWN STEP	2026-09-24T15:25:38.9334041Z Shutting down query evaluator.
codeql / Analyze (python)	UNKNOWN STEP	2026-09-24T15:25:39.0113947Z Interpreting code scanning results for python
codeql / Analyze (python)	UNKNOWN STEP	2026-09-24T15:25:39.5873810Z Writing logs to /home/runner/work/_temp/codeql_databases/python/log/database-interpret-results-20260924.152539.585.log.
codeql / Analyze (python)	UNKNOWN STEP	2026-09-24T15:25:39.7072657Z Recording pack reference codeql/python-queries at /opt/hostedtoolcache/CodeQL/2.27.1/x64/codeql/qlpacks/codeql/python-queries/1.8.11.
codeql / Analyze (python)	UNKNOWN STEP	2026-09-24T15:25:39.7801771Z Resolving extensions
codeql / Analyze (python)	UNKNOWN STEP	2026-09-24T15:25:40.7777322Z Interpreting /opt/hostedtoolcache/CodeQL/2.27.1/x64/codeql/qlpacks/codeql/python-queries/1.8.11/Expressions/UseofInput.ql...
codeql / Analyze (python)	UNKNOWN STEP	2026-09-24T15:25:40.7982153Z  ... found results file at /home/runner/work/_temp/codeql_databases/python/results/codeql/python-queries/Expressions/UseofInput.bqrs.
codeql / Analyze (python)	UNKNOWN STEP	2026-09-24T15:25:40.8131028Z Interpreting /opt/hostedtoolcache/CodeQL/2.27.1/x64/codeql/qlpacks/codeql/python-queries/1.8.11/Security/CWE-918/FullServerSideRequestForgery.ql...
codeql / Analyze (python)	UNKNOWN STEP	2026-09-24T15:25:40.8206104Z  ... found results file at /home/runner/work/_temp/codeql_databases/python/results/codeql/python-queries/Security/CWE-918/FullServerSideRequestForgery.bqrs.
codeql / Analyze (python)	UNKNOWN STEP	2026-09-24T15:25:40.8211809Z Interpreting /opt/hostedtoolcache/CodeQL/2.27.1/x64/codeql/qlpacks/codeql/python-queries/1.8.11/Security/CWE-079/ReflectedXss.ql...
codeql / Analyze (python)	UNKNOWN STEP	2026-09-24T15:25:40.8321987Z  ... found results file at /home/runner/work/_temp/codeql_databases/python/results/codeql/python-queries/Security/CWE-079/ReflectedXss.bqrs.
codeql / Analyze (python)	UNKNOWN STEP	2026-09-24T15:25:40.8323759Z Interpreting /opt/hostedtoolcache/CodeQL/2.27.1/x64/codeql/qlpacks/codeql/python-queries/1.8.11/Security/CWE-326/WeakCryptoKey.ql...
codeql / Analyze (python)	UNKNOWN STEP	2026-09-24T15:25:40.8399485Z  ... found results file at /home/runner/work/_temp/codeql_databases/python/results/codeql/python-queries/Security/CWE-326/WeakCryptoKey.bqrs.
codeql / Analyze (python)	UNKNOWN STEP	2026-09-24T15:25:40.8441431Z Interpreting /opt/hostedtoolcache/CodeQL/2.27.1/x64/codeql/qlpacks/codeql/python-queries/1.8.11/Security/CWE-022/PathInjection.ql...
codeql / Analyze (python)	UNKNOWN STEP	2026-09-24T15:25:40.8483735Z  ... found results file at /home/runner/work/_temp/codeql_databases/python/results/codeql/python-queries/Security/CWE-022/PathInjection.bqrs.
codeql / Analyze (python)	UNKNOWN STEP	2026-09-24T15:25:40.8530926Z Interpreting /opt/hostedtoolcache/CodeQL/2.27.1/x64/codeql/qlpacks/codeql/python-queries/1.8.11/Security/CWE-116/BadTagFilter.ql...
codeql / Analyze (python)	UNKNOWN STEP	2026-09-24T15:25:40.8560225Z  ... found results file at /home/runner/work/_temp/codeql_databases/python/results/codeql/python-queries/Security/CWE-116/BadTagFilter.bqrs.
codeql / Analyze (python)	UNKNOWN STEP	2026-09-24T15:25:40.8588313Z Interpreting /opt/hostedtoolcache/CodeQL/2.27.1/x64/codeql/qlpacks/codeql/python-queries/1.8.11/Security/CWE-943/NoSqlInjection.ql...
codeql / Analyze (python)	UNKNOWN STEP	2026-09-24T15:25:40.8651630Z  ... found results file at /home/runner/work/_temp/codeql_databases/python/results/codeql/python-queries/Security/CWE-943/NoSqlInjection.bqrs.
codeql / Analyze (python)	UNKNOWN STEP	2026-09-24T15:25:40.8661828Z Interpreting /opt/hostedtoolcache/CodeQL/2.27.1/x64/codeql/qlpacks/codeql/python-queries/1.8.11/Security/CWE-209/StackTraceExposure.ql...
codeql / Analyze (python)	UNKNOWN STEP	2026-09-24T15:25:40.8711837Z  ... found results file at /home/runner/work/_temp/codeql_databases/python/results/codeql/python-queries/Security/CWE-209/StackTraceExposure.bqrs.
codeql / Analyze (python)	UNKNOWN STEP	2026-09-24T15:25:40.8746068Z Interpreting /opt/hostedtoolcache/CodeQL/2.27.1/x64/codeql/qlpacks/codeql/python-queries/1.8.11/Security/CWE-643/XpathInjection.ql...
codeql / Analyze (python)	UNKNOWN STEP	2026-09-24T15:25:40.8791682Z  ... found results file at /home/runner/work/_temp/codeql_databases/python/results/codeql/python-queries/Security/CWE-643/XpathInjection.bqrs.
codeql / Analyze (python)	UNKNOWN STEP	2026-09-24T15:25:40.8802669Z Interpreting /opt/hostedtoolcache/CodeQL/2.27.1/x64/codeql/qlpacks/codeql/python-queries/1.8.11/Security/CWE-094/CodeInjection.ql...
codeql / Analyze (python)	UNKNOWN STEP	2026-09-24T15:25:40.8854461Z  ... found results file at /home/runner/work/_temp/codeql_databases/python/results/codeql/python-queries/Security/CWE-094/CodeInjection.bqrs.
codeql / Analyze (python)	UNKNOWN STEP	2026-09-24T15:25:40.8855619Z Interpreting /opt/hostedtoolcache/CodeQL/2.27.1/x64/codeql/qlpacks/codeql/python-queries/1.8.11/Security/CWE-377/InsecureTemporaryFile.ql...
codeql / Analyze (python)	UNKNOWN STEP	2026-09-24T15:25:40.8909186Z  ... found results file at /home/runner/work/_temp/codeql_databases/python/results/codeql/python-queries/Security/CWE-377/InsecureTemporaryFile.bqrs.
codeql / Analyze (python)	UNKNOWN STEP	2026-09-24T15:25:40.8946788Z Interpreting /opt/hostedtoolcache/CodeQL/2.27.1/x64/codeql/qlpacks/codeql/python-queries/1.8.11/Security/CWE-730/PolynomialReDoS.ql...
codeql / Analyze (python)	UNKNOWN STEP	2026-09-24T15:25:40.8984404Z  ... found results file at /home/runner/work/_temp/codeql_databases/python/results/codeql/python-queries/Security/CWE-730/PolynomialReDoS.bqrs.
codeql / Analyze (python)	UNKNOWN STEP	2026-09-24T15:25:40.9025543Z Interpreting /opt/hostedtoolcache/CodeQL/2.27.1/x64/codeql/qlpacks/codeql/python-queries/1.8.11/Security/CWE-730/ReDoS.ql...
codeql / Analyze (python)	UNKNOWN STEP	2026-09-24T15:25:40.9031755Z  ... found results file at /home/runner/work/_temp/codeql_databases/python/results/codeql/python-queries/Security/CWE-730/ReDoS.bqrs.
codeql / Analyze (python)	UNKNOWN STEP	2026-09-24T15:25:40.9051499Z Interpreting /opt/hostedtoolcache/CodeQL/2.27.1/x64/codeql/qlpacks/codeql/python-queries/1.8.11/Security/CWE-730/RegexInjection.ql...
codeql / Analyze (python)	UNKNOWN STEP	2026-09-24T15:25:40.9091523Z  ... found results file at /home/runner/work/_temp/codeql_databases/python/results/codeql/python-queries/Security/CWE-730/RegexInjection.bqrs.
codeql / Analyze (python)	UNKNOWN STEP	2026-09-24T15:25:40.9121481Z Interpreting /opt/hostedtoolcache/CodeQL/2.27.1/x64/codeql/qlpacks/codeql/python-queries/1.8.11/Security/CWE-295/MissingHostKeyValidation.ql...
codeql / Analyze (python)	UNKNOWN STEP	2026-09-24T15:25:40.9151424Z  ... found results file at /home/runner/work/_temp/codeql_databases/python/results/codeql/python-queries/Security/CWE-295/MissingHostKeyValidation.bqrs.
codeql / Analyze (python)	UNKNOWN STEP	2026-09-24T15:25:40.9168368Z Interpreting /opt/hostedtoolcache/CodeQL/2.27.1/x64/codeql/qlpacks/codeql/python-queries/1.8.11/Security/CWE-601/UrlRedirect.ql...
codeql / Analyze (python)	UNKNOWN STEP	2026-09-24T15:25:40.9210260Z  ... found results file at /home/runner/work/_temp/codeql_databases/python/results/codeql/python-queries/Security/CWE-601/UrlRedirect.bqrs.
codeql / Analyze (python)	UNKNOWN STEP	2026-09-24T15:25:40.9241461Z Interpreting /opt/hostedtoolcache/CodeQL/2.27.1/x64/codeql/qlpacks/codeql/python-queries/1.8.11/Security/CWE-611/Xxe.ql...
codeql / Analyze (python)	UNKNOWN STEP	2026-09-24T15:25:40.9271375Z  ... found results file at /home/runner/work/_temp/codeql_databases/python/results/codeql/python-queries/Security/CWE-611/Xxe.bqrs.
codeql / Analyze (python)	UNKNOWN STEP	2026-09-24T15:25:40.9272919Z Interpreting /opt/hostedtoolcache/CodeQL/2.27.1/x64/codeql/qlpacks/codeql/python-queries/1.8.11/Security/CWE-1275/SameSiteNoneCookie.ql...
codeql / Analyze (python)	UNKNOWN STEP	2026-09-24T15:25:40.9312902Z  ... found results file at /home/runner/work/_temp/codeql_databases/python/results/codeql/python-queries/Security/CWE-1275/SameSiteNoneCookie.bqrs.
codeql / Analyze (python)	UNKNOWN STEP	2026-09-24T15:25:40.9332608Z Interpreting /opt/hostedtoolcache/CodeQL/2.27.1/x64/codeql/qlpacks/codeql/python-queries/1.8.11/Security/CWE-352/CSRFProtectionDisabled.ql...
codeql / Analyze (python)	UNKNOWN STEP	2026-09-24T15:25:40.9370828Z  ... found results file at /home/runner/work/_temp/codeql_databases/python/results/codeql/python-queries/Security/CWE-352/CSRFProtectionDisabled.bqrs.
codeql / Analyze (python)	UNKNOWN STEP	2026-09-24T15:25:40.9392830Z Interpreting /opt/hostedtoolcache/CodeQL/2.27.1/x64/codeql/qlpacks/codeql/python-queries/1.8.11/Security/CWE-312/CleartextStorage.ql...
codeql / Analyze (python)	UNKNOWN STEP	2026-09-24T15:25:40.9417506Z  ... found results file at /home/runner/work/_temp/codeql_databases/python/results/codeql/python-queries/Security/CWE-312/CleartextStorage.bqrs.
codeql / Analyze (python)	UNKNOWN STEP	2026-09-24T15:25:40.9442065Z Interpreting /opt/hostedtoolcache/CodeQL/2.27.1/x64/codeql/qlpacks/codeql/python-queries/1.8.11/Security/CWE-312/CleartextLogging.ql...
codeql / Analyze (python)	UNKNOWN STEP	2026-09-24T15:25:40.9471183Z  ... found results file at /home/runner/work/_temp/codeql_databases/python/results/codeql/python-queries/Security/CWE-312/CleartextLogging.bqrs.
codeql / Analyze (python)	UNKNOWN STEP	2026-09-24T15:25:40.9476360Z Interpreting /opt/hostedtoolcache/CodeQL/2.27.1/x64/codeql/qlpacks/codeql/python-queries/1.8.11/Security/CWE-776/XmlBomb.ql...
codeql / Analyze (python)	UNKNOWN STEP	2026-09-24T15:25:40.9532577Z  ... found results file at /home/runner/work/_temp/codeql_databases/python/results/codeql/python-queries/Security/CWE-776/XmlBomb.bqrs.
codeql / Analyze (python)	UNKNOWN STEP	2026-09-24T15:25:40.9537506Z Interpreting /opt/hostedtoolcache/CodeQL/2.27.1/x64/codeql/qlpacks/codeql/python-queries/1.8.11/Security/CWE-1004/NonHttpOnlyCookie.ql...
codeql / Analyze (python)	UNKNOWN STEP	2026-09-24T15:25:40.9601231Z  ... found results file at /home/runner/work/_temp/codeql_databases/python/results/codeql/python-queries/Security/CWE-1004/NonHttpOnlyCookie.bqrs.
codeql / Analyze (python)	UNKNOWN STEP	2026-09-24T15:25:40.9602839Z Interpreting /opt/hostedtoolcache/CodeQL/2.27.1/x64/codeql/qlpacks/codeql/python-queries/1.8.11/Security/CWE-502/UnsafeDeserialization.ql...
codeql / Analyze (python)	UNKNOWN STEP	2026-09-24T15:25:40.9642031Z  ... found results file at /home/runner/work/_temp/codeql_databases/python/results/codeql/python-queries/Security/CWE-502/UnsafeDeserialization.bqrs.
codeql / Analyze (python)	UNKNOWN STEP	2026-09-24T15:25:40.9644069Z Interpreting /opt/hostedtoolcache/CodeQL/2.27.1/x64/codeql/qlpacks/codeql/python-queries/1.8.11/Security/CWE-089/SqlInjection.ql...
codeql / Analyze (python)	UNKNOWN STEP	2026-09-24T15:25:40.9681824Z  ... found results file at /home/runner/work/_temp/codeql_databases/python/results/codeql/python-queries/Security/CWE-089/SqlInjection.bqrs.
codeql / Analyze (python)	UNKNOWN STEP	2026-09-24T15:25:40.9692655Z Interpreting /opt/hostedtoolcache/CodeQL/2.27.1/x64/codeql/qlpacks/codeql/python-queries/1.8.11/Security/CVE-2018-1281/BindToAllInterfaces.ql...
codeql / Analyze (python)	UNKNOWN STEP	2026-09-24T15:25:40.9732682Z  ... found results file at /home/runner/work/_temp/codeql_databases/python/results/codeql/python-queries/Security/CVE-2018-1281/BindToAllInterfaces.bqrs.
codeql / Analyze (python)	UNKNOWN STEP	2026-09-24T15:25:40.9755047Z Interpreting /opt/hostedtoolcache/CodeQL/2.27.1/x64/codeql/qlpacks/codeql/python-queries/1.8.11/Security/CWE-078/CommandInjection.ql...
codeql / Analyze (python)	UNKNOWN STEP	2026-09-24T15:25:40.9791555Z  ... found results file at /home/runner/work/_temp/codeql_databases/python/results/codeql/python-queries/Security/CWE-078/CommandInjection.bqrs.
codeql / Analyze (python)	UNKNOWN STEP	2026-09-24T15:25:40.9819501Z Interpreting /opt/hostedtoolcache/CodeQL/2.27.1/x64/codeql/qlpacks/codeql/python-queries/1.8.11/Security/CWE-074/TemplateInjection.ql...
codeql / Analyze (python)	UNKNOWN STEP	2026-09-24T15:25:40.9852511Z  ... found results file at /home/runner/work/_temp/codeql_databases/python/results/codeql/python-queries/Security/CWE-074/TemplateInjection.bqrs.
codeql / Analyze (python)	UNKNOWN STEP	2026-09-24T15:25:40.9853673Z Interpreting /opt/hostedtoolcache/CodeQL/2.27.1/x64/codeql/qlpacks/codeql/python-queries/1.8.11/Security/CWE-215/FlaskDebug.ql...
codeql / Analyze (python)	UNKNOWN STEP	2026-09-24T15:25:40.9901515Z  ... found results file at /home/runner/work/_temp/codeql_databases/python/results/codeql/python-queries/Security/CWE-215/FlaskDebug.bqrs.
codeql / Analyze (python)	UNKNOWN STEP	2026-09-24T15:25:40.9932427Z Interpreting /opt/hostedtoolcache/CodeQL/2.27.1/x64/codeql/qlpacks/codeql/python-queries/1.8.11/Security/CWE-090/LdapInjection.ql...
codeql / Analyze (python)	UNKNOWN STEP	2026-09-24T15:25:40.9934016Z  ... found results file at /home/runner/work/_temp/codeql_databases/python/results/codeql/python-queries/Security/CWE-090/LdapInjection.bqrs.
codeql / Analyze (python)	UNKNOWN STEP	2026-09-24T15:25:40.9935351Z Interpreting /opt/hostedtoolcache/CodeQL/2.27.1/x64/codeql/qlpacks/codeql/python-queries/1.8.11/Security/CWE-327/WeakSensitiveDataHashing.ql...
codeql / Analyze (python)	UNKNOWN STEP	2026-09-24T15:25:40.9969295Z  ... found results file at /home/runner/work/_temp/codeql_databases/python/results/codeql/python-queries/Security/CWE-327/WeakSensitiveDataHashing.bqrs.
codeql / Analyze (python)	UNKNOWN STEP	2026-09-24T15:25:40.9975460Z Interpreting /opt/hostedtoolcache/CodeQL/2.27.1/x64/codeql/qlpacks/codeql/python-queries/1.8.11/Security/CWE-327/InsecureProtocol.ql...
codeql / Analyze (python)	UNKNOWN STEP	2026-09-24T15:25:41.0033008Z  ... found results file at /home/runner/work/_temp/codeql_databases/python/results/codeql/python-queries/Security/CWE-327/InsecureProtocol.bqrs.
codeql / Analyze (python)	UNKNOWN STEP	2026-09-24T15:25:41.0044613Z Interpreting /opt/hostedtoolcache/CodeQL/2.27.1/x64/codeql/qlpacks/codeql/python-queries/1.8.11/Security/CWE-327/BrokenCryptoAlgorithm.ql...
codeql / Analyze (python)	UNKNOWN STEP	2026-09-24T15:25:41.0074444Z  ... found results file at /home/runner/work/_temp/codeql_databases/python/results/codeql/python-queries/Security/CWE-327/BrokenCryptoAlgorithm.bqrs.
codeql / Analyze (python)	UNKNOWN STEP	2026-09-24T15:25:41.0079232Z Interpreting /opt/hostedtoolcache/CodeQL/2.27.1/x64/codeql/qlpacks/codeql/python-queries/1.8.11/Security/CWE-327/InsecureDefaultProtocol.ql...
codeql / Analyze (python)	UNKNOWN STEP	2026-09-24T15:25:41.0131695Z  ... found results file at /home/runner/work/_temp/codeql_databases/python/results/codeql/python-queries/Security/CWE-327/InsecureDefaultProtocol.bqrs.
codeql / Analyze (python)	UNKNOWN STEP	2026-09-24T15:25:41.0159404Z Interpreting /opt/hostedtoolcache/CodeQL/2.27.1/x64/codeql/qlpacks/codeql/python-queries/1.8.11/Security/CWE-614/InsecureCookie.ql...
codeql / Analyze (python)	UNKNOWN STEP	2026-09-24T15:25:41.0191849Z  ... found results file at /home/runner/work/_temp/codeql_databases/python/results/codeql/python-queries/Security/CWE-614/InsecureCookie.bqrs.
codeql / Analyze (python)	UNKNOWN STEP	2026-09-24T15:25:41.0193381Z Interpreting /opt/hostedtoolcache/CodeQL/2.27.1/x64/codeql/qlpacks/codeql/python-queries/1.8.11/Security/CWE-285/PamAuthorization.ql...
codeql / Analyze (python)	UNKNOWN STEP	2026-09-24T15:25:41.0231785Z  ... found results file at /home/runner/work/_temp/codeql_databases/python/results/codeql/python-queries/Security/CWE-285/PamAuthorization.bqrs.
codeql / Analyze (python)	UNKNOWN STEP	2026-09-24T15:25:41.0233475Z Interpreting /opt/hostedtoolcache/CodeQL/2.27.1/x64/codeql/qlpacks/codeql/python-queries/1.8.11/Security/CWE-020/IncompleteUrlSubstringSanitization.ql...
codeql / Analyze (python)	UNKNOWN STEP	2026-09-24T15:25:41.0272810Z  ... found results file at /home/runner/work/_temp/codeql_databases/python/results/codeql/python-queries/Security/CWE-020/IncompleteUrlSubstringSanitization.bqrs.
codeql / Analyze (python)	UNKNOWN STEP	2026-09-24T15:25:41.0291631Z Interpreting /opt/hostedtoolcache/CodeQL/2.27.1/x64/codeql/qlpacks/codeql/python-queries/1.8.11/Security/CWE-020/IncompleteHostnameRegExp.ql...
codeql / Analyze (python)	UNKNOWN STEP	2026-09-24T15:25:41.0325961Z  ... found results file at /home/runner/work/_temp/codeql_databases/python/results/codeql/python-queries/Security/CWE-020/IncompleteHostnameRegExp.bqrs.
codeql / Analyze (python)	UNKNOWN STEP	2026-09-24T15:25:41.0352083Z Interpreting /opt/hostedtoolcache/CodeQL/2.27.1/x64/codeql/qlpacks/codeql/python-queries/1.8.11/Security/CWE-020/OverlyLargeRange.ql...
codeql / Analyze (python)	UNKNOWN STEP	2026-09-24T15:25:41.0371543Z  ... found results file at /home/runner/work/_temp/codeql_databases/python/results/codeql/python-queries/Security/CWE-020/OverlyLargeRange.bqrs.
codeql / Analyze (python)	UNKNOWN STEP	2026-09-24T15:25:41.0381551Z Interpreting /opt/hostedtoolcache/CodeQL/2.27.1/x64/codeql/qlpacks/codeql/python-queries/1.8.11/Security/CWE-020/CookieInjection.ql...
codeql / Analyze (python)	UNKNOWN STEP	2026-09-24T15:25:41.0422631Z  ... found results file at /home/runner/work/_temp/codeql_databases/python/results/codeql/python-queries/Security/CWE-020/CookieInjection.bqrs.
codeql / Analyze (python)	UNKNOWN STEP	2026-09-24T15:25:41.0441382Z Interpreting /opt/hostedtoolcache/CodeQL/2.27.1/x64/codeql/qlpacks/codeql/python-queries/1.8.11/Security/CWE-113/HeaderInjection.ql...
codeql / Analyze (python)	UNKNOWN STEP	2026-09-24T15:25:41.0482435Z  ... found results file at /home/runner/work/_temp/codeql_databases/python/results/codeql/python-queries/Security/CWE-113/HeaderInjection.bqrs.
codeql / Analyze (python)	UNKNOWN STEP	2026-09-24T15:25:41.0501939Z Interpreting /opt/hostedtoolcache/CodeQL/2.27.1/x64/codeql/qlpacks/codeql/python-queries/1.8.11/Security/CWE-918/PartialServerSideRequestForgery.ql...
codeql / Analyze (python)	UNKNOWN STEP	2026-09-24T15:25:41.0515606Z  ... found results file at /home/runner/work/_temp/codeql_databases/python/results/codeql/python-queries/Security/CWE-918/PartialServerSideRequestForgery.bqrs.
codeql / Analyze (python)	UNKNOWN STEP	2026-09-24T15:25:41.0520684Z Interpreting /opt/hostedtoolcache/CodeQL/2.27.1/x64/codeql/qlpacks/codeql/python-queries/1.8.11/Security/CWE-079/Jinja2WithoutEscaping.ql...
codeql / Analyze (python)	UNKNOWN STEP	2026-09-24T15:25:41.0578566Z  ... found results file at /home/runner/work/_temp/codeql_databases/python/results/codeql/python-queries/Security/CWE-079/Jinja2WithoutEscaping.bqrs.
codeql / Analyze (python)	UNKNOWN STEP	2026-09-24T15:25:41.0582725Z Interpreting /opt/hostedtoolcache/CodeQL/2.27.1/x64/codeql/qlpacks/codeql/python-queries/1.8.11/Security/CWE-022/TarSlip.ql...
codeql / Analyze (python)	UNKNOWN STEP	2026-09-24T15:25:41.0628652Z  ... found results file at /home/runner/work/_temp/codeql_databases/python/results/codeql/python-queries/Security/CWE-022/TarSlip.bqrs.
codeql / Analyze (python)	UNKNOWN STEP	2026-09-24T15:25:41.0633174Z Interpreting /opt/hostedtoolcache/CodeQL/2.27.1/x64/codeql/qlpacks/codeql/python-queries/1.8.11/Security/CWE-295/RequestWithoutValidation.ql...
codeql / Analyze (python)	UNKNOWN STEP	2026-09-24T15:25:41.0678220Z  ... found results file at /home/runner/work/_temp/codeql_databases/python/results/codeql/python-queries/Security/CWE-295/RequestWithoutValidation.bqrs.
codeql / Analyze (python)	UNKNOWN STEP	2026-09-24T15:25:41.0711541Z Interpreting /opt/hostedtoolcache/CodeQL/2.27.1/x64/codeql/qlpacks/codeql/python-queries/1.8.11/Security/CWE-732/WeakFilePermissions.ql...
codeql / Analyze (python)	UNKNOWN STEP	2026-09-24T15:25:41.0725061Z  ... found results file at /home/runner/work/_temp/codeql_databases/python/results/codeql/python-queries/Security/CWE-732/WeakFilePermissions.bqrs.
codeql / Analyze (python)	UNKNOWN STEP	2026-09-24T15:25:41.0732355Z Interpreting /opt/hostedtoolcache/CodeQL/2.27.1/x64/codeql/qlpacks/codeql/python-queries/1.8.11/Security/CWE-078/UnsafeShellCommandConstruction.ql...
codeql / Analyze (python)	UNKNOWN STEP	2026-09-24T15:25:41.0769882Z  ... found results file at /home/runner/work/_temp/codeql_databases/python/results/codeql/python-queries/Security/CWE-078/UnsafeShellCommandConstruction.bqrs.
codeql / Analyze (python)	UNKNOWN STEP	2026-09-24T15:25:41.0773307Z Interpreting /opt/hostedtoolcache/CodeQL/2.27.1/x64/codeql/qlpacks/codeql/python-queries/1.8.11/Security/CWE-117/LogInjection.ql...
codeql / Analyze (python)	UNKNOWN STEP	2026-09-24T15:25:41.0815599Z  ... found results file at /home/runner/work/_temp/codeql_databases/python/results/codeql/python-queries/Security/CWE-117/LogInjection.bqrs.
codeql / Analyze (python)	UNKNOWN STEP	2026-09-24T15:25:41.0845560Z Interpreting /opt/hostedtoolcache/CodeQL/2.27.1/x64/codeql/qlpacks/codeql/python-queries/1.8.11/Diagnostics/ExtractionWarnings.ql...
codeql / Analyze (python)	UNKNOWN STEP	2026-09-24T15:25:41.0863095Z  ... found results file at /home/runner/work/_temp/codeql_databases/python/results/codeql/python-queries/Diagnostics/ExtractionWarnings.bqrs.
codeql / Analyze (python)	UNKNOWN STEP	2026-09-24T15:25:41.0883924Z Interpreting /opt/hostedtoolcache/CodeQL/2.27.1/x64/codeql/qlpacks/codeql/python-queries/1.8.11/Diagnostics/ExtractedFiles.ql...
codeql / Analyze (python)	UNKNOWN STEP	2026-09-24T15:25:41.0921474Z  ... found results file at /home/runner/work/_temp/codeql_databases/python/results/codeql/python-queries/Diagnostics/ExtractedFiles.bqrs.
codeql / Analyze (python)	UNKNOWN STEP	2026-09-24T15:25:41.0941722Z Interpreting /opt/hostedtoolcache/CodeQL/2.27.1/x64/codeql/qlpacks/codeql/python-queries/1.8.11/Summary/LinesOfUserCode.ql...
codeql / Analyze (python)	UNKNOWN STEP	2026-09-24T15:25:41.0955184Z  ... found results file at /home/runner/work/_temp/codeql_databases/python/results/codeql/python-queries/Summary/LinesOfUserCode.bqrs.
codeql / Analyze (python)	UNKNOWN STEP	2026-09-24T15:25:41.0959288Z Interpreting /opt/hostedtoolcache/CodeQL/2.27.1/x64/codeql/qlpacks/codeql/python-queries/1.8.11/Summary/LinesOfCode.ql...
codeql / Analyze (python)	UNKNOWN STEP	2026-09-24T15:25:41.0999119Z  ... found results file at /home/runner/work/_temp/codeql_databases/python/results/codeql/python-queries/Summary/LinesOfCode.bqrs.
codeql / Analyze (python)	UNKNOWN STEP	2026-09-24T15:25:41.1022195Z Interpreting /opt/hostedtoolcache/CodeQL/2.27.1/x64/codeql/qlpacks/codeql/python-queries/1.8.11/Lexical/CommentedOutCode.ql...
codeql / Analyze (python)	UNKNOWN STEP	2026-09-24T15:25:41.1036334Z  ... found results file at /home/runner/work/_temp/codeql_databases/python/results/codeql/python-queries/Lexical/CommentedOutCode.bqrs.
codeql / Analyze (python)	UNKNOWN STEP	2026-09-24T15:25:41.1040420Z Interpreting /opt/hostedtoolcache/CodeQL/2.27.1/x64/codeql/qlpacks/codeql/python-queries/1.8.11/Lexical/OldOctalLiteral.ql...
codeql / Analyze (python)	UNKNOWN STEP	2026-09-24T15:25:41.1069374Z  ... found results file at /home/runner/work/_temp/codeql_databases/python/results/codeql/python-queries/Lexical/OldOctalLiteral.bqrs.
codeql / Analyze (python)	UNKNOWN STEP	2026-09-24T15:25:41.1073303Z Interpreting /opt/hostedtoolcache/CodeQL/2.27.1/x64/codeql/qlpacks/codeql/python-queries/1.8.11/Variables/UnusedLocalVariable.ql...
codeql / Analyze (python)	UNKNOWN STEP	2026-09-24T15:25:41.1107281Z  ... found results file at /home/runner/work/_temp/codeql_databases/python/results/codeql/python-queries/Variables/UnusedLocalVariable.bqrs.
codeql / Analyze (python)	UNKNOWN STEP	2026-09-24T15:25:41.1111278Z Interpreting /opt/hostedtoolcache/CodeQL/2.27.1/x64/codeql/qlpacks/codeql/python-queries/1.8.11/Variables/GlobalAtModuleLevel.ql...
codeql / Analyze (python)	UNKNOWN STEP	2026-09-24T15:25:41.1140251Z  ... found results file at /home/runner/work/_temp/codeql_databases/python/results/codeql/python-queries/Variables/GlobalAtModuleLevel.bqrs.
codeql / Analyze (python)	UNKNOWN STEP	2026-09-24T15:25:41.1143932Z Interpreting /opt/hostedtoolcache/CodeQL/2.27.1/x64/codeql/qlpacks/codeql/python-queries/1.8.11/Variables/UndefinedPlaceHolder.ql...
codeql / Analyze (python)	UNKNOWN STEP	2026-09-24T15:25:41.1195269Z  ... found results file at /home/runner/work/_temp/codeql_databases/python/results/codeql/python-queries/Variables/UndefinedPlaceHolder.bqrs.
codeql / Analyze (python)	UNKNOWN STEP	2026-09-24T15:25:41.1221481Z Interpreting /opt/hostedtoolcache/CodeQL/2.27.1/x64/codeql/qlpacks/codeql/python-queries/1.8.11/Variables/UninitializedLocal.ql...
codeql / Analyze (python)	UNKNOWN STEP	2026-09-24T15:25:41.1247852Z  ... found results file at /home/runner/work/_temp/codeql_databases/python/results/codeql/python-queries/Variables/UninitializedLocal.bqrs.
codeql / Analyze (python)	UNKNOWN STEP	2026-09-24T15:25:41.1249390Z Interpreting /opt/hostedtoolcache/CodeQL/2.27.1/x64/codeql/qlpacks/codeql/python-queries/1.8.11/Variables/SuspiciousUnusedLoopIterationVariable.ql...
codeql / Analyze (python)	UNKNOWN STEP	2026-09-24T15:25:41.1303259Z  ... found results file at /home/runner/work/_temp/codeql_databases/python/results/codeql/python-queries/Variables/SuspiciousUnusedLoopIterationVariable.bqrs.
codeql / Analyze (python)	UNKNOWN STEP	2026-09-24T15:25:41.1331499Z Interpreting /opt/hostedtoolcache/CodeQL/2.27.1/x64/codeql/qlpacks/codeql/python-queries/1.8.11/Variables/LeakingListComprehension.ql...
codeql / Analyze (python)	UNKNOWN STEP	2026-09-24T15:25:41.1354663Z  ... found results file at /home/runner/work/_temp/codeql_databases/python/results/codeql/python-queries/Variables/LeakingListComprehension.bqrs.
codeql / Analyze (python)	UNKNOWN STEP	2026-09-24T15:25:41.1355943Z Interpreting /opt/hostedtoolcache/CodeQL/2.27.1/x64/codeql/qlpacks/codeql/python-queries/1.8.11/Variables/LoopVariableCapture/LoopVariableCapture.ql...
codeql / Analyze (python)	UNKNOWN STEP	2026-09-24T15:25:41.1390247Z  ... found results file at /home/runner/work/_temp/codeql_databases/python/results/codeql/python-queries/Variables/LoopVariableCapture/LoopVariableCapture.bqrs.
codeql / Analyze (python)	UNKNOWN STEP	2026-09-24T15:25:41.1393533Z Interpreting /opt/hostedtoolcache/CodeQL/2.27.1/x64/codeql/qlpacks/codeql/python-queries/1.8.11/Variables/UnusedModuleVariable.ql...
codeql / Analyze (python)	UNKNOWN STEP	2026-09-24T15:25:41.1422019Z  ... found results file at /home/runner/work/_temp/codeql_databases/python/results/codeql/python-queries/Variables/UnusedModuleVariable.bqrs.
codeql / Analyze (python)	UNKNOWN STEP	2026-09-24T15:25:41.1445398Z Interpreting /opt/hostedtoolcache/CodeQL/2.27.1/x64/codeql/qlpacks/codeql/python-queries/1.8.11/Variables/MultiplyDefined.ql...
codeql / Analyze (python)	UNKNOWN STEP	2026-09-24T15:25:41.1463515Z  ... found results file at /home/runner/work/_temp/codeql_databases/python/results/codeql/python-queries/Variables/MultiplyDefined.bqrs.
codeql / Analyze (python)	UNKNOWN STEP	2026-09-24T15:25:41.1467472Z Interpreting /opt/hostedtoolcache/CodeQL/2.27.1/x64/codeql/qlpacks/codeql/python-queries/1.8.11/Variables/UndefinedExport.ql...
codeql / Analyze (python)	UNKNOWN STEP	2026-09-24T15:25:41.1527310Z  ... found results file at /home/runner/work/_temp/codeql_databases/python/results/codeql/python-queries/Variables/UndefinedExport.bqrs.
codeql / Analyze (python)	UNKNOWN STEP	2026-09-24T15:25:41.1543021Z Interpreting /opt/hostedtoolcache/CodeQL/2.27.1/x64/codeql/qlpacks/codeql/python-queries/1.8.11/Imports/ImportandImportFrom.ql...
codeql / Analyze (python)	UNKNOWN STEP	2026-09-24T15:25:41.1569825Z  ... found results file at /home/runner/work/_temp/codeql_databases/python/results/codeql/python-queries/Imports/ImportandImportFrom.bqrs.
codeql / Analyze (python)	UNKNOWN STEP	2026-09-24T15:25:41.1574216Z Interpreting /opt/hostedtoolcache/CodeQL/2.27.1/x64/codeql/qlpacks/codeql/python-queries/1.8.11/Imports/ModuleLevelCyclicImport.ql...
codeql / Analyze (python)	UNKNOWN STEP	2026-09-24T15:25:41.1615000Z  ... found results file at /home/runner/work/_temp/codeql_databases/python/results/codeql/python-queries/Imports/ModuleLevelCyclicImport.bqrs.
codeql / Analyze (python)	UNKNOWN STEP	2026-09-24T15:25:41.1651299Z Interpreting /opt/hostedtoolcache/CodeQL/2.27.1/x64/codeql/qlpacks/codeql/python-queries/1.8.11/Imports/CyclicImport.ql...
codeql / Analyze (python)	UNKNOWN STEP	2026-09-24T15:25:41.1652598Z  ... found results file at /home/runner/work/_temp/codeql_databases/python/results/codeql/python-queries/Imports/CyclicImport.bqrs.
codeql / Analyze (python)	UNKNOWN STEP	2026-09-24T15:25:41.1667977Z Interpreting /opt/hostedtoolcache/CodeQL/2.27.1/x64/codeql/qlpacks/codeql/python-queries/1.8.11/Imports/ModuleImportsItself.ql...
codeql / Analyze (python)	UNKNOWN STEP	2026-09-24T15:25:41.1721577Z  ... found results file at /home/runner/work/_temp/codeql_databases/python/results/codeql/python-queries/Imports/ModuleImportsItself.bqrs.
codeql / Analyze (python)	UNKNOWN STEP	2026-09-24T15:25:41.1751745Z Interpreting /opt/hostedtoolcache/CodeQL/2.27.1/x64/codeql/qlpacks/codeql/python-queries/1.8.11/Imports/DeprecatedModule.ql...
codeql / Analyze (python)	UNKNOWN STEP	2026-09-24T15:25:41.1771362Z  ... found results file at /home/runner/work/_temp/codeql_databases/python/results/codeql/python-queries/Imports/DeprecatedModule.bqrs.
codeql / Analyze (python)	UNKNOWN STEP	2026-09-24T15:25:41.1781386Z Interpreting /opt/hostedtoolcache/CodeQL/2.27.1/x64/codeql/qlpacks/codeql/python-queries/1.8.11/Imports/SyntaxError.ql...
codeql / Analyze (python)	UNKNOWN STEP	2026-09-24T15:25:41.1800649Z  ... found results file at /home/runner/work/_temp/codeql_databases/python/results/codeql/python-queries/Imports/SyntaxError.bqrs.
codeql / Analyze (python)	UNKNOWN STEP	2026-09-24T15:25:41.1801955Z Interpreting /opt/hostedtoolcache/CodeQL/2.27.1/x64/codeql/qlpacks/codeql/python-queries/1.8.11/Imports/MultipleImports.ql...
codeql / Analyze (python)	UNKNOWN STEP	2026-09-24T15:25:41.1828871Z  ... found results file at /home/runner/work/_temp/codeql_databases/python/results/codeql/python-queries/Imports/MultipleImports.bqrs.
codeql / Analyze (python)	UNKNOWN STEP	2026-09-24T15:25:41.1848504Z Interpreting /opt/hostedtoolcache/CodeQL/2.27.1/x64/codeql/qlpacks/codeql/python-queries/1.8.11/Imports/UnintentionalImport.ql...
codeql / Analyze (python)	UNKNOWN STEP	2026-09-24T15:25:41.1901492Z  ... found results file at /home/runner/work/_temp/codeql_databases/python/results/codeql/python-queries/Imports/UnintentionalImport.bqrs.
codeql / Analyze (python)	UNKNOWN STEP	2026-09-24T15:25:41.1921117Z Interpreting /opt/hostedtoolcache/CodeQL/2.27.1/x64/codeql/qlpacks/codeql/python-queries/1.8.11/Imports/FromImportOfMutableAttribute.ql...
codeql / Analyze (python)	UNKNOWN STEP	2026-09-24T15:25:41.1937550Z  ... found results file at /home/runner/work/_temp/codeql_databases/python/results/codeql/python-queries/Imports/FromImportOfMutableAttribute.bqrs.
codeql / Analyze (python)	UNKNOWN STEP	2026-09-24T15:25:41.1941921Z Interpreting /opt/hostedtoolcache/CodeQL/2.27.1/x64/codeql/qlpacks/codeql/python-queries/1.8.11/Imports/UnusedImport.ql...
codeql / Analyze (python)	UNKNOWN STEP	2026-09-24T15:25:41.1952879Z  ... found results file at /home/runner/work/_temp/codeql_databases/python/results/codeql/python-queries/Imports/UnusedImport.bqrs.
codeql / Analyze (python)	UNKNOWN STEP	2026-09-24T15:25:41.1959481Z Interpreting /opt/hostedtoolcache/CodeQL/2.27.1/x64/codeql/qlpacks/codeql/python-queries/1.8.11/Imports/EncodingError.ql...
codeql / Analyze (python)	UNKNOWN STEP	2026-09-24T15:25:41.2003677Z  ... found results file at /home/runner/work/_temp/codeql_databases/python/results/codeql/python-queries/Imports/EncodingError.bqrs.
codeql / Analyze (python)	UNKNOWN STEP	2026-09-24T15:25:41.2008113Z Interpreting /opt/hostedtoolcache/CodeQL/2.27.1/x64/codeql/qlpacks/codeql/python-queries/1.8.11/Classes/CallsToInitDel/SuperclassInitCalledMultipleTimes.ql...
codeql / Analyze (python)	UNKNOWN STEP	2026-09-24T15:25:41.2046992Z  ... found results file at /home/runner/work/_temp/codeql_databases/python/results/codeql/python-queries/Classes/CallsToInitDel/SuperclassInitCalledMultipleTimes.bqrs.
codeql / Analyze (python)	UNKNOWN STEP	2026-09-24T15:25:41.2061743Z Interpreting /opt/hostedtoolcache/CodeQL/2.27.1/x64/codeql/qlpacks/codeql/python-queries/1.8.11/Classes/CallsToInitDel/MissingCallToDel.ql...
codeql / Analyze (python)	UNKNOWN STEP	2026-09-24T15:25:41.2089797Z  ... found results file at /home/runner/work/_temp/codeql_databases/python/results/codeql/python-queries/Classes/CallsToInitDel/MissingCallToDel.bqrs.
codeql / Analyze (python)	UNKNOWN STEP	2026-09-24T15:25:41.2091592Z Interpreting /opt/hostedtoolcache/CodeQL/2.27.1/x64/codeql/qlpacks/codeql/python-queries/1.8.11/Classes/CallsToInitDel/MissingCallToInit.ql...
codeql / Analyze (python)	UNKNOWN STEP	2026-09-24T15:25:41.2121396Z  ... found results file at /home/runner/work/_temp/codeql_databases/python/results/codeql/python-queries/Classes/CallsToInitDel/MissingCallToInit.bqrs.
codeql / Analyze (python)	UNKNOWN STEP	2026-09-24T15:25:41.2136103Z Interpreting /opt/hostedtoolcache/CodeQL/2.27.1/x64/codeql/qlpacks/codeql/python-queries/1.8.11/Classes/CallsToInitDel/SuperclassDelCalledMultipleTimes.ql...
codeql / Analyze (python)	UNKNOWN STEP	2026-09-24T15:25:41.2156071Z  ... found results file at /home/runner/work/_temp/codeql_databases/python/results/codeql/python-queries/Classes/CallsToInitDel/SuperclassDelCalledMultipleTimes.bqrs.
codeql / Analyze (python)	UNKNOWN STEP	2026-09-24T15:25:41.2172709Z Interpreting /opt/hostedtoolcache/CodeQL/2.27.1/x64/codeql/qlpacks/codeql/python-queries/1.8.11/Classes/WrongNumberArgumentsInClassInstantiation.ql...
codeql / Analyze (python)	UNKNOWN STEP	2026-09-24T15:25:41.2189250Z  ... found results file at /home/runner/work/_temp/codeql_databases/python/results/codeql/python-queries/Classes/WrongNumberArgumentsInClassInstantiation.bqrs.
codeql / Analyze (python)	UNKNOWN STEP	2026-09-24T15:25:41.2190745Z Interpreting /opt/hostedtoolcache/CodeQL/2.27.1/x64/codeql/qlpacks/codeql/python-queries/1.8.11/Classes/DefineEqualsWhenAddingAttributes.ql...
codeql / Analyze (python)	UNKNOWN STEP	2026-09-24T15:25:41.2224019Z  ... found results file at /home/runner/work/_temp/codeql_databases/python/results/codeql/python-queries/Classes/DefineEqualsWhenAddingAttributes.bqrs.
codeql / Analyze (python)	UNKNOWN STEP	2026-09-24T15:25:41.2227659Z Interpreting /opt/hostedtoolcache/CodeQL/2.27.1/x64/codeql/qlpacks/codeql/python-queries/1.8.11/Classes/SubclassShadowing/SubclassShadowing.ql...
codeql / Analyze (python)	UNKNOWN STEP	2026-09-24T15:25:41.2252836Z  ... found results file at /home/runner/work/_temp/codeql_databases/python/results/codeql/python-queries/Classes/SubclassShadowing/SubclassShadowing.bqrs.
codeql / Analyze (python)	UNKNOWN STEP	2026-09-24T15:25:41.2281589Z Interpreting /opt/hostedtoolcache/CodeQL/2.27.1/x64/codeql/qlpacks/codeql/python-queries/1.8.11/Classes/OverwritingAttributeInSuperClass.ql...
codeql / Analyze (python)	UNKNOWN STEP	2026-09-24T15:25:41.2313681Z  ... found results file at /home/runner/work/_temp/codeql_databases/python/results/codeql/python-queries/Classes/OverwritingAttributeInSuperClass.bqrs.
codeql / Analyze (python)	UNKNOWN STEP	2026-09-24T15:25:41.2340077Z Interpreting /opt/hostedtoolcache/CodeQL/2.27.1/x64/codeql/qlpacks/codeql/python-queries/1.8.11/Classes/MutatingDescriptor.ql...
codeql / Analyze (python)	UNKNOWN STEP	2026-09-24T15:25:41.2371438Z  ... found results file at /home/runner/work/_temp/codeql_databases/python/results/codeql/python-queries/Classes/MutatingDescriptor.bqrs.
codeql / Analyze (python)	UNKNOWN STEP	2026-09-24T15:25:41.2379060Z Interpreting /opt/hostedtoolcache/CodeQL/2.27.1/x64/codeql/qlpacks/codeql/python-queries/1.8.11/Classes/InitCallsSubclass/InitCallsSubclassMethod.ql...
codeql / Analyze (python)	UNKNOWN STEP	2026-09-24T15:25:41.2392063Z  ... found results file at /home/runner/work/_temp/codeql_databases/python/results/codeql/python-queries/Classes/InitCallsSubclass/InitCallsSubclassMethod.bqrs.
codeql / Analyze (python)	UNKNOWN STEP	2026-09-24T15:25:41.2393490Z Interpreting /opt/hostedtoolcache/CodeQL/2.27.1/x64/codeql/qlpacks/codeql/python-queries/1.8.11/Classes/InconsistentMRO.ql...
codeql / Analyze (python)	UNKNOWN STEP	2026-09-24T15:25:41.2421599Z  ... found results file at /home/runner/work/_temp/codeql_databases/python/results/codeql/python-queries/Classes/InconsistentMRO.bqrs.
codeql / Analyze (python)	UNKNOWN STEP	2026-09-24T15:25:41.2434546Z Interpreting /opt/hostedtoolcache/CodeQL/2.27.1/x64/codeql/qlpacks/codeql/python-queries/1.8.11/Classes/PropertyInOldStyleClass.ql...
codeql / Analyze (python)	UNKNOWN STEP	2026-09-24T15:25:41.2440642Z  ... found results file at /home/runner/work/_temp/codeql_databases/python/results/codeql/python-queries/Classes/PropertyInOldStyleClass.bqrs.
codeql / Analyze (python)	UNKNOWN STEP	2026-09-24T15:25:41.2445540Z Interpreting /opt/hostedtoolcache/CodeQL/2.27.1/x64/codeql/qlpacks/codeql/python-queries/1.8.11/Classes/SuperInOldStyleClass.ql...
codeql / Analyze (python)	UNKNOWN STEP	2026-09-24T15:25:41.2478559Z  ... found results file at /home/runner/work/_temp/codeql_databases/python/results/codeql/python-queries/Classes/SuperInOldStyleClass.bqrs.
codeql / Analyze (python)	UNKNOWN STEP	2026-09-24T15:25:41.2482986Z Interpreting /opt/hostedtoolcache/CodeQL/2.27.1/x64/codeql/qlpacks/codeql/python-queries/1.8.11/Classes/Comparisons/EqualsOrNotEquals.ql...
codeql / Analyze (python)	UNKNOWN STEP	2026-09-24T15:25:41.2516511Z  ... found results file at /home/runner/work/_temp/codeql_databases/python/results/codeql/python-queries/Classes/Comparisons/EqualsOrNotEquals.bqrs.
codeql / Analyze (python)	UNKNOWN STEP	2026-09-24T15:25:41.2526661Z Interpreting /opt/hostedtoolcache/CodeQL/2.27.1/x64/codeql/qlpacks/codeql/python-queries/1.8.11/Classes/Comparisons/EqualsOrHash.ql...
codeql / Analyze (python)	UNKNOWN STEP	2026-09-24T15:25:41.2560010Z  ... found results file at /home/runner/work/_temp/codeql_databases/python/results/codeql/python-queries/Classes/Comparisons/EqualsOrHash.bqrs.
codeql / Analyze (python)	UNKNOWN STEP	2026-09-24T15:25:41.2582223Z Interpreting /opt/hostedtoolcache/CodeQL/2.27.1/x64/codeql/qlpacks/codeql/python-queries/1.8.11/Classes/Comparisons/IncompleteOrdering.ql...
codeql / Analyze (python)	UNKNOWN STEP	2026-09-24T15:25:41.2583640Z  ... found results file at /home/runner/work/_temp/codeql_databases/python/results/codeql/python-queries/Classes/Comparisons/IncompleteOrdering.bqrs.
codeql / Analyze (python)	UNKNOWN STEP	2026-09-24T15:25:41.2586317Z Interpreting /opt/hostedtoolcache/CodeQL/2.27.1/x64/codeql/qlpacks/codeql/python-queries/1.8.11/Classes/SlotsInOldStyleClass.ql...
codeql / Analyze (python)	UNKNOWN STEP	2026-09-24T15:25:41.2622117Z  ... found results file at /home/runner/work/_temp/codeql_databases/python/results/codeql/python-queries/Classes/SlotsInOldStyleClass.bqrs.
codeql / Analyze (python)	UNKNOWN STEP	2026-09-24T15:25:41.2639427Z Interpreting /opt/hostedtoolcache/CodeQL/2.27.1/x64/codeql/qlpacks/codeql/python-queries/1.8.11/Classes/ConflictingAttributesInBaseClasses.ql...
codeql / Analyze (python)	UNKNOWN STEP	2026-09-24T15:25:41.2652059Z  ... found results file at /home/runner/work/_temp/codeql_databases/python/results/codeql/python-queries/Classes/ConflictingAttributesInBaseClasses.bqrs.
codeql / Analyze (python)	UNKNOWN STEP	2026-09-24T15:25:41.2653645Z Interpreting /opt/hostedtoolcache/CodeQL/2.27.1/x64/codeql/qlpacks/codeql/python-queries/1.8.11/Classes/WrongNameForArgumentInClassInstantiation.ql...
codeql / Analyze (python)	UNKNOWN STEP	2026-09-24T15:25:41.2691588Z  ... found results file at /home/runner/work/_temp/codeql_databases/python/results/codeql/python-queries/Classes/WrongNameForArgumentInClassInstantiation.bqrs.
codeql / Analyze (python)	UNKNOWN STEP	2026-09-24T15:25:41.2695551Z Interpreting /opt/hostedtoolcache/CodeQL/2.27.1/x64/codeql/qlpacks/codeql/python-queries/1.8.11/Expressions/ExpectedMappingForFormatString.ql...
codeql / Analyze (python)	UNKNOWN STEP	2026-09-24T15:25:41.2717401Z  ... found results file at /home/runner/work/_temp/codeql_databases/python/results/codeql/python-queries/Expressions/ExpectedMappingForFormatString.bqrs.
codeql / Analyze (python)	UNKNOWN STEP	2026-09-24T15:25:41.2718824Z Interpreting /opt/hostedtoolcache/CodeQL/2.27.1/x64/codeql/qlpacks/codeql/python-queries/1.8.11/Expressions/HashedButNoHash.ql...
codeql / Analyze (python)	UNKNOWN STEP	2026-09-24T15:25:41.2751534Z  ... found results file at /home/runner/work/_temp/codeql_databases/python/results/codeql/python-queries/Expressions/HashedButNoHash.bqrs.
codeql / Analyze (python)	UNKNOWN STEP	2026-09-24T15:25:41.2758256Z Interpreting /opt/hostedtoolcache/CodeQL/2.27.1/x64/codeql/qlpacks/codeql/python-queries/1.8.11/Expressions/UseofApply.ql...
codeql / Analyze (python)	UNKNOWN STEP	2026-09-24T15:25:41.2780001Z  ... found results file at /home/runner/work/_temp/codeql_databases/python/results/codeql/python-queries/Expressions/UseofApply.bqrs.
codeql / Analyze (python)	UNKNOWN STEP	2026-09-24T15:25:41.2837085Z Interpreting /opt/hostedtoolcache/CodeQL/2.27.1/x64/codeql/qlpacks/codeql/python-queries/1.8.11/Expressions/EqualsNone.ql...
codeql / Analyze (python)	UNKNOWN STEP	2026-09-24T15:25:41.2881450Z  ... found results file at /home/runner/work/_temp/codeql_databases/python/results/codeql/python-queries/Expressions/EqualsNone.bqrs.
codeql / Analyze (python)	UNKNOWN STEP	2026-09-24T15:25:41.2896641Z Interpreting /opt/hostedtoolcache/CodeQL/2.27.1/x64/codeql/qlpacks/codeql/python-queries/1.8.11/Expressions/UnintentionalImplicitStringConcatenation.ql...
codeql / Analyze (python)	UNKNOWN STEP	2026-09-24T15:25:41.2932660Z  ... found results file at /home/runner/work/_temp/codeql_databases/python/results/codeql/python-queries/Expressions/UnintentionalImplicitStringConcatenation.bqrs.
codeql / Analyze (python)	UNKNOWN STEP	2026-09-24T15:25:41.2936310Z Interpreting /opt/hostedtoolcache/CodeQL/2.27.1/x64/codeql/qlpacks/codeql/python-queries/1.8.11/Expressions/WrongNameForArgumentInCall.ql...
codeql / Analyze (python)	UNKNOWN STEP	2026-09-24T15:25:41.2958011Z  ... found results file at /home/runner/work/_temp/codeql_databases/python/results/codeql/python-queries/Expressions/WrongNameForArgumentInCall.bqrs.
codeql / Analyze (python)	UNKNOWN STEP	2026-09-24T15:25:41.2972302Z Interpreting /opt/hostedtoolcache/CodeQL/2.27.1/x64/codeql/qlpacks/codeql/python-queries/1.8.11/Expressions/WrongNumberArgumentsInCall.ql...
codeql / Analyze (python)	UNKNOWN STEP	2026-09-24T15:25:41.2973846Z  ... found results file at /home/runner/work/_temp/codeql_databases/python/results/codeql/python-queries/Expressions/WrongNumberArgumentsInCall.bqrs.
codeql / Analyze (python)	UNKNOWN STEP	2026-09-24T15:25:41.2975316Z Interpreting /opt/hostedtoolcache/CodeQL/2.27.1/x64/codeql/qlpacks/codeql/python-queries/1.8.11/Expressions/ContainsNonContainer.ql...
codeql / Analyze (python)	UNKNOWN STEP	2026-09-24T15:25:41.2976994Z  ... found results file at /home/runner/work/_temp/codeql_databases/python/results/codeql/python-queries/Expressions/ContainsNonContainer.bqrs.
codeql / Analyze (python)	UNKNOWN STEP	2026-09-24T15:25:41.2978384Z Interpreting /opt/hostedtoolcache/CodeQL/2.27.1/x64/codeql/qlpacks/codeql/python-queries/1.8.11/Expressions/TruncatedDivision.ql...
codeql / Analyze (python)	UNKNOWN STEP	2026-09-24T15:25:41.3002875Z  ... found results file at /home/runner/work/_temp/codeql_databases/python/results/codeql/python-queries/Expressions/TruncatedDivision.bqrs.
codeql / Analyze (python)	UNKNOWN STEP	2026-09-24T15:25:41.3010021Z Interpreting /opt/hostedtoolcache/CodeQL/2.27.1/x64/codeql/qlpacks/codeql/python-queries/1.8.11/Expressions/WrongNumberArgumentsForFormat.ql...
codeql / Analyze (python)	UNKNOWN STEP	2026-09-24T15:25:41.3036887Z  ... found results file at /home/runner/work/_temp/codeql_databases/python/results/codeql/python-queries/Expressions/WrongNumberArgumentsForFormat.bqrs.
codeql / Analyze (python)	UNKNOWN STEP	2026-09-24T15:25:41.3052603Z Interpreting /opt/hostedtoolcache/CodeQL/2.27.1/x64/codeql/qlpacks/codeql/python-queries/1.8.11/Expressions/Formatting/UnusedArgumentIn3101Format.ql...
codeql / Analyze (python)	UNKNOWN STEP	2026-09-24T15:25:41.3070774Z  ... found results file at /home/runner/work/_temp/codeql_databases/python/results/codeql/python-queries/Expressions/Formatting/UnusedArgumentIn3101Format.bqrs.
codeql / Analyze (python)	UNKNOWN STEP	2026-09-24T15:25:41.3073883Z Interpreting /opt/hostedtoolcache/CodeQL/2.27.1/x64/codeql/qlpacks/codeql/python-queries/1.8.11/Expressions/Formatting/MixedExplicitImplicitIn3101Format.ql...
codeql / Analyze (python)	UNKNOWN STEP	2026-09-24T15:25:41.3098298Z  ... found results file at /home/runner/work/_temp/codeql_databases/python/results/codeql/python-queries/Expressions/Formatting/MixedExplicitImplicitIn3101Format.bqrs.
codeql / Analyze (python)	UNKNOWN STEP	2026-09-24T15:25:41.3119509Z Interpreting /opt/hostedtoolcache/CodeQL/2.27.1/x64/codeql/qlpacks/codeql/python-queries/1.8.11/Expressions/Formatting/WrongNumberArgumentsFor3101Format.ql...
codeql / Analyze (python)	UNKNOWN STEP	2026-09-24T15:25:41.3151788Z  ... found results file at /home/runner/work/_temp/codeql_databases/python/results/codeql/python-queries/Expressions/Formatting/WrongNumberArgumentsFor3101Format.bqrs.
codeql / Analyze (python)	UNKNOWN STEP	2026-09-24T15:25:41.3159804Z Interpreting /opt/hostedtoolcache/CodeQL/2.27.1/x64/codeql/qlpacks/codeql/python-queries/1.8.11/Expressions/Formatting/UnusedNamedArgumentIn3101Format.ql...
codeql / Analyze (python)	UNKNOWN STEP	2026-09-24T15:25:41.3191719Z  ... found results file at /home/runner/work/_temp/codeql_databases/python/results/codeql/python-queries/Expressions/Formatting/UnusedNamedArgumentIn3101Format.bqrs.
codeql / Analyze (python)	UNKNOWN STEP	2026-09-24T15:25:41.3194647Z Interpreting /opt/hostedtoolcache/CodeQL/2.27.1/x64/codeql/qlpacks/codeql/python-queries/1.8.11/Expressions/Formatting/WrongNameInArgumentsFor3101Format.ql...
codeql / Analyze (python)	UNKNOWN STEP	2026-09-24T15:25:41.3222010Z  ... found results file at /home/runner/work/_temp/codeql_databases/python/results/codeql/python-queries/Expressions/Formatting/WrongNameInArgumentsFor3101Format.bqrs.
codeql / Analyze (python)	UNKNOWN STEP	2026-09-24T15:25:41.3223717Z Interpreting /opt/hostedtoolcache/CodeQL/2.27.1/x64/codeql/qlpacks/codeql/python-queries/1.8.11/Expressions/IncorrectComparisonUsingIs.ql...
codeql / Analyze (python)	UNKNOWN STEP	2026-09-24T15:25:41.3242977Z  ... found results file at /home/runner/work/_temp/codeql_databases/python/results/codeql/python-queries/Expressions/IncorrectComparisonUsingIs.bqrs.
codeql / Analyze (python)	UNKNOWN STEP	2026-09-24T15:25:41.3246369Z Interpreting /opt/hostedtoolcache/CodeQL/2.27.1/x64/codeql/qlpacks/codeql/python-queries/1.8.11/Expressions/CompareIdenticalValuesMissingSelf.ql...
codeql / Analyze (python)	UNKNOWN STEP	2026-09-24T15:25:41.3281628Z  ... found results file at /home/runner/work/_temp/codeql_databases/python/results/codeql/python-queries/Expressions/CompareIdenticalValuesMissingSelf.bqrs.
codeql / Analyze (python)	UNKNOWN STEP	2026-09-24T15:25:41.3284370Z Interpreting /opt/hostedtoolcache/CodeQL/2.27.1/x64/codeql/qlpacks/codeql/python-queries/1.8.11/Expressions/Comparisons/UselessComparisonTest.ql...
codeql / Analyze (python)	UNKNOWN STEP	2026-09-24T15:25:41.3309564Z  ... found results file at /home/runner/work/_temp/codeql_databases/python/results/codeql/python-queries/Expressions/Comparisons/UselessComparisonTest.bqrs.
codeql / Analyze (python)	UNKNOWN STEP	2026-09-24T15:25:41.3313405Z Interpreting /opt/hostedtoolcache/CodeQL/2.27.1/x64/codeql/qlpacks/codeql/python-queries/1.8.11/Expressions/CallToSuperWrongClass.ql...
codeql / Analyze (python)	UNKNOWN STEP	2026-09-24T15:25:41.3343204Z  ... found results file at /home/runner/work/_temp/codeql_databases/python/results/codeql/python-queries/Expressions/CallToSuperWrongClass.bqrs.
codeql / Analyze (python)	UNKNOWN STEP	2026-09-24T15:25:41.3351770Z Interpreting /opt/hostedtoolcache/CodeQL/2.27.1/x64/codeql/qlpacks/codeql/python-queries/1.8.11/Expressions/CompareConstants.ql...
codeql / Analyze (python)	UNKNOWN STEP	2026-09-24T15:25:41.3375294Z  ... found results file at /home/runner/work/_temp/codeql_databases/python/results/codeql/python-queries/Expressions/CompareConstants.bqrs.
codeql / Analyze (python)	UNKNOWN STEP	2026-09-24T15:25:41.3383807Z Interpreting /opt/hostedtoolcache/CodeQL/2.27.1/x64/codeql/qlpacks/codeql/python-queries/1.8.11/Expressions/UnsupportedFormatCharacter.ql...
codeql / Analyze (python)	UNKNOWN STEP	2026-09-24T15:25:41.3409141Z  ... found results file at /home/runner/work/_temp/codeql_databases/python/results/codeql/python-queries/Expressions/UnsupportedFormatCharacter.bqrs.
codeql / Analyze (python)	UNKNOWN STEP	2026-09-24T15:25:41.3418601Z Interpreting /opt/hostedtoolcache/CodeQL/2.27.1/x64/codeql/qlpacks/codeql/python-queries/1.8.11/Expressions/CompareIdenticalValues.ql...
codeql / Analyze (python)	UNKNOWN STEP	2026-09-24T15:25:41.3442190Z  ... found results file at /home/runner/work/_temp/codeql_databases/python/results/codeql/python-queries/Expressions/CompareIdenticalValues.bqrs.
codeql / Analyze (python)	UNKNOWN STEP	2026-09-24T15:25:41.3446801Z Interpreting /opt/hostedtoolcache/CodeQL/2.27.1/x64/codeql/qlpacks/codeql/python-queries/1.8.11/Expressions/Regex/UnmatchableDollar.ql...
codeql / Analyze (python)	UNKNOWN STEP	2026-09-24T15:25:41.3477656Z  ... found results file at /home/runner/work/_temp/codeql_databases/python/results/codeql/python-queries/Expressions/Regex/UnmatchableDollar.bqrs.
codeql / Analyze (python)	UNKNOWN STEP	2026-09-24T15:25:41.3502289Z Interpreting /opt/hostedtoolcache/CodeQL/2.27.1/x64/codeql/qlpacks/codeql/python-queries/1.8.11/Expressions/Regex/BackspaceEscape.ql...
codeql / Analyze (python)	UNKNOWN STEP	2026-09-24T15:25:41.3516455Z  ... found results file at /home/runner/work/_temp/codeql_databases/python/results/codeql/python-queries/Expressions/Regex/BackspaceEscape.bqrs.
codeql / Analyze (python)	UNKNOWN STEP	2026-09-24T15:25:41.3519400Z Interpreting /opt/hostedtoolcache/CodeQL/2.27.1/x64/codeql/qlpacks/codeql/python-queries/1.8.11/Expressions/Regex/UnmatchableCaret.ql...
codeql / Analyze (python)	UNKNOWN STEP	2026-09-24T15:25:41.3544877Z  ... found results file at /home/runner/work/_temp/codeql_databases/python/results/codeql/python-queries/Expressions/Regex/UnmatchableCaret.bqrs.
codeql / Analyze (python)	UNKNOWN STEP	2026-09-24T15:25:41.3556095Z Interpreting /opt/hostedtoolcache/CodeQL/2.27.1/x64/codeql/qlpacks/codeql/python-queries/1.8.11/Expressions/Regex/MissingPartSpecialGroup.ql...
codeql / Analyze (python)	UNKNOWN STEP	2026-09-24T15:25:41.3578490Z  ... found results file at /home/runner/work/_temp/codeql_databases/python/results/codeql/python-queries/Expressions/Regex/MissingPartSpecialGroup.bqrs.
codeql / Analyze (python)	UNKNOWN STEP	2026-09-24T15:25:41.3586656Z Interpreting /opt/hostedtoolcache/CodeQL/2.27.1/x64/codeql/qlpacks/codeql/python-queries/1.8.11/Expressions/Regex/DuplicateCharacterInSet.ql...
codeql / Analyze (python)	UNKNOWN STEP	2026-09-24T15:25:41.3609155Z  ... found results file at /home/runner/work/_temp/codeql_databases/python/results/codeql/python-queries/Expressions/Regex/DuplicateCharacterInSet.bqrs.
codeql / Analyze (python)	UNKNOWN STEP	2026-09-24T15:25:41.3613115Z Interpreting /opt/hostedtoolcache/CodeQL/2.27.1/x64/codeql/qlpacks/codeql/python-queries/1.8.11/Expressions/UnnecessaryLambda.ql...
codeql / Analyze (python)	UNKNOWN STEP	2026-09-24T15:25:41.3648661Z  ... found results file at /home/runner/work/_temp/codeql_databases/python/results/codeql/python-queries/Expressions/UnnecessaryLambda.bqrs.
codeql / Analyze (python)	UNKNOWN STEP	2026-09-24T15:25:41.3652377Z Interpreting /opt/hostedtoolcache/CodeQL/2.27.1/x64/codeql/qlpacks/codeql/python-queries/1.8.11/Expressions/DuplicateKeyInDictionaryLiteral.ql...
codeql / Analyze (python)	UNKNOWN STEP	2026-09-24T15:25:41.3712808Z  ... found results file at /home/runner/work/_temp/codeql_databases/python/results/codeql/python-queries/Expressions/DuplicateKeyInDictionaryLiteral.bqrs.
codeql / Analyze (python)	UNKNOWN STEP	2026-09-24T15:25:41.3716468Z Interpreting /opt/hostedtoolcache/CodeQL/2.27.1/x64/codeql/qlpacks/codeql/python-queries/1.8.11/Expressions/ExplicitCallToDel.ql...
codeql / Analyze (python)	UNKNOWN STEP	2026-09-24T15:25:41.3744506Z  ... found results file at /home/runner/work/_temp/codeql_databases/python/results/codeql/python-queries/Expressions/ExplicitCallToDel.bqrs.
codeql / Analyze (python)	UNKNOWN STEP	2026-09-24T15:25:41.3748100Z Interpreting /opt/hostedtoolcache/CodeQL/2.27.1/x64/codeql/qlpacks/codeql/python-queries/1.8.11/Expressions/NonCallableCalled.ql...
codeql / Analyze (python)	UNKNOWN STEP	2026-09-24T15:25:41.3772907Z  ... found results file at /home/runner/work/_temp/codeql_databases/python/results/codeql/python-queries/Expressions/NonCallableCalled.bqrs.
codeql / Analyze (python)	UNKNOWN STEP	2026-09-24T15:25:41.3776636Z Interpreting /opt/hostedtoolcache/CodeQL/2.27.1/x64/codeql/qlpacks/codeql/python-queries/1.8.11/Functions/IncorrectlyOverriddenMethod.ql...
codeql / Analyze (python)	UNKNOWN STEP	2026-09-24T15:25:41.3799662Z  ... found results file at /home/runner/work/_temp/codeql_databases/python/results/codeql/python-queries/Functions/IncorrectlyOverriddenMethod.bqrs.
codeql / Analyze (python)	UNKNOWN STEP	2026-09-24T15:25:41.3804140Z Interpreting /opt/hostedtoolcache/CodeQL/2.27.1/x64/codeql/qlpacks/codeql/python-queries/1.8.11/Functions/IterReturnsNonSelf.ql...
codeql / Analyze (python)	UNKNOWN STEP	2026-09-24T15:25:41.3828809Z  ... found results file at /home/runner/work/_temp/codeql_databases/python/results/codeql/python-queries/Functions/IterReturnsNonSelf.bqrs.
codeql / Analyze (python)	UNKNOWN STEP	2026-09-24T15:25:41.3832822Z Interpreting /opt/hostedtoolcache/CodeQL/2.27.1/x64/codeql/qlpacks/codeql/python-queries/1.8.11/Functions/IncorrectlySpecifiedOverriddenMethod.ql...
codeql / Analyze (python)	UNKNOWN STEP	2026-09-24T15:25:41.3897101Z  ... found results file at /home/runner/work/_temp/codeql_databases/python/results/codeql/python-queries/Functions/IncorrectlySpecifiedOverriddenMethod.bqrs.
codeql / Analyze (python)	UNKNOWN STEP	2026-09-24T15:25:41.3900367Z Interpreting /opt/hostedtoolcache/CodeQL/2.27.1/x64/codeql/qlpacks/codeql/python-queries/1.8.11/Functions/DeprecatedSliceMethod.ql...
codeql / Analyze (python)	UNKNOWN STEP	2026-09-24T15:25:41.3926172Z  ... found results file at /home/runner/work/_temp/codeql_databases/python/results/codeql/python-queries/Functions/DeprecatedSliceMethod.bqrs.
codeql / Analyze (python)	UNKNOWN STEP	2026-09-24T15:25:41.3928922Z Interpreting /opt/hostedtoolcache/CodeQL/2.27.1/x64/codeql/qlpacks/codeql/python-queries/1.8.11/Functions/InitIsGenerator.ql...
codeql / Analyze (python)	UNKNOWN STEP	2026-09-24T15:25:41.3954261Z  ... found results file at /home/runner/work/_temp/codeql_databases/python/results/codeql/python-queries/Functions/InitIsGenerator.bqrs.
codeql / Analyze (python)	UNKNOWN STEP	2026-09-24T15:25:41.3958467Z Interpreting /opt/hostedtoolcache/CodeQL/2.27.1/x64/codeql/qlpacks/codeql/python-queries/1.8.11/Functions/NonSelf.ql...
codeql / Analyze (python)	UNKNOWN STEP	2026-09-24T15:25:41.3983108Z  ... found results file at /home/runner/work/_temp/codeql_databases/python/results/codeql/python-queries/Functions/NonSelf.bqrs.
codeql / Analyze (python)	UNKNOWN STEP	2026-09-24T15:25:41.3992994Z Interpreting /opt/hostedtoolcache/CodeQL/2.27.1/x64/codeql/qlpacks/codeql/python-queries/1.8.11/Functions/IterReturnsNonIterator.ql...
codeql / Analyze (python)	UNKNOWN STEP	2026-09-24T15:25:41.4012059Z  ... found results file at /home/runner/work/_temp/codeql_databases/python/results/codeql/python-queries/Functions/IterReturnsNonIterator.bqrs.
codeql / Analyze (python)	UNKNOWN STEP	2026-09-24T15:25:41.4026456Z Interpreting /opt/hostedtoolcache/CodeQL/2.27.1/x64/codeql/qlpacks/codeql/python-queries/1.8.11/Functions/IncorrectRaiseInSpecialMethod.ql...
codeql / Analyze (python)	UNKNOWN STEP	2026-09-24T15:25:41.4047787Z  ... found results file at /home/runner/work/_temp/codeql_databases/python/results/codeql/python-queries/Functions/IncorrectRaiseInSpecialMethod.bqrs.
codeql / Analyze (python)	UNKNOWN STEP	2026-09-24T15:25:41.4049058Z Interpreting /opt/hostedtoolcache/CodeQL/2.27.1/x64/codeql/qlpacks/codeql/python-queries/1.8.11/Functions/UseImplicitNoneReturnValue.ql...
codeql / Analyze (python)	UNKNOWN STEP	2026-09-24T15:25:41.4071830Z  ... found results file at /home/runner/work/_temp/codeql_databases/python/results/codeql/python-queries/Functions/UseImplicitNoneReturnValue.bqrs.
codeql / Analyze (python)	UNKNOWN STEP	2026-09-24T15:25:41.4074611Z Interpreting /opt/hostedtoolcache/CodeQL/2.27.1/x64/codeql/qlpacks/codeql/python-queries/1.8.11/Functions/OverlyComplexDelMethod.ql...
codeql / Analyze (python)	UNKNOWN STEP	2026-09-24T15:25:41.4096157Z  ... found results file at /home/runner/work/_temp/codeql_databases/python/results/codeql/python-queries/Functions/OverlyComplexDelMethod.bqrs.
codeql / Analyze (python)	UNKNOWN STEP	2026-09-24T15:25:41.4099159Z Interpreting /opt/hostedtoolcache/CodeQL/2.27.1/x64/codeql/qlpacks/codeql/python-queries/1.8.11/Functions/ModificationOfParameterWithDefault.ql...
codeql / Analyze (python)	UNKNOWN STEP	2026-09-24T15:25:41.4119086Z  ... found results file at /home/runner/work/_temp/codeql_databases/python/results/codeql/python-queries/Functions/ModificationOfParameterWithDefault.bqrs.
codeql / Analyze (python)	UNKNOWN STEP	2026-09-24T15:25:41.4122022Z Interpreting /opt/hostedtoolcache/CodeQL/2.27.1/x64/codeql/qlpacks/codeql/python-queries/1.8.11/Functions/SignatureOverriddenMethod.ql...
codeql / Analyze (python)	UNKNOWN STEP	2026-09-24T15:25:41.4142481Z  ... found results file at /home/runner/work/_temp/codeql_databases/python/results/codeql/python-queries/Functions/SignatureOverriddenMethod.bqrs.
codeql / Analyze (python)	UNKNOWN STEP	2026-09-24T15:25:41.4145469Z Interpreting /opt/hostedtoolcache/CodeQL/2.27.1/x64/codeql/qlpacks/codeql/python-queries/1.8.11/Functions/ExplicitReturnInInit.ql...
codeql / Analyze (python)	UNKNOWN STEP	2026-09-24T15:25:41.4165501Z  ... found results file at /home/runner/work/_temp/codeql_databases/python/results/codeql/python-queries/Functions/ExplicitReturnInInit.bqrs.
codeql / Analyze (python)	UNKNOWN STEP	2026-09-24T15:25:41.4168196Z Interpreting /opt/hostedtoolcache/CodeQL/2.27.1/x64/codeql/qlpacks/codeql/python-queries/1.8.11/Functions/SignatureSpecialMethods.ql...
codeql / Analyze (python)	UNKNOWN STEP	2026-09-24T15:25:41.4189754Z  ... found results file at /home/runner/work/_temp/codeql_databases/python/results/codeql/python-queries/Functions/SignatureSpecialMethods.bqrs.
codeql / Analyze (python)	UNKNOWN STEP	2026-09-24T15:25:41.4192541Z Interpreting /opt/hostedtoolcache/CodeQL/2.27.1/x64/codeql/qlpacks/codeql/python-queries/1.8.11/Functions/ReturnConsistentTupleSizes.ql...
codeql / Analyze (python)	UNKNOWN STEP	2026-09-24T15:25:41.4257768Z  ... found results file at /home/runner/work/_temp/codeql_databases/python/results/codeql/python-queries/Functions/ReturnConsistentTupleSizes.bqrs.
codeql / Analyze (python)	UNKNOWN STEP	2026-09-24T15:25:41.4263184Z Interpreting /opt/hostedtoolcache/CodeQL/2.27.1/x64/codeql/qlpacks/codeql/python-queries/1.8.11/Functions/ConsistentReturns.ql...
codeql / Analyze (python)	UNKNOWN STEP	2026-09-24T15:25:41.4285205Z  ... found results file at /home/runner/work/_temp/codeql_databases/python/results/codeql/python-queries/Functions/ConsistentReturns.bqrs.
codeql / Analyze (python)	UNKNOWN STEP	2026-09-24T15:25:41.4288504Z Interpreting /opt/hostedtoolcache/CodeQL/2.27.1/x64/codeql/qlpacks/codeql/python-queries/1.8.11/Functions/NonCls.ql...
codeql / Analyze (python)	UNKNOWN STEP	2026-09-24T15:25:41.4308880Z  ... found results file at /home/runner/work/_temp/codeql_databases/python/results/codeql/python-queries/Functions/NonCls.bqrs.
codeql / Analyze (python)	UNKNOWN STEP	2026-09-24T15:25:41.4312711Z Interpreting /opt/hostedtoolcache/CodeQL/2.27.1/x64/codeql/qlpacks/codeql/python-queries/1.8.11/Statements/SideEffectInAssert.ql...
codeql / Analyze (python)	UNKNOWN STEP	2026-09-24T15:25:41.4335411Z  ... found results file at /home/runner/work/_temp/codeql_databases/python/results/codeql/python-queries/Statements/SideEffectInAssert.bqrs.
codeql / Analyze (python)	UNKNOWN STEP	2026-09-24T15:25:41.4360076Z Interpreting /opt/hostedtoolcache/CodeQL/2.27.1/x64/codeql/qlpacks/codeql/python-queries/1.8.11/Statements/TopLevelPrint.ql...
codeql / Analyze (python)	UNKNOWN STEP	2026-09-24T15:25:41.4368270Z  ... found results file at /home/runner/work/_temp/codeql_databases/python/results/codeql/python-queries/Statements/TopLevelPrint.bqrs.
codeql / Analyze (python)	UNKNOWN STEP	2026-09-24T15:25:41.4369936Z Interpreting /opt/hostedtoolcache/CodeQL/2.27.1/x64/codeql/qlpacks/codeql/python-queries/1.8.11/Statements/NonIteratorInForLoop.ql...
codeql / Analyze (python)	UNKNOWN STEP	2026-09-24T15:25:41.4388690Z  ... found results file at /home/runner/work/_temp/codeql_databases/python/results/codeql/python-queries/Statements/NonIteratorInForLoop.bqrs.
codeql / Analyze (python)	UNKNOWN STEP	2026-09-24T15:25:41.4397823Z Interpreting /opt/hostedtoolcache/CodeQL/2.27.1/x64/codeql/qlpacks/codeql/python-queries/1.8.11/Statements/AssertOnTuple.ql...
codeql / Analyze (python)	UNKNOWN STEP	2026-09-24T15:25:41.4414501Z  ... found results file at /home/runner/work/_temp/codeql_databases/python/results/codeql/python-queries/Statements/AssertOnTuple.bqrs.
codeql / Analyze (python)	UNKNOWN STEP	2026-09-24T15:25:41.4417101Z Interpreting /opt/hostedtoolcache/CodeQL/2.27.1/x64/codeql/qlpacks/codeql/python-queries/1.8.11/Statements/StatementNoEffect.ql...
codeql / Analyze (python)	UNKNOWN STEP	2026-09-24T15:25:41.4437446Z  ... found results file at /home/runner/work/_temp/codeql_databases/python/results/codeql/python-queries/Statements/StatementNoEffect.bqrs.
codeql / Analyze (python)	UNKNOWN STEP	2026-09-24T15:25:41.4447020Z Interpreting /opt/hostedtoolcache/CodeQL/2.27.1/x64/codeql/qlpacks/codeql/python-queries/1.8.11/Statements/NestedLoopsSameVariableWithReuse.ql...
codeql / Analyze (python)	UNKNOWN STEP	2026-09-24T15:25:41.4464513Z  ... found results file at /home/runner/work/_temp/codeql_databases/python/results/codeql/python-queries/Statements/NestedLoopsSameVariableWithReuse.bqrs.
codeql / Analyze (python)	UNKNOWN STEP	2026-09-24T15:25:41.4467173Z Interpreting /opt/hostedtoolcache/CodeQL/2.27.1/x64/codeql/qlpacks/codeql/python-queries/1.8.11/Statements/UseOfExit.ql...
codeql / Analyze (python)	UNKNOWN STEP	2026-09-24T15:25:41.4487925Z  ... found results file at /home/runner/work/_temp/codeql_databases/python/results/codeql/python-queries/Statements/UseOfExit.bqrs.
codeql / Analyze (python)	UNKNOWN STEP	2026-09-24T15:25:41.4507378Z Interpreting /opt/hostedtoolcache/CodeQL/2.27.1/x64/codeql/qlpacks/codeql/python-queries/1.8.11/Statements/BreakOrReturnInFinally.ql...
codeql / Analyze (python)	UNKNOWN STEP	2026-09-24T15:25:41.4516179Z  ... found results file at /home/runner/work/_temp/codeql_databases/python/results/codeql/python-queries/Statements/BreakOrReturnInFinally.bqrs.
codeql / Analyze (python)	UNKNOWN STEP	2026-09-24T15:25:41.4520175Z Interpreting /opt/hostedtoolcache/CodeQL/2.27.1/x64/codeql/qlpacks/codeql/python-queries/1.8.11/Statements/IterableStringOrSequence.ql...
codeql / Analyze (python)	UNKNOWN STEP	2026-09-24T15:25:41.4538862Z  ... found results file at /home/runner/work/_temp/codeql_databases/python/results/codeql/python-queries/Statements/IterableStringOrSequence.bqrs.
codeql / Analyze (python)	UNKNOWN STEP	2026-09-24T15:25:41.4541630Z Interpreting /opt/hostedtoolcache/CodeQL/2.27.1/x64/codeql/qlpacks/codeql/python-queries/1.8.11/Statements/ReturnOrYieldOutsideFunction.ql...
codeql / Analyze (python)	UNKNOWN STEP	2026-09-24T15:25:41.4561014Z  ... found results file at /home/runner/work/_temp/codeql_databases/python/results/codeql/python-queries/Statements/ReturnOrYieldOutsideFunction.bqrs.
codeql / Analyze (python)	UNKNOWN STEP	2026-09-24T15:25:41.4579106Z Interpreting /opt/hostedtoolcache/CodeQL/2.27.1/x64/codeql/qlpacks/codeql/python-queries/1.8.11/Statements/UnreachableCode.ql...
codeql / Analyze (python)	UNKNOWN STEP	2026-09-24T15:25:41.4588046Z  ... found results file at /home/runner/work/_temp/codeql_databases/python/results/codeql/python-queries/Statements/UnreachableCode.bqrs.
codeql / Analyze (python)	UNKNOWN STEP	2026-09-24T15:25:41.4610219Z Interpreting /opt/hostedtoolcache/CodeQL/2.27.1/x64/codeql/qlpacks/codeql/python-queries/1.8.11/Statements/NestedLoopsSameVariable.ql...
codeql / Analyze (python)	UNKNOWN STEP	2026-09-24T15:25:41.4615547Z  ... found results file at /home/runner/work/_temp/codeql_databases/python/results/codeql/python-queries/Statements/NestedLoopsSameVariable.bqrs.
codeql / Analyze (python)	UNKNOWN STEP	2026-09-24T15:25:41.4618619Z Interpreting /opt/hostedtoolcache/CodeQL/2.27.1/x64/codeql/qlpacks/codeql/python-queries/1.8.11/Statements/UnnecessaryDelete.ql...
codeql / Analyze (python)	UNKNOWN STEP	2026-09-24T15:25:41.4649564Z  ... found results file at /home/runner/work/_temp/codeql_databases/python/results/codeql/python-queries/Statements/UnnecessaryDelete.bqrs.
codeql / Analyze (python)	UNKNOWN STEP	2026-09-24T15:25:41.4652403Z Interpreting /opt/hostedtoolcache/CodeQL/2.27.1/x64/codeql/qlpacks/codeql/python-queries/1.8.11/Statements/UnnecessaryElseClause.ql...
codeql / Analyze (python)	UNKNOWN STEP	2026-09-24T15:25:41.4674713Z  ... found results file at /home/runner/work/_temp/codeql_databases/python/results/codeql/python-queries/Statements/UnnecessaryElseClause.bqrs.
codeql / Analyze (python)	UNKNOWN STEP	2026-09-24T15:25:41.4677481Z Interpreting /opt/hostedtoolcache/CodeQL/2.27.1/x64/codeql/qlpacks/codeql/python-queries/1.8.11/Statements/ModificationOfLocals.ql...
codeql / Analyze (python)	UNKNOWN STEP	2026-09-24T15:25:41.4697377Z  ... found results file at /home/runner/work/_temp/codeql_databases/python/results/codeql/python-queries/Statements/ModificationOfLocals.bqrs.
codeql / Analyze (python)	UNKNOWN STEP	2026-09-24T15:25:41.4700066Z Interpreting /opt/hostedtoolcache/CodeQL/2.27.1/x64/codeql/qlpacks/codeql/python-queries/1.8.11/Statements/MismatchInMultipleAssignment.ql...
codeql / Analyze (python)	UNKNOWN STEP	2026-09-24T15:25:41.4720445Z  ... found results file at /home/runner/work/_temp/codeql_databases/python/results/codeql/python-queries/Statements/MismatchInMultipleAssignment.bqrs.
codeql / Analyze (python)	UNKNOWN STEP	2026-09-24T15:25:41.4725658Z Interpreting /opt/hostedtoolcache/CodeQL/2.27.1/x64/codeql/qlpacks/codeql/python-queries/1.8.11/Statements/RedundantAssignment.ql...
codeql / Analyze (python)	UNKNOWN STEP	2026-09-24T15:25:41.4743550Z  ... found results file at /home/runner/work/_temp/codeql_databases/python/results/codeql/python-queries/Statements/RedundantAssignment.bqrs.
codeql / Analyze (python)	UNKNOWN STEP	2026-09-24T15:25:41.4746160Z Interpreting /opt/hostedtoolcache/CodeQL/2.27.1/x64/codeql/qlpacks/codeql/python-queries/1.8.11/Statements/UnnecessaryPass.ql...
codeql / Analyze (python)	UNKNOWN STEP	2026-09-24T15:25:41.4774281Z  ... found results file at /home/runner/work/_temp/codeql_databases/python/results/codeql/python-queries/Statements/UnnecessaryPass.bqrs.
codeql / Analyze (python)	UNKNOWN STEP	2026-09-24T15:25:41.4802309Z Interpreting /opt/hostedtoolcache/CodeQL/2.27.1/x64/codeql/qlpacks/codeql/python-queries/1.8.11/Statements/UnusedExceptionObject.ql...
codeql / Analyze (python)	UNKNOWN STEP	2026-09-24T15:25:41.4832644Z  ... found results file at /home/runner/work/_temp/codeql_databases/python/results/codeql/python-queries/Statements/UnusedExceptionObject.bqrs.
codeql / Analyze (python)	UNKNOWN STEP	2026-09-24T15:25:41.4834990Z Interpreting /opt/hostedtoolcache/CodeQL/2.27.1/x64/codeql/qlpacks/codeql/python-queries/1.8.11/Statements/ShouldUseWithStatement.ql...
codeql / Analyze (python)	UNKNOWN STEP	2026-09-24T15:25:41.4862240Z  ... found results file at /home/runner/work/_temp/codeql_databases/python/results/codeql/python-queries/Statements/ShouldUseWithStatement.bqrs.
codeql / Analyze (python)	UNKNOWN STEP	2026-09-24T15:25:41.4892169Z Interpreting /opt/hostedtoolcache/CodeQL/2.27.1/x64/codeql/qlpacks/codeql/python-queries/1.8.11/Statements/ConstantInConditional.ql...
codeql / Analyze (python)	UNKNOWN STEP	2026-09-24T15:25:41.4921041Z  ... found results file at /home/runner/work/_temp/codeql_databases/python/results/codeql/python-queries/Statements/ConstantInConditional.bqrs.
codeql / Analyze (python)	UNKNOWN STEP	2026-09-24T15:25:41.4928387Z Interpreting /opt/hostedtoolcache/CodeQL/2.27.1/x64/codeql/qlpacks/codeql/python-queries/1.8.11/Testing/ImpreciseAssert.ql...
codeql / Analyze (python)	UNKNOWN STEP	2026-09-24T15:25:41.4951419Z  ... found results file at /home/runner/work/_temp/codeql_databases/python/results/codeql/python-queries/Testing/ImpreciseAssert.bqrs.
codeql / Analyze (python)	UNKNOWN STEP	2026-09-24T15:25:41.4963142Z Interpreting /opt/hostedtoolcache/CodeQL/2.27.1/x64/codeql/qlpacks/codeql/python-queries/1.8.11/Numerics/Pythagorean.ql...
codeql / Analyze (python)	UNKNOWN STEP	2026-09-24T15:25:41.4964672Z  ... found results file at /home/runner/work/_temp/codeql_databases/python/results/codeql/python-queries/Numerics/Pythagorean.bqrs.
codeql / Analyze (python)	UNKNOWN STEP	2026-09-24T15:25:41.4966033Z Interpreting /opt/hostedtoolcache/CodeQL/2.27.1/x64/codeql/qlpacks/codeql/python-queries/1.8.11/Exceptions/RaisingTuple.ql...
codeql / Analyze (python)	UNKNOWN STEP	2026-09-24T15:25:41.4967322Z  ... found results file at /home/runner/work/_temp/codeql_databases/python/results/codeql/python-queries/Exceptions/RaisingTuple.bqrs.
codeql / Analyze (python)	UNKNOWN STEP	2026-09-24T15:25:41.4969124Z Interpreting /opt/hostedtoolcache/CodeQL/2.27.1/x64/codeql/qlpacks/codeql/python-queries/1.8.11/Exceptions/IllegalExceptionHandlerType.ql...
codeql / Analyze (python)	UNKNOWN STEP	2026-09-24T15:25:41.4985405Z  ... found results file at /home/runner/work/_temp/codeql_databases/python/results/codeql/python-queries/Exceptions/IllegalExceptionHandlerType.bqrs.
codeql / Analyze (python)	UNKNOWN STEP	2026-09-24T15:25:41.4988196Z Interpreting /opt/hostedtoolcache/CodeQL/2.27.1/x64/codeql/qlpacks/codeql/python-queries/1.8.11/Exceptions/IllegalRaise.ql...
codeql / Analyze (python)	UNKNOWN STEP	2026-09-24T15:25:41.5011987Z  ... found results file at /home/runner/work/_temp/codeql_databases/python/results/codeql/python-queries/Exceptions/IllegalRaise.bqrs.
codeql / Analyze (python)	UNKNOWN STEP	2026-09-24T15:25:41.5028114Z Interpreting /opt/hostedtoolcache/CodeQL/2.27.1/x64/codeql/qlpacks/codeql/python-queries/1.8.11/Exceptions/UnguardedNextInGenerator.ql...
codeql / Analyze (python)	UNKNOWN STEP	2026-09-24T15:25:41.5042365Z  ... found results file at /home/runner/work/_temp/codeql_databases/python/results/codeql/python-queries/Exceptions/UnguardedNextInGenerator.bqrs.
codeql / Analyze (python)	UNKNOWN STEP	2026-09-24T15:25:41.5051890Z Interpreting /opt/hostedtoolcache/CodeQL/2.27.1/x64/codeql/qlpacks/codeql/python-queries/1.8.11/Exceptions/IncorrectExceptOrder.ql...
codeql / Analyze (python)	UNKNOWN STEP	2026-09-24T15:25:41.5067420Z  ... found results file at /home/runner/work/_temp/codeql_databases/python/results/codeql/python-queries/Exceptions/IncorrectExceptOrder.bqrs.
codeql / Analyze (python)	UNKNOWN STEP	2026-09-24T15:25:41.5072354Z Interpreting /opt/hostedtoolcache/CodeQL/2.27.1/x64/codeql/qlpacks/codeql/python-queries/1.8.11/Exceptions/CatchingBaseException.ql...
codeql / Analyze (python)	UNKNOWN STEP	2026-09-24T15:25:41.5096221Z  ... found results file at /home/runner/work/_temp/codeql_databases/python/results/codeql/python-queries/Exceptions/CatchingBaseException.bqrs.
codeql / Analyze (python)	UNKNOWN STEP	2026-09-24T15:25:41.5099608Z Interpreting /opt/hostedtoolcache/CodeQL/2.27.1/x64/codeql/qlpacks/codeql/python-queries/1.8.11/Exceptions/EmptyExcept.ql...
codeql / Analyze (python)	UNKNOWN STEP	2026-09-24T15:25:41.5118843Z  ... found results file at /home/runner/work/_temp/codeql_databases/python/results/codeql/python-queries/Exceptions/EmptyExcept.bqrs.
codeql / Analyze (python)	UNKNOWN STEP	2026-09-24T15:25:41.5129201Z Interpreting /opt/hostedtoolcache/CodeQL/2.27.1/x64/codeql/qlpacks/codeql/python-queries/1.8.11/Exceptions/NotImplementedIsNotAnException.ql...
codeql / Analyze (python)	UNKNOWN STEP	2026-09-24T15:25:41.5147080Z  ... found results file at /home/runner/work/_temp/codeql_databases/python/results/codeql/python-queries/Exceptions/NotImplementedIsNotAnException.bqrs.
codeql / Analyze (python)	UNKNOWN STEP	2026-09-24T15:25:41.5151632Z Interpreting /opt/hostedtoolcache/CodeQL/2.27.1/x64/codeql/qlpacks/codeql/python-queries/1.8.11/Resources/FileNotAlwaysClosed.ql...
codeql / Analyze (python)	UNKNOWN STEP	2026-09-24T15:25:41.5181507Z  ... found results file at /home/runner/work/_temp/codeql_databases/python/results/codeql/python-queries/Resources/FileNotAlwaysClosed.bqrs.
codeql / Analyze (python)	UNKNOWN STEP	2026-09-24T15:25:41.5769873Z Interpreted problem query "'input' function used in Python 2" (py/use-of-input) at path /home/runner/work/_temp/codeql_databases/python/results/codeql/python-queries/Expressions/UseofInput.bqrs.
codeql / Analyze (python)	UNKNOWN STEP	2026-09-24T15:25:41.5779744Z Interpreted pathproblem query "Full server-side request forgery" (py/full-ssrf) at path /home/runner/work/_temp/codeql_databases/python/results/codeql/python-queries/Security/CWE-918/FullServerSideRequestForgery.bqrs.
codeql / Analyze (python)	UNKNOWN STEP	2026-09-24T15:25:41.5802666Z Interpreted pathproblem query "Reflected server-side cross-site scripting" (py/reflective-xss) at path /home/runner/work/_temp/codeql_databases/python/results/codeql/python-queries/Security/CWE-079/ReflectedXss.bqrs.
codeql / Analyze (python)	UNKNOWN STEP	2026-09-24T15:25:41.5831753Z Interpreted problem query "Use of weak cryptographic key" (py/weak-crypto-key) at path /home/runner/work/_temp/codeql_databases/python/results/codeql/python-queries/Security/CWE-326/WeakCryptoKey.bqrs.
codeql / Analyze (python)	UNKNOWN STEP	2026-09-24T15:25:41.5852154Z Interpreted pathproblem query "Uncontrolled data used in path expression" (py/path-injection) at path /home/runner/work/_temp/codeql_databases/python/results/codeql/python-queries/Security/CWE-022/PathInjection.bqrs.
codeql / Analyze (python)	UNKNOWN STEP	2026-09-24T15:25:41.5854069Z Interpreted problem query "Bad HTML filtering regexp" (py/bad-tag-filter) at path /home/runner/work/_temp/codeql_databases/python/results/codeql/python-queries/Security/CWE-116/BadTagFilter.bqrs.
codeql / Analyze (python)	UNKNOWN STEP	2026-09-24T15:25:41.5857507Z Interpreted pathproblem query "NoSQL Injection" (py/nosql-injection) at path /home/runner/work/_temp/codeql_databases/python/results/codeql/python-queries/Security/CWE-943/NoSqlInjection.bqrs.
codeql / Analyze (python)	UNKNOWN STEP	2026-09-24T15:25:41.5892932Z Interpreted pathproblem query "Information exposure through an exception" (py/stack-trace-exposure) at path /home/runner/work/_temp/codeql_databases/python/results/codeql/python-queries/Security/CWE-209/StackTraceExposure.bqrs.
codeql / Analyze (python)	UNKNOWN STEP	2026-09-24T15:25:41.5895179Z Interpreted pathproblem query "XPath query built from user-controlled sources" (py/xpath-injection) at path /home/runner/work/_temp/codeql_databases/python/results/codeql/python-queries/Security/CWE-643/XpathInjection.bqrs.
codeql / Analyze (python)	UNKNOWN STEP	2026-09-24T15:25:41.5897113Z Interpreted pathproblem query "Code injection" (py/code-injection) at path /home/runner/work/_temp/codeql_databases/python/results/codeql/python-queries/Security/CWE-094/CodeInjection.bqrs.
codeql / Analyze (python)	UNKNOWN STEP	2026-09-24T15:25:41.5904778Z Interpreted problem query "Insecure temporary file" (py/insecure-temporary-file) at path /home/runner/work/_temp/codeql_databases/python/results/codeql/python-queries/Security/CWE-377/InsecureTemporaryFile.bqrs.
codeql / Analyze (python)	UNKNOWN STEP	2026-09-24T15:25:41.5906777Z Interpreted pathproblem query "Polynomial regular expression used on uncontrolled data" (py/polynomial-redos) at path /home/runner/work/_temp/codeql_databases/python/results/codeql/python-queries/Security/CWE-730/PolynomialReDoS.bqrs.
codeql / Analyze (python)	UNKNOWN STEP	2026-09-24T15:25:41.5908717Z Interpreted problem query "Inefficient regular expression" (py/redos) at path /home/runner/work/_temp/codeql_databases/python/results/codeql/python-queries/Security/CWE-730/ReDoS.bqrs.
codeql / Analyze (python)	UNKNOWN STEP	2026-09-24T15:25:41.5910675Z Interpreted pathproblem query "Regular expression injection" (py/regex-injection) at path /home/runner/work/_temp/codeql_databases/python/results/codeql/python-queries/Security/CWE-730/RegexInjection.bqrs.
codeql / Analyze (python)	UNKNOWN STEP	2026-09-24T15:25:41.5912938Z Interpreted problem query "Accepting unknown SSH host keys when using Paramiko" (py/paramiko-missing-host-key-validation) at path /home/runner/work/_temp/codeql_databases/python/results/codeql/python-queries/Security/CWE-295/MissingHostKeyValidation.bqrs.
codeql / Analyze (python)	UNKNOWN STEP	2026-09-24T15:25:41.5915057Z Interpreted pathproblem query "URL redirection from remote source" (py/url-redirection) at path /home/runner/work/_temp/codeql_databases/python/results/codeql/python-queries/Security/CWE-601/UrlRedirect.bqrs.
codeql / Analyze (python)	UNKNOWN STEP	2026-09-24T15:25:41.5916857Z Interpreted pathproblem query "XML external entity expansion" (py/xxe) at path /home/runner/work/_temp/codeql_databases/python/results/codeql/python-queries/Security/CWE-611/Xxe.bqrs.
codeql / Analyze (python)	UNKNOWN STEP	2026-09-24T15:25:41.5919014Z Interpreted problem query "Sensitive cookie with `SameSite` attribute set to `None`" (py/samesite-none-cookie) at path /home/runner/work/_temp/codeql_databases/python/results/codeql/python-queries/Security/CWE-1275/SameSiteNoneCookie.bqrs.
codeql / Analyze (python)	UNKNOWN STEP	2026-09-24T15:25:41.5921301Z Interpreted problem query "CSRF protection weakened or disabled" (py/csrf-protection-disabled) at path /home/runner/work/_temp/codeql_databases/python/results/codeql/python-queries/Security/CWE-352/CSRFProtectionDisabled.bqrs.
codeql / Analyze (python)	UNKNOWN STEP	2026-09-24T15:25:41.5925559Z Interpreted pathproblem query "Clear-text storage of sensitive information" (py/clear-text-storage-sensitive-data) at path /home/runner/work/_temp/codeql_databases/python/results/codeql/python-queries/Security/CWE-312/CleartextStorage.bqrs.
codeql / Analyze (python)	UNKNOWN STEP	2026-09-24T15:25:41.5927802Z Interpreted pathproblem query "Clear-text logging of sensitive information" (py/clear-text-logging-sensitive-data) at path /home/runner/work/_temp/codeql_databases/python/results/codeql/python-queries/Security/CWE-312/CleartextLogging.bqrs.
codeql / Analyze (python)	UNKNOWN STEP	2026-09-24T15:25:41.5944295Z Interpreted pathproblem query "XML internal entity expansion" (py/xml-bomb) at path /home/runner/work/_temp/codeql_databases/python/results/codeql/python-queries/Security/CWE-776/XmlBomb.bqrs.
codeql / Analyze (python)	UNKNOWN STEP	2026-09-24T15:25:41.5946319Z Interpreted problem query "Sensitive cookie missing `HttpOnly` attribute" (py/client-exposed-cookie) at path /home/runner/work/_temp/codeql_databases/python/results/codeql/python-queries/Security/CWE-1004/NonHttpOnlyCookie.bqrs.
codeql / Analyze (python)	UNKNOWN STEP	2026-09-24T15:25:41.5948497Z Interpreted pathproblem query "Deserialization of user-controlled data" (py/unsafe-deserialization) at path /home/runner/work/_temp/codeql_databases/python/results/codeql/python-queries/Security/CWE-502/UnsafeDeserialization.bqrs.
codeql / Analyze (python)	UNKNOWN STEP	2026-09-24T15:25:41.5951444Z Interpreted pathproblem query "SQL query built from user-controlled sources" (py/sql-injection) at path /home/runner/work/_temp/codeql_databases/python/results/codeql/python-queries/Security/CWE-089/SqlInjection.bqrs.
codeql / Analyze (python)	UNKNOWN STEP	2026-09-24T15:25:41.5953756Z Interpreted pathproblem query "Binding a socket to all network interfaces" (py/bind-socket-all-network-interfaces) at path /home/runner/work/_temp/codeql_databases/python/results/codeql/python-queries/Security/CVE-2018-1281/BindToAllInterfaces.bqrs.
codeql / Analyze (python)	UNKNOWN STEP	2026-09-24T15:25:41.5955954Z Interpreted pathproblem query "Uncontrolled command line" (py/command-line-injection) at path /home/runner/work/_temp/codeql_databases/python/results/codeql/python-queries/Security/CWE-078/CommandInjection.bqrs.
codeql / Analyze (python)	UNKNOWN STEP	2026-09-24T15:25:41.5957974Z Interpreted pathproblem query "Server Side Template Injection" (py/template-injection) at path /home/runner/work/_temp/codeql_databases/python/results/codeql/python-queries/Security/CWE-074/TemplateInjection.bqrs.
codeql / Analyze (python)	UNKNOWN STEP	2026-09-24T15:25:41.5959821Z Interpreted problem query "Flask app is run in debug mode" (py/flask-debug) at path /home/runner/work/_temp/codeql_databases/python/results/codeql/python-queries/Security/CWE-215/FlaskDebug.bqrs.
codeql / Analyze (python)	UNKNOWN STEP	2026-09-24T15:25:41.5961914Z Interpreted pathproblem query "LDAP query built from user-controlled sources" (py/ldap-injection) at path /home/runner/work/_temp/codeql_databases/python/results/codeql/python-queries/Security/CWE-090/LdapInjection.bqrs.
codeql / Analyze (python)	UNKNOWN STEP	2026-09-24T15:25:41.5964297Z Interpreted pathproblem query "Use of a broken or weak cryptographic hashing algorithm on sensitive data" (py/weak-sensitive-data-hashing) at path /home/runner/work/_temp/codeql_databases/python/results/codeql/python-queries/Security/CWE-327/WeakSensitiveDataHashing.bqrs.
codeql / Analyze (python)	UNKNOWN STEP	2026-09-24T15:25:41.5966565Z Interpreted problem query "Use of insecure SSL/TLS version" (py/insecure-protocol) at path /home/runner/work/_temp/codeql_databases/python/results/codeql/python-queries/Security/CWE-327/InsecureProtocol.bqrs.
codeql / Analyze (python)	UNKNOWN STEP	2026-09-24T15:25:41.5968571Z Interpreted problem query "Use of a broken or weak cryptographic algorithm" (py/weak-cryptographic-algorithm) at path /home/runner/work/_temp/codeql_databases/python/results/codeql/python-queries/Security/CWE-327/BrokenCryptoAlgorithm.bqrs.
codeql / Analyze (python)	UNKNOWN STEP	2026-09-24T15:25:41.5971025Z Interpreted problem query "Default version of SSL/TLS may be insecure" (py/insecure-default-protocol) at path /home/runner/work/_temp/codeql_databases/python/results/codeql/python-queries/Security/CWE-327/InsecureDefaultProtocol.bqrs.
codeql / Analyze (python)	UNKNOWN STEP	2026-09-24T15:25:41.5972990Z Interpreted problem query "Failure to use secure cookies" (py/insecure-cookie) at path /home/runner/work/_temp/codeql_databases/python/results/codeql/python-queries/Security/CWE-614/InsecureCookie.bqrs.
codeql / Analyze (python)	UNKNOWN STEP	2026-09-24T15:25:41.5974947Z Interpreted pathproblem query "PAM authorization bypass due to incorrect usage" (py/pam-auth-bypass) at path /home/runner/work/_temp/codeql_databases/python/results/codeql/python-queries/Security/CWE-285/PamAuthorization.bqrs.
codeql / Analyze (python)	UNKNOWN STEP	2026-09-24T15:25:41.5977169Z Interpreted problem query "Incomplete URL substring sanitization" (py/incomplete-url-substring-sanitization) at path /home/runner/work/_temp/codeql_databases/python/results/codeql/python-queries/Security/CWE-020/IncompleteUrlSubstringSanitization.bqrs.
codeql / Analyze (python)	UNKNOWN STEP	2026-09-24T15:25:41.5979478Z Interpreted problem query "Incomplete regular expression for hostnames" (py/incomplete-hostname-regexp) at path /home/runner/work/_temp/codeql_databases/python/results/codeql/python-queries/Security/CWE-020/IncompleteHostnameRegExp.bqrs.
codeql / Analyze (python)	UNKNOWN STEP	2026-09-24T15:25:41.5981672Z Interpreted problem query "Overly permissive regular expression range" (py/overly-large-range) at path /home/runner/work/_temp/codeql_databases/python/results/codeql/python-queries/Security/CWE-020/OverlyLargeRange.bqrs.
codeql / Analyze (python)	UNKNOWN STEP	2026-09-24T15:25:41.5983381Z Interpreted pathproblem query "Construction of a cookie using user-supplied input" (py/cookie-injection) at path /home/runner/work/_temp/codeql_databases/python/results/codeql/python-queries/Security/CWE-020/CookieInjection.bqrs.
codeql / Analyze (python)	UNKNOWN STEP	2026-09-24T15:25:41.5985184Z Interpreted pathproblem query "HTTP Response Splitting" (py/http-response-splitting) at path /home/runner/work/_temp/codeql_databases/python/results/codeql/python-queries/Security/CWE-113/HeaderInjection.bqrs.
codeql / Analyze (python)	UNKNOWN STEP	2026-09-24T15:25:41.5986975Z Interpreted pathproblem query "Partial server-side request forgery" (py/partial-ssrf) at path /home/runner/work/_temp/codeql_databases/python/results/codeql/python-queries/Security/CWE-918/PartialServerSideRequestForgery.bqrs.
codeql / Analyze (python)	UNKNOWN STEP	2026-09-24T15:25:41.5988822Z Interpreted problem query "Jinja2 templating with autoescape=False" (py/jinja2/autoescape-false) at path /home/runner/work/_temp/codeql_databases/python/results/codeql/python-queries/Security/CWE-079/Jinja2WithoutEscaping.bqrs.
codeql / Analyze (python)	UNKNOWN STEP	2026-09-24T15:25:41.5990718Z Interpreted pathproblem query "Arbitrary file write during tarfile extraction" (py/tarslip) at path /home/runner/work/_temp/codeql_databases/python/results/codeql/python-queries/Security/CWE-022/TarSlip.bqrs.
codeql / Analyze (python)	UNKNOWN STEP	2026-09-24T15:25:41.5992574Z Interpreted problem query "Request without certificate validation" (py/request-without-cert-validation) at path /home/runner/work/_temp/codeql_databases/python/results/codeql/python-queries/Security/CWE-295/RequestWithoutValidation.bqrs.
codeql / Analyze (python)	UNKNOWN STEP	2026-09-24T15:25:41.5994482Z Interpreted problem query "Overly permissive file permissions" (py/overly-permissive-file) at path /home/runner/work/_temp/codeql_databases/python/results/codeql/python-queries/Security/CWE-732/WeakFilePermissions.bqrs.
codeql / Analyze (python)	UNKNOWN STEP	2026-09-24T15:25:41.5996747Z Interpreted pathproblem query "Unsafe shell command constructed from library input" (py/shell-command-constructed-from-input) at path /home/runner/work/_temp/codeql_databases/python/results/codeql/python-queries/Security/CWE-078/UnsafeShellCommandConstruction.bqrs.
codeql / Analyze (python)	UNKNOWN STEP	2026-09-24T15:25:41.5998610Z Interpreted pathproblem query "Log Injection" (py/log-injection) at path /home/runner/work/_temp/codeql_databases/python/results/codeql/python-queries/Security/CWE-117/LogInjection.bqrs.
codeql / Analyze (python)	UNKNOWN STEP	2026-09-24T15:25:41.6000267Z Interpreted diagnostic query "Python extraction warnings" (py/diagnostics/extraction-warnings) at path /home/runner/work/_temp/codeql_databases/python/results/codeql/python-queries/Diagnostics/ExtractionWarnings.bqrs.
codeql / Analyze (python)	UNKNOWN STEP	2026-09-24T15:25:41.6002305Z Interpreted diagnostic query "Extracted Python files" (py/diagnostics/successfully-extracted-files) at path /home/runner/work/_temp/codeql_databases/python/results/codeql/python-queries/Diagnostics/ExtractedFiles.bqrs.
codeql / Analyze (python)	UNKNOWN STEP	2026-09-24T15:25:41.6004127Z Interpreted metric query "Total lines of user written Python code in the database" (py/summary/lines-of-user-code) at path /home/runner/work/_temp/codeql_databases/python/results/codeql/python-queries/Summary/LinesOfUserCode.bqrs.
codeql / Analyze (python)	UNKNOWN STEP	2026-09-24T15:25:41.6005848Z Interpreted metric query "Total lines of Python code in the database" (py/summary/lines-of-code) at path /home/runner/work/_temp/codeql_databases/python/results/codeql/python-queries/Summary/LinesOfCode.bqrs.
codeql / Analyze (python)	UNKNOWN STEP	2026-09-24T15:25:41.6007415Z Interpreted problem query "Commented-out code" (py/commented-out-code) at path /home/runner/work/_temp/codeql_databases/python/results/codeql/python-queries/Lexical/CommentedOutCode.bqrs.
codeql / Analyze (python)	UNKNOWN STEP	2026-09-24T15:25:41.6008974Z Interpreted problem query "Confusing octal literal" (py/old-style-octal-literal) at path /home/runner/work/_temp/codeql_databases/python/results/codeql/python-queries/Lexical/OldOctalLiteral.bqrs.
codeql / Analyze (python)	UNKNOWN STEP	2026-09-24T15:25:41.6012135Z Interpreted problem query "Unused local variable" (py/unused-local-variable) at path /home/runner/work/_temp/codeql_databases/python/results/codeql/python-queries/Variables/UnusedLocalVariable.bqrs.
codeql / Analyze (python)	UNKNOWN STEP	2026-09-24T15:25:41.6013810Z Interpreted problem query "Use of 'global' at module level" (py/redundant-global-declaration) at path /home/runner/work/_temp/codeql_databases/python/results/codeql/python-queries/Variables/GlobalAtModuleLevel.bqrs.
codeql / Analyze (python)	UNKNOWN STEP	2026-09-24T15:25:41.6015577Z Interpreted problem query "Use of an undefined placeholder variable" (py/undefined-placeholder-variable) at path /home/runner/work/_temp/codeql_databases/python/results/codeql/python-queries/Variables/UndefinedPlaceHolder.bqrs.
codeql / Analyze (python)	UNKNOWN STEP	2026-09-24T15:25:41.6017419Z Interpreted problem query "Potentially uninitialized local variable" (py/uninitialized-local-variable) at path /home/runner/work/_temp/codeql_databases/python/results/codeql/python-queries/Variables/UninitializedLocal.bqrs.
codeql / Analyze (python)	UNKNOWN STEP	2026-09-24T15:25:41.6019306Z Interpreted problem query "Suspicious unused loop iteration variable" (py/unused-loop-variable) at path /home/runner/work/_temp/codeql_databases/python/results/codeql/python-queries/Variables/SuspiciousUnusedLoopIterationVariable.bqrs.
codeql / Analyze (python)	UNKNOWN STEP	2026-09-24T15:25:41.6021624Z Interpreted problem query "List comprehension variable used in enclosing scope" (py/leaking-list-comprehension) at path /home/runner/work/_temp/codeql_databases/python/results/codeql/python-queries/Variables/LeakingListComprehension.bqrs.
codeql / Analyze (python)	UNKNOWN STEP	2026-09-24T15:25:41.6023504Z Interpreted pathproblem query "Loop variable capture" (py/loop-variable-capture) at path /home/runner/work/_temp/codeql_databases/python/results/codeql/python-queries/Variables/LoopVariableCapture/LoopVariableCapture.bqrs.
codeql / Analyze (python)	UNKNOWN STEP	2026-09-24T15:25:41.6025243Z Interpreted problem query "Unused global variable" (py/unused-global-variable) at path /home/runner/work/_temp/codeql_databases/python/results/codeql/python-queries/Variables/UnusedModuleVariable.bqrs.
codeql / Analyze (python)	UNKNOWN STEP	2026-09-24T15:25:41.6026894Z Interpreted problem query "Variable defined multiple times" (py/multiple-definition) at path /home/runner/work/_temp/codeql_databases/python/results/codeql/python-queries/Variables/MultiplyDefined.bqrs.
codeql / Analyze (python)	UNKNOWN STEP	2026-09-24T15:25:41.6028679Z Interpreted problem query "Explicit export is not defined" (py/undefined-export) at path /home/runner/work/_temp/codeql_databases/python/results/codeql/python-queries/Variables/UndefinedExport.bqrs.
codeql / Analyze (python)	UNKNOWN STEP	2026-09-24T15:25:41.6030367Z Interpreted problem query "Module is imported with 'import' and 'import from'" (py/import-and-import-from) at path /home/runner/work/_temp/codeql_databases/python/results/codeql/python-queries/Imports/ImportandImportFrom.bqrs.
codeql / Analyze (python)	UNKNOWN STEP	2026-09-24T15:25:41.6032202Z Interpreted problem query "Module-level cyclic import" (py/unsafe-cyclic-import) at path /home/runner/work/_temp/codeql_databases/python/results/codeql/python-queries/Imports/ModuleLevelCyclicImport.bqrs.
codeql / Analyze (python)	UNKNOWN STEP	2026-09-24T15:25:41.6033877Z Interpreted problem query "Cyclic import" (py/cyclic-import) at path /home/runner/work/_temp/codeql_databases/python/results/codeql/python-queries/Imports/CyclicImport.bqrs.
codeql / Analyze (python)	UNKNOWN STEP	2026-09-24T15:25:41.6035316Z Interpreted problem query "Module imports itself" (py/import-own-module) at path /home/runner/work/_temp/codeql_databases/python/results/codeql/python-queries/Imports/ModuleImportsItself.bqrs.
codeql / Analyze (python)	UNKNOWN STEP	2026-09-24T15:25:41.6036903Z Interpreted problem query "Import of deprecated module" (py/import-deprecated-module) at path /home/runner/work/_temp/codeql_databases/python/results/codeql/python-queries/Imports/DeprecatedModule.bqrs.
codeql / Analyze (python)	UNKNOWN STEP	2026-09-24T15:25:41.6038382Z Interpreted problem query "Syntax error" (py/syntax-error) at path /home/runner/work/_temp/codeql_databases/python/results/codeql/python-queries/Imports/SyntaxError.bqrs.
codeql / Analyze (python)	UNKNOWN STEP	2026-09-24T15:25:41.6039846Z Interpreted problem query "Module is imported more than once" (py/repeated-import) at path /home/runner/work/_temp/codeql_databases/python/results/codeql/python-queries/Imports/MultipleImports.bqrs.
codeql / Analyze (python)	UNKNOWN STEP	2026-09-24T15:25:41.6041621Z Interpreted problem query "'import *' may pollute namespace" (py/polluting-import) at path /home/runner/work/_temp/codeql_databases/python/results/codeql/python-queries/Imports/UnintentionalImport.bqrs.
codeql / Analyze (python)	UNKNOWN STEP	2026-09-24T15:25:41.6043351Z Interpreted problem query "Importing value of mutable attribute" (py/import-of-mutable-attribute) at path /home/runner/work/_temp/codeql_databases/python/results/codeql/python-queries/Imports/FromImportOfMutableAttribute.bqrs.
codeql / Analyze (python)	UNKNOWN STEP	2026-09-24T15:25:41.6044953Z Interpreted problem query "Unused import" (py/unused-import) at path /home/runner/work/_temp/codeql_databases/python/results/codeql/python-queries/Imports/UnusedImport.bqrs.
codeql / Analyze (python)	UNKNOWN STEP	2026-09-24T15:25:41.6046314Z Interpreted problem query "Encoding error" (py/encoding-error) at path /home/runner/work/_temp/codeql_databases/python/results/codeql/python-queries/Imports/EncodingError.bqrs.
codeql / Analyze (python)	UNKNOWN STEP	2026-09-24T15:25:41.6048074Z Interpreted problem query "Multiple calls to `__init__` during object initialization" (py/multiple-calls-to-init) at path /home/runner/work/_temp/codeql_databases/python/results/codeql/python-queries/Classes/CallsToInitDel/SuperclassInitCalledMultipleTimes.bqrs.
codeql / Analyze (python)	UNKNOWN STEP	2026-09-24T15:25:41.6050127Z Interpreted problem query "Missing call to superclass `__del__` during object destruction" (py/missing-call-to-delete) at path /home/runner/work/_temp/codeql_databases/python/results/codeql/python-queries/Classes/CallsToInitDel/MissingCallToDel.bqrs.
codeql / Analyze (python)	UNKNOWN STEP	2026-09-24T15:25:41.6052298Z Interpreted problem query "Missing call to superclass `__init__` during object initialization" (py/missing-call-to-init) at path /home/runner/work/_temp/codeql_databases/python/results/codeql/python-queries/Classes/CallsToInitDel/MissingCallToInit.bqrs.
codeql / Analyze (python)	UNKNOWN STEP	2026-09-24T15:25:41.6054530Z Interpreted problem query "Multiple calls to `__del__` during object destruction" (py/multiple-calls-to-delete) at path /home/runner/work/_temp/codeql_databases/python/results/codeql/python-queries/Classes/CallsToInitDel/SuperclassDelCalledMultipleTimes.bqrs.
codeql / Analyze (python)	UNKNOWN STEP	2026-09-24T15:25:41.6056795Z Interpreted problem query "Wrong number of arguments in a class instantiation" (py/call/wrong-number-class-arguments) at path /home/runner/work/_temp/codeql_databases/python/results/codeql/python-queries/Classes/WrongNumberArgumentsInClassInstantiation.bqrs.
codeql / Analyze (python)	UNKNOWN STEP	2026-09-24T15:25:41.6059111Z Interpreted problem query "`__eq__` not overridden when adding attributes" (py/missing-equals) at path /home/runner/work/_temp/codeql_databases/python/results/codeql/python-queries/Classes/DefineEqualsWhenAddingAttributes.bqrs.
codeql / Analyze (python)	UNKNOWN STEP	2026-09-24T15:25:41.6061509Z Interpreted problem query "Superclass attribute shadows subclass method" (py/attribute-shadows-method) at path /home/runner/work/_temp/codeql_databases/python/results/codeql/python-queries/Classes/SubclassShadowing/SubclassShadowing.bqrs.
codeql / Analyze (python)	UNKNOWN STEP	2026-09-24T15:25:41.6063914Z Interpreted problem query "Overwriting attribute in super-class or sub-class" (py/overwritten-inherited-attribute) at path /home/runner/work/_temp/codeql_databases/python/results/codeql/python-queries/Classes/OverwritingAttributeInSuperClass.bqrs.
codeql / Analyze (python)	UNKNOWN STEP	2026-09-24T15:25:41.6066004Z Interpreted problem query "Mutation of descriptor in `__get__` or `__set__` method" (py/mutable-descriptor) at path /home/runner/work/_temp/codeql_databases/python/results/codeql/python-queries/Classes/MutatingDescriptor.bqrs.
codeql / Analyze (python)	UNKNOWN STEP	2026-09-24T15:25:41.6067971Z Interpreted problem query "`__init__` method calls overridden method" (py/init-calls-subclass) at path /home/runner/work/_temp/codeql_databases/python/results/codeql/python-queries/Classes/InitCallsSubclass/InitCallsSubclassMethod.bqrs.
codeql / Analyze (python)	UNKNOWN STEP	2026-09-24T15:25:41.6069917Z Interpreted problem query "Inconsistent method resolution order" (py/inconsistent-mro) at path /home/runner/work/_temp/codeql_databases/python/results/codeql/python-queries/Classes/InconsistentMRO.bqrs.
codeql / Analyze (python)	UNKNOWN STEP	2026-09-24T15:25:41.6071915Z Interpreted problem query "Property in old-style class" (py/property-in-old-style-class) at path /home/runner/work/_temp/codeql_databases/python/results/codeql/python-queries/Classes/PropertyInOldStyleClass.bqrs.
codeql / Analyze (python)	UNKNOWN STEP	2026-09-24T15:25:41.6073695Z Interpreted problem query "'super' in old style class" (py/super-in-old-style) at path /home/runner/work/_temp/codeql_databases/python/results/codeql/python-queries/Classes/SuperInOldStyleClass.bqrs.
codeql / Analyze (python)	UNKNOWN STEP	2026-09-24T15:25:41.6075487Z Interpreted problem query "Inconsistent equality and inequality" (py/inconsistent-equality) at path /home/runner/work/_temp/codeql_databases/python/results/codeql/python-queries/Classes/Comparisons/EqualsOrNotEquals.bqrs.
codeql / Analyze (python)	UNKNOWN STEP	2026-09-24T15:25:41.6077360Z Interpreted problem query "Inconsistent equality and hashing" (py/equals-hash-mismatch) at path /home/runner/work/_temp/codeql_databases/python/results/codeql/python-queries/Classes/Comparisons/EqualsOrHash.bqrs.
codeql / Analyze (python)	UNKNOWN STEP	2026-09-24T15:25:41.6079181Z Interpreted problem query "Incomplete ordering" (py/incomplete-ordering) at path /home/runner/work/_temp/codeql_databases/python/results/codeql/python-queries/Classes/Comparisons/IncompleteOrdering.bqrs.
codeql / Analyze (python)	UNKNOWN STEP	2026-09-24T15:25:41.6081086Z Interpreted problem query "`__slots__` in old-style class" (py/slots-in-old-style-class) at path /home/runner/work/_temp/codeql_databases/python/results/codeql/python-queries/Classes/SlotsInOldStyleClass.bqrs.
codeql / Analyze (python)	UNKNOWN STEP	2026-09-24T15:25:41.6082988Z Interpreted problem query "Conflicting attributes in base classes" (py/conflicting-attributes) at path /home/runner/work/_temp/codeql_databases/python/results/codeql/python-queries/Classes/ConflictingAttributesInBaseClasses.bqrs.
codeql / Analyze (python)	UNKNOWN STEP	2026-09-24T15:25:41.6085094Z Interpreted problem query "Wrong name for an argument in a class instantiation" (py/call/wrong-named-class-argument) at path /home/runner/work/_temp/codeql_databases/python/results/codeql/python-queries/Classes/WrongNameForArgumentInClassInstantiation.bqrs.
codeql / Analyze (python)	UNKNOWN STEP	2026-09-24T15:25:41.6087164Z Interpreted problem query "Formatted object is not a mapping" (py/percent-format/not-mapping) at path /home/runner/work/_temp/codeql_databases/python/results/codeql/python-queries/Expressions/ExpectedMappingForFormatString.bqrs.
codeql / Analyze (python)	UNKNOWN STEP	2026-09-24T15:25:41.6088997Z Interpreted problem query "Unhashable object hashed" (py/hash-unhashable-value) at path /home/runner/work/_temp/codeql_databases/python/results/codeql/python-queries/Expressions/HashedButNoHash.bqrs.
codeql / Analyze (python)	UNKNOWN STEP	2026-09-24T15:25:41.6091013Z Interpreted problem query "'apply' function used" (py/use-of-apply) at path /home/runner/work/_temp/codeql_databases/python/results/codeql/python-queries/Expressions/UseofApply.bqrs.
codeql / Analyze (python)	UNKNOWN STEP	2026-09-24T15:25:41.6092635Z Interpreted problem query "Testing equality to None" (py/test-equals-none) at path /home/runner/work/_temp/codeql_databases/python/results/codeql/python-queries/Expressions/EqualsNone.bqrs.
codeql / Analyze (python)	UNKNOWN STEP	2026-09-24T15:25:41.6094582Z Interpreted problem query "Implicit string concatenation in a list" (py/implicit-string-concatenation-in-list) at path /home/runner/work/_temp/codeql_databases/python/results/codeql/python-queries/Expressions/UnintentionalImplicitStringConcatenation.bqrs.
codeql / Analyze (python)	UNKNOWN STEP	2026-09-24T15:25:41.6097038Z Interpreted problem query "Wrong name for an argument in a call" (py/call/wrong-named-argument) at path /home/runner/work/_temp/codeql_databases/python/results/codeql/python-queries/Expressions/WrongNameForArgumentInCall.bqrs.
codeql / Analyze (python)	UNKNOWN STEP	2026-09-24T15:25:41.6098992Z Interpreted problem query "Wrong number of arguments in a call" (py/call/wrong-arguments) at path /home/runner/work/_temp/codeql_databases/python/results/codeql/python-queries/Expressions/WrongNumberArgumentsInCall.bqrs.
codeql / Analyze (python)	UNKNOWN STEP	2026-09-24T15:25:41.6101064Z Interpreted problem query "Membership test with a non-container" (py/member-test-non-container) at path /home/runner/work/_temp/codeql_databases/python/results/codeql/python-queries/Expressions/ContainsNonContainer.bqrs.
codeql / Analyze (python)	UNKNOWN STEP	2026-09-24T15:25:41.6102983Z Interpreted problem query "Result of integer division may be truncated" (py/truncated-division) at path /home/runner/work/_temp/codeql_databases/python/results/codeql/python-queries/Expressions/TruncatedDivision.bqrs.
codeql / Analyze (python)	UNKNOWN STEP	2026-09-24T15:25:41.6104939Z Interpreted problem query "Wrong number of arguments for format" (py/percent-format/wrong-arguments) at path /home/runner/work/_temp/codeql_databases/python/results/codeql/python-queries/Expressions/WrongNumberArgumentsForFormat.bqrs.
codeql / Analyze (python)	UNKNOWN STEP	2026-09-24T15:25:41.6106813Z Interpreted problem query "Unused argument in a formatting call" (py/str-format/surplus-argument) at path /home/runner/work/_temp/codeql_databases/python/results/codeql/python-queries/Expressions/Formatting/UnusedArgumentIn3101Format.bqrs.
codeql / Analyze (python)	UNKNOWN STEP	2026-09-24T15:25:41.6109027Z Interpreted problem query "Formatting string mixes implicitly and explicitly numbered fields" (py/str-format/mixed-fields) at path /home/runner/work/_temp/codeql_databases/python/results/codeql/python-queries/Expressions/Formatting/MixedExplicitImplicitIn3101Format.bqrs.
codeql / Analyze (python)	UNKNOWN STEP	2026-09-24T15:25:41.6111451Z Interpreted problem query "Too few arguments in formatting call" (py/str-format/missing-argument) at path /home/runner/work/_temp/codeql_databases/python/results/codeql/python-queries/Expressions/Formatting/WrongNumberArgumentsFor3101Format.bqrs.
codeql / Analyze (python)	UNKNOWN STEP	2026-09-24T15:25:41.6113666Z Interpreted problem query "Unused named argument in formatting call" (py/str-format/surplus-named-argument) at path /home/runner/work/_temp/codeql_databases/python/results/codeql/python-queries/Expressions/Formatting/UnusedNamedArgumentIn3101Format.bqrs.
codeql / Analyze (python)	UNKNOWN STEP	2026-09-24T15:25:41.6115918Z Interpreted problem query "Missing named arguments in formatting call" (py/str-format/missing-named-argument) at path /home/runner/work/_temp/codeql_databases/python/results/codeql/python-queries/Expressions/Formatting/WrongNameInArgumentsFor3101Format.bqrs.
codeql / Analyze (python)	UNKNOWN STEP	2026-09-24T15:25:41.6118058Z Interpreted problem query "Comparison using is when operands support `__eq__`" (py/comparison-using-is) at path /home/runner/work/_temp/codeql_databases/python/results/codeql/python-queries/Expressions/IncorrectComparisonUsingIs.bqrs.
codeql / Analyze (python)	UNKNOWN STEP	2026-09-24T15:25:41.6120091Z Interpreted problem query "Maybe missing 'self' in comparison" (py/comparison-missing-self) at path /home/runner/work/_temp/codeql_databases/python/results/codeql/python-queries/Expressions/CompareIdenticalValuesMissingSelf.bqrs.
codeql / Analyze (python)	UNKNOWN STEP	2026-09-24T15:25:41.6122214Z Interpreted problem query "Redundant comparison" (py/redundant-comparison) at path /home/runner/work/_temp/codeql_databases/python/results/codeql/python-queries/Expressions/Comparisons/UselessComparisonTest.bqrs.
codeql / Analyze (python)	UNKNOWN STEP	2026-09-24T15:25:41.6124393Z Interpreted problem query "First argument to super() is not enclosing class" (py/super-not-enclosing-class) at path /home/runner/work/_temp/codeql_databases/python/results/codeql/python-queries/Expressions/CallToSuperWrongClass.bqrs.
codeql / Analyze (python)	UNKNOWN STEP	2026-09-24T15:25:41.6126317Z Interpreted problem query "Comparison of constants" (py/comparison-of-constants) at path /home/runner/work/_temp/codeql_databases/python/results/codeql/python-queries/Expressions/CompareConstants.bqrs.
codeql / Analyze (python)	UNKNOWN STEP	2026-09-24T15:25:41.6128401Z Interpreted problem query "Unsupported format character" (py/percent-format/unsupported-character) at path /home/runner/work/_temp/codeql_databases/python/results/codeql/python-queries/Expressions/UnsupportedFormatCharacter.bqrs.
codeql / Analyze (python)	UNKNOWN STEP	2026-09-24T15:25:41.6130414Z Interpreted problem query "Comparison of identical values" (py/comparison-of-identical-expressions) at path /home/runner/work/_temp/codeql_databases/python/results/codeql/python-queries/Expressions/CompareIdenticalValues.bqrs.
codeql / Analyze (python)	UNKNOWN STEP	2026-09-24T15:25:41.6132575Z Interpreted problem query "Unmatchable dollar in regular expression" (py/regex/unmatchable-dollar) at path /home/runner/work/_temp/codeql_databases/python/results/codeql/python-queries/Expressions/Regex/UnmatchableDollar.bqrs.
codeql / Analyze (python)	UNKNOWN STEP	2026-09-24T15:25:41.6134550Z Interpreted problem query "Backspace escape in regular expression" (py/regex/backspace-escape) at path /home/runner/work/_temp/codeql_databases/python/results/codeql/python-queries/Expressions/Regex/BackspaceEscape.bqrs.
codeql / Analyze (python)	UNKNOWN STEP	2026-09-24T15:25:41.6136452Z Interpreted problem query "Unmatchable caret in regular expression" (py/regex/unmatchable-caret) at path /home/runner/work/_temp/codeql_databases/python/results/codeql/python-queries/Expressions/Regex/UnmatchableCaret.bqrs.
codeql / Analyze (python)	UNKNOWN STEP	2026-09-24T15:25:41.6138480Z Interpreted problem query "Missing part of special group in regular expression" (py/regex/incomplete-special-group) at path /home/runner/work/_temp/codeql_databases/python/results/codeql/python-queries/Expressions/Regex/MissingPartSpecialGroup.bqrs.
codeql / Analyze (python)	UNKNOWN STEP	2026-09-24T15:25:41.6140807Z Interpreted problem query "Duplication in regular expression character class" (py/regex/duplicate-in-character-class) at path /home/runner/work/_temp/codeql_databases/python/results/codeql/python-queries/Expressions/Regex/DuplicateCharacterInSet.bqrs.
codeql / Analyze (python)	UNKNOWN STEP	2026-09-24T15:25:41.6142769Z Interpreted problem query "Unnecessary lambda" (py/unnecessary-lambda) at path /home/runner/work/_temp/codeql_databases/python/results/codeql/python-queries/Expressions/UnnecessaryLambda.bqrs.
codeql / Analyze (python)	UNKNOWN STEP	2026-09-24T15:25:41.6144599Z Interpreted problem query "Duplicate key in dict literal" (py/duplicate-key-dict-literal) at path /home/runner/work/_temp/codeql_databases/python/results/codeql/python-queries/Expressions/DuplicateKeyInDictionaryLiteral.bqrs.
codeql / Analyze (python)	UNKNOWN STEP	2026-09-24T15:25:41.6146486Z Interpreted problem query "`__del__` is called explicitly" (py/explicit-call-to-delete) at path /home/runner/work/_temp/codeql_databases/python/results/codeql/python-queries/Expressions/ExplicitCallToDel.bqrs.
codeql / Analyze (python)	UNKNOWN STEP	2026-09-24T15:25:41.6148239Z Interpreted problem query "Non-callable called" (py/call-to-non-callable) at path /home/runner/work/_temp/codeql_databases/python/results/codeql/python-queries/Expressions/NonCallableCalled.bqrs.
codeql / Analyze (python)	UNKNOWN STEP	2026-09-24T15:25:41.6150243Z Interpreted problem query "Mismatch between signature and use of an overriding method" (py/inheritance/incorrect-overriding-signature) at path /home/runner/work/_temp/codeql_databases/python/results/codeql/python-queries/Functions/IncorrectlyOverriddenMethod.bqrs.
codeql / Analyze (python)	UNKNOWN STEP	2026-09-24T15:25:41.6152483Z Interpreted problem query "Iterator does not return self from `__iter__` method" (py/iter-returns-non-self) at path /home/runner/work/_temp/codeql_databases/python/results/codeql/python-queries/Functions/IterReturnsNonSelf.bqrs.
codeql / Analyze (python)	UNKNOWN STEP	2026-09-24T15:25:41.6154681Z Interpreted problem query "Mismatch between signature and use of an overridden method" (py/inheritance/incorrect-overridden-signature) at path /home/runner/work/_temp/codeql_databases/python/results/codeql/python-queries/Functions/IncorrectlySpecifiedOverriddenMethod.bqrs.
codeql / Analyze (python)	UNKNOWN STEP	2026-09-24T15:25:41.6156955Z Interpreted problem query "Deprecated slice method" (py/deprecated-slice-method) at path /home/runner/work/_temp/codeql_databases/python/results/codeql/python-queries/Functions/DeprecatedSliceMethod.bqrs.
codeql / Analyze (python)	UNKNOWN STEP	2026-09-24T15:25:41.6158738Z Interpreted problem query "`__init__` method is a generator" (py/init-method-is-generator) at path /home/runner/work/_temp/codeql_databases/python/results/codeql/python-queries/Functions/InitIsGenerator.bqrs.
codeql / Analyze (python)	UNKNOWN STEP	2026-09-24T15:25:41.6160871Z Interpreted problem query "First parameter of a method is not named 'self'" (py/not-named-self) at path /home/runner/work/_temp/codeql_databases/python/results/codeql/python-queries/Functions/NonSelf.bqrs.
codeql / Analyze (python)	UNKNOWN STEP	2026-09-24T15:25:41.6162743Z Interpreted problem query "`__iter__` method returns a non-iterator" (py/iter-returns-non-iterator) at path /home/runner/work/_temp/codeql_databases/python/results/codeql/python-queries/Functions/IterReturnsNonIterator.bqrs.
codeql / Analyze (python)	UNKNOWN STEP	2026-09-24T15:25:41.6164808Z Interpreted problem query "Non-standard exception raised in special method" (py/unexpected-raise-in-special-method) at path /home/runner/work/_temp/codeql_databases/python/results/codeql/python-queries/Functions/IncorrectRaiseInSpecialMethod.bqrs.
codeql / Analyze (python)	UNKNOWN STEP	2026-09-24T15:25:41.6166940Z Interpreted problem query "Use of the return value of a procedure" (py/procedure-return-value-used) at path /home/runner/work/_temp/codeql_databases/python/results/codeql/python-queries/Functions/UseImplicitNoneReturnValue.bqrs.
codeql / Analyze (python)	UNKNOWN STEP	2026-09-24T15:25:41.6168811Z Interpreted problem query "Overly complex `__del__` method" (py/overly-complex-delete) at path /home/runner/work/_temp/codeql_databases/python/results/codeql/python-queries/Functions/OverlyComplexDelMethod.bqrs.
codeql / Analyze (python)	UNKNOWN STEP	2026-09-24T15:25:41.6171098Z Interpreted pathproblem query "Modification of parameter with default" (py/modification-of-default-value) at path /home/runner/work/_temp/codeql_databases/python/results/codeql/python-queries/Functions/ModificationOfParameterWithDefault.bqrs.
codeql / Analyze (python)	UNKNOWN STEP	2026-09-24T15:25:41.6173227Z Interpreted problem query "Signature mismatch in overriding method" (py/inheritance/signature-mismatch) at path /home/runner/work/_temp/codeql_databases/python/results/codeql/python-queries/Functions/SignatureOverriddenMethod.bqrs.
codeql / Analyze (python)	UNKNOWN STEP	2026-09-24T15:25:41.6175161Z Interpreted problem query "`__init__` method returns a value" (py/explicit-return-in-init) at path /home/runner/work/_temp/codeql_databases/python/results/codeql/python-queries/Functions/ExplicitReturnInInit.bqrs.
codeql / Analyze (python)	UNKNOWN STEP	2026-09-24T15:25:41.6177071Z Interpreted problem query "Special method has incorrect signature" (py/special-method-wrong-signature) at path /home/runner/work/_temp/codeql_databases/python/results/codeql/python-queries/Functions/SignatureSpecialMethods.bqrs.
codeql / Analyze (python)	UNKNOWN STEP	2026-09-24T15:25:41.6179007Z Interpreted problem query "Returning tuples with varying lengths" (py/mixed-tuple-returns) at path /home/runner/work/_temp/codeql_databases/python/results/codeql/python-queries/Functions/ReturnConsistentTupleSizes.bqrs.
codeql / Analyze (python)	UNKNOWN STEP	2026-09-24T15:25:41.6181108Z Interpreted problem query "Explicit returns mixed with implicit (fall through) returns" (py/mixed-returns) at path /home/runner/work/_temp/codeql_databases/python/results/codeql/python-queries/Functions/ConsistentReturns.bqrs.
codeql / Analyze (python)	UNKNOWN STEP	2026-09-24T15:25:41.6182948Z Interpreted problem query "First parameter of a class method is not named 'cls'" (py/not-named-cls) at path /home/runner/work/_temp/codeql_databases/python/results/codeql/python-queries/Functions/NonCls.bqrs.
codeql / Analyze (python)	UNKNOWN STEP	2026-09-24T15:25:41.6184736Z Interpreted problem query "An assert statement has a side-effect" (py/side-effect-in-assert) at path /home/runner/work/_temp/codeql_databases/python/results/codeql/python-queries/Statements/SideEffectInAssert.bqrs.
codeql / Analyze (python)	UNKNOWN STEP	2026-09-24T15:25:41.6186510Z Interpreted problem query "Use of a print statement at module level" (py/print-during-import) at path /home/runner/work/_temp/codeql_databases/python/results/codeql/python-queries/Statements/TopLevelPrint.bqrs.
codeql / Analyze (python)	UNKNOWN STEP	2026-09-24T15:25:41.6188507Z Interpreted problem query "Non-iterable used in for loop" (py/non-iterable-in-for-loop) at path /home/runner/work/_temp/codeql_databases/python/results/codeql/python-queries/Statements/NonIteratorInForLoop.bqrs.
codeql / Analyze (python)	UNKNOWN STEP	2026-09-24T15:25:41.6190211Z Interpreted problem query "Asserting a tuple" (py/asserts-tuple) at path /home/runner/work/_temp/codeql_databases/python/results/codeql/python-queries/Statements/AssertOnTuple.bqrs.
codeql / Analyze (python)	UNKNOWN STEP	2026-09-24T15:25:41.6192044Z Interpreted problem query "Statement has no effect" (py/ineffectual-statement) at path /home/runner/work/_temp/codeql_databases/python/results/codeql/python-queries/Statements/StatementNoEffect.bqrs.
codeql / Analyze (python)	UNKNOWN STEP	2026-09-24T15:25:41.6194289Z Interpreted problem query "Nested loops with same variable reused after inner loop body" (py/nested-loops-with-same-variable-reused) at path /home/runner/work/_temp/codeql_databases/python/results/codeql/python-queries/Statements/NestedLoopsSameVariableWithReuse.bqrs.
codeql / Analyze (python)	UNKNOWN STEP	2026-09-24T15:25:41.6196256Z Interpreted problem query "Use of exit() or quit()" (py/use-of-exit-or-quit) at path /home/runner/work/_temp/codeql_databases/python/results/codeql/python-queries/Statements/UseOfExit.bqrs.
codeql / Analyze (python)	UNKNOWN STEP	2026-09-24T15:25:41.6197972Z Interpreted problem query "'break' or 'return' statement in finally" (py/exit-from-finally) at path /home/runner/work/_temp/codeql_databases/python/results/codeql/python-queries/Statements/BreakOrReturnInFinally.bqrs.
codeql / Analyze (python)	UNKNOWN STEP	2026-09-24T15:25:41.6199888Z Interpreted problem query "Iterable can be either a string or a sequence" (py/iteration-string-and-sequence) at path /home/runner/work/_temp/codeql_databases/python/results/codeql/python-queries/Statements/IterableStringOrSequence.bqrs.
codeql / Analyze (python)	UNKNOWN STEP	2026-09-24T15:25:41.6202199Z Interpreted problem query "Use of 'return' or 'yield' outside a function" (py/return-or-yield-outside-function) at path /home/runner/work/_temp/codeql_databases/python/results/codeql/python-queries/Statements/ReturnOrYieldOutsideFunction.bqrs.
codeql / Analyze (python)	UNKNOWN STEP	2026-09-24T15:25:41.6203976Z Interpreted problem query "Unreachable code" (py/unreachable-statement) at path /home/runner/work/_temp/codeql_databases/python/results/codeql/python-queries/Statements/UnreachableCode.bqrs.
codeql / Analyze (python)	UNKNOWN STEP	2026-09-24T15:25:41.6205653Z Interpreted problem query "Nested loops with same variable" (py/nested-loops-with-same-variable) at path /home/runner/work/_temp/codeql_databases/python/results/codeql/python-queries/Statements/NestedLoopsSameVariable.bqrs.
codeql / Analyze (python)	UNKNOWN STEP	2026-09-24T15:25:41.6207325Z Interpreted problem query "Unnecessary delete statement in function" (py/unnecessary-delete) at path /home/runner/work/_temp/codeql_databases/python/results/codeql/python-queries/Statements/UnnecessaryDelete.bqrs.
codeql / Analyze (python)	UNKNOWN STEP	2026-09-24T15:25:41.6209034Z Interpreted problem query "Unnecessary 'else' clause in loop" (py/redundant-else) at path /home/runner/work/_temp/codeql_databases/python/results/codeql/python-queries/Statements/UnnecessaryElseClause.bqrs.
codeql / Analyze (python)	UNKNOWN STEP	2026-09-24T15:25:41.6211008Z Interpreted problem query "Modification of dictionary returned by locals()" (py/modification-of-locals) at path /home/runner/work/_temp/codeql_databases/python/results/codeql/python-queries/Statements/ModificationOfLocals.bqrs.
codeql / Analyze (python)	UNKNOWN STEP	2026-09-24T15:25:41.6212980Z Interpreted problem query "Mismatch in multiple assignment" (py/mismatched-multiple-assignment) at path /home/runner/work/_temp/codeql_databases/python/results/codeql/python-queries/Statements/MismatchInMultipleAssignment.bqrs.
codeql / Analyze (python)	UNKNOWN STEP	2026-09-24T15:25:41.6214833Z Interpreted problem query "Redundant assignment" (py/redundant-assignment) at path /home/runner/work/_temp/codeql_databases/python/results/codeql/python-queries/Statements/RedundantAssignment.bqrs.
codeql / Analyze (python)	UNKNOWN STEP	2026-09-24T15:25:41.6216492Z Interpreted problem query "Unnecessary pass" (py/unnecessary-pass) at path /home/runner/work/_temp/codeql_databases/python/results/codeql/python-queries/Statements/UnnecessaryPass.bqrs.
codeql / Analyze (python)	UNKNOWN STEP	2026-09-24T15:25:41.6218131Z Interpreted problem query "Unused exception object" (py/unused-exception-object) at path /home/runner/work/_temp/codeql_databases/python/results/codeql/python-queries/Statements/UnusedExceptionObject.bqrs.
codeql / Analyze (python)	UNKNOWN STEP	2026-09-24T15:25:41.6219909Z Interpreted problem query "Should use a 'with' statement" (py/should-use-with) at path /home/runner/work/_temp/codeql_databases/python/results/codeql/python-queries/Statements/ShouldUseWithStatement.bqrs.
codeql / Analyze (python)	UNKNOWN STEP	2026-09-24T15:25:41.6222101Z Interpreted problem query "Constant in conditional expression or statement" (py/constant-conditional-expression) at path /home/runner/work/_temp/codeql_databases/python/results/codeql/python-queries/Statements/ConstantInConditional.bqrs.
codeql / Analyze (python)	UNKNOWN STEP	2026-09-24T15:25:41.6224201Z Interpreted problem query "Imprecise assert" (py/imprecise-assert) at path /home/runner/work/_temp/codeql_databases/python/results/codeql/python-queries/Testing/ImpreciseAssert.bqrs.
codeql / Analyze (python)	UNKNOWN STEP	2026-09-24T15:25:41.6225836Z Interpreted problem query "Pythagorean calculation with sub-optimal numerics" (py/pythagorean) at path /home/runner/work/_temp/codeql_databases/python/results/codeql/python-queries/Numerics/Pythagorean.bqrs.
codeql / Analyze (python)	UNKNOWN STEP	2026-09-24T15:25:41.6227368Z Interpreted problem query "Raising a tuple" (py/raises-tuple) at path /home/runner/work/_temp/codeql_databases/python/results/codeql/python-queries/Exceptions/RaisingTuple.bqrs.
codeql / Analyze (python)	UNKNOWN STEP	2026-09-24T15:25:41.6229002Z Interpreted problem query "Non-exception in 'except' clause" (py/useless-except) at path /home/runner/work/_temp/codeql_databases/python/results/codeql/python-queries/Exceptions/IllegalExceptionHandlerType.bqrs.
codeql / Analyze (python)	UNKNOWN STEP	2026-09-24T15:25:41.6230813Z Interpreted problem query "Illegal raise" (py/illegal-raise) at path /home/runner/work/_temp/codeql_databases/python/results/codeql/python-queries/Exceptions/IllegalRaise.bqrs.
codeql / Analyze (python)	UNKNOWN STEP	2026-09-24T15:25:41.6232559Z Interpreted problem query "Unguarded next in generator" (py/unguarded-next-in-generator) at path /home/runner/work/_temp/codeql_databases/python/results/codeql/python-queries/Exceptions/UnguardedNextInGenerator.bqrs.
codeql / Analyze (python)	UNKNOWN STEP	2026-09-24T15:25:41.6234424Z Interpreted problem query "Unreachable `except` block" (py/unreachable-except) at path /home/runner/work/_temp/codeql_databases/python/results/codeql/python-queries/Exceptions/IncorrectExceptOrder.bqrs.
codeql / Analyze (python)	UNKNOWN STEP	2026-09-24T15:25:41.6236259Z Interpreted problem query "Except block handles 'BaseException'" (py/catch-base-exception) at path /home/runner/work/_temp/codeql_databases/python/results/codeql/python-queries/Exceptions/CatchingBaseException.bqrs.
codeql / Analyze (python)	UNKNOWN STEP	2026-09-24T15:25:41.6238009Z Interpreted problem query "Empty except" (py/empty-except) at path /home/runner/work/_temp/codeql_databases/python/results/codeql/python-queries/Exceptions/EmptyExcept.bqrs.
codeql / Analyze (python)	UNKNOWN STEP	2026-09-24T15:25:41.6239759Z Interpreted problem query "Raising `NotImplemented`" (py/raise-not-implemented) at path /home/runner/work/_temp/codeql_databases/python/results/codeql/python-queries/Exceptions/NotImplementedIsNotAnException.bqrs.
codeql / Analyze (python)	UNKNOWN STEP	2026-09-24T15:25:41.6241761Z Interpreted problem query "File is not always closed" (py/file-not-closed) at path /home/runner/work/_temp/codeql_databases/python/results/codeql/python-queries/Resources/FileNotAlwaysClosed.bqrs.
codeql / Analyze (python)	UNKNOWN STEP	2026-09-24T15:25:41.6243013Z Reading source archive /home/runner/work/_temp/codeql_databases/python/src.zip
codeql / Analyze (python)	UNKNOWN STEP	2026-09-24T15:25:41.6891074Z Interpreting diagnostic messages...
codeql / Analyze (python)	UNKNOWN STEP	2026-09-24T15:25:41.7199040Z Found 7 raw diagnostic messages.
codeql / Analyze (python)	UNKNOWN STEP	2026-09-24T15:25:41.7278259Z Processed diagnostic messages (removed 0 due to limits, created 0 summary diagnostics for status page).
codeql / Analyze (python)	UNKNOWN STEP	2026-09-24T15:25:41.7301975Z Interpreted diagnostic messages (38ms).
codeql / Analyze (python)	UNKNOWN STEP	2026-09-24T15:25:41.8408671Z Exporting results to SARIF...
codeql / Analyze (python)	UNKNOWN STEP	2026-09-24T15:25:42.0085404Z Exported results to SARIF (168ms).
codeql / Analyze (python)	UNKNOWN STEP	2026-09-24T15:25:42.0312604Z ##[endgroup]
codeql / Analyze (python)	UNKNOWN STEP	2026-09-24T15:25:42.0313139Z To speed up pull request analysis, file coverage information is only enabled when analyzing the default branch and protected branches.
codeql / Analyze (python)	UNKNOWN STEP	2026-09-24T15:25:42.0320921Z Post-processing sarif files: ["/home/runner/work/deepseek-review-probe/results/python.sarif"]
codeql / Analyze (python)	UNKNOWN STEP	2026-09-24T15:25:42.0363775Z Adding fingerprints to SARIF file. See https://docs.github.com/en/code-security/reference/code-scanning/sarif-support-for-code-scanning#data-for-preventing-duplicated-alerts for more information.
codeql / Analyze (python)	UNKNOWN STEP	2026-09-24T15:25:42.0365339Z ##[group]Uploading code scanning results
codeql / Analyze (python)	UNKNOWN STEP	2026-09-24T15:25:42.0629173Z Uploading results
codeql / Analyze (python)	UNKNOWN STEP	2026-09-24T15:25:42.9057128Z Successfully uploaded results
codeql / Analyze (python)	UNKNOWN STEP	2026-09-24T15:25:42.9057539Z ##[endgroup]
codeql / Analyze (python)	UNKNOWN STEP	2026-09-24T15:25:42.9144191Z ##[group]Waiting for processing to finish
codeql / Analyze (python)	UNKNOWN STEP	2026-09-24T15:25:48.2228981Z Analysis upload status is complete.
codeql / Analyze (python)	UNKNOWN STEP	2026-09-24T15:25:48.2229611Z ##[endgroup]
codeql / Analyze (python)	UNKNOWN STEP	2026-09-24T15:25:48.6764722Z Post job cleanup.
codeql / Analyze (python)	UNKNOWN STEP	2026-09-24T15:25:48.8840811Z Post job cleanup.
codeql / Analyze (python)	UNKNOWN STEP	2026-09-24T15:25:49.0924934Z CodeQL job status was success.
codeql / Analyze (python)	UNKNOWN STEP	2026-09-24T15:25:49.0975393Z Sending status report for init-post step.
codeql / Analyze (python)	UNKNOWN STEP	2026-09-24T15:25:49.6448056Z Status report sent for init-post step.
codeql / Analyze (python)	UNKNOWN STEP	2026-09-24T15:25:49.6833760Z Post job cleanup.
codeql / Analyze (python)	UNKNOWN STEP	2026-09-24T15:25:49.7495194Z [command]/usr/bin/git version
codeql / Analyze (python)	UNKNOWN STEP	2026-09-24T15:25:49.7532032Z git version 2.55.0
codeql / Analyze (python)	UNKNOWN STEP	2026-09-24T15:25:49.7560117Z Temporarily overriding HOME='/home/runner/work/_temp/37571c2d-5fb2-466d-9093-538007b2a51c' before making global git config changes
codeql / Analyze (python)	UNKNOWN STEP	2026-09-24T15:25:49.7561616Z Adding repository directory to the temporary git global config as a safe directory
codeql / Analyze (python)	UNKNOWN STEP	2026-09-24T15:25:49.7564020Z [command]/usr/bin/git config --global --add safe.directory /home/runner/work/deepseek-review-probe/deepseek-review-probe/.kit
codeql / Analyze (python)	UNKNOWN STEP	2026-09-24T15:25:49.7591522Z Removing SSH command configuration
codeql / Analyze (python)	UNKNOWN STEP	2026-09-24T15:25:49.7596716Z [command]/usr/bin/git config --local --name-only --get-regexp core\.sshCommand
codeql / Analyze (python)	UNKNOWN STEP	2026-09-24T15:25:49.7625446Z [command]/usr/bin/git submodule foreach --recursive sh -c "git config --local --name-only --get-regexp 'core\.sshCommand' && git config --local --unset-all 'core.sshCommand' || :"
codeql / Analyze (python)	UNKNOWN STEP	2026-09-24T15:25:49.7841543Z Removing HTTP extra header
codeql / Analyze (python)	UNKNOWN STEP	2026-09-24T15:25:49.7842217Z [command]/usr/bin/git config --local --name-only --get-regexp http\.https\:\/\/github\.com\/\.extraheader
codeql / Analyze (python)	UNKNOWN STEP	2026-09-24T15:25:49.7891461Z [command]/usr/bin/git submodule foreach --recursive sh -c "git config --local --name-only --get-regexp 'http\.https\:\/\/github\.com\/\.extraheader' && git config --local --unset-all 'http.https://github.com/.extraheader' || :"
codeql / Analyze (python)	UNKNOWN STEP	2026-09-24T15:25:49.8151722Z Removing includeIf entries pointing to credentials config files
codeql / Analyze (python)	UNKNOWN STEP	2026-09-24T15:25:49.8157692Z [command]/usr/bin/git config --local --name-only --get-regexp ^includeIf\.gitdir:
codeql / Analyze (python)	UNKNOWN STEP	2026-09-24T15:25:49.8195713Z [command]/usr/bin/git submodule foreach --recursive git config --local --show-origin --name-only --get-regexp remote.origin.url
codeql / Analyze (python)	UNKNOWN STEP	2026-09-24T15:25:49.8555549Z Post job cleanup.
codeql / Analyze (python)	UNKNOWN STEP	2026-09-24T15:25:49.9251833Z [command]/usr/bin/git version
codeql / Analyze (python)	UNKNOWN STEP	2026-09-24T15:25:49.9286865Z git version 2.55.0
codeql / Analyze (python)	UNKNOWN STEP	2026-09-24T15:25:49.9316102Z Temporarily overriding HOME='/home/runner/work/_temp/6bd0a997-f4a1-401b-9684-15ca8cf6d0c7' before making global git config changes
codeql / Analyze (python)	UNKNOWN STEP	2026-09-24T15:25:49.9317225Z Adding repository directory to the temporary git global config as a safe directory
codeql / Analyze (python)	UNKNOWN STEP	2026-09-24T15:25:49.9322620Z [command]/usr/bin/git config --global --add safe.directory /home/runner/work/deepseek-review-probe/deepseek-review-probe
codeql / Analyze (python)	UNKNOWN STEP	2026-09-24T15:25:49.9350819Z Removing SSH command configuration
codeql / Analyze (python)	UNKNOWN STEP	2026-09-24T15:25:49.9356160Z [command]/usr/bin/git config --local --name-only --get-regexp core\.sshCommand
codeql / Analyze (python)	UNKNOWN STEP	2026-09-24T15:25:49.9385369Z [command]/usr/bin/git submodule foreach --recursive sh -c "git config --local --name-only --get-regexp 'core\.sshCommand' && git config --local --unset-all 'core.sshCommand' || :"
codeql / Analyze (python)	UNKNOWN STEP	2026-09-24T15:25:49.9594476Z Removing HTTP extra header
codeql / Analyze (python)	UNKNOWN STEP	2026-09-24T15:25:49.9599975Z [command]/usr/bin/git config --local --name-only --get-regexp http\.https\:\/\/github\.com\/\.extraheader
codeql / Analyze (python)	UNKNOWN STEP	2026-09-24T15:25:49.9630956Z [command]/usr/bin/git submodule foreach --recursive sh -c "git config --local --name-only --get-regexp 'http\.https\:\/\/github\.com\/\.extraheader' && git config --local --unset-all 'http.https://github.com/.extraheader' || :"
codeql / Analyze (python)	UNKNOWN STEP	2026-09-24T15:25:49.9825548Z Removing includeIf entries pointing to credentials config files
codeql / Analyze (python)	UNKNOWN STEP	2026-09-24T15:25:49.9832223Z [command]/usr/bin/git config --local --name-only --get-regexp ^includeIf\.gitdir:
codeql / Analyze (python)	UNKNOWN STEP	2026-09-24T15:25:49.9864462Z [command]/usr/bin/git submodule foreach --recursive git config --local --show-origin --name-only --get-regexp remote.origin.url
codeql / Analyze (python)	UNKNOWN STEP	2026-09-24T15:25:50.0197762Z Cleaning up orphan processes
codeql / Trivy (filesystem)	UNKNOWN STEP	﻿2026-09-24T15:24:59.6102190Z Current runner version: '2.337.0'
codeql / Trivy (filesystem)	UNKNOWN STEP	2026-09-24T15:24:59.6131038Z ##[group]Runner Image Provisioner
codeql / Trivy (filesystem)	UNKNOWN STEP	2026-09-24T15:24:59.6132002Z Hosted Compute Agent
codeql / Trivy (filesystem)	UNKNOWN STEP	2026-09-24T15:24:59.6132600Z Version: 20260828.587
codeql / Trivy (filesystem)	UNKNOWN STEP	2026-09-24T15:24:59.6133539Z Commit: abac92662cab4cc7352de4f9f9d2e2419aad9c29
codeql / Trivy (filesystem)	UNKNOWN STEP	2026-09-24T15:24:59.6134344Z Build Date: 2026-08-28T16:44:25Z
codeql / Trivy (filesystem)	UNKNOWN STEP	2026-09-24T15:24:59.6135105Z Worker ID: {2811574d-6bfb-4db6-af2f-d297c32cfe08}
codeql / Trivy (filesystem)	UNKNOWN STEP	2026-09-24T15:24:59.6135876Z Azure Region: westus2
codeql / Trivy (filesystem)	UNKNOWN STEP	2026-09-24T15:24:59.6136462Z ##[endgroup]
codeql / Trivy (filesystem)	UNKNOWN STEP	2026-09-24T15:24:59.6138016Z ##[group]Operating System
codeql / Trivy (filesystem)	UNKNOWN STEP	2026-09-24T15:24:59.6138669Z Ubuntu
codeql / Trivy (filesystem)	UNKNOWN STEP	2026-09-24T15:24:59.6139271Z 24.04.5
codeql / Trivy (filesystem)	UNKNOWN STEP	2026-09-24T15:24:59.6139867Z LTS
codeql / Trivy (filesystem)	UNKNOWN STEP	2026-09-24T15:24:59.6140412Z ##[endgroup]
codeql / Trivy (filesystem)	UNKNOWN STEP	2026-09-24T15:24:59.6141040Z ##[group]Runner Image
codeql / Trivy (filesystem)	UNKNOWN STEP	2026-09-24T15:24:59.6141706Z Image: ubuntu-24.04
codeql / Trivy (filesystem)	UNKNOWN STEP	2026-09-24T15:24:59.6142334Z Version: 20260920.314.1
codeql / Trivy (filesystem)	UNKNOWN STEP	2026-09-24T15:24:59.6143868Z Included Software: https://github.com/actions/runner-images/blob/ubuntu24/20260920.314/images/ubuntu/Ubuntu2404-Readme.md
codeql / Trivy (filesystem)	UNKNOWN STEP	2026-09-24T15:24:59.6145418Z Image Release: https://github.com/actions/runner-images/releases/tag/ubuntu24%2F20260920.314
codeql / Trivy (filesystem)	UNKNOWN STEP	2026-09-24T15:24:59.6146442Z ##[endgroup]
codeql / Trivy (filesystem)	UNKNOWN STEP	2026-09-24T15:24:59.6147836Z ##[group]GITHUB_TOKEN Permissions
codeql / Trivy (filesystem)	UNKNOWN STEP	2026-09-24T15:24:59.6150299Z Actions: read
codeql / Trivy (filesystem)	UNKNOWN STEP	2026-09-24T15:24:59.6150992Z Contents: read
codeql / Trivy (filesystem)	UNKNOWN STEP	2026-09-24T15:24:59.6151603Z Metadata: read
codeql / Trivy (filesystem)	UNKNOWN STEP	2026-09-24T15:24:59.6152205Z SecurityEvents: write
codeql / Trivy (filesystem)	UNKNOWN STEP	2026-09-24T15:24:59.6152912Z ##[endgroup]
codeql / Trivy (filesystem)	UNKNOWN STEP	2026-09-24T15:24:59.6155415Z Secret source: Actions
codeql / Trivy (filesystem)	UNKNOWN STEP	2026-09-24T15:24:59.6156505Z Cache mode: write
codeql / Trivy (filesystem)	UNKNOWN STEP	2026-09-24T15:24:59.6157237Z Prepare workflow directory
codeql / Trivy (filesystem)	UNKNOWN STEP	2026-09-24T15:24:59.6524624Z Prepare all required actions
codeql / Trivy (filesystem)	UNKNOWN STEP	2026-09-24T15:24:59.6594415Z Getting action download info
codeql / Trivy (filesystem)	UNKNOWN STEP	2026-09-24T15:25:00.0374293Z Download action repository 'actions/checkout@v7' (SHA:3d3c42e5aac5ba805825da76410c181273ba90b1)
codeql / Trivy (filesystem)	UNKNOWN STEP	2026-09-24T15:25:00.1397197Z Download action repository 'aquasecurity/trivy-action@v0.36.0' (SHA:ed142fd0673e97e23eac54620cfb913e5ce36c25)
codeql / Trivy (filesystem)	UNKNOWN STEP	2026-09-24T15:25:00.3615102Z Download action repository 'github/codeql-action@v4' (SHA:2892aa5e19bbd11bc0cff5427e3b750a04d9e3c2)
codeql / Trivy (filesystem)	UNKNOWN STEP	2026-09-24T15:25:00.8087251Z Getting action download info
codeql / Trivy (filesystem)	UNKNOWN STEP	2026-09-24T15:25:01.0033547Z Download action repository 'aquasecurity/setup-trivy@3fb12ec12f41e471780db15c232d5dd185dcb514' (SHA:3fb12ec12f41e471780db15c232d5dd185dcb514)
codeql / Trivy (filesystem)	UNKNOWN STEP	2026-09-24T15:25:01.1617040Z Download action repository 'actions/cache@27d5ce7f107fe9357f9df03efb73ab90386fccae' (SHA:27d5ce7f107fe9357f9df03efb73ab90386fccae)
codeql / Trivy (filesystem)	UNKNOWN STEP	2026-09-24T15:25:01.3365601Z Getting action download info
codeql / Trivy (filesystem)	UNKNOWN STEP	2026-09-24T15:25:01.5276185Z Download action repository 'actions/cache@9255dc7a253b0ccc959486e2bca901246202afeb' (SHA:9255dc7a253b0ccc959486e2bca901246202afeb)
codeql / Trivy (filesystem)	UNKNOWN STEP	2026-09-24T15:25:01.6760301Z Download action repository 'actions/checkout@8e8c483db84b4bee98b60c0593521ed34d9990e8' (SHA:8e8c483db84b4bee98b60c0593521ed34d9990e8)
codeql / Trivy (filesystem)	UNKNOWN STEP	2026-09-24T15:25:01.8572774Z Uses: tznthou/deepseek-code-review/.github/workflows/reusable-codeql.yml@refs/tags/v1 (23023b4d64e6015f9dc34a562a8cb023875b61e7)
codeql / Trivy (filesystem)	UNKNOWN STEP	2026-09-24T15:25:01.8579653Z ##[group] Inputs
codeql / Trivy (filesystem)	UNKNOWN STEP	2026-09-24T15:25:01.8580580Z   languages: ["python"]
codeql / Trivy (filesystem)	UNKNOWN STEP	2026-09-24T15:25:01.8581457Z   build-mode: none
codeql / Trivy (filesystem)	UNKNOWN STEP	2026-09-24T15:25:01.8582268Z   kit-ref: v1
codeql / Trivy (filesystem)	UNKNOWN STEP	2026-09-24T15:25:01.8583029Z   config-file: 
codeql / Trivy (filesystem)	UNKNOWN STEP	2026-09-24T15:25:01.8584727Z   skip-trivy: false
codeql / Trivy (filesystem)	UNKNOWN STEP	2026-09-24T15:25:01.8585562Z ##[endgroup]
codeql / Trivy (filesystem)	UNKNOWN STEP	2026-09-24T15:25:01.8586496Z Complete job name: codeql / Trivy (filesystem)
codeql / Trivy (filesystem)	UNKNOWN STEP	2026-09-24T15:25:01.9471542Z ##[group]Run actions/checkout@v7
codeql / Trivy (filesystem)	UNKNOWN STEP	2026-09-24T15:25:01.9472823Z with:
codeql / Trivy (filesystem)	UNKNOWN STEP	2026-09-24T15:25:01.9473822Z   persist-credentials: false
codeql / Trivy (filesystem)	UNKNOWN STEP	2026-09-24T15:25:01.9474846Z   repository: tznthou/deepseek-review-probe
codeql / Trivy (filesystem)	UNKNOWN STEP	2026-09-24T15:25:01.9482482Z   token: ***
codeql / Trivy (filesystem)	UNKNOWN STEP	2026-09-24T15:25:01.9483465Z   ssh-strict: true
codeql / Trivy (filesystem)	UNKNOWN STEP	2026-09-24T15:25:01.9484266Z   ssh-user: git
codeql / Trivy (filesystem)	UNKNOWN STEP	2026-09-24T15:25:01.9485055Z   clean: true
codeql / Trivy (filesystem)	UNKNOWN STEP	2026-09-24T15:25:01.9485871Z   sparse-checkout-cone-mode: true
codeql / Trivy (filesystem)	UNKNOWN STEP	2026-09-24T15:25:01.9486865Z   fetch-depth: 1
codeql / Trivy (filesystem)	UNKNOWN STEP	2026-09-24T15:25:01.9487654Z   fetch-tags: false
codeql / Trivy (filesystem)	UNKNOWN STEP	2026-09-24T15:25:01.9488466Z   show-progress: true
codeql / Trivy (filesystem)	UNKNOWN STEP	2026-09-24T15:25:01.9489643Z   lfs: false
codeql / Trivy (filesystem)	UNKNOWN STEP	2026-09-24T15:25:01.9490400Z   submodules: false
codeql / Trivy (filesystem)	UNKNOWN STEP	2026-09-24T15:25:01.9491237Z   set-safe-directory: true
codeql / Trivy (filesystem)	UNKNOWN STEP	2026-09-24T15:25:01.9492186Z   allow-unsafe-pr-checkout: false
codeql / Trivy (filesystem)	UNKNOWN STEP	2026-09-24T15:25:01.9493618Z ##[endgroup]
codeql / Trivy (filesystem)	UNKNOWN STEP	2026-09-24T15:25:02.0597378Z Syncing repository: tznthou/deepseek-review-probe
codeql / Trivy (filesystem)	UNKNOWN STEP	2026-09-24T15:25:02.0601386Z ##[group]Getting Git version info
codeql / Trivy (filesystem)	UNKNOWN STEP	2026-09-24T15:25:02.0604029Z Working directory is '/home/runner/work/deepseek-review-probe/deepseek-review-probe'
codeql / Trivy (filesystem)	UNKNOWN STEP	2026-09-24T15:25:02.0607361Z [command]/usr/bin/git version
codeql / Trivy (filesystem)	UNKNOWN STEP	2026-09-24T15:25:02.0664074Z git version 2.55.0
codeql / Trivy (filesystem)	UNKNOWN STEP	2026-09-24T15:25:02.0686966Z ##[endgroup]
codeql / Trivy (filesystem)	UNKNOWN STEP	2026-09-24T15:25:02.0699396Z Temporarily overriding HOME='/home/runner/work/_temp/f0bebc9d-0857-45b3-8e75-f185de9eeb41' before making global git config changes
codeql / Trivy (filesystem)	UNKNOWN STEP	2026-09-24T15:25:02.0702523Z Adding repository directory to the temporary git global config as a safe directory
codeql / Trivy (filesystem)	UNKNOWN STEP	2026-09-24T15:25:02.0706572Z [command]/usr/bin/git config --global --add safe.directory /home/runner/work/deepseek-review-probe/deepseek-review-probe
codeql / Trivy (filesystem)	UNKNOWN STEP	2026-09-24T15:25:02.0757882Z Deleting the contents of '/home/runner/work/deepseek-review-probe/deepseek-review-probe'
codeql / Trivy (filesystem)	UNKNOWN STEP	2026-09-24T15:25:02.0761869Z ##[group]Determining repository object format
codeql / Trivy (filesystem)	UNKNOWN STEP	2026-09-24T15:25:02.0764515Z ##[endgroup]
codeql / Trivy (filesystem)	UNKNOWN STEP	2026-09-24T15:25:02.0765983Z ##[group]Initializing the repository
codeql / Trivy (filesystem)	UNKNOWN STEP	2026-09-24T15:25:02.0772460Z [command]/usr/bin/git init /home/runner/work/deepseek-review-probe/deepseek-review-probe
codeql / Trivy (filesystem)	UNKNOWN STEP	2026-09-24T15:25:02.0856604Z hint: Using 'master' as the name for the initial branch. This default branch name
codeql / Trivy (filesystem)	UNKNOWN STEP	2026-09-24T15:25:02.0859887Z hint: will change to "main" in Git 3.0. To configure the initial branch name
codeql / Trivy (filesystem)	UNKNOWN STEP	2026-09-24T15:25:02.0863547Z hint: to use in all of your new repositories, which will suppress this warning,
codeql / Trivy (filesystem)	UNKNOWN STEP	2026-09-24T15:25:02.0865905Z hint: call:
codeql / Trivy (filesystem)	UNKNOWN STEP	2026-09-24T15:25:02.0867183Z hint:
codeql / Trivy (filesystem)	UNKNOWN STEP	2026-09-24T15:25:02.0868723Z hint: 	git config --global init.defaultBranch <name>
codeql / Trivy (filesystem)	UNKNOWN STEP	2026-09-24T15:25:02.0870926Z hint:
codeql / Trivy (filesystem)	UNKNOWN STEP	2026-09-24T15:25:02.0872733Z hint: Names commonly chosen instead of 'master' are 'main', 'trunk' and
codeql / Trivy (filesystem)	UNKNOWN STEP	2026-09-24T15:25:02.0875769Z hint: 'development'. The just-created branch can be renamed via this command:
codeql / Trivy (filesystem)	UNKNOWN STEP	2026-09-24T15:25:02.0877982Z hint:
codeql / Trivy (filesystem)	UNKNOWN STEP	2026-09-24T15:25:02.0879309Z hint: 	git branch -m <name>
codeql / Trivy (filesystem)	UNKNOWN STEP	2026-09-24T15:25:02.0880782Z hint:
codeql / Trivy (filesystem)	UNKNOWN STEP	2026-09-24T15:25:02.0882752Z hint: Disable this message with "git config set advice.defaultBranchName false"
codeql / Trivy (filesystem)	UNKNOWN STEP	2026-09-24T15:25:02.0886971Z Initialized empty Git repository in /home/runner/work/deepseek-review-probe/deepseek-review-probe/.git/
codeql / Trivy (filesystem)	UNKNOWN STEP	2026-09-24T15:25:02.0893451Z [command]/usr/bin/git remote add origin https://github.com/tznthou/deepseek-review-probe
codeql / Trivy (filesystem)	UNKNOWN STEP	2026-09-24T15:25:02.0921524Z ##[endgroup]
codeql / Trivy (filesystem)	UNKNOWN STEP	2026-09-24T15:25:02.0923684Z ##[group]Disabling automatic garbage collection
codeql / Trivy (filesystem)	UNKNOWN STEP	2026-09-24T15:25:02.0926115Z [command]/usr/bin/git config --local gc.auto 0
codeql / Trivy (filesystem)	UNKNOWN STEP	2026-09-24T15:25:02.0962795Z ##[endgroup]
codeql / Trivy (filesystem)	UNKNOWN STEP	2026-09-24T15:25:02.0965885Z ##[group]Setting up auth
codeql / Trivy (filesystem)	UNKNOWN STEP	2026-09-24T15:25:02.0967525Z Removing SSH command configuration
codeql / Trivy (filesystem)	UNKNOWN STEP	2026-09-24T15:25:02.0971034Z [command]/usr/bin/git config --local --name-only --get-regexp core\.sshCommand
codeql / Trivy (filesystem)	UNKNOWN STEP	2026-09-24T15:25:02.1008213Z [command]/usr/bin/git submodule foreach --recursive sh -c "git config --local --name-only --get-regexp 'core\.sshCommand' && git config --local --unset-all 'core.sshCommand' || :"
codeql / Trivy (filesystem)	UNKNOWN STEP	2026-09-24T15:25:02.1352674Z Removing HTTP extra header
codeql / Trivy (filesystem)	UNKNOWN STEP	2026-09-24T15:25:02.1359663Z [command]/usr/bin/git config --local --name-only --get-regexp http\.https\:\/\/github\.com\/\.extraheader
codeql / Trivy (filesystem)	UNKNOWN STEP	2026-09-24T15:25:02.1413422Z [command]/usr/bin/git submodule foreach --recursive sh -c "git config --local --name-only --get-regexp 'http\.https\:\/\/github\.com\/\.extraheader' && git config --local --unset-all 'http.https://github.com/.extraheader' || :"
codeql / Trivy (filesystem)	UNKNOWN STEP	2026-09-24T15:25:02.1716045Z Removing includeIf entries pointing to credentials config files
codeql / Trivy (filesystem)	UNKNOWN STEP	2026-09-24T15:25:02.1718723Z [command]/usr/bin/git config --local --name-only --get-regexp ^includeIf\.gitdir:
codeql / Trivy (filesystem)	UNKNOWN STEP	2026-09-24T15:25:02.1765561Z [command]/usr/bin/git submodule foreach --recursive git config --local --show-origin --name-only --get-regexp remote.origin.url
codeql / Trivy (filesystem)	UNKNOWN STEP	2026-09-24T15:25:02.2048622Z [command]/usr/bin/git config --file /home/runner/work/_temp/git-credentials-3a50b402-3743-4c1e-b8ac-f952202611f1.config http.https://github.com/.extraheader AUTHORIZATION: basic ***
codeql / Trivy (filesystem)	UNKNOWN STEP	2026-09-24T15:25:02.2114606Z [command]/usr/bin/git config --local includeIf.gitdir:/home/runner/work/deepseek-review-probe/deepseek-review-probe/.git.path /home/runner/work/_temp/git-credentials-3a50b402-3743-4c1e-b8ac-f952202611f1.config
codeql / Trivy (filesystem)	UNKNOWN STEP	2026-09-24T15:25:02.2148433Z [command]/usr/bin/git config --local includeIf.gitdir:/home/runner/work/deepseek-review-probe/deepseek-review-probe/.git/worktrees/*.path /home/runner/work/_temp/git-credentials-3a50b402-3743-4c1e-b8ac-f952202611f1.config
codeql / Trivy (filesystem)	UNKNOWN STEP	2026-09-24T15:25:02.2209209Z [command]/usr/bin/git config --local includeIf.gitdir:/github/workspace/.git.path /github/runner_temp/git-credentials-3a50b402-3743-4c1e-b8ac-f952202611f1.config
codeql / Trivy (filesystem)	UNKNOWN STEP	2026-09-24T15:25:02.2268899Z [command]/usr/bin/git config --local includeIf.gitdir:/github/workspace/.git/worktrees/*.path /github/runner_temp/git-credentials-3a50b402-3743-4c1e-b8ac-f952202611f1.config
codeql / Trivy (filesystem)	UNKNOWN STEP	2026-09-24T15:25:02.2297647Z ##[endgroup]
codeql / Trivy (filesystem)	UNKNOWN STEP	2026-09-24T15:25:02.2299081Z ##[group]Fetching the repository
codeql / Trivy (filesystem)	UNKNOWN STEP	2026-09-24T15:25:02.2307481Z [command]/usr/bin/git -c protocol.version=2 fetch --no-tags --prune --no-recurse-submodules --depth=1 origin +c32af5cbd3c00beb074a2595e7216dd35a2a4db9:refs/remotes/pull/1/merge
codeql / Trivy (filesystem)	UNKNOWN STEP	2026-09-24T15:25:02.6848345Z From https://github.com/tznthou/deepseek-review-probe
codeql / Trivy (filesystem)	UNKNOWN STEP	2026-09-24T15:25:02.6853913Z  * [new ref]         c32af5cbd3c00beb074a2595e7216dd35a2a4db9 -> pull/1/merge
codeql / Trivy (filesystem)	UNKNOWN STEP	2026-09-24T15:25:02.6860152Z ##[endgroup]
codeql / Trivy (filesystem)	UNKNOWN STEP	2026-09-24T15:25:02.6862215Z ##[group]Determining the checkout info
codeql / Trivy (filesystem)	UNKNOWN STEP	2026-09-24T15:25:02.6864514Z ##[endgroup]
codeql / Trivy (filesystem)	UNKNOWN STEP	2026-09-24T15:25:02.6865763Z [command]/usr/bin/git sparse-checkout disable
codeql / Trivy (filesystem)	UNKNOWN STEP	2026-09-24T15:25:02.6925721Z [command]/usr/bin/git config --local --unset-all extensions.worktreeConfig
codeql / Trivy (filesystem)	UNKNOWN STEP	2026-09-24T15:25:02.6969693Z ##[group]Checking out the ref
codeql / Trivy (filesystem)	UNKNOWN STEP	2026-09-24T15:25:02.6972489Z [command]/usr/bin/git checkout --progress --force refs/remotes/pull/1/merge
codeql / Trivy (filesystem)	UNKNOWN STEP	2026-09-24T15:25:02.7034222Z Note: switching to 'refs/remotes/pull/1/merge'.
codeql / Trivy (filesystem)	UNKNOWN STEP	2026-09-24T15:25:02.7035614Z 
codeql / Trivy (filesystem)	UNKNOWN STEP	2026-09-24T15:25:02.7037113Z You are in 'detached HEAD' state. You can look around, make experimental
codeql / Trivy (filesystem)	UNKNOWN STEP	2026-09-24T15:25:02.7039793Z changes and commit them, and you can discard any commits you make in this
codeql / Trivy (filesystem)	UNKNOWN STEP	2026-09-24T15:25:02.7042138Z state without impacting any branches by switching back to a branch.
codeql / Trivy (filesystem)	UNKNOWN STEP	2026-09-24T15:25:02.7043313Z 
codeql / Trivy (filesystem)	UNKNOWN STEP	2026-09-24T15:25:02.7044036Z If you want to create a new branch to retain commits you create, you may
codeql / Trivy (filesystem)	UNKNOWN STEP	2026-09-24T15:25:02.7045612Z do so (now or later) by using -c with the switch command. Example:
codeql / Trivy (filesystem)	UNKNOWN STEP	2026-09-24T15:25:02.7046577Z 
codeql / Trivy (filesystem)	UNKNOWN STEP	2026-09-24T15:25:02.7046998Z   git switch -c <new-branch-name>
codeql / Trivy (filesystem)	UNKNOWN STEP	2026-09-24T15:25:02.7047645Z 
codeql / Trivy (filesystem)	UNKNOWN STEP	2026-09-24T15:25:02.7048038Z Or undo this operation with:
codeql / Trivy (filesystem)	UNKNOWN STEP	2026-09-24T15:25:02.7048645Z 
codeql / Trivy (filesystem)	UNKNOWN STEP	2026-09-24T15:25:02.7049001Z   git switch -
codeql / Trivy (filesystem)	UNKNOWN STEP	2026-09-24T15:25:02.7049526Z 
codeql / Trivy (filesystem)	UNKNOWN STEP	2026-09-24T15:25:02.7050291Z Turn off this advice by setting config variable advice.detachedHead to false
codeql / Trivy (filesystem)	UNKNOWN STEP	2026-09-24T15:25:02.7051463Z 
codeql / Trivy (filesystem)	UNKNOWN STEP	2026-09-24T15:25:02.7052862Z HEAD is now at c32af5c Merge db3fd455d993a5854453cbe02050ad498d1066e0 into 984920211803326516e63a678f4c2480d0ef0276
codeql / Trivy (filesystem)	UNKNOWN STEP	2026-09-24T15:25:02.7069790Z ##[endgroup]
codeql / Trivy (filesystem)	UNKNOWN STEP	2026-09-24T15:25:02.7113499Z [command]/usr/bin/git log -1 --format=%H
codeql / Trivy (filesystem)	UNKNOWN STEP	2026-09-24T15:25:02.7154902Z c32af5cbd3c00beb074a2595e7216dd35a2a4db9
codeql / Trivy (filesystem)	UNKNOWN STEP	2026-09-24T15:25:02.7178009Z ##[group]Removing auth
codeql / Trivy (filesystem)	UNKNOWN STEP	2026-09-24T15:25:02.7179412Z Removing SSH command configuration
codeql / Trivy (filesystem)	UNKNOWN STEP	2026-09-24T15:25:02.7181518Z [command]/usr/bin/git config --local --name-only --get-regexp core\.sshCommand
codeql / Trivy (filesystem)	UNKNOWN STEP	2026-09-24T15:25:02.7236124Z [command]/usr/bin/git submodule foreach --recursive sh -c "git config --local --name-only --get-regexp 'core\.sshCommand' && git config --local --unset-all 'core.sshCommand' || :"
codeql / Trivy (filesystem)	UNKNOWN STEP	2026-09-24T15:25:02.7524080Z Removing HTTP extra header
codeql / Trivy (filesystem)	UNKNOWN STEP	2026-09-24T15:25:02.7528782Z [command]/usr/bin/git config --local --name-only --get-regexp http\.https\:\/\/github\.com\/\.extraheader
codeql / Trivy (filesystem)	UNKNOWN STEP	2026-09-24T15:25:02.7578956Z [command]/usr/bin/git submodule foreach --recursive sh -c "git config --local --name-only --get-regexp 'http\.https\:\/\/github\.com\/\.extraheader' && git config --local --unset-all 'http.https://github.com/.extraheader' || :"
codeql / Trivy (filesystem)	UNKNOWN STEP	2026-09-24T15:25:02.7838518Z Removing includeIf entries pointing to credentials config files
codeql / Trivy (filesystem)	UNKNOWN STEP	2026-09-24T15:25:02.7841515Z [command]/usr/bin/git config --local --name-only --get-regexp ^includeIf\.gitdir:
codeql / Trivy (filesystem)	UNKNOWN STEP	2026-09-24T15:25:02.7878951Z includeif.gitdir:/home/runner/work/deepseek-review-probe/deepseek-review-probe/.git.path
codeql / Trivy (filesystem)	UNKNOWN STEP	2026-09-24T15:25:02.7882489Z includeif.gitdir:/home/runner/work/deepseek-review-probe/deepseek-review-probe/.git/worktrees/*.path
codeql / Trivy (filesystem)	UNKNOWN STEP	2026-09-24T15:25:02.7885504Z includeif.gitdir:/github/workspace/.git.path
codeql / Trivy (filesystem)	UNKNOWN STEP	2026-09-24T15:25:02.7887373Z includeif.gitdir:/github/workspace/.git/worktrees/*.path
codeql / Trivy (filesystem)	UNKNOWN STEP	2026-09-24T15:25:02.7893615Z [command]/usr/bin/git config --local --get-all includeif.gitdir:/home/runner/work/deepseek-review-probe/deepseek-review-probe/.git.path
codeql / Trivy (filesystem)	UNKNOWN STEP	2026-09-24T15:25:02.7927136Z /home/runner/work/_temp/git-credentials-3a50b402-3743-4c1e-b8ac-f952202611f1.config
codeql / Trivy (filesystem)	UNKNOWN STEP	2026-09-24T15:25:02.7940265Z [command]/usr/bin/git config --local --unset includeif.gitdir:/home/runner/work/deepseek-review-probe/deepseek-review-probe/.git.path \/home\/runner\/work\/_temp\/git\-credentials\-3a50b402\-3743\-4c1e\-b8ac\-f952202611f1\.config
codeql / Trivy (filesystem)	UNKNOWN STEP	2026-09-24T15:25:02.7984124Z [command]/usr/bin/git config --local --get-all includeif.gitdir:/home/runner/work/deepseek-review-probe/deepseek-review-probe/.git/worktrees/*.path
codeql / Trivy (filesystem)	UNKNOWN STEP	2026-09-24T15:25:02.8015746Z /home/runner/work/_temp/git-credentials-3a50b402-3743-4c1e-b8ac-f952202611f1.config
codeql / Trivy (filesystem)	UNKNOWN STEP	2026-09-24T15:25:02.8033665Z [command]/usr/bin/git config --local --unset includeif.gitdir:/home/runner/work/deepseek-review-probe/deepseek-review-probe/.git/worktrees/*.path \/home\/runner\/work\/_temp\/git\-credentials\-3a50b402\-3743\-4c1e\-b8ac\-f952202611f1\.config
codeql / Trivy (filesystem)	UNKNOWN STEP	2026-09-24T15:25:02.8075760Z [command]/usr/bin/git config --local --get-all includeif.gitdir:/github/workspace/.git.path
codeql / Trivy (filesystem)	UNKNOWN STEP	2026-09-24T15:25:02.8109218Z /github/runner_temp/git-credentials-3a50b402-3743-4c1e-b8ac-f952202611f1.config
codeql / Trivy (filesystem)	UNKNOWN STEP	2026-09-24T15:25:02.8115605Z [command]/usr/bin/git config --local --unset includeif.gitdir:/github/workspace/.git.path \/github\/runner_temp\/git\-credentials\-3a50b402\-3743\-4c1e\-b8ac\-f952202611f1\.config
codeql / Trivy (filesystem)	UNKNOWN STEP	2026-09-24T15:25:02.8163300Z [command]/usr/bin/git config --local --get-all includeif.gitdir:/github/workspace/.git/worktrees/*.path
codeql / Trivy (filesystem)	UNKNOWN STEP	2026-09-24T15:25:02.8197370Z /github/runner_temp/git-credentials-3a50b402-3743-4c1e-b8ac-f952202611f1.config
codeql / Trivy (filesystem)	UNKNOWN STEP	2026-09-24T15:25:02.8210951Z [command]/usr/bin/git config --local --unset includeif.gitdir:/github/workspace/.git/worktrees/*.path \/github\/runner_temp\/git\-credentials\-3a50b402\-3743\-4c1e\-b8ac\-f952202611f1\.config
codeql / Trivy (filesystem)	UNKNOWN STEP	2026-09-24T15:25:02.8255599Z [command]/usr/bin/git submodule foreach --recursive git config --local --show-origin --name-only --get-regexp remote.origin.url
codeql / Trivy (filesystem)	UNKNOWN STEP	2026-09-24T15:25:02.8514829Z Removing credentials config '/home/runner/work/_temp/git-credentials-3a50b402-3743-4c1e-b8ac-f952202611f1.config'
codeql / Trivy (filesystem)	UNKNOWN STEP	2026-09-24T15:25:02.8523863Z ##[endgroup]
codeql / Trivy (filesystem)	UNKNOWN STEP	2026-09-24T15:25:02.9309752Z ##[group]Run aquasecurity/trivy-action@v0.36.0
codeql / Trivy (filesystem)	UNKNOWN STEP	2026-09-24T15:25:02.9310835Z with:
codeql / Trivy (filesystem)	UNKNOWN STEP	2026-09-24T15:25:02.9311556Z   scan-type: fs
codeql / Trivy (filesystem)	UNKNOWN STEP	2026-09-24T15:25:02.9312310Z   scan-ref: .
codeql / Trivy (filesystem)	UNKNOWN STEP	2026-09-24T15:25:02.9313047Z   format: sarif
codeql / Trivy (filesystem)	UNKNOWN STEP	2026-09-24T15:25:02.9314022Z   output: trivy-results.sarif
codeql / Trivy (filesystem)	UNKNOWN STEP	2026-09-24T15:25:02.9314943Z   severity: CRITICAL,HIGH
codeql / Trivy (filesystem)	UNKNOWN STEP	2026-09-24T15:25:02.9315805Z   ignore-unfixed: false
codeql / Trivy (filesystem)	UNKNOWN STEP	2026-09-24T15:25:02.9316640Z   vuln-type: os,library
codeql / Trivy (filesystem)	UNKNOWN STEP	2026-09-24T15:25:02.9317965Z   cache-dir: /home/runner/work/deepseek-review-probe/deepseek-review-probe/.cache/trivy
codeql / Trivy (filesystem)	UNKNOWN STEP	2026-09-24T15:25:02.9319458Z   list-all-pkgs: false
codeql / Trivy (filesystem)	UNKNOWN STEP	2026-09-24T15:25:02.9320258Z   version: v0.70.0
codeql / Trivy (filesystem)	UNKNOWN STEP	2026-09-24T15:25:02.9321013Z   cache: true
codeql / Trivy (filesystem)	UNKNOWN STEP	2026-09-24T15:25:02.9321827Z   skip-setup-trivy: false
codeql / Trivy (filesystem)	UNKNOWN STEP	2026-09-24T15:25:02.9329688Z   token-setup-trivy: ***
codeql / Trivy (filesystem)	UNKNOWN STEP	2026-09-24T15:25:02.9330555Z ##[endgroup]
codeql / Trivy (filesystem)	UNKNOWN STEP	2026-09-24T15:25:02.9447171Z ##[start-action display=Install Trivy;id=__aquasecurity_trivy-action.__aquasecurity_setup-trivy]
codeql / Trivy (filesystem)	UNKNOWN STEP	2026-09-24T15:25:02.9717668Z ##[group]Run aquasecurity/setup-trivy@3fb12ec12f41e471780db15c232d5dd185dcb514
codeql / Trivy (filesystem)	UNKNOWN STEP	2026-09-24T15:25:02.9719050Z with:
codeql / Trivy (filesystem)	UNKNOWN STEP	2026-09-24T15:25:02.9719744Z   version: v0.70.0
codeql / Trivy (filesystem)	UNKNOWN STEP	2026-09-24T15:25:02.9720488Z   cache: true
codeql / Trivy (filesystem)	UNKNOWN STEP	2026-09-24T15:25:02.9727833Z   token: ***
codeql / Trivy (filesystem)	UNKNOWN STEP	2026-09-24T15:25:02.9728588Z   path: $HOME/.local/bin
codeql / Trivy (filesystem)	UNKNOWN STEP	2026-09-24T15:25:02.9729484Z   github-server-url: https://github.com
codeql / Trivy (filesystem)	UNKNOWN STEP	2026-09-24T15:25:02.9730451Z ##[endgroup]
codeql / Trivy (filesystem)	UNKNOWN STEP	2026-09-24T15:25:02.9748778Z ##[start-action display=Binary dir;id=__aquasecurity_trivy-action.__aquasecurity_setup-trivy.binary-dir]
codeql / Trivy (filesystem)	UNKNOWN STEP	2026-09-24T15:25:02.9809322Z ##[group]Run echo "dir=$HOME/.local/bin/trivy-bin" >> $GITHUB_OUTPUT
codeql / Trivy (filesystem)	UNKNOWN STEP	2026-09-24T15:25:02.9810918Z ^[[36;1mecho "dir=$HOME/.local/bin/trivy-bin" >> $GITHUB_OUTPUT^[[0m
codeql / Trivy (filesystem)	UNKNOWN STEP	2026-09-24T15:25:03.0051565Z shell: /usr/bin/bash --noprofile --norc -e -o pipefail {0}
codeql / Trivy (filesystem)	UNKNOWN STEP	2026-09-24T15:25:03.0052838Z ##[endgroup]
codeql / Trivy (filesystem)	UNKNOWN STEP	2026-09-24T15:25:03.0235239Z ##[end-action id=__aquasecurity_trivy-action.__aquasecurity_setup-trivy.binary-dir;outcome=success;conclusion=success;duration_ms=48]
codeql / Trivy (filesystem)	UNKNOWN STEP	2026-09-24T15:25:03.0244926Z ##[start-action display=Check the version for caching;id=__aquasecurity_trivy-action.__aquasecurity_setup-trivy.__run]
codeql / Trivy (filesystem)	UNKNOWN STEP	2026-09-24T15:25:03.0262300Z ##[end-action id=__aquasecurity_trivy-action.__aquasecurity_setup-trivy.__run;outcome=skipped;conclusion=skipped;duration_ms=0]
codeql / Trivy (filesystem)	UNKNOWN STEP	2026-09-24T15:25:03.0269359Z ##[start-action display=Restore Trivy binary from cache;id=__aquasecurity_trivy-action.__aquasecurity_setup-trivy.cache]
codeql / Trivy (filesystem)	UNKNOWN STEP	2026-09-24T15:25:03.0379504Z ##[group]Run actions/cache/restore@9255dc7a253b0ccc959486e2bca901246202afeb
codeql / Trivy (filesystem)	UNKNOWN STEP	2026-09-24T15:25:03.0380834Z with:
codeql / Trivy (filesystem)	UNKNOWN STEP	2026-09-24T15:25:03.0381597Z   path: /home/runner/.local/bin/trivy-bin
codeql / Trivy (filesystem)	UNKNOWN STEP	2026-09-24T15:25:03.0382625Z   key: trivy-binary-v0.70.0-Linux-X64
codeql / Trivy (filesystem)	UNKNOWN STEP	2026-09-24T15:25:03.0383740Z   enableCrossOsArchive: false
codeql / Trivy (filesystem)	UNKNOWN STEP	2026-09-24T15:25:03.0384670Z   fail-on-cache-miss: false
codeql / Trivy (filesystem)	UNKNOWN STEP	2026-09-24T15:25:03.0385513Z   lookup-only: false
codeql / Trivy (filesystem)	UNKNOWN STEP	2026-09-24T15:25:03.0386287Z ##[endgroup]
codeql / Trivy (filesystem)	UNKNOWN STEP	2026-09-24T15:25:03.4249795Z Cache hit for: trivy-binary-v0.70.0-Linux-X64
codeql / Trivy (filesystem)	UNKNOWN STEP	2026-09-24T15:25:04.7049354Z Received 0 of 43751258 (0.0%), 0.0 MBs/sec
codeql / Trivy (filesystem)	UNKNOWN STEP	2026-09-24T15:25:05.1086631Z Received 43751258 of 43751258 (100.0%), 29.7 MBs/sec
codeql / Trivy (filesystem)	UNKNOWN STEP	2026-09-24T15:25:05.1087510Z Cache Size: ~42 MB (43751258 B)
codeql / Trivy (filesystem)	UNKNOWN STEP	2026-09-24T15:25:05.1116800Z [command]/usr/bin/tar -xf /home/runner/work/_temp/519d678c-c0f5-4a98-b4f9-e1e90e27e63f/cache.tzst -P -C /home/runner/work/deepseek-review-probe/deepseek-review-probe --use-compress-program unzstd
codeql / Trivy (filesystem)	UNKNOWN STEP	2026-09-24T15:25:05.3449795Z Cache restored successfully
codeql / Trivy (filesystem)	UNKNOWN STEP	2026-09-24T15:25:05.3549192Z Cache restored from key: trivy-binary-v0.70.0-Linux-X64
codeql / Trivy (filesystem)	UNKNOWN STEP	2026-09-24T15:25:05.3641973Z ##[end-action id=__aquasecurity_trivy-action.__aquasecurity_setup-trivy.cache;outcome=success;conclusion=success;duration_ms=2336]
codeql / Trivy (filesystem)	UNKNOWN STEP	2026-09-24T15:25:05.3646722Z ##[start-action display=Checkout install script;id=__aquasecurity_trivy-action.__aquasecurity_setup-trivy.__actions_checkout]
codeql / Trivy (filesystem)	UNKNOWN STEP	2026-09-24T15:25:05.3656039Z ##[end-action id=__aquasecurity_trivy-action.__aquasecurity_setup-trivy.__actions_checkout;outcome=skipped;conclusion=skipped;duration_ms=0]
codeql / Trivy (filesystem)	UNKNOWN STEP	2026-09-24T15:25:05.3658801Z ##[start-action display=Install Trivy;id=__aquasecurity_trivy-action.__aquasecurity_setup-trivy.__run_2]
codeql / Trivy (filesystem)	UNKNOWN STEP	2026-09-24T15:25:05.3665214Z ##[end-action id=__aquasecurity_trivy-action.__aquasecurity_setup-trivy.__run_2;outcome=skipped;conclusion=skipped;duration_ms=0]
codeql / Trivy (filesystem)	UNKNOWN STEP	2026-09-24T15:25:05.3667776Z ##[start-action display=Add Trivy binary to $GITHUB_PATH;id=__aquasecurity_trivy-action.__aquasecurity_setup-trivy.__run_3]
codeql / Trivy (filesystem)	UNKNOWN STEP	2026-09-24T15:25:05.3696972Z ##[group]Run echo /home/runner/.local/bin/trivy-bin >> $GITHUB_PATH
codeql / Trivy (filesystem)	UNKNOWN STEP	2026-09-24T15:25:05.3697532Z ^[[36;1mecho /home/runner/.local/bin/trivy-bin >> $GITHUB_PATH^[[0m
codeql / Trivy (filesystem)	UNKNOWN STEP	2026-09-24T15:25:05.3767451Z shell: /usr/bin/bash --noprofile --norc -e -o pipefail {0}
codeql / Trivy (filesystem)	UNKNOWN STEP	2026-09-24T15:25:05.3768118Z ##[endgroup]
codeql / Trivy (filesystem)	UNKNOWN STEP	2026-09-24T15:25:05.3870942Z ##[end-action id=__aquasecurity_trivy-action.__aquasecurity_setup-trivy.__run_3;outcome=success;conclusion=success;duration_ms=20]
codeql / Trivy (filesystem)	UNKNOWN STEP	2026-09-24T15:25:05.3874425Z ##[start-action display=Save Trivy binary to cache;id=__aquasecurity_trivy-action.__aquasecurity_setup-trivy.__actions_cache]
codeql / Trivy (filesystem)	UNKNOWN STEP	2026-09-24T15:25:05.3884380Z ##[end-action id=__aquasecurity_trivy-action.__aquasecurity_setup-trivy.__actions_cache;outcome=skipped;conclusion=skipped;duration_ms=0]
codeql / Trivy (filesystem)	UNKNOWN STEP	2026-09-24T15:25:05.3898038Z ##[end-action id=__aquasecurity_trivy-action.__aquasecurity_setup-trivy;outcome=success;conclusion=success;duration_ms=2444]
codeql / Trivy (filesystem)	UNKNOWN STEP	2026-09-24T15:25:05.3900549Z ##[start-action display=Get current date;id=__aquasecurity_trivy-action.date]
codeql / Trivy (filesystem)	UNKNOWN STEP	2026-09-24T15:25:05.3925036Z ##[group]Run echo "date=$(date +'%Y-%m-%d')" >> $GITHUB_OUTPUT
codeql / Trivy (filesystem)	UNKNOWN STEP	2026-09-24T15:25:05.3925536Z ^[[36;1mecho "date=$(date +'%Y-%m-%d')" >> $GITHUB_OUTPUT^[[0m
codeql / Trivy (filesystem)	UNKNOWN STEP	2026-09-24T15:25:05.3995610Z shell: /usr/bin/bash --noprofile --norc -e -o pipefail {0}
codeql / Trivy (filesystem)	UNKNOWN STEP	2026-09-24T15:25:05.3996101Z ##[endgroup]
codeql / Trivy (filesystem)	UNKNOWN STEP	2026-09-24T15:25:05.4110649Z ##[end-action id=__aquasecurity_trivy-action.date;outcome=success;conclusion=success;duration_ms=20]
codeql / Trivy (filesystem)	UNKNOWN STEP	2026-09-24T15:25:05.4113871Z ##[start-action display=Restore DB from cache;id=__aquasecurity_trivy-action.__actions_cache]
codeql / Trivy (filesystem)	UNKNOWN STEP	2026-09-24T15:25:05.4192959Z ##[group]Run actions/cache@27d5ce7f107fe9357f9df03efb73ab90386fccae
codeql / Trivy (filesystem)	UNKNOWN STEP	2026-09-24T15:25:05.4193571Z with:
codeql / Trivy (filesystem)	UNKNOWN STEP	2026-09-24T15:25:05.4194015Z   path: /home/runner/work/deepseek-review-probe/deepseek-review-probe/.cache/trivy
codeql / Trivy (filesystem)	UNKNOWN STEP	2026-09-24T15:25:05.4194572Z   key: cache-trivy-2026-09-24
codeql / Trivy (filesystem)	UNKNOWN STEP	2026-09-24T15:25:05.4194915Z   restore-keys: cache-trivy-
codeql / Trivy (filesystem)	UNKNOWN STEP	2026-09-24T15:25:05.4195235Z   enableCrossOsArchive: false
codeql / Trivy (filesystem)	UNKNOWN STEP	2026-09-24T15:25:05.4195542Z   fail-on-cache-miss: false
codeql / Trivy (filesystem)	UNKNOWN STEP	2026-09-24T15:25:05.4195836Z   lookup-only: false
codeql / Trivy (filesystem)	UNKNOWN STEP	2026-09-24T15:25:05.4196114Z   save-always: false
codeql / Trivy (filesystem)	UNKNOWN STEP	2026-09-24T15:25:05.4196401Z ##[endgroup]
codeql / Trivy (filesystem)	UNKNOWN STEP	2026-09-24T15:25:05.8171371Z Cache hit for: cache-trivy-2026-09-24
codeql / Trivy (filesystem)	UNKNOWN STEP	2026-09-24T15:25:07.1928760Z Received 0 of 86670696 (0.0%), 0.0 MBs/sec
codeql / Trivy (filesystem)	UNKNOWN STEP	2026-09-24T15:25:07.9835444Z Received 86670696 of 86670696 (100.0%), 46.3 MBs/sec
codeql / Trivy (filesystem)	UNKNOWN STEP	2026-09-24T15:25:07.9836312Z Cache Size: ~83 MB (86670696 B)
codeql / Trivy (filesystem)	UNKNOWN STEP	2026-09-24T15:25:07.9942518Z [command]/usr/bin/tar -xf /home/runner/work/_temp/fea78d72-d92c-452c-bc53-16bd50088678/cache.tzst -P -C /home/runner/work/deepseek-review-probe/deepseek-review-probe --use-compress-program unzstd
codeql / Trivy (filesystem)	UNKNOWN STEP	2026-09-24T15:25:09.7674258Z Cache restored successfully
codeql / Trivy (filesystem)	UNKNOWN STEP	2026-09-24T15:25:10.3345593Z Cache restored from key: cache-trivy-2026-09-24
codeql / Trivy (filesystem)	UNKNOWN STEP	2026-09-24T15:25:10.3471766Z ##[end-action id=__aquasecurity_trivy-action.__actions_cache;outcome=success;conclusion=success;duration_ms=4935]
codeql / Trivy (filesystem)	UNKNOWN STEP	2026-09-24T15:25:10.3481341Z ##[start-action display=Set GitHub Path;id=__aquasecurity_trivy-action.__run]
codeql / Trivy (filesystem)	UNKNOWN STEP	2026-09-24T15:25:10.3712862Z ##[group]Run echo "$GITHUB_ACTION_PATH" >> $GITHUB_PATH
codeql / Trivy (filesystem)	UNKNOWN STEP	2026-09-24T15:25:10.3713711Z ^[[36;1mecho "$GITHUB_ACTION_PATH" >> $GITHUB_PATH^[[0m
codeql / Trivy (filesystem)	UNKNOWN STEP	2026-09-24T15:25:10.3786619Z shell: /usr/bin/bash --noprofile --norc -e -o pipefail {0}
codeql / Trivy (filesystem)	UNKNOWN STEP	2026-09-24T15:25:10.3787054Z env:
codeql / Trivy (filesystem)	UNKNOWN STEP	2026-09-24T15:25:10.3787435Z   GITHUB_ACTION_PATH: /home/runner/work/_actions/aquasecurity/trivy-action/v0.36.0
codeql / Trivy (filesystem)	UNKNOWN STEP	2026-09-24T15:25:10.3787872Z ##[endgroup]
codeql / Trivy (filesystem)	UNKNOWN STEP	2026-09-24T15:25:10.4829625Z ##[end-action id=__aquasecurity_trivy-action.__run;outcome=success;conclusion=success;duration_ms=134]
codeql / Trivy (filesystem)	UNKNOWN STEP	2026-09-24T15:25:10.4832225Z ##[start-action display=Clear Trivy Envs file;id=__aquasecurity_trivy-action.__run_2]
codeql / Trivy (filesystem)	UNKNOWN STEP	2026-09-24T15:25:10.4850372Z ##[group]Run rm -f trivy_envs.txt
codeql / Trivy (filesystem)	UNKNOWN STEP	2026-09-24T15:25:10.4850734Z ^[[36;1mrm -f trivy_envs.txt^[[0m
codeql / Trivy (filesystem)	UNKNOWN STEP	2026-09-24T15:25:10.4851008Z ^[[36;1mtouch trivy_envs.txt^[[0m
codeql / Trivy (filesystem)	UNKNOWN STEP	2026-09-24T15:25:10.4919786Z shell: /usr/bin/bash --noprofile --norc -e -o pipefail {0}
codeql / Trivy (filesystem)	UNKNOWN STEP	2026-09-24T15:25:10.4920169Z ##[endgroup]
codeql / Trivy (filesystem)	UNKNOWN STEP	2026-09-24T15:25:10.6270283Z ##[end-action id=__aquasecurity_trivy-action.__run_2;outcome=success;conclusion=success;duration_ms=143]
codeql / Trivy (filesystem)	UNKNOWN STEP	2026-09-24T15:25:10.6278270Z ##[start-action display=Set Trivy environment variables;id=__aquasecurity_trivy-action.__run_3]
codeql / Trivy (filesystem)	UNKNOWN STEP	2026-09-24T15:25:10.7832719Z ##[group]Run # Note: There is currently no way to distinguish between undefined variables and empty strings in GitHub Actions.
codeql / Trivy (filesystem)	UNKNOWN STEP	2026-09-24T15:25:10.7834497Z ^[[36;1m# Note: There is currently no way to distinguish between undefined variables and empty strings in GitHub Actions.^[[0m
codeql / Trivy (filesystem)	UNKNOWN STEP	2026-09-24T15:25:10.7835612Z ^[[36;1m# This limitation affects how we handle default values and empty inputs.^[[0m
codeql / Trivy (filesystem)	UNKNOWN STEP	2026-09-24T15:25:10.7836587Z ^[[36;1m# For more information, see: https://github.com/actions/runner/issues/924^[[0m
codeql / Trivy (filesystem)	UNKNOWN STEP	2026-09-24T15:25:10.7837255Z ^[[36;1m^[[0m
codeql / Trivy (filesystem)	UNKNOWN STEP	2026-09-24T15:25:10.7837862Z ^[[36;1m# The following logic implements the configuration priority described in the README:^[[0m
codeql / Trivy (filesystem)	UNKNOWN STEP	2026-09-24T15:25:10.7838592Z ^[[36;1m#^[[0m
codeql / Trivy (filesystem)	UNKNOWN STEP	2026-09-24T15:25:10.7838910Z ^[[36;1m# Inputs^[[0m
codeql / Trivy (filesystem)	UNKNOWN STEP	2026-09-24T15:25:10.7839267Z ^[[36;1m# Environment Variables^[[0m
codeql / Trivy (filesystem)	UNKNOWN STEP	2026-09-24T15:25:10.7839700Z ^[[36;1m# Config File^[[0m
codeql / Trivy (filesystem)	UNKNOWN STEP	2026-09-24T15:25:10.7840064Z ^[[36;1m# Defaults^[[0m
codeql / Trivy (filesystem)	UNKNOWN STEP	2026-09-24T15:25:10.7840406Z ^[[36;1m#^[[0m
codeql / Trivy (filesystem)	UNKNOWN STEP	2026-09-24T15:25:10.7841110Z ^[[36;1m# As noted above defaults are awkward to handle as GitHub Actions will inject those values as the input^[[0m
codeql / Trivy (filesystem)	UNKNOWN STEP	2026-09-24T15:25:10.7842165Z ^[[36;1m# if the caller doesn't provide them, thus if the input matches the default we don't set it as we^[[0m
codeql / Trivy (filesystem)	UNKNOWN STEP	2026-09-24T15:25:10.7843404Z ^[[36;1m# can't tell the difference.  Plus if we did set it when it was the default value then it could potentially^[[0m
codeql / Trivy (filesystem)	UNKNOWN STEP	2026-09-24T15:25:10.7844648Z ^[[36;1m# override an external environment variable, or something in the callers configuration file, which then wouldn't^[[0m
codeql / Trivy (filesystem)	UNKNOWN STEP	2026-09-24T15:25:10.7845663Z ^[[36;1m# match the configuration priority that is documented.^[[0m
codeql / Trivy (filesystem)	UNKNOWN STEP	2026-09-24T15:25:10.7846243Z ^[[36;1mset_env_var_if_provided() {^[[0m
codeql / Trivy (filesystem)	UNKNOWN STEP	2026-09-24T15:25:10.7846692Z ^[[36;1m  local var_name="$1"^[[0m
codeql / Trivy (filesystem)	UNKNOWN STEP	2026-09-24T15:25:10.7847108Z ^[[36;1m  local input_value="$2"^[[0m
codeql / Trivy (filesystem)	UNKNOWN STEP	2026-09-24T15:25:10.7847543Z ^[[36;1m  local default_value="$3"^[[0m
codeql / Trivy (filesystem)	UNKNOWN STEP	2026-09-24T15:25:10.7847962Z ^[[36;1m^[[0m
codeql / Trivy (filesystem)	UNKNOWN STEP	2026-09-24T15:25:10.7848439Z ^[[36;1m  if [ -n "$input_value" ] && [ "$input_value" != "$default_value" ]; then^[[0m
codeql / Trivy (filesystem)	UNKNOWN STEP	2026-09-24T15:25:10.7849252Z ^[[36;1m    # If action was provided with explicit input by the caller set that^[[0m
codeql / Trivy (filesystem)	UNKNOWN STEP	2026-09-24T15:25:10.7850149Z ^[[36;1m    # Use printf %q to safely escape special characters and prevent command injection^[[0m
codeql / Trivy (filesystem)	UNKNOWN STEP	2026-09-24T15:25:10.7851026Z ^[[36;1m    printf 'export %s=%q\n' "$var_name" "$input_value" >> trivy_envs.txt^[[0m
codeql / Trivy (filesystem)	UNKNOWN STEP	2026-09-24T15:25:10.7851641Z ^[[36;1m  fi^[[0m
codeql / Trivy (filesystem)	UNKNOWN STEP	2026-09-24T15:25:10.7851949Z ^[[36;1m}^[[0m
codeql / Trivy (filesystem)	UNKNOWN STEP	2026-09-24T15:25:10.7852252Z ^[[36;1m^[[0m
codeql / Trivy (filesystem)	UNKNOWN STEP	2026-09-24T15:25:10.7852733Z ^[[36;1m# Set environment variables, handling those with default values^[[0m
codeql / Trivy (filesystem)	UNKNOWN STEP	2026-09-24T15:25:10.7853847Z ^[[36;1m# cf. https://aquasecurity.github.io/trivy/latest/docs/configuration/#environment-variables^[[0m
codeql / Trivy (filesystem)	UNKNOWN STEP	2026-09-24T15:25:10.7854806Z ^[[36;1mset_env_var_if_provided "TRIVY_INPUT" "$INPUT_INPUT" ""^[[0m
codeql / Trivy (filesystem)	UNKNOWN STEP	2026-09-24T15:25:10.7855516Z ^[[36;1mset_env_var_if_provided "TRIVY_EXIT_CODE" "$INPUT_EXIT_CODE" ""^[[0m
codeql / Trivy (filesystem)	UNKNOWN STEP	2026-09-24T15:25:10.7856331Z ^[[36;1mset_env_var_if_provided "TRIVY_IGNORE_UNFIXED" "$INPUT_IGNORE_UNFIXED" "false"^[[0m
codeql / Trivy (filesystem)	UNKNOWN STEP	2026-09-24T15:25:10.7857153Z ^[[36;1mset_env_var_if_provided "TRIVY_PKG_TYPES" "$INPUT_VULN_TYPE" "os,library"^[[0m
codeql / Trivy (filesystem)	UNKNOWN STEP	2026-09-24T15:25:10.7858340Z ^[[36;1mset_env_var_if_provided "TRIVY_SEVERITY" "$INPUT_SEVERITY" "UNKNOWN,LOW,MEDIUM,HIGH,CRITICAL"^[[0m
codeql / Trivy (filesystem)	UNKNOWN STEP	2026-09-24T15:25:10.7859238Z ^[[36;1mset_env_var_if_provided "TRIVY_FORMAT" "$INPUT_FORMAT" "table"^[[0m
codeql / Trivy (filesystem)	UNKNOWN STEP	2026-09-24T15:25:10.7859971Z ^[[36;1mset_env_var_if_provided "TRIVY_TEMPLATE" "$INPUT_TEMPLATE" ""^[[0m
codeql / Trivy (filesystem)	UNKNOWN STEP	2026-09-24T15:25:10.7860693Z ^[[36;1mset_env_var_if_provided "TRIVY_OUTPUT" "$INPUT_OUTPUT" ""^[[0m
codeql / Trivy (filesystem)	UNKNOWN STEP	2026-09-24T15:25:10.7861435Z ^[[36;1mset_env_var_if_provided "TRIVY_SKIP_DIRS" "$INPUT_SKIP_DIRS" ""^[[0m
codeql / Trivy (filesystem)	UNKNOWN STEP	2026-09-24T15:25:10.7862193Z ^[[36;1mset_env_var_if_provided "TRIVY_SKIP_FILES" "$INPUT_SKIP_FILES" ""^[[0m
codeql / Trivy (filesystem)	UNKNOWN STEP	2026-09-24T15:25:10.7862941Z ^[[36;1mset_env_var_if_provided "TRIVY_TIMEOUT" "$INPUT_TIMEOUT" ""^[[0m
codeql / Trivy (filesystem)	UNKNOWN STEP	2026-09-24T15:25:10.7863870Z ^[[36;1mset_env_var_if_provided "TRIVY_IGNORE_POLICY" "$INPUT_IGNORE_POLICY" ""^[[0m
codeql / Trivy (filesystem)	UNKNOWN STEP	2026-09-24T15:25:10.7864856Z ^[[36;1mset_env_var_if_provided "TRIVY_QUIET" "$INPUT_HIDE_PROGRESS" ""^[[0m
codeql / Trivy (filesystem)	UNKNOWN STEP	2026-09-24T15:25:10.7865689Z ^[[36;1mset_env_var_if_provided "TRIVY_LIST_ALL_PKGS" "$INPUT_LIST_ALL_PKGS" "false"^[[0m
codeql / Trivy (filesystem)	UNKNOWN STEP	2026-09-24T15:25:10.7866513Z ^[[36;1mset_env_var_if_provided "TRIVY_SCANNERS" "$INPUT_SCANNERS" ""^[[0m
codeql / Trivy (filesystem)	UNKNOWN STEP	2026-09-24T15:25:10.7867253Z ^[[36;1mset_env_var_if_provided "TRIVY_CONFIG" "$INPUT_TRIVY_CONFIG" ""^[[0m
codeql / Trivy (filesystem)	UNKNOWN STEP	2026-09-24T15:25:10.7868000Z ^[[36;1mset_env_var_if_provided "TRIVY_TF_VARS" "$INPUT_TF_VARS" ""^[[0m
codeql / Trivy (filesystem)	UNKNOWN STEP	2026-09-24T15:25:10.7868771Z ^[[36;1mset_env_var_if_provided "TRIVY_DOCKER_HOST" "$INPUT_DOCKER_HOST" ""^[[0m
codeql / Trivy (filesystem)	UNKNOWN STEP	2026-09-24T15:25:10.7942979Z shell: /usr/bin/bash --noprofile --norc -e -o pipefail {0}
codeql / Trivy (filesystem)	UNKNOWN STEP	2026-09-24T15:25:10.7943574Z env:
codeql / Trivy (filesystem)	UNKNOWN STEP	2026-09-24T15:25:10.7943801Z   INPUT_INPUT: 
codeql / Trivy (filesystem)	UNKNOWN STEP	2026-09-24T15:25:10.7944032Z   INPUT_EXIT_CODE: 
codeql / Trivy (filesystem)	UNKNOWN STEP	2026-09-24T15:25:10.7944286Z   INPUT_IGNORE_UNFIXED: false
codeql / Trivy (filesystem)	UNKNOWN STEP	2026-09-24T15:25:10.7944559Z   INPUT_VULN_TYPE: os,library
codeql / Trivy (filesystem)	UNKNOWN STEP	2026-09-24T15:25:10.7944831Z   INPUT_SEVERITY: CRITICAL,HIGH
codeql / Trivy (filesystem)	UNKNOWN STEP	2026-09-24T15:25:10.7945113Z   INPUT_FORMAT: sarif
codeql / Trivy (filesystem)	UNKNOWN STEP	2026-09-24T15:25:10.7945354Z   INPUT_TEMPLATE: 
codeql / Trivy (filesystem)	UNKNOWN STEP	2026-09-24T15:25:10.7945617Z   INPUT_OUTPUT: trivy-results.sarif
codeql / Trivy (filesystem)	UNKNOWN STEP	2026-09-24T15:25:10.7945913Z   INPUT_SKIP_DIRS: 
codeql / Trivy (filesystem)	UNKNOWN STEP	2026-09-24T15:25:10.7946141Z   INPUT_SKIP_FILES: 
codeql / Trivy (filesystem)	UNKNOWN STEP	2026-09-24T15:25:10.7946375Z   INPUT_TIMEOUT: 
codeql / Trivy (filesystem)	UNKNOWN STEP	2026-09-24T15:25:10.7946601Z   INPUT_IGNORE_POLICY: 
codeql / Trivy (filesystem)	UNKNOWN STEP	2026-09-24T15:25:10.7946855Z   INPUT_HIDE_PROGRESS: 
codeql / Trivy (filesystem)	UNKNOWN STEP	2026-09-24T15:25:10.7947109Z   INPUT_LIST_ALL_PKGS: false
codeql / Trivy (filesystem)	UNKNOWN STEP	2026-09-24T15:25:10.7947492Z   INPUT_SCANNERS: 
codeql / Trivy (filesystem)	UNKNOWN STEP	2026-09-24T15:25:10.7947752Z   INPUT_TRIVY_CONFIG: 
codeql / Trivy (filesystem)	UNKNOWN STEP	2026-09-24T15:25:10.7947994Z   INPUT_TF_VARS: 
codeql / Trivy (filesystem)	UNKNOWN STEP	2026-09-24T15:25:10.7948225Z   INPUT_DOCKER_HOST: 
codeql / Trivy (filesystem)	UNKNOWN STEP	2026-09-24T15:25:10.7948462Z ##[endgroup]
codeql / Trivy (filesystem)	UNKNOWN STEP	2026-09-24T15:25:10.9244548Z ##[end-action id=__aquasecurity_trivy-action.__run_3;outcome=success;conclusion=success;duration_ms=296]
codeql / Trivy (filesystem)	UNKNOWN STEP	2026-09-24T15:25:10.9250337Z ##[start-action display=Run Trivy;id=__aquasecurity_trivy-action.__run_4]
codeql / Trivy (filesystem)	UNKNOWN STEP	2026-09-24T15:25:11.1711240Z ##[group]Run entrypoint.sh
codeql / Trivy (filesystem)	UNKNOWN STEP	2026-09-24T15:25:11.1711763Z ^[[36;1mentrypoint.sh^[[0m
codeql / Trivy (filesystem)	UNKNOWN STEP	2026-09-24T15:25:11.1791789Z shell: /usr/bin/bash --noprofile --norc -e -o pipefail {0}
codeql / Trivy (filesystem)	UNKNOWN STEP	2026-09-24T15:25:11.1792181Z env:
codeql / Trivy (filesystem)	UNKNOWN STEP	2026-09-24T15:25:11.1792441Z   INPUT_SCAN_TYPE: fs
codeql / Trivy (filesystem)	UNKNOWN STEP	2026-09-24T15:25:11.1792702Z   INPUT_IMAGE_REF: 
codeql / Trivy (filesystem)	UNKNOWN STEP	2026-09-24T15:25:11.1792952Z   INPUT_SCAN_REF: .
codeql / Trivy (filesystem)	UNKNOWN STEP	2026-09-24T15:25:11.1793298Z   INPUT_TRIVYIGNORES: 
codeql / Trivy (filesystem)	UNKNOWN STEP	2026-09-24T15:25:11.1793561Z   INPUT_GITHUB_PAT: 
codeql / Trivy (filesystem)	UNKNOWN STEP	2026-09-24T15:25:11.1793829Z   INPUT_LIMIT_SEVERITIES_FOR_SARIF: 
codeql / Trivy (filesystem)	UNKNOWN STEP	2026-09-24T15:25:11.1794330Z   TRIVY_CACHE_DIR: /home/runner/work/deepseek-review-probe/deepseek-review-probe/.cache/trivy
codeql / Trivy (filesystem)	UNKNOWN STEP	2026-09-24T15:25:11.1794829Z ##[endgroup]
codeql / Trivy (filesystem)	UNKNOWN STEP	2026-09-24T15:25:11.3757671Z Building SARIF report with all severities
codeql / Trivy (filesystem)	UNKNOWN STEP	2026-09-24T15:25:11.3758430Z Running Trivy with options: trivy fs .
codeql / Trivy (filesystem)	UNKNOWN STEP	2026-09-24T15:25:11.4295456Z 2026-09-24T15:25:11Z	INFO	[vuln] Vulnerability scanning is enabled
codeql / Trivy (filesystem)	UNKNOWN STEP	2026-09-24T15:25:11.4296722Z 2026-09-24T15:25:11Z	INFO	[secret] Secret scanning is enabled
codeql / Trivy (filesystem)	UNKNOWN STEP	2026-09-24T15:25:11.4298121Z 2026-09-24T15:25:11Z	INFO	[secret] If your scanning is slow, please try '--scanners vuln' to disable secret scanning
codeql / Trivy (filesystem)	UNKNOWN STEP	2026-09-24T15:25:11.4299965Z 2026-09-24T15:25:11Z	INFO	[secret] Please see https://trivy.dev/docs/v0.70/guide/scanner/secret#recommendation for faster secret detection
codeql / Trivy (filesystem)	UNKNOWN STEP	2026-09-24T15:25:11.4328303Z 2026-09-24T15:25:11Z	INFO	Number of language-specific files	num=0
codeql / Trivy (filesystem)	UNKNOWN STEP	2026-09-24T15:25:11.4391505Z ##[end-action id=__aquasecurity_trivy-action.__run_4;outcome=success;conclusion=success;duration_ms=513]
codeql / Trivy (filesystem)	UNKNOWN STEP	2026-09-24T15:25:11.4395802Z ##[start-action display=Remove Trivy Envs file;id=__aquasecurity_trivy-action.__run_5]
codeql / Trivy (filesystem)	UNKNOWN STEP	2026-09-24T15:25:11.4426426Z ##[group]Run rm -f trivy_envs.txt
codeql / Trivy (filesystem)	UNKNOWN STEP	2026-09-24T15:25:11.4427039Z ^[[36;1mrm -f trivy_envs.txt^[[0m
codeql / Trivy (filesystem)	UNKNOWN STEP	2026-09-24T15:25:11.4497641Z shell: /usr/bin/bash --noprofile --norc -e -o pipefail {0}
codeql / Trivy (filesystem)	UNKNOWN STEP	2026-09-24T15:25:11.4498038Z ##[endgroup]
codeql / Trivy (filesystem)	UNKNOWN STEP	2026-09-24T15:25:11.5342187Z ##[end-action id=__aquasecurity_trivy-action.__run_5;outcome=success;conclusion=success;duration_ms=94]
codeql / Trivy (filesystem)	UNKNOWN STEP	2026-09-24T15:25:11.5411649Z ##[group]Run github/codeql-action/upload-sarif@v4
codeql / Trivy (filesystem)	UNKNOWN STEP	2026-09-24T15:25:11.5412008Z with:
codeql / Trivy (filesystem)	UNKNOWN STEP	2026-09-24T15:25:11.5412240Z   sarif_file: trivy-results.sarif
codeql / Trivy (filesystem)	UNKNOWN STEP	2026-09-24T15:25:11.5412517Z   category: trivy-fs
codeql / Trivy (filesystem)	UNKNOWN STEP	2026-09-24T15:25:11.5412909Z   checkout_path: /home/runner/work/deepseek-review-probe/deepseek-review-probe
codeql / Trivy (filesystem)	UNKNOWN STEP	2026-09-24T15:25:11.5415771Z   token: ***
codeql / Trivy (filesystem)	UNKNOWN STEP	2026-09-24T15:25:11.5416015Z   matrix: null
codeql / Trivy (filesystem)	UNKNOWN STEP	2026-09-24T15:25:11.5416254Z   wait-for-processing: true
codeql / Trivy (filesystem)	UNKNOWN STEP	2026-09-24T15:25:11.5416529Z ##[endgroup]
codeql / Trivy (filesystem)	UNKNOWN STEP	2026-09-24T15:25:11.8060065Z Job run UUID is 1eb49867-9c17-46d3-96fb-3fb0de3a0e1d.
codeql / Trivy (filesystem)	UNKNOWN STEP	2026-09-24T15:25:12.7873862Z Post-processing sarif files: ["trivy-results.sarif"]
codeql / Trivy (filesystem)	UNKNOWN STEP	2026-09-24T15:25:12.7886406Z Validating trivy-results.sarif
codeql / Trivy (filesystem)	UNKNOWN STEP	2026-09-24T15:25:12.7990887Z Adding fingerprints to SARIF file. See https://docs.github.com/en/code-security/reference/code-scanning/sarif-support-for-code-scanning#data-for-preventing-duplicated-alerts for more information.
codeql / Trivy (filesystem)	UNKNOWN STEP	2026-09-24T15:25:12.7993730Z ##[group]Uploading code scanning results
codeql / Trivy (filesystem)	UNKNOWN STEP	2026-09-24T15:25:12.8190600Z Uploading results
codeql / Trivy (filesystem)	UNKNOWN STEP	2026-09-24T15:25:13.4543862Z Successfully uploaded results
codeql / Trivy (filesystem)	UNKNOWN STEP	2026-09-24T15:25:13.4545404Z ##[endgroup]
codeql / Trivy (filesystem)	UNKNOWN STEP	2026-09-24T15:25:13.4549178Z ##[group]Waiting for processing to finish
codeql / Trivy (filesystem)	UNKNOWN STEP	2026-09-24T15:25:18.6823296Z Analysis upload status is complete.
codeql / Trivy (filesystem)	UNKNOWN STEP	2026-09-24T15:25:18.6824158Z ##[endgroup]
codeql / Trivy (filesystem)	UNKNOWN STEP	2026-09-24T15:25:19.0235636Z Post job cleanup.
codeql / Trivy (filesystem)	UNKNOWN STEP	2026-09-24T15:25:19.2678244Z ##[group]Uploading combined SARIF debug artifact
codeql / Trivy (filesystem)	UNKNOWN STEP	2026-09-24T15:25:19.2680334Z ##[endgroup]
codeql / Trivy (filesystem)	UNKNOWN STEP	2026-09-24T15:25:19.3015666Z Post job cleanup.
codeql / Trivy (filesystem)	UNKNOWN STEP	2026-09-24T15:25:19.3021854Z ##[start-action display=Restore DB from cache;id=__98973eef-6b48-41da-9347-0db4809a9341.__actions_cache]
codeql / Trivy (filesystem)	UNKNOWN STEP	2026-09-24T15:25:19.3061655Z Post job cleanup.
codeql / Trivy (filesystem)	UNKNOWN STEP	2026-09-24T15:25:19.4379621Z Cache hit occurred on the primary key cache-trivy-2026-09-24, not saving cache.
codeql / Trivy (filesystem)	UNKNOWN STEP	2026-09-24T15:25:19.4460118Z ##[end-action id=__98973eef-6b48-41da-9347-0db4809a9341.__actions_cache;outcome=success;conclusion=success;duration_ms=143]
codeql / Trivy (filesystem)	UNKNOWN STEP	2026-09-24T15:25:19.4462973Z ##[start-action display=Install Trivy;id=__98973eef-6b48-41da-9347-0db4809a9341.__aquasecurity_setup-trivy]
codeql / Trivy (filesystem)	UNKNOWN STEP	2026-09-24T15:25:19.4545173Z Post job cleanup.
codeql / Trivy (filesystem)	UNKNOWN STEP	2026-09-24T15:25:19.4550085Z ##[end-action id=__98973eef-6b48-41da-9347-0db4809a9341.__aquasecurity_setup-trivy;outcome=success;conclusion=success;duration_ms=8]
codeql / Trivy (filesystem)	UNKNOWN STEP	2026-09-24T15:25:19.4639249Z Post job cleanup.
codeql / Trivy (filesystem)	UNKNOWN STEP	2026-09-24T15:25:19.5554128Z [command]/usr/bin/git version
codeql / Trivy (filesystem)	UNKNOWN STEP	2026-09-24T15:25:19.5596898Z git version 2.55.0
codeql / Trivy (filesystem)	UNKNOWN STEP	2026-09-24T15:25:19.5633908Z Temporarily overriding HOME='/home/runner/work/_temp/30d9c403-4d13-4b2f-8b42-decb6558f935' before making global git config changes
codeql / Trivy (filesystem)	UNKNOWN STEP	2026-09-24T15:25:19.5635212Z Adding repository directory to the temporary git global config as a safe directory
codeql / Trivy (filesystem)	UNKNOWN STEP	2026-09-24T15:25:19.5641854Z [command]/usr/bin/git config --global --add safe.directory /home/runner/work/deepseek-review-probe/deepseek-review-probe
codeql / Trivy (filesystem)	UNKNOWN STEP	2026-09-24T15:25:19.5711208Z Removing SSH command configuration
codeql / Trivy (filesystem)	UNKNOWN STEP	2026-09-24T15:25:19.5712363Z [command]/usr/bin/git config --local --name-only --get-regexp core\.sshCommand
codeql / Trivy (filesystem)	UNKNOWN STEP	2026-09-24T15:25:19.5760110Z [command]/usr/bin/git submodule foreach --recursive sh -c "git config --local --name-only --get-regexp 'core\.sshCommand' && git config --local --unset-all 'core.sshCommand' || :"
codeql / Trivy (filesystem)	UNKNOWN STEP	2026-09-24T15:25:19.6104490Z Removing HTTP extra header
codeql / Trivy (filesystem)	UNKNOWN STEP	2026-09-24T15:25:19.6112297Z [command]/usr/bin/git config --local --name-only --get-regexp http\.https\:\/\/github\.com\/\.extraheader
codeql / Trivy (filesystem)	UNKNOWN STEP	2026-09-24T15:25:19.6168518Z [command]/usr/bin/git submodule foreach --recursive sh -c "git config --local --name-only --get-regexp 'http\.https\:\/\/github\.com\/\.extraheader' && git config --local --unset-all 'http.https://github.com/.extraheader' || :"
codeql / Trivy (filesystem)	UNKNOWN STEP	2026-09-24T15:25:19.6521403Z Removing includeIf entries pointing to credentials config files
codeql / Trivy (filesystem)	UNKNOWN STEP	2026-09-24T15:25:19.6531197Z [command]/usr/bin/git config --local --name-only --get-regexp ^includeIf\.gitdir:
codeql / Trivy (filesystem)	UNKNOWN STEP	2026-09-24T15:25:19.6588122Z [command]/usr/bin/git submodule foreach --recursive git config --local --show-origin --name-only --get-regexp remote.origin.url
codeql / Trivy (filesystem)	UNKNOWN STEP	2026-09-24T15:25:19.7039306Z Cleaning up orphan processes
static / reviewdog (diff-only)	UNKNOWN STEP	﻿2026-09-24T15:24:58.7553682Z Current runner version: '2.337.0'
static / reviewdog (diff-only)	UNKNOWN STEP	2026-09-24T15:24:58.7571371Z ##[group]Runner Image Provisioner
static / reviewdog (diff-only)	UNKNOWN STEP	2026-09-24T15:24:58.7571887Z Hosted Compute Agent
static / reviewdog (diff-only)	UNKNOWN STEP	2026-09-24T15:24:58.7572215Z Version: 20260828.587
static / reviewdog (diff-only)	UNKNOWN STEP	2026-09-24T15:24:58.7572669Z Commit: abac92662cab4cc7352de4f9f9d2e2419aad9c29
static / reviewdog (diff-only)	UNKNOWN STEP	2026-09-24T15:24:58.7573091Z Build Date: 2026-08-28T16:44:25Z
static / reviewdog (diff-only)	UNKNOWN STEP	2026-09-24T15:24:58.7573518Z Worker ID: {81cb1786-fccb-4493-bce1-ba25e9b38836}
static / reviewdog (diff-only)	UNKNOWN STEP	2026-09-24T15:24:58.7573945Z Azure Region: westus3
static / reviewdog (diff-only)	UNKNOWN STEP	2026-09-24T15:24:58.7574283Z ##[endgroup]
static / reviewdog (diff-only)	UNKNOWN STEP	2026-09-24T15:24:58.7575096Z ##[group]Operating System
static / reviewdog (diff-only)	UNKNOWN STEP	2026-09-24T15:24:58.7575443Z Ubuntu
static / reviewdog (diff-only)	UNKNOWN STEP	2026-09-24T15:24:58.7575775Z 24.04.5
static / reviewdog (diff-only)	UNKNOWN STEP	2026-09-24T15:24:58.7576084Z LTS
static / reviewdog (diff-only)	UNKNOWN STEP	2026-09-24T15:24:58.7576388Z ##[endgroup]
static / reviewdog (diff-only)	UNKNOWN STEP	2026-09-24T15:24:58.7576770Z ##[group]Runner Image
static / reviewdog (diff-only)	UNKNOWN STEP	2026-09-24T15:24:58.7577126Z Image: ubuntu-24.04
static / reviewdog (diff-only)	UNKNOWN STEP	2026-09-24T15:24:58.7577566Z Version: 20260920.314.1
static / reviewdog (diff-only)	UNKNOWN STEP	2026-09-24T15:24:58.7578367Z Included Software: https://github.com/actions/runner-images/blob/ubuntu24/20260920.314/images/ubuntu/Ubuntu2404-Readme.md
static / reviewdog (diff-only)	UNKNOWN STEP	2026-09-24T15:24:58.7579284Z Image Release: https://github.com/actions/runner-images/releases/tag/ubuntu24%2F20260920.314
static / reviewdog (diff-only)	UNKNOWN STEP	2026-09-24T15:24:58.7579833Z ##[endgroup]
static / reviewdog (diff-only)	UNKNOWN STEP	2026-09-24T15:24:58.7580559Z ##[group]GITHUB_TOKEN Permissions
static / reviewdog (diff-only)	UNKNOWN STEP	2026-09-24T15:24:58.7581689Z Contents: read
static / reviewdog (diff-only)	UNKNOWN STEP	2026-09-24T15:24:58.7582009Z Metadata: read
static / reviewdog (diff-only)	UNKNOWN STEP	2026-09-24T15:24:58.7582425Z PullRequests: write
static / reviewdog (diff-only)	UNKNOWN STEP	2026-09-24T15:24:58.7582786Z ##[endgroup]
static / reviewdog (diff-only)	UNKNOWN STEP	2026-09-24T15:24:58.7584068Z Secret source: Actions
static / reviewdog (diff-only)	UNKNOWN STEP	2026-09-24T15:24:58.7584572Z Cache mode: write
static / reviewdog (diff-only)	UNKNOWN STEP	2026-09-24T15:24:58.7585026Z Prepare workflow directory
static / reviewdog (diff-only)	UNKNOWN STEP	2026-09-24T15:24:58.7853871Z Prepare all required actions
static / reviewdog (diff-only)	UNKNOWN STEP	2026-09-24T15:24:58.7884488Z Getting action download info
static / reviewdog (diff-only)	UNKNOWN STEP	2026-09-24T15:24:59.1080031Z Download action repository 'actions/checkout@v7' (SHA:3d3c42e5aac5ba805825da76410c181273ba90b1)
static / reviewdog (diff-only)	UNKNOWN STEP	2026-09-24T15:24:59.2951168Z Download action repository 'reviewdog/action-setup@v1' (SHA:d8a7baabd7f3e8544ee4dbde3ee41d0011c3a93f)
static / reviewdog (diff-only)	UNKNOWN STEP	2026-09-24T15:24:59.6423859Z Uses: tznthou/deepseek-code-review/.github/workflows/reusable-static-review.yml@refs/tags/v1 (23023b4d64e6015f9dc34a562a8cb023875b61e7)
static / reviewdog (diff-only)	UNKNOWN STEP	2026-09-24T15:24:59.6426609Z ##[group] Inputs
static / reviewdog (diff-only)	UNKNOWN STEP	2026-09-24T15:24:59.6426938Z   lint-command: shellcheck -f gcc $(git ls-files '*.sh')
static / reviewdog (diff-only)	UNKNOWN STEP	2026-09-24T15:24:59.6427403Z   lint-name: shellcheck
static / reviewdog (diff-only)	UNKNOWN STEP	2026-09-24T15:24:59.6427665Z   lint-errorformat: %f:%l:%c: %m
static / reviewdog (diff-only)	UNKNOWN STEP	2026-09-24T15:24:59.6427937Z   fail-level: error
static / reviewdog (diff-only)	UNKNOWN STEP	2026-09-24T15:24:59.6428467Z   skip-dependency-review: true
static / reviewdog (diff-only)	UNKNOWN STEP	2026-09-24T15:24:59.6428756Z   dependency-fail-on-severity: high
static / reviewdog (diff-only)	UNKNOWN STEP	2026-09-24T15:24:59.6429040Z   skip-draft: true
static / reviewdog (diff-only)	UNKNOWN STEP	2026-09-24T15:24:59.6429278Z ##[endgroup]
static / reviewdog (diff-only)	UNKNOWN STEP	2026-09-24T15:24:59.6429541Z Complete job name: static / reviewdog (diff-only)
static / reviewdog (diff-only)	UNKNOWN STEP	2026-09-24T15:24:59.6866366Z ##[group]Run actions/checkout@v7
static / reviewdog (diff-only)	UNKNOWN STEP	2026-09-24T15:24:59.6867180Z with:
static / reviewdog (diff-only)	UNKNOWN STEP	2026-09-24T15:24:59.6867651Z   persist-credentials: false
static / reviewdog (diff-only)	UNKNOWN STEP	2026-09-24T15:24:59.6867976Z   repository: tznthou/deepseek-review-probe
static / reviewdog (diff-only)	UNKNOWN STEP	2026-09-24T15:24:59.6870115Z   token: ***
static / reviewdog (diff-only)	UNKNOWN STEP	2026-09-24T15:24:59.6870341Z   ssh-strict: true
static / reviewdog (diff-only)	UNKNOWN STEP	2026-09-24T15:24:59.6870570Z   ssh-user: git
static / reviewdog (diff-only)	UNKNOWN STEP	2026-09-24T15:24:59.6870808Z   clean: true
static / reviewdog (diff-only)	UNKNOWN STEP	2026-09-24T15:24:59.6871044Z   sparse-checkout-cone-mode: true
static / reviewdog (diff-only)	UNKNOWN STEP	2026-09-24T15:24:59.6871318Z   fetch-depth: 1
static / reviewdog (diff-only)	UNKNOWN STEP	2026-09-24T15:24:59.6871667Z   fetch-tags: false
static / reviewdog (diff-only)	UNKNOWN STEP	2026-09-24T15:24:59.6872017Z   show-progress: true
static / reviewdog (diff-only)	UNKNOWN STEP	2026-09-24T15:24:59.6872373Z   lfs: false
static / reviewdog (diff-only)	UNKNOWN STEP	2026-09-24T15:24:59.6872696Z   submodules: false
static / reviewdog (diff-only)	UNKNOWN STEP	2026-09-24T15:24:59.6873051Z   set-safe-directory: true
static / reviewdog (diff-only)	UNKNOWN STEP	2026-09-24T15:24:59.6873447Z   allow-unsafe-pr-checkout: false
static / reviewdog (diff-only)	UNKNOWN STEP	2026-09-24T15:24:59.6874020Z ##[endgroup]
static / reviewdog (diff-only)	UNKNOWN STEP	2026-09-24T15:24:59.7541490Z Syncing repository: tznthou/deepseek-review-probe
static / reviewdog (diff-only)	UNKNOWN STEP	2026-09-24T15:24:59.7543186Z ##[group]Getting Git version info
static / reviewdog (diff-only)	UNKNOWN STEP	2026-09-24T15:24:59.7543960Z Working directory is '/home/runner/work/deepseek-review-probe/deepseek-review-probe'
static / reviewdog (diff-only)	UNKNOWN STEP	2026-09-24T15:24:59.7544892Z [command]/usr/bin/git version
static / reviewdog (diff-only)	UNKNOWN STEP	2026-09-24T15:24:59.7671314Z git version 2.55.0
static / reviewdog (diff-only)	UNKNOWN STEP	2026-09-24T15:24:59.7687209Z ##[endgroup]
static / reviewdog (diff-only)	UNKNOWN STEP	2026-09-24T15:24:59.7692586Z Temporarily overriding HOME='/home/runner/work/_temp/9977ce38-6fb0-4c44-8c75-9efc7f394267' before making global git config changes
static / reviewdog (diff-only)	UNKNOWN STEP	2026-09-24T15:24:59.7693950Z Adding repository directory to the temporary git global config as a safe directory
static / reviewdog (diff-only)	UNKNOWN STEP	2026-09-24T15:24:59.7696927Z [command]/usr/bin/git config --global --add safe.directory /home/runner/work/deepseek-review-probe/deepseek-review-probe
static / reviewdog (diff-only)	UNKNOWN STEP	2026-09-24T15:24:59.7778311Z Deleting the contents of '/home/runner/work/deepseek-review-probe/deepseek-review-probe'
static / reviewdog (diff-only)	UNKNOWN STEP	2026-09-24T15:24:59.7780631Z ##[group]Determining repository object format
static / reviewdog (diff-only)	UNKNOWN STEP	2026-09-24T15:24:59.7781672Z ##[endgroup]
static / reviewdog (diff-only)	UNKNOWN STEP	2026-09-24T15:24:59.7782241Z ##[group]Initializing the repository
static / reviewdog (diff-only)	UNKNOWN STEP	2026-09-24T15:24:59.7785819Z [command]/usr/bin/git init /home/runner/work/deepseek-review-probe/deepseek-review-probe
static / reviewdog (diff-only)	UNKNOWN STEP	2026-09-24T15:24:59.7893214Z hint: Using 'master' as the name for the initial branch. This default branch name
static / reviewdog (diff-only)	UNKNOWN STEP	2026-09-24T15:24:59.7894386Z hint: will change to "main" in Git 3.0. To configure the initial branch name
static / reviewdog (diff-only)	UNKNOWN STEP	2026-09-24T15:24:59.7895318Z hint: to use in all of your new repositories, which will suppress this warning,
static / reviewdog (diff-only)	UNKNOWN STEP	2026-09-24T15:24:59.7896095Z hint: call:
static / reviewdog (diff-only)	UNKNOWN STEP	2026-09-24T15:24:59.7896644Z hint:
static / reviewdog (diff-only)	UNKNOWN STEP	2026-09-24T15:24:59.7897011Z hint: 	git config --global init.defaultBranch <name>
static / reviewdog (diff-only)	UNKNOWN STEP	2026-09-24T15:24:59.7897545Z hint:
static / reviewdog (diff-only)	UNKNOWN STEP	2026-09-24T15:24:59.7897853Z hint: Names commonly chosen instead of 'master' are 'main', 'trunk' and
static / reviewdog (diff-only)	UNKNOWN STEP	2026-09-24T15:24:59.7898340Z hint: 'development'. The just-created branch can be renamed via this command:
static / reviewdog (diff-only)	UNKNOWN STEP	2026-09-24T15:24:59.7898720Z hint:
static / reviewdog (diff-only)	UNKNOWN STEP	2026-09-24T15:24:59.7898944Z hint: 	git branch -m <name>
static / reviewdog (diff-only)	UNKNOWN STEP	2026-09-24T15:24:59.7899192Z hint:
static / reviewdog (diff-only)	UNKNOWN STEP	2026-09-24T15:24:59.7899534Z hint: Disable this message with "git config set advice.defaultBranchName false"
static / reviewdog (diff-only)	UNKNOWN STEP	2026-09-24T15:24:59.7903583Z Initialized empty Git repository in /home/runner/work/deepseek-review-probe/deepseek-review-probe/.git/
static / reviewdog (diff-only)	UNKNOWN STEP	2026-09-24T15:24:59.7912269Z [command]/usr/bin/git remote add origin https://github.com/tznthou/deepseek-review-probe
static / reviewdog (diff-only)	UNKNOWN STEP	2026-09-24T15:24:59.8211886Z ##[endgroup]
static / reviewdog (diff-only)	UNKNOWN STEP	2026-09-24T15:24:59.8212618Z ##[group]Disabling automatic garbage collection
static / reviewdog (diff-only)	UNKNOWN STEP	2026-09-24T15:24:59.8216629Z [command]/usr/bin/git config --local gc.auto 0
static / reviewdog (diff-only)	UNKNOWN STEP	2026-09-24T15:24:59.8269444Z ##[endgroup]
static / reviewdog (diff-only)	UNKNOWN STEP	2026-09-24T15:24:59.8270170Z ##[group]Setting up auth
static / reviewdog (diff-only)	UNKNOWN STEP	2026-09-24T15:24:59.8270647Z Removing SSH command configuration
static / reviewdog (diff-only)	UNKNOWN STEP	2026-09-24T15:24:59.8274349Z [command]/usr/bin/git config --local --name-only --get-regexp core\.sshCommand
static / reviewdog (diff-only)	UNKNOWN STEP	2026-09-24T15:24:59.8305032Z [command]/usr/bin/git submodule foreach --recursive sh -c "git config --local --name-only --get-regexp 'core\.sshCommand' && git config --local --unset-all 'core.sshCommand' || :"
static / reviewdog (diff-only)	UNKNOWN STEP	2026-09-24T15:24:59.8778543Z Removing HTTP extra header
static / reviewdog (diff-only)	UNKNOWN STEP	2026-09-24T15:24:59.8783426Z [command]/usr/bin/git config --local --name-only --get-regexp http\.https\:\/\/github\.com\/\.extraheader
static / reviewdog (diff-only)	UNKNOWN STEP	2026-09-24T15:24:59.8811292Z [command]/usr/bin/git submodule foreach --recursive sh -c "git config --local --name-only --get-regexp 'http\.https\:\/\/github\.com\/\.extraheader' && git config --local --unset-all 'http.https://github.com/.extraheader' || :"
static / reviewdog (diff-only)	UNKNOWN STEP	2026-09-24T15:24:59.8974716Z Removing includeIf entries pointing to credentials config files
static / reviewdog (diff-only)	UNKNOWN STEP	2026-09-24T15:24:59.8978772Z [command]/usr/bin/git config --local --name-only --get-regexp ^includeIf\.gitdir:
static / reviewdog (diff-only)	UNKNOWN STEP	2026-09-24T15:24:59.9005565Z [command]/usr/bin/git submodule foreach --recursive git config --local --show-origin --name-only --get-regexp remote.origin.url
static / reviewdog (diff-only)	UNKNOWN STEP	2026-09-24T15:24:59.9178339Z [command]/usr/bin/git config --file /home/runner/work/_temp/git-credentials-aff9fa44-3e31-4d40-8e6a-b635b7c430a4.config http.https://github.com/.extraheader AUTHORIZATION: basic ***
static / reviewdog (diff-only)	UNKNOWN STEP	2026-09-24T15:24:59.9264192Z [command]/usr/bin/git config --local includeIf.gitdir:/home/runner/work/deepseek-review-probe/deepseek-review-probe/.git.path /home/runner/work/_temp/git-credentials-aff9fa44-3e31-4d40-8e6a-b635b7c430a4.config
static / reviewdog (diff-only)	UNKNOWN STEP	2026-09-24T15:24:59.9375167Z [command]/usr/bin/git config --local includeIf.gitdir:/home/runner/work/deepseek-review-probe/deepseek-review-probe/.git/worktrees/*.path /home/runner/work/_temp/git-credentials-aff9fa44-3e31-4d40-8e6a-b635b7c430a4.config
static / reviewdog (diff-only)	UNKNOWN STEP	2026-09-24T15:24:59.9473557Z [command]/usr/bin/git config --local includeIf.gitdir:/github/workspace/.git.path /github/runner_temp/git-credentials-aff9fa44-3e31-4d40-8e6a-b635b7c430a4.config
static / reviewdog (diff-only)	UNKNOWN STEP	2026-09-24T15:25:00.0078280Z [command]/usr/bin/git config --local includeIf.gitdir:/github/workspace/.git/worktrees/*.path /github/runner_temp/git-credentials-aff9fa44-3e31-4d40-8e6a-b635b7c430a4.config
static / reviewdog (diff-only)	UNKNOWN STEP	2026-09-24T15:25:00.0678289Z ##[endgroup]
static / reviewdog (diff-only)	UNKNOWN STEP	2026-09-24T15:25:00.0678979Z ##[group]Fetching the repository
static / reviewdog (diff-only)	UNKNOWN STEP	2026-09-24T15:25:00.0684531Z [command]/usr/bin/git -c protocol.version=2 fetch --no-tags --prune --no-recurse-submodules --depth=1 origin +c32af5cbd3c00beb074a2595e7216dd35a2a4db9:refs/remotes/pull/1/merge
static / reviewdog (diff-only)	UNKNOWN STEP	2026-09-24T15:25:01.5210235Z From https://github.com/tznthou/deepseek-review-probe
static / reviewdog (diff-only)	UNKNOWN STEP	2026-09-24T15:25:01.5211045Z  * [new ref]         c32af5cbd3c00beb074a2595e7216dd35a2a4db9 -> pull/1/merge
static / reviewdog (diff-only)	UNKNOWN STEP	2026-09-24T15:25:01.5238520Z ##[endgroup]
static / reviewdog (diff-only)	UNKNOWN STEP	2026-09-24T15:25:01.5239578Z ##[group]Determining the checkout info
static / reviewdog (diff-only)	UNKNOWN STEP	2026-09-24T15:25:01.5240552Z ##[endgroup]
static / reviewdog (diff-only)	UNKNOWN STEP	2026-09-24T15:25:01.5241290Z [command]/usr/bin/git sparse-checkout disable
static / reviewdog (diff-only)	UNKNOWN STEP	2026-09-24T15:25:01.6033141Z [command]/usr/bin/git config --local --unset-all extensions.worktreeConfig
static / reviewdog (diff-only)	UNKNOWN STEP	2026-09-24T15:25:01.6231035Z ##[group]Checking out the ref
static / reviewdog (diff-only)	UNKNOWN STEP	2026-09-24T15:25:01.6234664Z [command]/usr/bin/git checkout --progress --force refs/remotes/pull/1/merge
static / reviewdog (diff-only)	UNKNOWN STEP	2026-09-24T15:25:01.6835676Z Note: switching to 'refs/remotes/pull/1/merge'.
static / reviewdog (diff-only)	UNKNOWN STEP	2026-09-24T15:25:01.6838367Z 
static / reviewdog (diff-only)	UNKNOWN STEP	2026-09-24T15:25:01.6839040Z You are in 'detached HEAD' state. You can look around, make experimental
static / reviewdog (diff-only)	UNKNOWN STEP	2026-09-24T15:25:01.6839705Z changes and commit them, and you can discard any commits you make in this
static / reviewdog (diff-only)	UNKNOWN STEP	2026-09-24T15:25:01.6840267Z state without impacting any branches by switching back to a branch.
static / reviewdog (diff-only)	UNKNOWN STEP	2026-09-24T15:25:01.6840647Z 
static / reviewdog (diff-only)	UNKNOWN STEP	2026-09-24T15:25:01.6840962Z If you want to create a new branch to retain commits you create, you may
static / reviewdog (diff-only)	UNKNOWN STEP	2026-09-24T15:25:01.6841603Z do so (now or later) by using -c with the switch command. Example:
static / reviewdog (diff-only)	UNKNOWN STEP	2026-09-24T15:25:01.6841989Z 
static / reviewdog (diff-only)	UNKNOWN STEP	2026-09-24T15:25:01.6842122Z   git switch -c <new-branch-name>
static / reviewdog (diff-only)	UNKNOWN STEP	2026-09-24T15:25:01.6842357Z 
static / reviewdog (diff-only)	UNKNOWN STEP	2026-09-24T15:25:01.6842481Z Or undo this operation with:
static / reviewdog (diff-only)	UNKNOWN STEP	2026-09-24T15:25:01.6842701Z 
static / reviewdog (diff-only)	UNKNOWN STEP	2026-09-24T15:25:01.6842807Z   git switch -
static / reviewdog (diff-only)	UNKNOWN STEP	2026-09-24T15:25:01.6842997Z 
static / reviewdog (diff-only)	UNKNOWN STEP	2026-09-24T15:25:01.6843308Z Turn off this advice by setting config variable advice.detachedHead to false
static / reviewdog (diff-only)	UNKNOWN STEP	2026-09-24T15:25:01.6843753Z 
static / reviewdog (diff-only)	UNKNOWN STEP	2026-09-24T15:25:01.6844243Z HEAD is now at c32af5c Merge db3fd455d993a5854453cbe02050ad498d1066e0 into 984920211803326516e63a678f4c2480d0ef0276
static / reviewdog (diff-only)	UNKNOWN STEP	2026-09-24T15:25:01.6929326Z ##[endgroup]
static / reviewdog (diff-only)	UNKNOWN STEP	2026-09-24T15:25:01.6969394Z [command]/usr/bin/git log -1 --format=%H
static / reviewdog (diff-only)	UNKNOWN STEP	2026-09-24T15:25:01.6995231Z c32af5cbd3c00beb074a2595e7216dd35a2a4db9
static / reviewdog (diff-only)	UNKNOWN STEP	2026-09-24T15:25:01.7005998Z ##[group]Removing auth
static / reviewdog (diff-only)	UNKNOWN STEP	2026-09-24T15:25:01.7006427Z Removing SSH command configuration
static / reviewdog (diff-only)	UNKNOWN STEP	2026-09-24T15:25:01.7007910Z [command]/usr/bin/git config --local --name-only --get-regexp core\.sshCommand
static / reviewdog (diff-only)	UNKNOWN STEP	2026-09-24T15:25:01.7078623Z [command]/usr/bin/git submodule foreach --recursive sh -c "git config --local --name-only --get-regexp 'core\.sshCommand' && git config --local --unset-all 'core.sshCommand' || :"
static / reviewdog (diff-only)	UNKNOWN STEP	2026-09-24T15:25:01.7505977Z Removing HTTP extra header
static / reviewdog (diff-only)	UNKNOWN STEP	2026-09-24T15:25:01.7511885Z [command]/usr/bin/git config --local --name-only --get-regexp http\.https\:\/\/github\.com\/\.extraheader
static / reviewdog (diff-only)	UNKNOWN STEP	2026-09-24T15:25:01.7573050Z [command]/usr/bin/git submodule foreach --recursive sh -c "git config --local --name-only --get-regexp 'http\.https\:\/\/github\.com\/\.extraheader' && git config --local --unset-all 'http.https://github.com/.extraheader' || :"
static / reviewdog (diff-only)	UNKNOWN STEP	2026-09-24T15:25:01.7759719Z Removing includeIf entries pointing to credentials config files
static / reviewdog (diff-only)	UNKNOWN STEP	2026-09-24T15:25:01.7761093Z [command]/usr/bin/git config --local --name-only --get-regexp ^includeIf\.gitdir:
static / reviewdog (diff-only)	UNKNOWN STEP	2026-09-24T15:25:01.7788714Z includeif.gitdir:/home/runner/work/deepseek-review-probe/deepseek-review-probe/.git.path
static / reviewdog (diff-only)	UNKNOWN STEP	2026-09-24T15:25:01.7790200Z includeif.gitdir:/home/runner/work/deepseek-review-probe/deepseek-review-probe/.git/worktrees/*.path
static / reviewdog (diff-only)	UNKNOWN STEP	2026-09-24T15:25:01.7791788Z includeif.gitdir:/github/workspace/.git.path
static / reviewdog (diff-only)	UNKNOWN STEP	2026-09-24T15:25:01.7792440Z includeif.gitdir:/github/workspace/.git/worktrees/*.path
static / reviewdog (diff-only)	UNKNOWN STEP	2026-09-24T15:25:01.7795527Z [command]/usr/bin/git config --local --get-all includeif.gitdir:/home/runner/work/deepseek-review-probe/deepseek-review-probe/.git.path
static / reviewdog (diff-only)	UNKNOWN STEP	2026-09-24T15:25:01.7817782Z /home/runner/work/_temp/git-credentials-aff9fa44-3e31-4d40-8e6a-b635b7c430a4.config
static / reviewdog (diff-only)	UNKNOWN STEP	2026-09-24T15:25:01.7825857Z [command]/usr/bin/git config --local --unset includeif.gitdir:/home/runner/work/deepseek-review-probe/deepseek-review-probe/.git.path \/home\/runner\/work\/_temp\/git\-credentials\-aff9fa44\-3e31\-4d40\-8e6a\-b635b7c430a4\.config
static / reviewdog (diff-only)	UNKNOWN STEP	2026-09-24T15:25:01.7856325Z [command]/usr/bin/git config --local --get-all includeif.gitdir:/home/runner/work/deepseek-review-probe/deepseek-review-probe/.git/worktrees/*.path
static / reviewdog (diff-only)	UNKNOWN STEP	2026-09-24T15:25:01.7877812Z /home/runner/work/_temp/git-credentials-aff9fa44-3e31-4d40-8e6a-b635b7c430a4.config
static / reviewdog (diff-only)	UNKNOWN STEP	2026-09-24T15:25:01.7884428Z [command]/usr/bin/git config --local --unset includeif.gitdir:/home/runner/work/deepseek-review-probe/deepseek-review-probe/.git/worktrees/*.path \/home\/runner\/work\/_temp\/git\-credentials\-aff9fa44\-3e31\-4d40\-8e6a\-b635b7c430a4\.config
static / reviewdog (diff-only)	UNKNOWN STEP	2026-09-24T15:25:01.7912805Z [command]/usr/bin/git config --local --get-all includeif.gitdir:/github/workspace/.git.path
static / reviewdog (diff-only)	UNKNOWN STEP	2026-09-24T15:25:01.7933978Z /github/runner_temp/git-credentials-aff9fa44-3e31-4d40-8e6a-b635b7c430a4.config
static / reviewdog (diff-only)	UNKNOWN STEP	2026-09-24T15:25:01.7940307Z [command]/usr/bin/git config --local --unset includeif.gitdir:/github/workspace/.git.path \/github\/runner_temp\/git\-credentials\-aff9fa44\-3e31\-4d40\-8e6a\-b635b7c430a4\.config
static / reviewdog (diff-only)	UNKNOWN STEP	2026-09-24T15:25:01.7971594Z [command]/usr/bin/git config --local --get-all includeif.gitdir:/github/workspace/.git/worktrees/*.path
static / reviewdog (diff-only)	UNKNOWN STEP	2026-09-24T15:25:01.7993407Z /github/runner_temp/git-credentials-aff9fa44-3e31-4d40-8e6a-b635b7c430a4.config
static / reviewdog (diff-only)	UNKNOWN STEP	2026-09-24T15:25:01.8000714Z [command]/usr/bin/git config --local --unset includeif.gitdir:/github/workspace/.git/worktrees/*.path \/github\/runner_temp\/git\-credentials\-aff9fa44\-3e31\-4d40\-8e6a\-b635b7c430a4\.config
static / reviewdog (diff-only)	UNKNOWN STEP	2026-09-24T15:25:01.8065026Z [command]/usr/bin/git submodule foreach --recursive git config --local --show-origin --name-only --get-regexp remote.origin.url
static / reviewdog (diff-only)	UNKNOWN STEP	2026-09-24T15:25:01.8231630Z Removing credentials config '/home/runner/work/_temp/git-credentials-aff9fa44-3e31-4d40-8e6a-b635b7c430a4.config'
static / reviewdog (diff-only)	UNKNOWN STEP	2026-09-24T15:25:01.8237912Z ##[endgroup]
static / reviewdog (diff-only)	UNKNOWN STEP	2026-09-24T15:25:01.8495079Z ##[group]Run reviewdog/action-setup@v1
static / reviewdog (diff-only)	UNKNOWN STEP	2026-09-24T15:25:01.8495553Z with:
static / reviewdog (diff-only)	UNKNOWN STEP	2026-09-24T15:25:01.8495821Z   reviewdog_version: latest
static / reviewdog (diff-only)	UNKNOWN STEP	2026-09-24T15:25:01.8496185Z ##[endgroup]
static / reviewdog (diff-only)	UNKNOWN STEP	2026-09-24T15:25:01.8539686Z ##[start-action display=install reviewdog;id=__reviewdog_action-setup.__run]
static / reviewdog (diff-only)	UNKNOWN STEP	2026-09-24T15:25:01.8574757Z ##[group]Run set -eu
static / reviewdog (diff-only)	UNKNOWN STEP	2026-09-24T15:25:01.8575128Z ^[[36;1mset -eu^[[0m
static / reviewdog (diff-only)	UNKNOWN STEP	2026-09-24T15:25:01.8575482Z ^[[36;1m"$GITHUB_ACTION_PATH/install.sh"^[[0m
static / reviewdog (diff-only)	UNKNOWN STEP	2026-09-24T15:25:01.8599790Z shell: /usr/bin/sh -e {0}
static / reviewdog (diff-only)	UNKNOWN STEP	2026-09-24T15:25:01.8600161Z env:
static / reviewdog (diff-only)	UNKNOWN STEP	2026-09-24T15:25:01.8600424Z   REVIEWDOG_VERSION: latest
static / reviewdog (diff-only)	UNKNOWN STEP	2026-09-24T15:25:01.8600824Z   REVIEWDOG_TEMPDIR: /home/runner/work/_temp
static / reviewdog (diff-only)	UNKNOWN STEP	2026-09-24T15:25:01.8601270Z ##[endgroup]
static / reviewdog (diff-only)	UNKNOWN STEP	2026-09-24T15:25:01.8663148Z ##[group]🐶 Installing reviewdog ... https://github.com/reviewdog/reviewdog
static / reviewdog (diff-only)	UNKNOWN STEP	2026-09-24T15:25:01.8708427Z reviewdog/reviewdog info Detected Platform: linux/amd64
static / reviewdog (diff-only)	UNKNOWN STEP	2026-09-24T15:25:01.8731483Z reviewdog/reviewdog info checking GitHub for latest tag
static / reviewdog (diff-only)	UNKNOWN STEP	2026-09-24T15:25:02.1012117Z reviewdog/reviewdog info Resolved version: 0.21.2 (tag: v0.21.2)
static / reviewdog (diff-only)	UNKNOWN STEP	2026-09-24T15:25:02.1052982Z reviewdog/reviewdog info Downloading https://github.com/reviewdog/reviewdog/releases/download/v0.21.2/reviewdog_0.21.2_Linux_x86_64.tar.gz
static / reviewdog (diff-only)	UNKNOWN STEP	2026-09-24T15:25:02.3350979Z reviewdog/reviewdog info Downloading checksums from https://github.com/reviewdog/reviewdog/releases/download/v0.21.2/checksums.txt
static / reviewdog (diff-only)	UNKNOWN STEP	2026-09-24T15:25:02.5441812Z reviewdog/reviewdog info Verifying checksum ...
static / reviewdog (diff-only)	UNKNOWN STEP	2026-09-24T15:25:02.5685595Z reviewdog/reviewdog info Extracting reviewdog_0.21.2_Linux_x86_64.tar.gz...
static / reviewdog (diff-only)	UNKNOWN STEP	2026-09-24T15:25:02.6312235Z reviewdog/reviewdog info Installing binary to /home/runner/work/_temp/reviewdog/bin/reviewdog
static / reviewdog (diff-only)	UNKNOWN STEP	2026-09-24T15:25:02.6367812Z reviewdog/reviewdog info reviewdog installation complete!
static / reviewdog (diff-only)	UNKNOWN STEP	2026-09-24T15:25:02.6403268Z ##[endgroup]
static / reviewdog (diff-only)	UNKNOWN STEP	2026-09-24T15:25:02.6418913Z ##[end-action id=__reviewdog_action-setup.__run;outcome=success;conclusion=success;duration_ms=787]
static / reviewdog (diff-only)	UNKNOWN STEP	2026-09-24T15:25:02.6423094Z ##[start-action display=check reviewdog is successfully installed;id=__reviewdog_action-setup.__run_2]
static / reviewdog (diff-only)	UNKNOWN STEP	2026-09-24T15:25:02.6453496Z ##[group]Run set -eu
static / reviewdog (diff-only)	UNKNOWN STEP	2026-09-24T15:25:02.6454092Z ^[[36;1mset -eu^[[0m
static / reviewdog (diff-only)	UNKNOWN STEP	2026-09-24T15:25:02.6454676Z ^[[36;1m"$GITHUB_ACTION_PATH/check-installed.sh"^[[0m
static / reviewdog (diff-only)	UNKNOWN STEP	2026-09-24T15:25:02.6477953Z shell: /usr/bin/sh -e {0}
static / reviewdog (diff-only)	UNKNOWN STEP	2026-09-24T15:25:02.6478558Z ##[endgroup]
static / reviewdog (diff-only)	UNKNOWN STEP	2026-09-24T15:25:02.6520354Z ##[group]📖 reviewdog -h
static / reviewdog (diff-only)	UNKNOWN STEP	2026-09-24T15:25:02.6541450Z Usage:	reviewdog [flags]
static / reviewdog (diff-only)	UNKNOWN STEP	2026-09-24T15:25:02.6542339Z 	reviewdog accepts any compiler or linter results from stdin and filters
static / reviewdog (diff-only)	UNKNOWN STEP	2026-09-24T15:25:02.6543122Z 	them by diff for review. reviewdog also can posts the results as a comment to
static / reviewdog (diff-only)	UNKNOWN STEP	2026-09-24T15:25:02.6543793Z 	GitHub if you use reviewdog in CI service.
static / reviewdog (diff-only)	UNKNOWN STEP	2026-09-24T15:25:02.6544351Z Flags:
static / reviewdog (diff-only)	UNKNOWN STEP	2026-09-24T15:25:02.6544869Z   -conf string
static / reviewdog (diff-only)	UNKNOWN STEP	2026-09-24T15:25:02.6545554Z     	config file path
static / reviewdog (diff-only)	UNKNOWN STEP	2026-09-24T15:25:02.6546076Z   -diff string
static / reviewdog (diff-only)	UNKNOWN STEP	2026-09-24T15:25:02.6546781Z     	diff command (e.g. "git diff") for local reporters. Do not use --relative flag for git command.
static / reviewdog (diff-only)	UNKNOWN STEP	2026-09-24T15:25:02.6547624Z   -efm value
static / reviewdog (diff-only)	UNKNOWN STEP	2026-09-24T15:25:02.6548344Z     	list of supported machine-readable format and errorformat (https://github.com/reviewdog/errorformat)
static / reviewdog (diff-only)	UNKNOWN STEP	2026-09-24T15:25:02.6549043Z   -f string
static / reviewdog (diff-only)	UNKNOWN STEP	2026-09-24T15:25:02.6549769Z     	format name (run -list to see supported format name) for input. It's also used as tool name in review comment if -name is empty
static / reviewdog (diff-only)	UNKNOWN STEP	2026-09-24T15:25:02.6550619Z   -f.diff.strip int
static / reviewdog (diff-only)	UNKNOWN STEP	2026-09-24T15:25:02.6551417Z     	option for -f=diff: strip NUM leading components from diff file names (equivalent to 'patch -p') (default is 1 for git diff) (default 1)
static / reviewdog (diff-only)	UNKNOWN STEP	2026-09-24T15:25:02.6552340Z   -fail-level value
static / reviewdog (diff-only)	UNKNOWN STEP	2026-09-24T15:25:02.6553156Z     	reviewdog will exit with code 1 if it finds at least 1 issue with severity greater than or equal to the given level. [none(default),any,info,warning,error]
static / reviewdog (diff-only)	UNKNOWN STEP	2026-09-24T15:25:02.6554109Z   -fail-on-error
static / reviewdog (diff-only)	UNKNOWN STEP	2026-09-24T15:25:02.6554640Z     	[DEPRECATED] use -fail-level instead
static / reviewdog (diff-only)	UNKNOWN STEP	2026-09-24T15:25:02.6555409Z   -filter-mode value
static / reviewdog (diff-only)	UNKNOWN STEP	2026-09-24T15:25:02.6556003Z     	how to filter checks results. [added, diff_context, file, nofilter].
static / reviewdog (diff-only)	UNKNOWN STEP	2026-09-24T15:25:02.6556591Z     			"added" (default)
static / reviewdog (diff-only)	UNKNOWN STEP	2026-09-24T15:25:02.6557126Z     				Filter by added/modified diff lines.
static / reviewdog (diff-only)	UNKNOWN STEP	2026-09-24T15:25:02.6557931Z     			"diff_context"
static / reviewdog (diff-only)	UNKNOWN STEP	2026-09-24T15:25:02.6558729Z     				Filter by diff context, which can include unchanged lines.
static / reviewdog (diff-only)	UNKNOWN STEP	2026-09-24T15:25:02.6559638Z     				i.e. changed lines +-N lines (e.g. N=3 for default git diff).
static / reviewdog (diff-only)	UNKNOWN STEP	2026-09-24T15:25:02.6560371Z     			"file"
static / reviewdog (diff-only)	UNKNOWN STEP	2026-09-24T15:25:02.6561012Z     				Filter by added/modified file.
static / reviewdog (diff-only)	UNKNOWN STEP	2026-09-24T15:25:02.6561734Z     			"nofilter"
static / reviewdog (diff-only)	UNKNOWN STEP	2026-09-24T15:25:02.6562593Z     				Do not filter any results.
static / reviewdog (diff-only)	UNKNOWN STEP	2026-09-24T15:25:02.6563273Z     	
static / reviewdog (diff-only)	UNKNOWN STEP	2026-09-24T15:25:02.6563715Z   -guess
static / reviewdog (diff-only)	UNKNOWN STEP	2026-09-24T15:25:02.6564214Z     	guess Pull Request ID by branch name and commit SHA
static / reviewdog (diff-only)	UNKNOWN STEP	2026-09-24T15:25:02.6564741Z   -level string
static / reviewdog (diff-only)	UNKNOWN STEP	2026-09-24T15:25:02.6565349Z     	default report level for supported reporters ("info","warning","error").
static / reviewdog (diff-only)	UNKNOWN STEP	2026-09-24T15:25:02.6565934Z   -list
static / reviewdog (diff-only)	UNKNOWN STEP	2026-09-24T15:25:02.6566467Z     	list supported pre-defined format names which can be used as -f arg
static / reviewdog (diff-only)	UNKNOWN STEP	2026-09-24T15:25:02.6567038Z   -log-level string
static / reviewdog (diff-only)	UNKNOWN STEP	2026-09-24T15:25:02.6567767Z     	log level for reviewdog itself. (debug, info, warning, error) (default "info")
static / reviewdog (diff-only)	UNKNOWN STEP	2026-09-24T15:25:02.6568347Z   -name string
static / reviewdog (diff-only)	UNKNOWN STEP	2026-09-24T15:25:02.6568896Z     	tool name in review comment. -f is used as tool name if -name is empty
static / reviewdog (diff-only)	UNKNOWN STEP	2026-09-24T15:25:02.6569523Z   -reporter string
static / reviewdog (diff-only)	UNKNOWN STEP	2026-09-24T15:25:02.6570006Z     	reporter of reviewdog results.
static / reviewdog (diff-only)	UNKNOWN STEP	2026-09-24T15:25:02.6570639Z     		"local" (default)
static / reviewdog (diff-only)	UNKNOWN STEP	2026-09-24T15:25:02.6571118Z     			Report results to stdout.
static / reviewdog (diff-only)	UNKNOWN STEP	2026-09-24T15:25:02.6571587Z     	
static / reviewdog (diff-only)	UNKNOWN STEP	2026-09-24T15:25:02.6572011Z     		"rdjson"
static / reviewdog (diff-only)	UNKNOWN STEP	2026-09-24T15:25:02.6572497Z     			Report results to stdout in rdjson format.
static / reviewdog (diff-only)	UNKNOWN STEP	2026-09-24T15:25:02.6573001Z     	
static / reviewdog (diff-only)	UNKNOWN STEP	2026-09-24T15:25:02.6573427Z     		"rdjsonl"
static / reviewdog (diff-only)	UNKNOWN STEP	2026-09-24T15:25:02.6573909Z     			Report results to stdout in rdjsonl format.
static / reviewdog (diff-only)	UNKNOWN STEP	2026-09-24T15:25:02.6574422Z     	
static / reviewdog (diff-only)	UNKNOWN STEP	2026-09-24T15:25:02.6574863Z     		"sarif"
static / reviewdog (diff-only)	UNKNOWN STEP	2026-09-24T15:25:02.6575383Z     			Report results to stdout in SARIF format.
static / reviewdog (diff-only)	UNKNOWN STEP	2026-09-24T15:25:02.6575884Z     	
static / reviewdog (diff-only)	UNKNOWN STEP	2026-09-24T15:25:02.6576382Z     		"github-check"
static / reviewdog (diff-only)	UNKNOWN STEP	2026-09-24T15:25:02.6576951Z     			Report results to GitHub Check. It works both for Pull Requests and commits.
static / reviewdog (diff-only)	UNKNOWN STEP	2026-09-24T15:25:02.6577785Z     			For Pull Request, you can see report results in GitHub PullRequest Check
static / reviewdog (diff-only)	UNKNOWN STEP	2026-09-24T15:25:02.6578442Z     			tab and can control filtering mode by -filter-mode flag.
static / reviewdog (diff-only)	UNKNOWN STEP	2026-09-24T15:25:02.6578987Z     	
static / reviewdog (diff-only)	UNKNOWN STEP	2026-09-24T15:25:02.6579464Z     			There are two options to use this reporter.
static / reviewdog (diff-only)	UNKNOWN STEP	2026-09-24T15:25:02.6579983Z     	
static / reviewdog (diff-only)	UNKNOWN STEP	2026-09-24T15:25:02.6580512Z     			Option 1) Run reviewdog from GitHub Actions w/ secrets.GITHUB_TOKEN
static / reviewdog (diff-only)	UNKNOWN STEP	2026-09-24T15:25:02.6581186Z     				Note that it reports result to GitHub Actions log console for Pull
static / reviewdog (diff-only)	UNKNOWN STEP	2026-09-24T15:25:02.6581848Z     				Requests from fork repository due to GitHub Actions restriction.
static / reviewdog (diff-only)	UNKNOWN STEP	2026-09-24T15:25:02.6582616Z     				https://help.github.com/en/articles/virtual-environments-for-github-actions#github_token-secret
static / reviewdog (diff-only)	UNKNOWN STEP	2026-09-24T15:25:02.6583262Z     	
static / reviewdog (diff-only)	UNKNOWN STEP	2026-09-24T15:25:02.6583793Z     				Set REVIEWDOG_GITHUB_API_TOKEN with secrets.GITHUB_TOKEN. e.g.
static / reviewdog (diff-only)	UNKNOWN STEP	2026-09-24T15:25:02.6584427Z     						REVIEWDOG_GITHUB_API_TOKEN: ${{ secrets.GITHUB_TOKEN }}
static / reviewdog (diff-only)	UNKNOWN STEP	2026-09-24T15:25:02.6584961Z     	
static / reviewdog (diff-only)	UNKNOWN STEP	2026-09-24T15:25:02.6585424Z     			Option 2) Install reviewdog GitHub Apps
static / reviewdog (diff-only)	UNKNOWN STEP	2026-09-24T15:25:02.6586031Z     				1. Install reviewdog Apps. https://github.com/apps/reviewdog
static / reviewdog (diff-only)	UNKNOWN STEP	2026-09-24T15:25:02.6586610Z     				2. Set REVIEWDOG_TOKEN.
static / reviewdog (diff-only)	UNKNOWN STEP	2026-09-24T15:25:02.6587194Z     				You can get token from https://reviewdog.app/gh/<owner>/<repo-name>.
static / reviewdog (diff-only)	UNKNOWN STEP	2026-09-24T15:25:02.6587921Z     				$ export REVIEWDOG_TOKEN="xxxxx"
static / reviewdog (diff-only)	UNKNOWN STEP	2026-09-24T15:25:02.6588410Z     	
static / reviewdog (diff-only)	UNKNOWN STEP	2026-09-24T15:25:02.6588851Z     		"github-pr-check"
static / reviewdog (diff-only)	UNKNOWN STEP	2026-09-24T15:25:02.6589412Z     			Same as github-check reporter but it only supports Pull Requests.
static / reviewdog (diff-only)	UNKNOWN STEP	2026-09-24T15:25:02.6590049Z     	
static / reviewdog (diff-only)	UNKNOWN STEP	2026-09-24T15:25:02.6590602Z     		"github-pr-review"
static / reviewdog (diff-only)	UNKNOWN STEP	2026-09-24T15:25:02.6591105Z     			Report results to GitHub review comments.
static / reviewdog (diff-only)	UNKNOWN STEP	2026-09-24T15:25:02.6591608Z     	
static / reviewdog (diff-only)	UNKNOWN STEP	2026-09-24T15:25:02.6592110Z     			1. Set REVIEWDOG_GITHUB_API_TOKEN environment variable.
static / reviewdog (diff-only)	UNKNOWN STEP	2026-09-24T15:25:02.6592824Z     			Go to https://github.com/settings/tokens and create new Personal access token with repo scope.
static / reviewdog (diff-only)	UNKNOWN STEP	2026-09-24T15:25:02.6593460Z     	
static / reviewdog (diff-only)	UNKNOWN STEP	2026-09-24T15:25:02.6593903Z     			For GitHub Enterprise:
static / reviewdog (diff-only)	UNKNOWN STEP	2026-09-24T15:25:02.6594489Z     				$ export GITHUB_API="https://example.githubenterprise.com/api/v3"
static / reviewdog (diff-only)	UNKNOWN STEP	2026-09-24T15:25:02.6595066Z     	
static / reviewdog (diff-only)	UNKNOWN STEP	2026-09-24T15:25:02.6595509Z     		"github-annotations"
static / reviewdog (diff-only)	UNKNOWN STEP	2026-09-24T15:25:02.6596065Z     			Report results to stdout in GitHub Actions annotation format.
static / reviewdog (diff-only)	UNKNOWN STEP	2026-09-24T15:25:02.6596615Z     	
static / reviewdog (diff-only)	UNKNOWN STEP	2026-09-24T15:25:02.6597065Z     		"github-pr-annotations"
static / reviewdog (diff-only)	UNKNOWN STEP	2026-09-24T15:25:02.6597835Z     			Same as github-annotations reporter but it only supports Pull Requests.
static / reviewdog (diff-only)	UNKNOWN STEP	2026-09-24T15:25:02.6598412Z     	
static / reviewdog (diff-only)	UNKNOWN STEP	2026-09-24T15:25:02.6598870Z     		"gitlab-mr-discussion"
static / reviewdog (diff-only)	UNKNOWN STEP	2026-09-24T15:25:02.6599410Z     			Report results to GitLab MergeRequest discussion.
static / reviewdog (diff-only)	UNKNOWN STEP	2026-09-24T15:25:02.6599929Z     	
static / reviewdog (diff-only)	UNKNOWN STEP	2026-09-24T15:25:02.6600457Z     			1. Set REVIEWDOG_GITLAB_API_TOKEN environment variable.
static / reviewdog (diff-only)	UNKNOWN STEP	2026-09-24T15:25:02.6601080Z     			Go to https://gitlab.com/profile/personal_access_tokens
static / reviewdog (diff-only)	UNKNOWN STEP	2026-09-24T15:25:02.6601612Z     	
static / reviewdog (diff-only)	UNKNOWN STEP	2026-09-24T15:25:02.6602196Z     			CI_API_V4_URL (defined by Gitlab CI) as the base URL for the Gitlab API automatically.
static / reviewdog (diff-only)	UNKNOWN STEP	2026-09-24T15:25:02.6602968Z     			Alternatively, GITLAB_API can also be defined, and it will take precedence over the former:
static / reviewdog (diff-only)	UNKNOWN STEP	2026-09-24T15:25:02.6603780Z     				$ export GITLAB_API="https://example.gitlab.com/api/v4"
static / reviewdog (diff-only)	UNKNOWN STEP	2026-09-24T15:25:02.6604317Z     	
static / reviewdog (diff-only)	UNKNOWN STEP	2026-09-24T15:25:02.6604755Z     		"gitlab-mr-commit"
static / reviewdog (diff-only)	UNKNOWN STEP	2026-09-24T15:25:02.6605336Z     			Same as gitlab-mr-discussion, but report results to GitLab comments for
static / reviewdog (diff-only)	UNKNOWN STEP	2026-09-24T15:25:02.6605959Z     			each commits in Merge Requests.
static / reviewdog (diff-only)	UNKNOWN STEP	2026-09-24T15:25:02.6606449Z     	
static / reviewdog (diff-only)	UNKNOWN STEP	2026-09-24T15:25:02.6606901Z     		"gerrit-change-review"
static / reviewdog (diff-only)	UNKNOWN STEP	2026-09-24T15:25:02.6607617Z     			Report results to Gerrit Change comments.
static / reviewdog (diff-only)	UNKNOWN STEP	2026-09-24T15:25:02.6608152Z     	
static / reviewdog (diff-only)	UNKNOWN STEP	2026-09-24T15:25:02.6608709Z     			1. Set GERRIT_USERNAME and GERRIT_PASSWORD for basic authentication or
static / reviewdog (diff-only)	UNKNOWN STEP	2026-09-24T15:25:02.6609369Z     			GIT_GITCOOKIE_PATH for git cookie based authentication.
static / reviewdog (diff-only)	UNKNOWN STEP	2026-09-24T15:25:02.6610030Z     			2. Set GERRIT_CHANGE_ID, GERRIT_REVISION_ID GERRIT_BRANCH and GERRIT_ADDRESS
static / reviewdog (diff-only)	UNKNOWN STEP	2026-09-24T15:25:02.6610613Z     	
static / reviewdog (diff-only)	UNKNOWN STEP	2026-09-24T15:25:02.6611050Z     			For example:
static / reviewdog (diff-only)	UNKNOWN STEP	2026-09-24T15:25:02.6611600Z     				$ export GERRIT_CHANGE_ID=myproject~master~I1293efab014de2
static / reviewdog (diff-only)	UNKNOWN STEP	2026-09-24T15:25:02.6612193Z     				$ export GERRIT_REVISION_ID=ed318bf9a3c
static / reviewdog (diff-only)	UNKNOWN STEP	2026-09-24T15:25:02.6612737Z     				$ export GERRIT_BRANCH=master
static / reviewdog (diff-only)	UNKNOWN STEP	2026-09-24T15:25:02.6613317Z     				$ export GERRIT_ADDRESS=http://localhost:8080
static / reviewdog (diff-only)	UNKNOWN STEP	2026-09-24T15:25:02.6613833Z     	
static / reviewdog (diff-only)	UNKNOWN STEP	2026-09-24T15:25:02.6614283Z     		"bitbucket-code-report"
static / reviewdog (diff-only)	UNKNOWN STEP	2026-09-24T15:25:02.6614830Z     			Create Bitbucket Code Report via Code Insights
static / reviewdog (diff-only)	UNKNOWN STEP	2026-09-24T15:25:02.6615472Z     			(https://confluence.atlassian.com/display/BITBUCKET/Code+insights).
static / reviewdog (diff-only)	UNKNOWN STEP	2026-09-24T15:25:02.6616153Z     			You can set custom report name with:
static / reviewdog (diff-only)	UNKNOWN STEP	2026-09-24T15:25:02.6616656Z     	
static / reviewdog (diff-only)	UNKNOWN STEP	2026-09-24T15:25:02.6617365Z     			If running as part of Bitbucket Pipelines no additional configurations is needed.
static / reviewdog (diff-only)	UNKNOWN STEP	2026-09-24T15:25:02.6618094Z     			If running outside of Bitbucket Pipelines you need to provide git repo data
static / reviewdog (diff-only)	UNKNOWN STEP	2026-09-24T15:25:02.6618799Z     			(see documentation below for local reporters) and BitBucket credentials:
static / reviewdog (diff-only)	UNKNOWN STEP	2026-09-24T15:25:02.6619465Z     			- For Basic Auth you need to set following env variables:
static / reviewdog (diff-only)	UNKNOWN STEP	2026-09-24T15:25:02.6620051Z     				  BITBUCKET_USER and BITBUCKET_PASSWORD
static / reviewdog (diff-only)	UNKNOWN STEP	2026-09-24T15:25:02.6620648Z     			- For AccessToken Auth you need to set BITBUCKET_ACCESS_TOKEN
static / reviewdog (diff-only)	UNKNOWN STEP	2026-09-24T15:25:02.6621196Z     	
static / reviewdog (diff-only)	UNKNOWN STEP	2026-09-24T15:25:02.6621725Z     			To post results to Bitbucket Server specify BITBUCKET_SERVER_URL.
static / reviewdog (diff-only)	UNKNOWN STEP	2026-09-24T15:25:02.6622278Z     	
static / reviewdog (diff-only)	UNKNOWN STEP	2026-09-24T15:25:02.6622814Z     		"gitea-pr-review"
static / reviewdog (diff-only)	UNKNOWN STEP	2026-09-24T15:25:02.6623320Z     			Report results to Gitea review comments.
static / reviewdog (diff-only)	UNKNOWN STEP	2026-09-24T15:25:02.6623817Z     	
static / reviewdog (diff-only)	UNKNOWN STEP	2026-09-24T15:25:02.6624318Z     			1. Set REVIEWDOG_GITEA_API_TOKEN environment variable.
static / reviewdog (diff-only)	UNKNOWN STEP	2026-09-24T15:25:02.6625068Z     			Go to https://<gitea-server>/user/settings/applications and create new Access Token token with repo scope.
static / reviewdog (diff-only)	UNKNOWN STEP	2026-09-24T15:25:02.6625858Z     			2. Set GITEA_ADDRESS environment variable to your Gitea server base address.
static / reviewdog (diff-only)	UNKNOWN STEP	2026-09-24T15:25:02.6626456Z     			For example:
static / reviewdog (diff-only)	UNKNOWN STEP	2026-09-24T15:25:02.6626971Z     				$ export GITEA_ADDRESS=http://localhost:3000
static / reviewdog (diff-only)	UNKNOWN STEP	2026-09-24T15:25:02.6627618Z     	
static / reviewdog (diff-only)	UNKNOWN STEP	2026-09-24T15:25:02.6628135Z     		For GitHub Enterprise and self hosted GitLab or Gitea, set
static / reviewdog (diff-only)	UNKNOWN STEP	2026-09-24T15:25:02.6628833Z     		REVIEWDOG_INSECURE_SKIP_VERIFY to skip verifying SSL (please use this at your own risk)
static / reviewdog (diff-only)	UNKNOWN STEP	2026-09-24T15:25:02.6629493Z     			$ export REVIEWDOG_INSECURE_SKIP_VERIFY=true
static / reviewdog (diff-only)	UNKNOWN STEP	2026-09-24T15:25:02.6629998Z     	
static / reviewdog (diff-only)	UNKNOWN STEP	2026-09-24T15:25:02.6630561Z     		For non-local reporters, reviewdog automatically get necessary data from
static / reviewdog (diff-only)	UNKNOWN STEP	2026-09-24T15:25:02.6631369Z     		environment variable in CI service (GitHub Actions, Travis CI, Circle CI, drone.io, GitLab CI, Bitbucket Pipelines).
static / reviewdog (diff-only)	UNKNOWN STEP	2026-09-24T15:25:02.6632153Z     		You can set necessary data with following environment variable manually if
static / reviewdog (diff-only)	UNKNOWN STEP	2026-09-24T15:25:02.6632772Z     		you want (e.g. run reviewdog in Jenkins).
static / reviewdog (diff-only)	UNKNOWN STEP	2026-09-24T15:25:02.6633273Z     	
static / reviewdog (diff-only)	UNKNOWN STEP	2026-09-24T15:25:02.6633776Z     			$ export CI_PULL_REQUEST=14 # Pull Request number (e.g. 14)
static / reviewdog (diff-only)	UNKNOWN STEP	2026-09-24T15:25:02.6634516Z     			$ export CI_COMMIT="$(git rev-parse @)" # SHA1 for the current build
static / reviewdog (diff-only)	UNKNOWN STEP	2026-09-24T15:25:02.6635138Z     			$ export CI_REPO_OWNER="haya14busa" # repository owner
static / reviewdog (diff-only)	UNKNOWN STEP	2026-09-24T15:25:02.6635719Z     			$ export CI_REPO_NAME="reviewdog" # repository name
static / reviewdog (diff-only)	UNKNOWN STEP	2026-09-24T15:25:02.6636251Z     	 (default "local")
static / reviewdog (diff-only)	UNKNOWN STEP	2026-09-24T15:25:02.6636711Z   -runners string
static / reviewdog (diff-only)	UNKNOWN STEP	2026-09-24T15:25:02.6637423Z     	comma separated runners name to run in config file. default: run all runners
static / reviewdog (diff-only)	UNKNOWN STEP	2026-09-24T15:25:02.6637999Z   -strip int
static / reviewdog (diff-only)	UNKNOWN STEP	2026-09-24T15:25:02.6638666Z     	strip NUM leading components from diff file names (equivalent to 'patch -p') (default is 1 for git diff) (default 1)
static / reviewdog (diff-only)	UNKNOWN STEP	2026-09-24T15:25:02.6639326Z   -tee
static / reviewdog (diff-only)	UNKNOWN STEP	2026-09-24T15:25:02.6640010Z     	enable "tee"-like mode which outputs tools's output as is while reporting results to -reporter. Useful for debugging as well.
static / reviewdog (diff-only)	UNKNOWN STEP	2026-09-24T15:25:02.6640696Z   -version
static / reviewdog (diff-only)	UNKNOWN STEP	2026-09-24T15:25:02.6641125Z     	print version
static / reviewdog (diff-only)	UNKNOWN STEP	2026-09-24T15:25:02.6641376Z 
static / reviewdog (diff-only)	UNKNOWN STEP	2026-09-24T15:25:02.6641670Z See https://github.com/reviewdog/reviewdog for more detail.
static / reviewdog (diff-only)	UNKNOWN STEP	2026-09-24T15:25:02.6642591Z ##[endgroup]
static / reviewdog (diff-only)	UNKNOWN STEP	2026-09-24T15:25:02.6648814Z ##[end-action id=__reviewdog_action-setup.__run_2;outcome=success;conclusion=success;duration_ms=22]
static / reviewdog (diff-only)	UNKNOWN STEP	2026-09-24T15:25:02.6693762Z ##[group]Run mkdir -p out
static / reviewdog (diff-only)	UNKNOWN STEP	2026-09-24T15:25:02.6694272Z ^[[36;1mmkdir -p out^[[0m
static / reviewdog (diff-only)	UNKNOWN STEP	2026-09-24T15:25:02.6694794Z ^[[36;1m# 失敗不中斷：linter 找到問題是正常的，交給 reviewdog 判斷嚴重度^[[0m
static / reviewdog (diff-only)	UNKNOWN STEP	2026-09-24T15:25:02.6695386Z ^[[36;1mbash -c "$LINT_COMMAND" > out/lint.txt 2>&1 || true^[[0m
static / reviewdog (diff-only)	UNKNOWN STEP	2026-09-24T15:25:02.6695937Z ^[[36;1mhead -30 out/lint.txt || true^[[0m
static / reviewdog (diff-only)	UNKNOWN STEP	2026-09-24T15:25:02.6926323Z shell: /usr/bin/bash -e {0}
static / reviewdog (diff-only)	UNKNOWN STEP	2026-09-24T15:25:02.6926853Z env:
static / reviewdog (diff-only)	UNKNOWN STEP	2026-09-24T15:25:02.6927465Z   LINT_COMMAND: shellcheck -f gcc $(git ls-files '*.sh')
static / reviewdog (diff-only)	UNKNOWN STEP	2026-09-24T15:25:02.6928009Z ##[endgroup]
static / reviewdog (diff-only)	UNKNOWN STEP	2026-09-24T15:25:02.7527881Z ##[group]Run reviewdog \
static / reviewdog (diff-only)	UNKNOWN STEP	2026-09-24T15:25:02.7528423Z ^[[36;1mreviewdog \^[[0m
static / reviewdog (diff-only)	UNKNOWN STEP	2026-09-24T15:25:02.7528925Z ^[[36;1m  -efm='%f:%l:%c: %m' \^[[0m
static / reviewdog (diff-only)	UNKNOWN STEP	2026-09-24T15:25:02.7529454Z ^[[36;1m  -name='shellcheck' \^[[0m
static / reviewdog (diff-only)	UNKNOWN STEP	2026-09-24T15:25:02.7529979Z ^[[36;1m  -reporter=github-pr-review \^[[0m
static / reviewdog (diff-only)	UNKNOWN STEP	2026-09-24T15:25:02.7530495Z ^[[36;1m  -filter-mode=added \^[[0m
static / reviewdog (diff-only)	UNKNOWN STEP	2026-09-24T15:25:02.7530993Z ^[[36;1m  -fail-level='error' \^[[0m
static / reviewdog (diff-only)	UNKNOWN STEP	2026-09-24T15:25:02.7531487Z ^[[36;1m  -tee < out/lint.txt^[[0m
static / reviewdog (diff-only)	UNKNOWN STEP	2026-09-24T15:25:02.7583654Z shell: /usr/bin/bash -e {0}
static / reviewdog (diff-only)	UNKNOWN STEP	2026-09-24T15:25:02.7584135Z env:
static / reviewdog (diff-only)	UNKNOWN STEP	2026-09-24T15:25:02.7586243Z   REVIEWDOG_GITHUB_API_TOKEN: ***
static / reviewdog (diff-only)	UNKNOWN STEP	2026-09-24T15:25:02.7586734Z ##[endgroup]
static / reviewdog (diff-only)	UNKNOWN STEP	2026-09-24T15:25:03.4638754Z Post job cleanup.
static / reviewdog (diff-only)	UNKNOWN STEP	2026-09-24T15:25:03.5199395Z [command]/usr/bin/git version
static / reviewdog (diff-only)	UNKNOWN STEP	2026-09-24T15:25:03.5230863Z git version 2.55.0
static / reviewdog (diff-only)	UNKNOWN STEP	2026-09-24T15:25:03.5253965Z Temporarily overriding HOME='/home/runner/work/_temp/76c54eb0-4b25-471d-b45f-51614e396b91' before making global git config changes
static / reviewdog (diff-only)	UNKNOWN STEP	2026-09-24T15:25:03.5254950Z Adding repository directory to the temporary git global config as a safe directory
static / reviewdog (diff-only)	UNKNOWN STEP	2026-09-24T15:25:03.5257519Z [command]/usr/bin/git config --global --add safe.directory /home/runner/work/deepseek-review-probe/deepseek-review-probe
static / reviewdog (diff-only)	UNKNOWN STEP	2026-09-24T15:25:03.5284668Z Removing SSH command configuration
static / reviewdog (diff-only)	UNKNOWN STEP	2026-09-24T15:25:03.5288610Z [command]/usr/bin/git config --local --name-only --get-regexp core\.sshCommand
static / reviewdog (diff-only)	UNKNOWN STEP	2026-09-24T15:25:03.5319125Z [command]/usr/bin/git submodule foreach --recursive sh -c "git config --local --name-only --get-regexp 'core\.sshCommand' && git config --local --unset-all 'core.sshCommand' || :"
static / reviewdog (diff-only)	UNKNOWN STEP	2026-09-24T15:25:03.5519998Z Removing HTTP extra header
static / reviewdog (diff-only)	UNKNOWN STEP	2026-09-24T15:25:03.5525654Z [command]/usr/bin/git config --local --name-only --get-regexp http\.https\:\/\/github\.com\/\.extraheader
static / reviewdog (diff-only)	UNKNOWN STEP	2026-09-24T15:25:03.5556058Z [command]/usr/bin/git submodule foreach --recursive sh -c "git config --local --name-only --get-regexp 'http\.https\:\/\/github\.com\/\.extraheader' && git config --local --unset-all 'http.https://github.com/.extraheader' || :"
static / reviewdog (diff-only)	UNKNOWN STEP	2026-09-24T15:25:03.5744240Z Removing includeIf entries pointing to credentials config files
static / reviewdog (diff-only)	UNKNOWN STEP	2026-09-24T15:25:03.5749256Z [command]/usr/bin/git config --local --name-only --get-regexp ^includeIf\.gitdir:
static / reviewdog (diff-only)	UNKNOWN STEP	2026-09-24T15:25:03.5779846Z [command]/usr/bin/git submodule foreach --recursive git config --local --show-origin --name-only --get-regexp remote.origin.url
static / reviewdog (diff-only)	UNKNOWN STEP	2026-09-24T15:25:03.6056155Z Cleaning up orphan processes
