static / reviewdog (diff-only)	UNKNOWN STEP	﻿2026-09-26T11:43:08.2696999Z Current runner version: '2.337.0'
static / reviewdog (diff-only)	UNKNOWN STEP	2026-09-26T11:43:08.2722018Z ##[group]Runner Image Provisioner
static / reviewdog (diff-only)	UNKNOWN STEP	2026-09-26T11:43:08.2722897Z Hosted Compute Agent
static / reviewdog (diff-only)	UNKNOWN STEP	2026-09-26T11:43:08.2723481Z Version: 20260828.587
static / reviewdog (diff-only)	UNKNOWN STEP	2026-09-26T11:43:08.2724454Z Commit: abac92662cab4cc7352de4f9f9d2e2419aad9c29
static / reviewdog (diff-only)	UNKNOWN STEP	2026-09-26T11:43:08.2725237Z Build Date: 2026-08-28T16:44:25Z
static / reviewdog (diff-only)	UNKNOWN STEP	2026-09-26T11:43:08.2725903Z Worker ID: {89349750-f6e9-47eb-a8c1-f487f7cc05ba}
static / reviewdog (diff-only)	UNKNOWN STEP	2026-09-26T11:43:08.2726706Z Azure Region: westus3
static / reviewdog (diff-only)	UNKNOWN STEP	2026-09-26T11:43:08.2727316Z ##[endgroup]
static / reviewdog (diff-only)	UNKNOWN STEP	2026-09-26T11:43:08.2728873Z ##[group]Operating System
static / reviewdog (diff-only)	UNKNOWN STEP	2026-09-26T11:43:08.2729553Z Ubuntu
static / reviewdog (diff-only)	UNKNOWN STEP	2026-09-26T11:43:08.2730063Z 24.04.5
static / reviewdog (diff-only)	UNKNOWN STEP	2026-09-26T11:43:08.2730689Z LTS
static / reviewdog (diff-only)	UNKNOWN STEP	2026-09-26T11:43:08.2731204Z ##[endgroup]
static / reviewdog (diff-only)	UNKNOWN STEP	2026-09-26T11:43:08.2731790Z ##[group]Runner Image
static / reviewdog (diff-only)	UNKNOWN STEP	2026-09-26T11:43:08.2732439Z Image: ubuntu-24.04
static / reviewdog (diff-only)	UNKNOWN STEP	2026-09-26T11:43:08.2733005Z Version: 20260920.314.1
static / reviewdog (diff-only)	UNKNOWN STEP	2026-09-26T11:43:08.2734786Z Included Software: https://github.com/actions/runner-images/blob/ubuntu24/20260920.314/images/ubuntu/Ubuntu2404-Readme.md
static / reviewdog (diff-only)	UNKNOWN STEP	2026-09-26T11:43:08.2736551Z Image Release: https://github.com/actions/runner-images/releases/tag/ubuntu24%2F20260920.314
static / reviewdog (diff-only)	UNKNOWN STEP	2026-09-26T11:43:08.2737578Z ##[endgroup]
static / reviewdog (diff-only)	UNKNOWN STEP	2026-09-26T11:43:08.2738855Z ##[group]GITHUB_TOKEN Permissions
static / reviewdog (diff-only)	UNKNOWN STEP	2026-09-26T11:43:08.2740740Z Contents: read
static / reviewdog (diff-only)	UNKNOWN STEP	2026-09-26T11:43:08.2741361Z Metadata: read
static / reviewdog (diff-only)	UNKNOWN STEP	2026-09-26T11:43:08.2742065Z PullRequests: write
static / reviewdog (diff-only)	UNKNOWN STEP	2026-09-26T11:43:08.2742640Z ##[endgroup]
static / reviewdog (diff-only)	UNKNOWN STEP	2026-09-26T11:43:08.2745029Z Secret source: Actions
static / reviewdog (diff-only)	UNKNOWN STEP	2026-09-26T11:43:08.2745966Z Cache mode: write
static / reviewdog (diff-only)	UNKNOWN STEP	2026-09-26T11:43:08.2746719Z Prepare workflow directory
static / reviewdog (diff-only)	UNKNOWN STEP	2026-09-26T11:43:08.3142046Z Prepare all required actions
static / reviewdog (diff-only)	UNKNOWN STEP	2026-09-26T11:43:08.3189144Z Getting action download info
static / reviewdog (diff-only)	UNKNOWN STEP	2026-09-26T11:43:08.6439487Z Download action repository 'actions/checkout@3d3c42e5aac5ba805825da76410c181273ba90b1' (SHA:3d3c42e5aac5ba805825da76410c181273ba90b1)
static / reviewdog (diff-only)	UNKNOWN STEP	2026-09-26T11:43:08.7506142Z Download action repository 'reviewdog/action-setup@d8a7baabd7f3e8544ee4dbde3ee41d0011c3a93f' (SHA:d8a7baabd7f3e8544ee4dbde3ee41d0011c3a93f)
static / reviewdog (diff-only)	UNKNOWN STEP	2026-09-26T11:43:09.0900265Z Uses: tznthou/deepseek-code-review/.github/workflows/reusable-static-review.yml@refs/tags/v1 (96c5bf9822857caf775cca0072511042d6fd3de1)
static / reviewdog (diff-only)	UNKNOWN STEP	2026-09-26T11:43:09.0905451Z ##[group] Inputs
static / reviewdog (diff-only)	UNKNOWN STEP	2026-09-26T11:43:09.0906130Z   lint-command: shellcheck -f gcc $(git ls-files '*.sh')
static / reviewdog (diff-only)	UNKNOWN STEP	2026-09-26T11:43:09.0906815Z   lint-name: shellcheck
static / reviewdog (diff-only)	UNKNOWN STEP	2026-09-26T11:43:09.0907347Z   lint-errorformat: %f:%l:%c: %m
static / reviewdog (diff-only)	UNKNOWN STEP	2026-09-26T11:43:09.0907893Z   fail-level: error
static / reviewdog (diff-only)	UNKNOWN STEP	2026-09-26T11:43:09.0908775Z   skip-dependency-review: true
static / reviewdog (diff-only)	UNKNOWN STEP	2026-09-26T11:43:09.0909385Z   dependency-fail-on-severity: high
static / reviewdog (diff-only)	UNKNOWN STEP	2026-09-26T11:43:09.0909966Z   skip-draft: true
static / reviewdog (diff-only)	UNKNOWN STEP	2026-09-26T11:43:09.0910447Z ##[endgroup]
static / reviewdog (diff-only)	UNKNOWN STEP	2026-09-26T11:43:09.0910975Z Complete job name: static / reviewdog (diff-only)
static / reviewdog (diff-only)	UNKNOWN STEP	2026-09-26T11:43:09.1705271Z ##[group]Run actions/checkout@3d3c42e5aac5ba805825da76410c181273ba90b1
static / reviewdog (diff-only)	UNKNOWN STEP	2026-09-26T11:43:09.1706757Z with:
static / reviewdog (diff-only)	UNKNOWN STEP	2026-09-26T11:43:09.1707257Z   persist-credentials: false
static / reviewdog (diff-only)	UNKNOWN STEP	2026-09-26T11:43:09.1707850Z   repository: tznthou/deepseek-review-probe
static / reviewdog (diff-only)	UNKNOWN STEP	2026-09-26T11:43:09.1711670Z   token: ***
static / reviewdog (diff-only)	UNKNOWN STEP	2026-09-26T11:43:09.1712122Z   ssh-strict: true
static / reviewdog (diff-only)	UNKNOWN STEP	2026-09-26T11:43:09.1712582Z   ssh-user: git
static / reviewdog (diff-only)	UNKNOWN STEP	2026-09-26T11:43:09.1713026Z   clean: true
static / reviewdog (diff-only)	UNKNOWN STEP	2026-09-26T11:43:09.1713499Z   sparse-checkout-cone-mode: true
static / reviewdog (diff-only)	UNKNOWN STEP	2026-09-26T11:43:09.1714314Z   fetch-depth: 1
static / reviewdog (diff-only)	UNKNOWN STEP	2026-09-26T11:43:09.1714783Z   fetch-tags: false
static / reviewdog (diff-only)	UNKNOWN STEP	2026-09-26T11:43:09.1715260Z   show-progress: true
static / reviewdog (diff-only)	UNKNOWN STEP	2026-09-26T11:43:09.1715734Z   lfs: false
static / reviewdog (diff-only)	UNKNOWN STEP	2026-09-26T11:43:09.1716166Z   submodules: false
static / reviewdog (diff-only)	UNKNOWN STEP	2026-09-26T11:43:09.1716636Z   set-safe-directory: true
static / reviewdog (diff-only)	UNKNOWN STEP	2026-09-26T11:43:09.1717163Z   allow-unsafe-pr-checkout: false
static / reviewdog (diff-only)	UNKNOWN STEP	2026-09-26T11:43:09.1718027Z ##[endgroup]
static / reviewdog (diff-only)	UNKNOWN STEP	2026-09-26T11:43:09.2743854Z Syncing repository: tznthou/deepseek-review-probe
static / reviewdog (diff-only)	UNKNOWN STEP	2026-09-26T11:43:09.2746509Z ##[group]Getting Git version info
static / reviewdog (diff-only)	UNKNOWN STEP	2026-09-26T11:43:09.2747407Z Working directory is '/home/runner/work/deepseek-review-probe/deepseek-review-probe'
static / reviewdog (diff-only)	UNKNOWN STEP	2026-09-26T11:43:09.2748589Z [command]/usr/bin/git version
static / reviewdog (diff-only)	UNKNOWN STEP	2026-09-26T11:43:09.2866121Z git version 2.55.0
static / reviewdog (diff-only)	UNKNOWN STEP	2026-09-26T11:43:09.2892533Z ##[endgroup]
static / reviewdog (diff-only)	UNKNOWN STEP	2026-09-26T11:43:09.2904732Z Temporarily overriding HOME='/home/runner/work/_temp/9033286b-490f-40c6-9042-8e8e19004446' before making global git config changes
static / reviewdog (diff-only)	UNKNOWN STEP	2026-09-26T11:43:09.2906970Z Adding repository directory to the temporary git global config as a safe directory
static / reviewdog (diff-only)	UNKNOWN STEP	2026-09-26T11:43:09.2911024Z [command]/usr/bin/git config --global --add safe.directory /home/runner/work/deepseek-review-probe/deepseek-review-probe
static / reviewdog (diff-only)	UNKNOWN STEP	2026-09-26T11:43:09.2965498Z Deleting the contents of '/home/runner/work/deepseek-review-probe/deepseek-review-probe'
static / reviewdog (diff-only)	UNKNOWN STEP	2026-09-26T11:43:09.2969216Z ##[group]Determining repository object format
static / reviewdog (diff-only)	UNKNOWN STEP	2026-09-26T11:43:09.2970814Z ##[endgroup]
static / reviewdog (diff-only)	UNKNOWN STEP	2026-09-26T11:43:09.2971547Z ##[group]Initializing the repository
static / reviewdog (diff-only)	UNKNOWN STEP	2026-09-26T11:43:09.2977142Z [command]/usr/bin/git init /home/runner/work/deepseek-review-probe/deepseek-review-probe
static / reviewdog (diff-only)	UNKNOWN STEP	2026-09-26T11:43:09.3105688Z hint: Using 'master' as the name for the initial branch. This default branch name
static / reviewdog (diff-only)	UNKNOWN STEP	2026-09-26T11:43:09.3108216Z hint: will change to "main" in Git 3.0. To configure the initial branch name
static / reviewdog (diff-only)	UNKNOWN STEP	2026-09-26T11:43:09.3109375Z hint: to use in all of your new repositories, which will suppress this warning,
static / reviewdog (diff-only)	UNKNOWN STEP	2026-09-26T11:43:09.3110142Z hint: call:
static / reviewdog (diff-only)	UNKNOWN STEP	2026-09-26T11:43:09.3110573Z hint:
static / reviewdog (diff-only)	UNKNOWN STEP	2026-09-26T11:43:09.3111121Z hint: 	git config --global init.defaultBranch <name>
static / reviewdog (diff-only)	UNKNOWN STEP	2026-09-26T11:43:09.3111765Z hint:
static / reviewdog (diff-only)	UNKNOWN STEP	2026-09-26T11:43:09.3112369Z hint: Names commonly chosen instead of 'master' are 'main', 'trunk' and
static / reviewdog (diff-only)	UNKNOWN STEP	2026-09-26T11:43:09.3113424Z hint: 'development'. The just-created branch can be renamed via this command:
static / reviewdog (diff-only)	UNKNOWN STEP	2026-09-26T11:43:09.3114462Z hint:
static / reviewdog (diff-only)	UNKNOWN STEP	2026-09-26T11:43:09.3114920Z hint: 	git branch -m <name>
static / reviewdog (diff-only)	UNKNOWN STEP	2026-09-26T11:43:09.3115421Z hint:
static / reviewdog (diff-only)	UNKNOWN STEP	2026-09-26T11:43:09.3116093Z hint: Disable this message with "git config set advice.defaultBranchName false"
static / reviewdog (diff-only)	UNKNOWN STEP	2026-09-26T11:43:09.3118156Z Initialized empty Git repository in /home/runner/work/deepseek-review-probe/deepseek-review-probe/.git/
static / reviewdog (diff-only)	UNKNOWN STEP	2026-09-26T11:43:09.3130270Z [command]/usr/bin/git remote add origin https://github.com/tznthou/deepseek-review-probe
static / reviewdog (diff-only)	UNKNOWN STEP	2026-09-26T11:43:09.3230803Z ##[endgroup]
static / reviewdog (diff-only)	UNKNOWN STEP	2026-09-26T11:43:09.3232256Z ##[group]Disabling automatic garbage collection
static / reviewdog (diff-only)	UNKNOWN STEP	2026-09-26T11:43:09.3233514Z [command]/usr/bin/git config --local gc.auto 0
static / reviewdog (diff-only)	UNKNOWN STEP	2026-09-26T11:43:09.3276356Z ##[endgroup]
static / reviewdog (diff-only)	UNKNOWN STEP	2026-09-26T11:43:09.3277683Z ##[group]Setting up auth
static / reviewdog (diff-only)	UNKNOWN STEP	2026-09-26T11:43:09.3278757Z Removing SSH command configuration
static / reviewdog (diff-only)	UNKNOWN STEP	2026-09-26T11:43:09.3284312Z [command]/usr/bin/git config --local --name-only --get-regexp core\.sshCommand
static / reviewdog (diff-only)	UNKNOWN STEP	2026-09-26T11:43:09.3336578Z [command]/usr/bin/git submodule foreach --recursive sh -c "git config --local --name-only --get-regexp 'core\.sshCommand' && git config --local --unset-all 'core.sshCommand' || :"
static / reviewdog (diff-only)	UNKNOWN STEP	2026-09-26T11:43:09.3822617Z Removing HTTP extra header
static / reviewdog (diff-only)	UNKNOWN STEP	2026-09-26T11:43:09.3829512Z [command]/usr/bin/git config --local --name-only --get-regexp http\.https\:\/\/github\.com\/\.extraheader
static / reviewdog (diff-only)	UNKNOWN STEP	2026-09-26T11:43:09.3867199Z [command]/usr/bin/git submodule foreach --recursive sh -c "git config --local --name-only --get-regexp 'http\.https\:\/\/github\.com\/\.extraheader' && git config --local --unset-all 'http.https://github.com/.extraheader' || :"
static / reviewdog (diff-only)	UNKNOWN STEP	2026-09-26T11:43:09.4094822Z Removing includeIf entries pointing to credentials config files
static / reviewdog (diff-only)	UNKNOWN STEP	2026-09-26T11:43:09.4099911Z [command]/usr/bin/git config --local --name-only --get-regexp ^includeIf\.gitdir:
static / reviewdog (diff-only)	UNKNOWN STEP	2026-09-26T11:43:09.4134271Z [command]/usr/bin/git submodule foreach --recursive git config --local --show-origin --name-only --get-regexp remote.origin.url
static / reviewdog (diff-only)	UNKNOWN STEP	2026-09-26T11:43:09.4365013Z [command]/usr/bin/git config --file /home/runner/work/_temp/git-credentials-5819dd3c-47cb-4d65-a912-5077a1a6e939.config http.https://github.com/.extraheader AUTHORIZATION: basic ***
static / reviewdog (diff-only)	UNKNOWN STEP	2026-09-26T11:43:09.4406602Z [command]/usr/bin/git config --local includeIf.gitdir:/home/runner/work/deepseek-review-probe/deepseek-review-probe/.git.path /home/runner/work/_temp/git-credentials-5819dd3c-47cb-4d65-a912-5077a1a6e939.config
static / reviewdog (diff-only)	UNKNOWN STEP	2026-09-26T11:43:09.4443126Z [command]/usr/bin/git config --local includeIf.gitdir:/home/runner/work/deepseek-review-probe/deepseek-review-probe/.git/worktrees/*.path /home/runner/work/_temp/git-credentials-5819dd3c-47cb-4d65-a912-5077a1a6e939.config
static / reviewdog (diff-only)	UNKNOWN STEP	2026-09-26T11:43:09.4482236Z [command]/usr/bin/git config --local includeIf.gitdir:/github/workspace/.git.path /github/runner_temp/git-credentials-5819dd3c-47cb-4d65-a912-5077a1a6e939.config
static / reviewdog (diff-only)	UNKNOWN STEP	2026-09-26T11:43:09.4518403Z [command]/usr/bin/git config --local includeIf.gitdir:/github/workspace/.git/worktrees/*.path /github/runner_temp/git-credentials-5819dd3c-47cb-4d65-a912-5077a1a6e939.config
static / reviewdog (diff-only)	UNKNOWN STEP	2026-09-26T11:43:09.4549532Z ##[endgroup]
static / reviewdog (diff-only)	UNKNOWN STEP	2026-09-26T11:43:09.4550441Z ##[group]Fetching the repository
static / reviewdog (diff-only)	UNKNOWN STEP	2026-09-26T11:43:09.4556569Z [command]/usr/bin/git -c protocol.version=2 fetch --no-tags --prune --no-recurse-submodules --depth=1 origin +3bbb913b5127e4783803d0beb823968ceebe1a9c:refs/remotes/pull/1/merge
static / reviewdog (diff-only)	UNKNOWN STEP	2026-09-26T11:43:09.8760520Z From https://github.com/tznthou/deepseek-review-probe
static / reviewdog (diff-only)	UNKNOWN STEP	2026-09-26T11:43:09.8762144Z  * [new ref]         3bbb913b5127e4783803d0beb823968ceebe1a9c -> pull/1/merge
static / reviewdog (diff-only)	UNKNOWN STEP	2026-09-26T11:43:09.8766656Z ##[endgroup]
static / reviewdog (diff-only)	UNKNOWN STEP	2026-09-26T11:43:09.8768379Z ##[group]Determining the checkout info
static / reviewdog (diff-only)	UNKNOWN STEP	2026-09-26T11:43:09.8770162Z ##[endgroup]
static / reviewdog (diff-only)	UNKNOWN STEP	2026-09-26T11:43:09.8772450Z [command]/usr/bin/git sparse-checkout disable
static / reviewdog (diff-only)	UNKNOWN STEP	2026-09-26T11:43:09.8831354Z [command]/usr/bin/git config --local --unset-all extensions.worktreeConfig
static / reviewdog (diff-only)	UNKNOWN STEP	2026-09-26T11:43:09.8865889Z ##[group]Checking out the ref
static / reviewdog (diff-only)	UNKNOWN STEP	2026-09-26T11:43:09.8870584Z [command]/usr/bin/git checkout --progress --force refs/remotes/pull/1/merge
static / reviewdog (diff-only)	UNKNOWN STEP	2026-09-26T11:43:09.8928512Z Note: switching to 'refs/remotes/pull/1/merge'.
static / reviewdog (diff-only)	UNKNOWN STEP	2026-09-26T11:43:09.8929320Z 
static / reviewdog (diff-only)	UNKNOWN STEP	2026-09-26T11:43:09.8929960Z You are in 'detached HEAD' state. You can look around, make experimental
static / reviewdog (diff-only)	UNKNOWN STEP	2026-09-26T11:43:09.8931556Z changes and commit them, and you can discard any commits you make in this
static / reviewdog (diff-only)	UNKNOWN STEP	2026-09-26T11:43:09.8932753Z state without impacting any branches by switching back to a branch.
static / reviewdog (diff-only)	UNKNOWN STEP	2026-09-26T11:43:09.8933351Z 
static / reviewdog (diff-only)	UNKNOWN STEP	2026-09-26T11:43:09.8933828Z If you want to create a new branch to retain commits you create, you may
static / reviewdog (diff-only)	UNKNOWN STEP	2026-09-26T11:43:09.8935567Z do so (now or later) by using -c with the switch command. Example:
static / reviewdog (diff-only)	UNKNOWN STEP	2026-09-26T11:43:09.8936634Z 
static / reviewdog (diff-only)	UNKNOWN STEP	2026-09-26T11:43:09.8937105Z   git switch -c <new-branch-name>
static / reviewdog (diff-only)	UNKNOWN STEP	2026-09-26T11:43:09.8937858Z 
static / reviewdog (diff-only)	UNKNOWN STEP	2026-09-26T11:43:09.8938291Z Or undo this operation with:
static / reviewdog (diff-only)	UNKNOWN STEP	2026-09-26T11:43:09.8938934Z 
static / reviewdog (diff-only)	UNKNOWN STEP	2026-09-26T11:43:09.8939356Z   git switch -
static / reviewdog (diff-only)	UNKNOWN STEP	2026-09-26T11:43:09.8939945Z 
static / reviewdog (diff-only)	UNKNOWN STEP	2026-09-26T11:43:09.8940780Z Turn off this advice by setting config variable advice.detachedHead to false
static / reviewdog (diff-only)	UNKNOWN STEP	2026-09-26T11:43:09.8941937Z 
static / reviewdog (diff-only)	UNKNOWN STEP	2026-09-26T11:43:09.8943179Z HEAD is now at 3bbb913 Merge 71c75aadb1c1eda9760da20214fefe2ec0a9d0bd into b0ad2963a92e88785066c8e8c137022f07fc5e80
static / reviewdog (diff-only)	UNKNOWN STEP	2026-09-26T11:43:09.8947499Z ##[endgroup]
static / reviewdog (diff-only)	UNKNOWN STEP	2026-09-26T11:43:09.8990956Z [command]/usr/bin/git log -1 --format=%H
static / reviewdog (diff-only)	UNKNOWN STEP	2026-09-26T11:43:09.9020239Z 3bbb913b5127e4783803d0beb823968ceebe1a9c
static / reviewdog (diff-only)	UNKNOWN STEP	2026-09-26T11:43:09.9030870Z ##[group]Removing auth
static / reviewdog (diff-only)	UNKNOWN STEP	2026-09-26T11:43:09.9031605Z Removing SSH command configuration
static / reviewdog (diff-only)	UNKNOWN STEP	2026-09-26T11:43:09.9034733Z [command]/usr/bin/git config --local --name-only --get-regexp core\.sshCommand
static / reviewdog (diff-only)	UNKNOWN STEP	2026-09-26T11:43:09.9070655Z [command]/usr/bin/git submodule foreach --recursive sh -c "git config --local --name-only --get-regexp 'core\.sshCommand' && git config --local --unset-all 'core.sshCommand' || :"
static / reviewdog (diff-only)	UNKNOWN STEP	2026-09-26T11:43:09.9296237Z Removing HTTP extra header
static / reviewdog (diff-only)	UNKNOWN STEP	2026-09-26T11:43:09.9297311Z [command]/usr/bin/git config --local --name-only --get-regexp http\.https\:\/\/github\.com\/\.extraheader
static / reviewdog (diff-only)	UNKNOWN STEP	2026-09-26T11:43:09.9336669Z [command]/usr/bin/git submodule foreach --recursive sh -c "git config --local --name-only --get-regexp 'http\.https\:\/\/github\.com\/\.extraheader' && git config --local --unset-all 'http.https://github.com/.extraheader' || :"
static / reviewdog (diff-only)	UNKNOWN STEP	2026-09-26T11:43:09.9560593Z Removing includeIf entries pointing to credentials config files
static / reviewdog (diff-only)	UNKNOWN STEP	2026-09-26T11:43:09.9564357Z [command]/usr/bin/git config --local --name-only --get-regexp ^includeIf\.gitdir:
static / reviewdog (diff-only)	UNKNOWN STEP	2026-09-26T11:43:09.9596086Z includeif.gitdir:/home/runner/work/deepseek-review-probe/deepseek-review-probe/.git.path
static / reviewdog (diff-only)	UNKNOWN STEP	2026-09-26T11:43:09.9599185Z includeif.gitdir:/home/runner/work/deepseek-review-probe/deepseek-review-probe/.git/worktrees/*.path
static / reviewdog (diff-only)	UNKNOWN STEP	2026-09-26T11:43:09.9601287Z includeif.gitdir:/github/workspace/.git.path
static / reviewdog (diff-only)	UNKNOWN STEP	2026-09-26T11:43:09.9602852Z includeif.gitdir:/github/workspace/.git/worktrees/*.path
static / reviewdog (diff-only)	UNKNOWN STEP	2026-09-26T11:43:09.9609040Z [command]/usr/bin/git config --local --get-all includeif.gitdir:/home/runner/work/deepseek-review-probe/deepseek-review-probe/.git.path
static / reviewdog (diff-only)	UNKNOWN STEP	2026-09-26T11:43:09.9636298Z /home/runner/work/_temp/git-credentials-5819dd3c-47cb-4d65-a912-5077a1a6e939.config
static / reviewdog (diff-only)	UNKNOWN STEP	2026-09-26T11:43:09.9646634Z [command]/usr/bin/git config --local --unset includeif.gitdir:/home/runner/work/deepseek-review-probe/deepseek-review-probe/.git.path \/home\/runner\/work\/_temp\/git\-credentials\-5819dd3c\-47cb\-4d65\-a912\-5077a1a6e939\.config
static / reviewdog (diff-only)	UNKNOWN STEP	2026-09-26T11:43:09.9683217Z [command]/usr/bin/git config --local --get-all includeif.gitdir:/home/runner/work/deepseek-review-probe/deepseek-review-probe/.git/worktrees/*.path
static / reviewdog (diff-only)	UNKNOWN STEP	2026-09-26T11:43:09.9709354Z /home/runner/work/_temp/git-credentials-5819dd3c-47cb-4d65-a912-5077a1a6e939.config
static / reviewdog (diff-only)	UNKNOWN STEP	2026-09-26T11:43:09.9717787Z [command]/usr/bin/git config --local --unset includeif.gitdir:/home/runner/work/deepseek-review-probe/deepseek-review-probe/.git/worktrees/*.path \/home\/runner\/work\/_temp\/git\-credentials\-5819dd3c\-47cb\-4d65\-a912\-5077a1a6e939\.config
static / reviewdog (diff-only)	UNKNOWN STEP	2026-09-26T11:43:09.9752324Z [command]/usr/bin/git config --local --get-all includeif.gitdir:/github/workspace/.git.path
static / reviewdog (diff-only)	UNKNOWN STEP	2026-09-26T11:43:09.9778299Z /github/runner_temp/git-credentials-5819dd3c-47cb-4d65-a912-5077a1a6e939.config
static / reviewdog (diff-only)	UNKNOWN STEP	2026-09-26T11:43:09.9787326Z [command]/usr/bin/git config --local --unset includeif.gitdir:/github/workspace/.git.path \/github\/runner_temp\/git\-credentials\-5819dd3c\-47cb\-4d65\-a912\-5077a1a6e939\.config
static / reviewdog (diff-only)	UNKNOWN STEP	2026-09-26T11:43:09.9829360Z [command]/usr/bin/git config --local --get-all includeif.gitdir:/github/workspace/.git/worktrees/*.path
static / reviewdog (diff-only)	UNKNOWN STEP	2026-09-26T11:43:09.9857459Z /github/runner_temp/git-credentials-5819dd3c-47cb-4d65-a912-5077a1a6e939.config
static / reviewdog (diff-only)	UNKNOWN STEP	2026-09-26T11:43:09.9874886Z [command]/usr/bin/git config --local --unset includeif.gitdir:/github/workspace/.git/worktrees/*.path \/github\/runner_temp\/git\-credentials\-5819dd3c\-47cb\-4d65\-a912\-5077a1a6e939\.config
static / reviewdog (diff-only)	UNKNOWN STEP	2026-09-26T11:43:09.9940249Z [command]/usr/bin/git submodule foreach --recursive git config --local --show-origin --name-only --get-regexp remote.origin.url
static / reviewdog (diff-only)	UNKNOWN STEP	2026-09-26T11:43:10.0189189Z Removing credentials config '/home/runner/work/_temp/git-credentials-5819dd3c-47cb-4d65-a912-5077a1a6e939.config'
static / reviewdog (diff-only)	UNKNOWN STEP	2026-09-26T11:43:10.0200110Z ##[endgroup]
static / reviewdog (diff-only)	UNKNOWN STEP	2026-09-26T11:43:10.0575961Z ##[group]Run reviewdog/action-setup@d8a7baabd7f3e8544ee4dbde3ee41d0011c3a93f
static / reviewdog (diff-only)	UNKNOWN STEP	2026-09-26T11:43:10.0577379Z with:
static / reviewdog (diff-only)	UNKNOWN STEP	2026-09-26T11:43:10.0577977Z   reviewdog_version: latest
static / reviewdog (diff-only)	UNKNOWN STEP	2026-09-26T11:43:10.0578679Z ##[endgroup]
static / reviewdog (diff-only)	UNKNOWN STEP	2026-09-26T11:43:10.0647310Z ##[start-action display=install reviewdog;id=__reviewdog_action-setup.__run]
static / reviewdog (diff-only)	UNKNOWN STEP	2026-09-26T11:43:10.0705550Z ##[group]Run set -eu
static / reviewdog (diff-only)	UNKNOWN STEP	2026-09-26T11:43:10.0706272Z ^[[36;1mset -eu^[[0m
static / reviewdog (diff-only)	UNKNOWN STEP	2026-09-26T11:43:10.0706954Z ^[[36;1m"$GITHUB_ACTION_PATH/install.sh"^[[0m
static / reviewdog (diff-only)	UNKNOWN STEP	2026-09-26T11:43:10.0737726Z shell: /usr/bin/sh -e {0}
static / reviewdog (diff-only)	UNKNOWN STEP	2026-09-26T11:43:10.0738439Z env:
static / reviewdog (diff-only)	UNKNOWN STEP	2026-09-26T11:43:10.0738947Z   REVIEWDOG_VERSION: latest
static / reviewdog (diff-only)	UNKNOWN STEP	2026-09-26T11:43:10.0739734Z   REVIEWDOG_TEMPDIR: /home/runner/work/_temp
static / reviewdog (diff-only)	UNKNOWN STEP	2026-09-26T11:43:10.0740608Z ##[endgroup]
static / reviewdog (diff-only)	UNKNOWN STEP	2026-09-26T11:43:10.0827878Z ##[group]🐶 Installing reviewdog ... https://github.com/reviewdog/reviewdog
static / reviewdog (diff-only)	UNKNOWN STEP	2026-09-26T11:43:10.0889975Z reviewdog/reviewdog info Detected Platform: linux/amd64
static / reviewdog (diff-only)	UNKNOWN STEP	2026-09-26T11:43:10.0922225Z reviewdog/reviewdog info checking GitHub for latest tag
static / reviewdog (diff-only)	UNKNOWN STEP	2026-09-26T11:43:10.4955313Z reviewdog/reviewdog info Resolved version: 0.21.2 (tag: v0.21.2)
static / reviewdog (diff-only)	UNKNOWN STEP	2026-09-26T11:43:10.5012067Z reviewdog/reviewdog info Downloading https://github.com/reviewdog/reviewdog/releases/download/v0.21.2/reviewdog_0.21.2_Linux_x86_64.tar.gz
static / reviewdog (diff-only)	UNKNOWN STEP	2026-09-26T11:43:10.8805241Z reviewdog/reviewdog info Downloading checksums from https://github.com/reviewdog/reviewdog/releases/download/v0.21.2/checksums.txt
static / reviewdog (diff-only)	UNKNOWN STEP	2026-09-26T11:43:11.1390412Z reviewdog/reviewdog info Verifying checksum ...
static / reviewdog (diff-only)	UNKNOWN STEP	2026-09-26T11:43:11.1755917Z reviewdog/reviewdog info Extracting reviewdog_0.21.2_Linux_x86_64.tar.gz...
static / reviewdog (diff-only)	UNKNOWN STEP	2026-09-26T11:43:11.2608128Z reviewdog/reviewdog info Installing binary to /home/runner/work/_temp/reviewdog/bin/reviewdog
static / reviewdog (diff-only)	UNKNOWN STEP	2026-09-26T11:43:11.2677330Z reviewdog/reviewdog info reviewdog installation complete!
static / reviewdog (diff-only)	UNKNOWN STEP	2026-09-26T11:43:11.2719365Z ##[endgroup]
static / reviewdog (diff-only)	UNKNOWN STEP	2026-09-26T11:43:11.2739194Z ##[end-action id=__reviewdog_action-setup.__run;outcome=success;conclusion=success;duration_ms=1208]
static / reviewdog (diff-only)	UNKNOWN STEP	2026-09-26T11:43:11.2743248Z ##[start-action display=check reviewdog is successfully installed;id=__reviewdog_action-setup.__run_2]
static / reviewdog (diff-only)	UNKNOWN STEP	2026-09-26T11:43:11.2775273Z ##[group]Run set -eu
static / reviewdog (diff-only)	UNKNOWN STEP	2026-09-26T11:43:11.2775618Z ^[[36;1mset -eu^[[0m
static / reviewdog (diff-only)	UNKNOWN STEP	2026-09-26T11:43:11.2775971Z ^[[36;1m"$GITHUB_ACTION_PATH/check-installed.sh"^[[0m
static / reviewdog (diff-only)	UNKNOWN STEP	2026-09-26T11:43:11.2804423Z shell: /usr/bin/sh -e {0}
static / reviewdog (diff-only)	UNKNOWN STEP	2026-09-26T11:43:11.2804782Z ##[endgroup]
static / reviewdog (diff-only)	UNKNOWN STEP	2026-09-26T11:43:11.2853401Z ##[group]📖 reviewdog -h
static / reviewdog (diff-only)	UNKNOWN STEP	2026-09-26T11:43:11.2886657Z Usage:	reviewdog [flags]
static / reviewdog (diff-only)	UNKNOWN STEP	2026-09-26T11:43:11.2887440Z 	reviewdog accepts any compiler or linter results from stdin and filters
static / reviewdog (diff-only)	UNKNOWN STEP	2026-09-26T11:43:11.2888472Z 	them by diff for review. reviewdog also can posts the results as a comment to
static / reviewdog (diff-only)	UNKNOWN STEP	2026-09-26T11:43:11.2889104Z 	GitHub if you use reviewdog in CI service.
static / reviewdog (diff-only)	UNKNOWN STEP	2026-09-26T11:43:11.2889481Z Flags:
static / reviewdog (diff-only)	UNKNOWN STEP	2026-09-26T11:43:11.2889871Z   -conf string
static / reviewdog (diff-only)	UNKNOWN STEP	2026-09-26T11:43:11.2890170Z     	config file path
static / reviewdog (diff-only)	UNKNOWN STEP	2026-09-26T11:43:11.2890471Z   -diff string
static / reviewdog (diff-only)	UNKNOWN STEP	2026-09-26T11:43:11.2891018Z     	diff command (e.g. "git diff") for local reporters. Do not use --relative flag for git command.
static / reviewdog (diff-only)	UNKNOWN STEP	2026-09-26T11:43:11.2891550Z   -efm value
static / reviewdog (diff-only)	UNKNOWN STEP	2026-09-26T11:43:11.2892098Z     	list of supported machine-readable format and errorformat (https://github.com/reviewdog/errorformat)
static / reviewdog (diff-only)	UNKNOWN STEP	2026-09-26T11:43:11.2892690Z   -f string
static / reviewdog (diff-only)	UNKNOWN STEP	2026-09-26T11:43:11.2893275Z     	format name (run -list to see supported format name) for input. It's also used as tool name in review comment if -name is empty
static / reviewdog (diff-only)	UNKNOWN STEP	2026-09-26T11:43:11.2893968Z   -f.diff.strip int
static / reviewdog (diff-only)	UNKNOWN STEP	2026-09-26T11:43:11.2895005Z     	option for -f=diff: strip NUM leading components from diff file names (equivalent to 'patch -p') (default is 1 for git diff) (default 1)
static / reviewdog (diff-only)	UNKNOWN STEP	2026-09-26T11:43:11.2895686Z   -fail-level value
static / reviewdog (diff-only)	UNKNOWN STEP	2026-09-26T11:43:11.2896417Z     	reviewdog will exit with code 1 if it finds at least 1 issue with severity greater than or equal to the given level. [none(default),any,info,warning,error]
static / reviewdog (diff-only)	UNKNOWN STEP	2026-09-26T11:43:11.2897142Z   -fail-on-error
static / reviewdog (diff-only)	UNKNOWN STEP	2026-09-26T11:43:11.2897730Z     	[DEPRECATED] use -fail-level instead
static / reviewdog (diff-only)	UNKNOWN STEP	2026-09-26T11:43:11.2898112Z   -filter-mode value
static / reviewdog (diff-only)	UNKNOWN STEP	2026-09-26T11:43:11.2898531Z     	how to filter checks results. [added, diff_context, file, nofilter].
static / reviewdog (diff-only)	UNKNOWN STEP	2026-09-26T11:43:11.2898997Z     			"added" (default)
static / reviewdog (diff-only)	UNKNOWN STEP	2026-09-26T11:43:11.2899322Z     				Filter by added/modified diff lines.
static / reviewdog (diff-only)	UNKNOWN STEP	2026-09-26T11:43:11.2899668Z     			"diff_context"
static / reviewdog (diff-only)	UNKNOWN STEP	2026-09-26T11:43:11.2900036Z     				Filter by diff context, which can include unchanged lines.
static / reviewdog (diff-only)	UNKNOWN STEP	2026-09-26T11:43:11.2900552Z     				i.e. changed lines +-N lines (e.g. N=3 for default git diff).
static / reviewdog (diff-only)	UNKNOWN STEP	2026-09-26T11:43:11.2900964Z     			"file"
static / reviewdog (diff-only)	UNKNOWN STEP	2026-09-26T11:43:11.2901245Z     				Filter by added/modified file.
static / reviewdog (diff-only)	UNKNOWN STEP	2026-09-26T11:43:11.2901579Z     			"nofilter"
static / reviewdog (diff-only)	UNKNOWN STEP	2026-09-26T11:43:11.2901871Z     				Do not filter any results.
static / reviewdog (diff-only)	UNKNOWN STEP	2026-09-26T11:43:11.2902179Z     	
static / reviewdog (diff-only)	UNKNOWN STEP	2026-09-26T11:43:11.2902473Z   -guess
static / reviewdog (diff-only)	UNKNOWN STEP	2026-09-26T11:43:11.2902793Z     	guess Pull Request ID by branch name and commit SHA
static / reviewdog (diff-only)	UNKNOWN STEP	2026-09-26T11:43:11.2903180Z   -level string
static / reviewdog (diff-only)	UNKNOWN STEP	2026-09-26T11:43:11.2903594Z     	default report level for supported reporters ("info","warning","error").
static / reviewdog (diff-only)	UNKNOWN STEP	2026-09-26T11:43:11.2904291Z   -list
static / reviewdog (diff-only)	UNKNOWN STEP	2026-09-26T11:43:11.2904696Z     	list supported pre-defined format names which can be used as -f arg
static / reviewdog (diff-only)	UNKNOWN STEP	2026-09-26T11:43:11.2905153Z   -log-level string
static / reviewdog (diff-only)	UNKNOWN STEP	2026-09-26T11:43:11.2905587Z     	log level for reviewdog itself. (debug, info, warning, error) (default "info")
static / reviewdog (diff-only)	UNKNOWN STEP	2026-09-26T11:43:11.2906061Z   -name string
static / reviewdog (diff-only)	UNKNOWN STEP	2026-09-26T11:43:11.2906459Z     	tool name in review comment. -f is used as tool name if -name is empty
static / reviewdog (diff-only)	UNKNOWN STEP	2026-09-26T11:43:11.2907087Z   -reporter string
static / reviewdog (diff-only)	UNKNOWN STEP	2026-09-26T11:43:11.2907387Z     	reporter of reviewdog results.
static / reviewdog (diff-only)	UNKNOWN STEP	2026-09-26T11:43:11.2907718Z     		"local" (default)
static / reviewdog (diff-only)	UNKNOWN STEP	2026-09-26T11:43:11.2908022Z     			Report results to stdout.
static / reviewdog (diff-only)	UNKNOWN STEP	2026-09-26T11:43:11.2908336Z     	
static / reviewdog (diff-only)	UNKNOWN STEP	2026-09-26T11:43:11.2908580Z     		"rdjson"
static / reviewdog (diff-only)	UNKNOWN STEP	2026-09-26T11:43:11.2908886Z     			Report results to stdout in rdjson format.
static / reviewdog (diff-only)	UNKNOWN STEP	2026-09-26T11:43:11.2909241Z     	
static / reviewdog (diff-only)	UNKNOWN STEP	2026-09-26T11:43:11.2909485Z     		"rdjsonl"
static / reviewdog (diff-only)	UNKNOWN STEP	2026-09-26T11:43:11.2909799Z     			Report results to stdout in rdjsonl format.
static / reviewdog (diff-only)	UNKNOWN STEP	2026-09-26T11:43:11.2910164Z     	
static / reviewdog (diff-only)	UNKNOWN STEP	2026-09-26T11:43:11.2910418Z     		"sarif"
static / reviewdog (diff-only)	UNKNOWN STEP	2026-09-26T11:43:11.2910757Z     			Report results to stdout in SARIF format.
static / reviewdog (diff-only)	UNKNOWN STEP	2026-09-26T11:43:11.2911109Z     	
static / reviewdog (diff-only)	UNKNOWN STEP	2026-09-26T11:43:11.2911358Z     		"github-check"
static / reviewdog (diff-only)	UNKNOWN STEP	2026-09-26T11:43:11.2911780Z     			Report results to GitHub Check. It works both for Pull Requests and commits.
static / reviewdog (diff-only)	UNKNOWN STEP	2026-09-26T11:43:11.2912405Z     			For Pull Request, you can see report results in GitHub PullRequest Check
static / reviewdog (diff-only)	UNKNOWN STEP	2026-09-26T11:43:11.2912966Z     			tab and can control filtering mode by -filter-mode flag.
static / reviewdog (diff-only)	UNKNOWN STEP	2026-09-26T11:43:11.2913366Z     	
static / reviewdog (diff-only)	UNKNOWN STEP	2026-09-26T11:43:11.2913705Z     			There are two options to use this reporter.
static / reviewdog (diff-only)	UNKNOWN STEP	2026-09-26T11:43:11.2914371Z     	
static / reviewdog (diff-only)	UNKNOWN STEP	2026-09-26T11:43:11.2914810Z     			Option 1) Run reviewdog from GitHub Actions w/ secrets.GITHUB_TOKEN
static / reviewdog (diff-only)	UNKNOWN STEP	2026-09-26T11:43:11.2915387Z     				Note that it reports result to GitHub Actions log console for Pull
static / reviewdog (diff-only)	UNKNOWN STEP	2026-09-26T11:43:11.2916359Z     				Requests from fork repository due to GitHub Actions restriction.
static / reviewdog (diff-only)	UNKNOWN STEP	2026-09-26T11:43:11.2917485Z     				https://help.github.com/en/articles/virtual-environments-for-github-actions#github_token-secret
static / reviewdog (diff-only)	UNKNOWN STEP	2026-09-26T11:43:11.2918096Z     	
static / reviewdog (diff-only)	UNKNOWN STEP	2026-09-26T11:43:11.2918733Z     				Set REVIEWDOG_GITHUB_API_TOKEN with secrets.GITHUB_TOKEN. e.g.
static / reviewdog (diff-only)	UNKNOWN STEP	2026-09-26T11:43:11.2919655Z     						REVIEWDOG_GITHUB_API_TOKEN: ${{ secrets.GITHUB_TOKEN }}
static / reviewdog (diff-only)	UNKNOWN STEP	2026-09-26T11:43:11.2920302Z     	
static / reviewdog (diff-only)	UNKNOWN STEP	2026-09-26T11:43:11.2920669Z     			Option 2) Install reviewdog GitHub Apps
static / reviewdog (diff-only)	UNKNOWN STEP	2026-09-26T11:43:11.2921164Z     				1. Install reviewdog Apps. https://github.com/apps/reviewdog
static / reviewdog (diff-only)	UNKNOWN STEP	2026-09-26T11:43:11.2921614Z     				2. Set REVIEWDOG_TOKEN.
static / reviewdog (diff-only)	UNKNOWN STEP	2026-09-26T11:43:11.2922071Z     				You can get token from https://reviewdog.app/gh/<owner>/<repo-name>.
static / reviewdog (diff-only)	UNKNOWN STEP	2026-09-26T11:43:11.2922564Z     				$ export REVIEWDOG_TOKEN="xxxxx"
static / reviewdog (diff-only)	UNKNOWN STEP	2026-09-26T11:43:11.2922901Z     	
static / reviewdog (diff-only)	UNKNOWN STEP	2026-09-26T11:43:11.2923163Z     		"github-pr-check"
static / reviewdog (diff-only)	UNKNOWN STEP	2026-09-26T11:43:11.2923573Z     			Same as github-check reporter but it only supports Pull Requests.
static / reviewdog (diff-only)	UNKNOWN STEP	2026-09-26T11:43:11.2924548Z     	
static / reviewdog (diff-only)	UNKNOWN STEP	2026-09-26T11:43:11.2924864Z     		"github-pr-review"
static / reviewdog (diff-only)	UNKNOWN STEP	2026-09-26T11:43:11.2925218Z     			Report results to GitHub review comments.
static / reviewdog (diff-only)	UNKNOWN STEP	2026-09-26T11:43:11.2925579Z     	
static / reviewdog (diff-only)	UNKNOWN STEP	2026-09-26T11:43:11.2925922Z     			1. Set REVIEWDOG_GITHUB_API_TOKEN environment variable.
static / reviewdog (diff-only)	UNKNOWN STEP	2026-09-26T11:43:11.2926561Z     			Go to https://github.com/settings/tokens and create new Personal access token with repo scope.
static / reviewdog (diff-only)	UNKNOWN STEP	2026-09-26T11:43:11.2927106Z     	
static / reviewdog (diff-only)	UNKNOWN STEP	2026-09-26T11:43:11.2927369Z     			For GitHub Enterprise:
static / reviewdog (diff-only)	UNKNOWN STEP	2026-09-26T11:43:11.2927840Z     				$ export GITHUB_API="https://example.githubenterprise.com/api/v3"
static / reviewdog (diff-only)	UNKNOWN STEP	2026-09-26T11:43:11.2928288Z     	
static / reviewdog (diff-only)	UNKNOWN STEP	2026-09-26T11:43:11.2928562Z     		"github-annotations"
static / reviewdog (diff-only)	UNKNOWN STEP	2026-09-26T11:43:11.2928983Z     			Report results to stdout in GitHub Actions annotation format.
static / reviewdog (diff-only)	UNKNOWN STEP	2026-09-26T11:43:11.2929399Z     	
static / reviewdog (diff-only)	UNKNOWN STEP	2026-09-26T11:43:11.2929669Z     		"github-pr-annotations"
static / reviewdog (diff-only)	UNKNOWN STEP	2026-09-26T11:43:11.2930158Z     			Same as github-annotations reporter but it only supports Pull Requests.
static / reviewdog (diff-only)	UNKNOWN STEP	2026-09-26T11:43:11.2930618Z     	
static / reviewdog (diff-only)	UNKNOWN STEP	2026-09-26T11:43:11.2930889Z     		"gitlab-mr-discussion"
static / reviewdog (diff-only)	UNKNOWN STEP	2026-09-26T11:43:11.2931270Z     			Report results to GitLab MergeRequest discussion.
static / reviewdog (diff-only)	UNKNOWN STEP	2026-09-26T11:43:11.2931640Z     	
static / reviewdog (diff-only)	UNKNOWN STEP	2026-09-26T11:43:11.2931981Z     			1. Set REVIEWDOG_GITLAB_API_TOKEN environment variable.
static / reviewdog (diff-only)	UNKNOWN STEP	2026-09-26T11:43:11.2932482Z     			Go to https://gitlab.com/profile/personal_access_tokens
static / reviewdog (diff-only)	UNKNOWN STEP	2026-09-26T11:43:11.2932874Z     	
static / reviewdog (diff-only)	UNKNOWN STEP	2026-09-26T11:43:11.2933456Z     			CI_API_V4_URL (defined by Gitlab CI) as the base URL for the Gitlab API automatically.
static / reviewdog (diff-only)	UNKNOWN STEP	2026-09-26T11:43:11.2934443Z     			Alternatively, GITLAB_API can also be defined, and it will take precedence over the former:
static / reviewdog (diff-only)	UNKNOWN STEP	2026-09-26T11:43:11.2935106Z     				$ export GITLAB_API="https://example.gitlab.com/api/v4"
static / reviewdog (diff-only)	UNKNOWN STEP	2026-09-26T11:43:11.2935510Z     	
static / reviewdog (diff-only)	UNKNOWN STEP	2026-09-26T11:43:11.2935776Z     		"gitlab-mr-commit"
static / reviewdog (diff-only)	UNKNOWN STEP	2026-09-26T11:43:11.2936236Z     			Same as gitlab-mr-discussion, but report results to GitLab comments for
static / reviewdog (diff-only)	UNKNOWN STEP	2026-09-26T11:43:11.2936731Z     			each commits in Merge Requests.
static / reviewdog (diff-only)	UNKNOWN STEP	2026-09-26T11:43:11.2937065Z     	
static / reviewdog (diff-only)	UNKNOWN STEP	2026-09-26T11:43:11.2937339Z     		"gerrit-change-review"
static / reviewdog (diff-only)	UNKNOWN STEP	2026-09-26T11:43:11.2937702Z     			Report results to Gerrit Change comments.
static / reviewdog (diff-only)	UNKNOWN STEP	2026-09-26T11:43:11.2938053Z     	
static / reviewdog (diff-only)	UNKNOWN STEP	2026-09-26T11:43:11.2938449Z     			1. Set GERRIT_USERNAME and GERRIT_PASSWORD for basic authentication or
static / reviewdog (diff-only)	UNKNOWN STEP	2026-09-26T11:43:11.2938996Z     			GIT_GITCOOKIE_PATH for git cookie based authentication.
static / reviewdog (diff-only)	UNKNOWN STEP	2026-09-26T11:43:11.2939560Z     			2. Set GERRIT_CHANGE_ID, GERRIT_REVISION_ID GERRIT_BRANCH and GERRIT_ADDRESS
static / reviewdog (diff-only)	UNKNOWN STEP	2026-09-26T11:43:11.2940026Z     	
static / reviewdog (diff-only)	UNKNOWN STEP	2026-09-26T11:43:11.2940279Z     			For example:
static / reviewdog (diff-only)	UNKNOWN STEP	2026-09-26T11:43:11.2940659Z     				$ export GERRIT_CHANGE_ID=myproject~master~I1293efab014de2
static / reviewdog (diff-only)	UNKNOWN STEP	2026-09-26T11:43:11.2941111Z     				$ export GERRIT_REVISION_ID=ed318bf9a3c
static / reviewdog (diff-only)	UNKNOWN STEP	2026-09-26T11:43:11.2941498Z     				$ export GERRIT_BRANCH=master
static / reviewdog (diff-only)	UNKNOWN STEP	2026-09-26T11:43:11.2941920Z     				$ export GERRIT_ADDRESS=http://localhost:8080
static / reviewdog (diff-only)	UNKNOWN STEP	2026-09-26T11:43:11.2942286Z     	
static / reviewdog (diff-only)	UNKNOWN STEP	2026-09-26T11:43:11.2942559Z     		"bitbucket-code-report"
static / reviewdog (diff-only)	UNKNOWN STEP	2026-09-26T11:43:11.2942945Z     			Create Bitbucket Code Report via Code Insights
static / reviewdog (diff-only)	UNKNOWN STEP	2026-09-26T11:43:11.2943484Z     			(https://confluence.atlassian.com/display/BITBUCKET/Code+insights).
static / reviewdog (diff-only)	UNKNOWN STEP	2026-09-26T11:43:11.2943992Z     			You can set custom report name with:
static / reviewdog (diff-only)	UNKNOWN STEP	2026-09-26T11:43:11.2944595Z     	
static / reviewdog (diff-only)	UNKNOWN STEP	2026-09-26T11:43:11.2945045Z     			If running as part of Bitbucket Pipelines no additional configurations is needed.
static / reviewdog (diff-only)	UNKNOWN STEP	2026-09-26T11:43:11.2945724Z     			If running outside of Bitbucket Pipelines you need to provide git repo data
static / reviewdog (diff-only)	UNKNOWN STEP	2026-09-26T11:43:11.2946366Z     			(see documentation below for local reporters) and BitBucket credentials:
static / reviewdog (diff-only)	UNKNOWN STEP	2026-09-26T11:43:11.2946937Z     			- For Basic Auth you need to set following env variables:
static / reviewdog (diff-only)	UNKNOWN STEP	2026-09-26T11:43:11.2947394Z     				  BITBUCKET_USER and BITBUCKET_PASSWORD
static / reviewdog (diff-only)	UNKNOWN STEP	2026-09-26T11:43:11.2947871Z     			- For AccessToken Auth you need to set BITBUCKET_ACCESS_TOKEN
static / reviewdog (diff-only)	UNKNOWN STEP	2026-09-26T11:43:11.2948283Z     	
static / reviewdog (diff-only)	UNKNOWN STEP	2026-09-26T11:43:11.2948665Z     			To post results to Bitbucket Server specify BITBUCKET_SERVER_URL.
static / reviewdog (diff-only)	UNKNOWN STEP	2026-09-26T11:43:11.2949235Z     	
static / reviewdog (diff-only)	UNKNOWN STEP	2026-09-26T11:43:11.2949511Z     		"gitea-pr-review"
static / reviewdog (diff-only)	UNKNOWN STEP	2026-09-26T11:43:11.2949856Z     			Report results to Gitea review comments.
static / reviewdog (diff-only)	UNKNOWN STEP	2026-09-26T11:43:11.2950216Z     	
static / reviewdog (diff-only)	UNKNOWN STEP	2026-09-26T11:43:11.2950556Z     			1. Set REVIEWDOG_GITEA_API_TOKEN environment variable.
static / reviewdog (diff-only)	UNKNOWN STEP	2026-09-26T11:43:11.2951280Z     			Go to https://<gitea-server>/user/settings/applications and create new Access Token token with repo scope.
static / reviewdog (diff-only)	UNKNOWN STEP	2026-09-26T11:43:11.2952045Z     			2. Set GITEA_ADDRESS environment variable to your Gitea server base address.
static / reviewdog (diff-only)	UNKNOWN STEP	2026-09-26T11:43:11.2952517Z     			For example:
static / reviewdog (diff-only)	UNKNOWN STEP	2026-09-26T11:43:11.2952863Z     				$ export GITEA_ADDRESS=http://localhost:3000
static / reviewdog (diff-only)	UNKNOWN STEP	2026-09-26T11:43:11.2953239Z     	
static / reviewdog (diff-only)	UNKNOWN STEP	2026-09-26T11:43:11.2953597Z     		For GitHub Enterprise and self hosted GitLab or Gitea, set
static / reviewdog (diff-only)	UNKNOWN STEP	2026-09-26T11:43:11.2954481Z     		REVIEWDOG_INSECURE_SKIP_VERIFY to skip verifying SSL (please use this at your own risk)
static / reviewdog (diff-only)	UNKNOWN STEP	2026-09-26T11:43:11.2955077Z     			$ export REVIEWDOG_INSECURE_SKIP_VERIFY=true
static / reviewdog (diff-only)	UNKNOWN STEP	2026-09-26T11:43:11.2955442Z     	
static / reviewdog (diff-only)	UNKNOWN STEP	2026-09-26T11:43:11.2955853Z     		For non-local reporters, reviewdog automatically get necessary data from
static / reviewdog (diff-only)	UNKNOWN STEP	2026-09-26T11:43:11.2956644Z     		environment variable in CI service (GitHub Actions, Travis CI, Circle CI, drone.io, GitLab CI, Bitbucket Pipelines).
static / reviewdog (diff-only)	UNKNOWN STEP	2026-09-26T11:43:11.2957414Z     		You can set necessary data with following environment variable manually if
static / reviewdog (diff-only)	UNKNOWN STEP	2026-09-26T11:43:11.2957926Z     		you want (e.g. run reviewdog in Jenkins).
static / reviewdog (diff-only)	UNKNOWN STEP	2026-09-26T11:43:11.2958423Z     	
static / reviewdog (diff-only)	UNKNOWN STEP	2026-09-26T11:43:11.2958781Z     			$ export CI_PULL_REQUEST=14 # Pull Request number (e.g. 14)
static / reviewdog (diff-only)	UNKNOWN STEP	2026-09-26T11:43:11.2959318Z     			$ export CI_COMMIT="$(git rev-parse @)" # SHA1 for the current build
static / reviewdog (diff-only)	UNKNOWN STEP	2026-09-26T11:43:11.2959853Z     			$ export CI_REPO_OWNER="haya14busa" # repository owner
static / reviewdog (diff-only)	UNKNOWN STEP	2026-09-26T11:43:11.2960317Z     			$ export CI_REPO_NAME="reviewdog" # repository name
static / reviewdog (diff-only)	UNKNOWN STEP	2026-09-26T11:43:11.2960702Z     	 (default "local")
static / reviewdog (diff-only)	UNKNOWN STEP	2026-09-26T11:43:11.2960995Z   -runners string
static / reviewdog (diff-only)	UNKNOWN STEP	2026-09-26T11:43:11.2961444Z     	comma separated runners name to run in config file. default: run all runners
static / reviewdog (diff-only)	UNKNOWN STEP	2026-09-26T11:43:11.2961916Z   -strip int
static / reviewdog (diff-only)	UNKNOWN STEP	2026-09-26T11:43:11.2962503Z     	strip NUM leading components from diff file names (equivalent to 'patch -p') (default is 1 for git diff) (default 1)
static / reviewdog (diff-only)	UNKNOWN STEP	2026-09-26T11:43:11.2963096Z   -tee
static / reviewdog (diff-only)	UNKNOWN STEP	2026-09-26T11:43:11.2963707Z     	enable "tee"-like mode which outputs tools's output as is while reporting results to -reporter. Useful for debugging as well.
static / reviewdog (diff-only)	UNKNOWN STEP	2026-09-26T11:43:11.2964570Z   -version
static / reviewdog (diff-only)	UNKNOWN STEP	2026-09-26T11:43:11.2964835Z     	print version
static / reviewdog (diff-only)	UNKNOWN STEP	2026-09-26T11:43:11.2964995Z 
static / reviewdog (diff-only)	UNKNOWN STEP	2026-09-26T11:43:11.2965222Z See https://github.com/reviewdog/reviewdog for more detail.
static / reviewdog (diff-only)	UNKNOWN STEP	2026-09-26T11:43:11.2965945Z ##[endgroup]
static / reviewdog (diff-only)	UNKNOWN STEP	2026-09-26T11:43:11.2971960Z ##[end-action id=__reviewdog_action-setup.__run_2;outcome=success;conclusion=success;duration_ms=22]
static / reviewdog (diff-only)	UNKNOWN STEP	2026-09-26T11:43:11.3022875Z ##[group]Run mkdir -p out
static / reviewdog (diff-only)	UNKNOWN STEP	2026-09-26T11:43:11.3023422Z ^[[36;1mmkdir -p out^[[0m
static / reviewdog (diff-only)	UNKNOWN STEP	2026-09-26T11:43:11.3023983Z ^[[36;1m# 失敗不中斷：linter 找到問題是正常的，交給 reviewdog 判斷嚴重度^[[0m
static / reviewdog (diff-only)	UNKNOWN STEP	2026-09-26T11:43:11.3024923Z ^[[36;1mbash -c "$LINT_COMMAND" > out/lint.txt 2>&1 || true^[[0m
static / reviewdog (diff-only)	UNKNOWN STEP	2026-09-26T11:43:11.3025633Z ^[[36;1mhead -30 out/lint.txt || true^[[0m
static / reviewdog (diff-only)	UNKNOWN STEP	2026-09-26T11:43:11.3331307Z shell: /usr/bin/bash -e {0}
static / reviewdog (diff-only)	UNKNOWN STEP	2026-09-26T11:43:11.3331702Z env:
static / reviewdog (diff-only)	UNKNOWN STEP	2026-09-26T11:43:11.3332066Z   LINT_COMMAND: shellcheck -f gcc $(git ls-files '*.sh')
static / reviewdog (diff-only)	UNKNOWN STEP	2026-09-26T11:43:11.3332506Z ##[endgroup]
static / reviewdog (diff-only)	UNKNOWN STEP	2026-09-26T11:43:11.6591541Z ##[group]Run reviewdog \
static / reviewdog (diff-only)	UNKNOWN STEP	2026-09-26T11:43:11.6591874Z ^[[36;1mreviewdog \^[[0m
static / reviewdog (diff-only)	UNKNOWN STEP	2026-09-26T11:43:11.6592139Z ^[[36;1m  -efm="$LINT_ERRORFORMAT" \^[[0m
static / reviewdog (diff-only)	UNKNOWN STEP	2026-09-26T11:43:11.6592428Z ^[[36;1m  -name="$LINT_NAME" \^[[0m
static / reviewdog (diff-only)	UNKNOWN STEP	2026-09-26T11:43:11.6592705Z ^[[36;1m  -reporter=github-pr-review \^[[0m
static / reviewdog (diff-only)	UNKNOWN STEP	2026-09-26T11:43:11.6592988Z ^[[36;1m  -filter-mode=added \^[[0m
static / reviewdog (diff-only)	UNKNOWN STEP	2026-09-26T11:43:11.6593248Z ^[[36;1m  -fail-level="$FAIL_LEVEL" \^[[0m
static / reviewdog (diff-only)	UNKNOWN STEP	2026-09-26T11:43:11.6593520Z ^[[36;1m  -tee < out/lint.txt^[[0m
static / reviewdog (diff-only)	UNKNOWN STEP	2026-09-26T11:43:11.6665269Z shell: /usr/bin/bash -e {0}
static / reviewdog (diff-only)	UNKNOWN STEP	2026-09-26T11:43:11.6665544Z env:
static / reviewdog (diff-only)	UNKNOWN STEP	2026-09-26T11:43:11.6668248Z   REVIEWDOG_GITHUB_API_TOKEN: ***
static / reviewdog (diff-only)	UNKNOWN STEP	2026-09-26T11:43:11.6668540Z   LINT_ERRORFORMAT: %f:%l:%c: %m
static / reviewdog (diff-only)	UNKNOWN STEP	2026-09-26T11:43:11.6668791Z   LINT_NAME: shellcheck
static / reviewdog (diff-only)	UNKNOWN STEP	2026-09-26T11:43:11.6669023Z   FAIL_LEVEL: error
static / reviewdog (diff-only)	UNKNOWN STEP	2026-09-26T11:43:11.6669235Z ##[endgroup]
static / reviewdog (diff-only)	UNKNOWN STEP	2026-09-26T11:43:12.4423037Z Post job cleanup.
static / reviewdog (diff-only)	UNKNOWN STEP	2026-09-26T11:43:12.5307639Z [command]/usr/bin/git version
static / reviewdog (diff-only)	UNKNOWN STEP	2026-09-26T11:43:12.5350459Z git version 2.55.0
static / reviewdog (diff-only)	UNKNOWN STEP	2026-09-26T11:43:12.5389128Z Temporarily overriding HOME='/home/runner/work/_temp/da44b1ba-2fc4-4786-ae50-2e9ad551705c' before making global git config changes
static / reviewdog (diff-only)	UNKNOWN STEP	2026-09-26T11:43:12.5390814Z Adding repository directory to the temporary git global config as a safe directory
static / reviewdog (diff-only)	UNKNOWN STEP	2026-09-26T11:43:12.5395328Z [command]/usr/bin/git config --global --add safe.directory /home/runner/work/deepseek-review-probe/deepseek-review-probe
static / reviewdog (diff-only)	UNKNOWN STEP	2026-09-26T11:43:12.5430110Z Removing SSH command configuration
static / reviewdog (diff-only)	UNKNOWN STEP	2026-09-26T11:43:12.5437748Z [command]/usr/bin/git config --local --name-only --get-regexp core\.sshCommand
static / reviewdog (diff-only)	UNKNOWN STEP	2026-09-26T11:43:12.5486708Z [command]/usr/bin/git submodule foreach --recursive sh -c "git config --local --name-only --get-regexp 'core\.sshCommand' && git config --local --unset-all 'core.sshCommand' || :"
static / reviewdog (diff-only)	UNKNOWN STEP	2026-09-26T11:43:12.5735629Z Removing HTTP extra header
static / reviewdog (diff-only)	UNKNOWN STEP	2026-09-26T11:43:12.5744364Z [command]/usr/bin/git config --local --name-only --get-regexp http\.https\:\/\/github\.com\/\.extraheader
static / reviewdog (diff-only)	UNKNOWN STEP	2026-09-26T11:43:12.5774442Z [command]/usr/bin/git submodule foreach --recursive sh -c "git config --local --name-only --get-regexp 'http\.https\:\/\/github\.com\/\.extraheader' && git config --local --unset-all 'http.https://github.com/.extraheader' || :"
static / reviewdog (diff-only)	UNKNOWN STEP	2026-09-26T11:43:12.6033139Z Removing includeIf entries pointing to credentials config files
static / reviewdog (diff-only)	UNKNOWN STEP	2026-09-26T11:43:12.6039421Z [command]/usr/bin/git config --local --name-only --get-regexp ^includeIf\.gitdir:
static / reviewdog (diff-only)	UNKNOWN STEP	2026-09-26T11:43:12.6081186Z [command]/usr/bin/git submodule foreach --recursive git config --local --show-origin --name-only --get-regexp remote.origin.url
static / reviewdog (diff-only)	UNKNOWN STEP	2026-09-26T11:43:12.6491981Z Cleaning up orphan processes
static / gitleaks	UNKNOWN STEP	﻿2026-09-26T11:43:10.6676302Z Current runner version: '2.337.0'
static / gitleaks	UNKNOWN STEP	2026-09-26T11:43:10.6701711Z ##[group]Runner Image Provisioner
static / gitleaks	UNKNOWN STEP	2026-09-26T11:43:10.6702774Z Hosted Compute Agent
static / gitleaks	UNKNOWN STEP	2026-09-26T11:43:10.6703455Z Version: 20260828.587
static / gitleaks	UNKNOWN STEP	2026-09-26T11:43:10.6704216Z Commit: abac92662cab4cc7352de4f9f9d2e2419aad9c29
static / gitleaks	UNKNOWN STEP	2026-09-26T11:43:10.6705042Z Build Date: 2026-08-28T16:44:25Z
static / gitleaks	UNKNOWN STEP	2026-09-26T11:43:10.6705758Z Worker ID: {c693eca2-56c0-427c-ac7c-3c8068819956}
static / gitleaks	UNKNOWN STEP	2026-09-26T11:43:10.6706582Z Azure Region: westus2
static / gitleaks	UNKNOWN STEP	2026-09-26T11:43:10.6707186Z ##[endgroup]
static / gitleaks	UNKNOWN STEP	2026-09-26T11:43:10.6708798Z ##[group]Operating System
static / gitleaks	UNKNOWN STEP	2026-09-26T11:43:10.6709473Z Ubuntu
static / gitleaks	UNKNOWN STEP	2026-09-26T11:43:10.6710005Z 24.04.5
static / gitleaks	UNKNOWN STEP	2026-09-26T11:43:10.6710616Z LTS
static / gitleaks	UNKNOWN STEP	2026-09-26T11:43:10.6711540Z ##[endgroup]
static / gitleaks	UNKNOWN STEP	2026-09-26T11:43:10.6712131Z ##[group]Runner Image
static / gitleaks	UNKNOWN STEP	2026-09-26T11:43:10.6712846Z Image: ubuntu-24.04
static / gitleaks	UNKNOWN STEP	2026-09-26T11:43:10.6713433Z Version: 20260920.314.1
static / gitleaks	UNKNOWN STEP	2026-09-26T11:43:10.6714765Z Included Software: https://github.com/actions/runner-images/blob/ubuntu24/20260920.314/images/ubuntu/Ubuntu2404-Readme.md
static / gitleaks	UNKNOWN STEP	2026-09-26T11:43:10.6716285Z Image Release: https://github.com/actions/runner-images/releases/tag/ubuntu24%2F20260920.314
static / gitleaks	UNKNOWN STEP	2026-09-26T11:43:10.6717343Z ##[endgroup]
static / gitleaks	UNKNOWN STEP	2026-09-26T11:43:10.6718624Z ##[group]GITHUB_TOKEN Permissions
static / gitleaks	UNKNOWN STEP	2026-09-26T11:43:10.6720569Z Contents: read
static / gitleaks	UNKNOWN STEP	2026-09-26T11:43:10.6721443Z Metadata: read
static / gitleaks	UNKNOWN STEP	2026-09-26T11:43:10.6722297Z PullRequests: write
static / gitleaks	UNKNOWN STEP	2026-09-26T11:43:10.6722899Z ##[endgroup]
static / gitleaks	UNKNOWN STEP	2026-09-26T11:43:10.6724975Z Secret source: Actions
static / gitleaks	UNKNOWN STEP	2026-09-26T11:43:10.6726101Z Cache mode: write
static / gitleaks	UNKNOWN STEP	2026-09-26T11:43:10.6726815Z Prepare workflow directory
static / gitleaks	UNKNOWN STEP	2026-09-26T11:43:10.7109929Z Prepare all required actions
static / gitleaks	UNKNOWN STEP	2026-09-26T11:43:10.7164973Z Getting action download info
static / gitleaks	UNKNOWN STEP	2026-09-26T11:43:11.0507286Z Download action repository 'actions/checkout@3d3c42e5aac5ba805825da76410c181273ba90b1' (SHA:3d3c42e5aac5ba805825da76410c181273ba90b1)
static / gitleaks	UNKNOWN STEP	2026-09-26T11:43:11.1495435Z Download action repository 'gitleaks/gitleaks-action@e0c47f4f8be36e29cdc102c57e68cb5cbf0e8d1e' (SHA:e0c47f4f8be36e29cdc102c57e68cb5cbf0e8d1e)
static / gitleaks	UNKNOWN STEP	2026-09-26T11:43:11.4850310Z Uses: tznthou/deepseek-code-review/.github/workflows/reusable-static-review.yml@refs/tags/v1 (96c5bf9822857caf775cca0072511042d6fd3de1)
static / gitleaks	UNKNOWN STEP	2026-09-26T11:43:11.4855438Z ##[group] Inputs
static / gitleaks	UNKNOWN STEP	2026-09-26T11:43:11.4856105Z   lint-command: shellcheck -f gcc $(git ls-files '*.sh')
static / gitleaks	UNKNOWN STEP	2026-09-26T11:43:11.4856791Z   lint-name: shellcheck
static / gitleaks	UNKNOWN STEP	2026-09-26T11:43:11.4857315Z   lint-errorformat: %f:%l:%c: %m
static / gitleaks	UNKNOWN STEP	2026-09-26T11:43:11.4857855Z   fail-level: error
static / gitleaks	UNKNOWN STEP	2026-09-26T11:43:11.4858715Z   skip-dependency-review: true
static / gitleaks	UNKNOWN STEP	2026-09-26T11:43:11.4859300Z   dependency-fail-on-severity: high
static / gitleaks	UNKNOWN STEP	2026-09-26T11:43:11.4859852Z   skip-draft: true
static / gitleaks	UNKNOWN STEP	2026-09-26T11:43:11.4860308Z ##[endgroup]
static / gitleaks	UNKNOWN STEP	2026-09-26T11:43:11.4860757Z Complete job name: static / gitleaks
static / gitleaks	UNKNOWN STEP	2026-09-26T11:43:11.5651180Z ##[group]Run actions/checkout@3d3c42e5aac5ba805825da76410c181273ba90b1
static / gitleaks	UNKNOWN STEP	2026-09-26T11:43:11.5652512Z with:
static / gitleaks	UNKNOWN STEP	2026-09-26T11:43:11.5653022Z   fetch-depth: 0
static / gitleaks	UNKNOWN STEP	2026-09-26T11:43:11.5653526Z   persist-credentials: false
static / gitleaks	UNKNOWN STEP	2026-09-26T11:43:11.5654098Z   repository: tznthou/deepseek-review-probe
static / gitleaks	UNKNOWN STEP	2026-09-26T11:43:11.5657764Z   token: ***
static / gitleaks	UNKNOWN STEP	2026-09-26T11:43:11.5658195Z   ssh-strict: true
static / gitleaks	UNKNOWN STEP	2026-09-26T11:43:11.5658642Z   ssh-user: git
static / gitleaks	UNKNOWN STEP	2026-09-26T11:43:11.5659068Z   clean: true
static / gitleaks	UNKNOWN STEP	2026-09-26T11:43:11.5659531Z   sparse-checkout-cone-mode: true
static / gitleaks	UNKNOWN STEP	2026-09-26T11:43:11.5660066Z   fetch-tags: false
static / gitleaks	UNKNOWN STEP	2026-09-26T11:43:11.5660526Z   show-progress: true
static / gitleaks	UNKNOWN STEP	2026-09-26T11:43:11.5661197Z   lfs: false
static / gitleaks	UNKNOWN STEP	2026-09-26T11:43:11.5661617Z   submodules: false
static / gitleaks	UNKNOWN STEP	2026-09-26T11:43:11.5662075Z   set-safe-directory: true
static / gitleaks	UNKNOWN STEP	2026-09-26T11:43:11.5662600Z   allow-unsafe-pr-checkout: false
static / gitleaks	UNKNOWN STEP	2026-09-26T11:43:11.5663401Z ##[endgroup]
static / gitleaks	UNKNOWN STEP	2026-09-26T11:43:11.6682607Z Syncing repository: tznthou/deepseek-review-probe
static / gitleaks	UNKNOWN STEP	2026-09-26T11:43:11.6685480Z ##[group]Getting Git version info
static / gitleaks	UNKNOWN STEP	2026-09-26T11:43:11.6686923Z Working directory is '/home/runner/work/deepseek-review-probe/deepseek-review-probe'
static / gitleaks	UNKNOWN STEP	2026-09-26T11:43:11.6688705Z [command]/usr/bin/git version
static / gitleaks	UNKNOWN STEP	2026-09-26T11:43:11.6790733Z git version 2.55.0
static / gitleaks	UNKNOWN STEP	2026-09-26T11:43:11.6817612Z ##[endgroup]
static / gitleaks	UNKNOWN STEP	2026-09-26T11:43:11.6831575Z Temporarily overriding HOME='/home/runner/work/_temp/54216406-dbc7-4b3d-a6c0-e3c7abe73683' before making global git config changes
static / gitleaks	UNKNOWN STEP	2026-09-26T11:43:11.6833926Z Adding repository directory to the temporary git global config as a safe directory
static / gitleaks	UNKNOWN STEP	2026-09-26T11:43:11.6838877Z [command]/usr/bin/git config --global --add safe.directory /home/runner/work/deepseek-review-probe/deepseek-review-probe
static / gitleaks	UNKNOWN STEP	2026-09-26T11:43:11.6893569Z Deleting the contents of '/home/runner/work/deepseek-review-probe/deepseek-review-probe'
static / gitleaks	UNKNOWN STEP	2026-09-26T11:43:11.6898830Z ##[group]Determining repository object format
static / gitleaks	UNKNOWN STEP	2026-09-26T11:43:11.6900373Z ##[endgroup]
static / gitleaks	UNKNOWN STEP	2026-09-26T11:43:11.6901759Z ##[group]Initializing the repository
static / gitleaks	UNKNOWN STEP	2026-09-26T11:43:11.6905531Z [command]/usr/bin/git init /home/runner/work/deepseek-review-probe/deepseek-review-probe
static / gitleaks	UNKNOWN STEP	2026-09-26T11:43:11.7036819Z hint: Using 'master' as the name for the initial branch. This default branch name
static / gitleaks	UNKNOWN STEP	2026-09-26T11:43:11.7038661Z hint: will change to "main" in Git 3.0. To configure the initial branch name
static / gitleaks	UNKNOWN STEP	2026-09-26T11:43:11.7040329Z hint: to use in all of your new repositories, which will suppress this warning,
static / gitleaks	UNKNOWN STEP	2026-09-26T11:43:11.7041949Z hint: call:
static / gitleaks	UNKNOWN STEP	2026-09-26T11:43:11.7042753Z hint:
static / gitleaks	UNKNOWN STEP	2026-09-26T11:43:11.7043901Z hint: 	git config --global init.defaultBranch <name>
static / gitleaks	UNKNOWN STEP	2026-09-26T11:43:11.7044905Z hint:
static / gitleaks	UNKNOWN STEP	2026-09-26T11:43:11.7045829Z hint: Names commonly chosen instead of 'master' are 'main', 'trunk' and
static / gitleaks	UNKNOWN STEP	2026-09-26T11:43:11.7047422Z hint: 'development'. The just-created branch can be renamed via this command:
static / gitleaks	UNKNOWN STEP	2026-09-26T11:43:11.7048627Z hint:
static / gitleaks	UNKNOWN STEP	2026-09-26T11:43:11.7049278Z hint: 	git branch -m <name>
static / gitleaks	UNKNOWN STEP	2026-09-26T11:43:11.7050028Z hint:
static / gitleaks	UNKNOWN STEP	2026-09-26T11:43:11.7051307Z hint: Disable this message with "git config set advice.defaultBranchName false"
static / gitleaks	UNKNOWN STEP	2026-09-26T11:43:11.7053300Z Initialized empty Git repository in /home/runner/work/deepseek-review-probe/deepseek-review-probe/.git/
static / gitleaks	UNKNOWN STEP	2026-09-26T11:43:11.7056556Z [command]/usr/bin/git remote add origin https://github.com/tznthou/deepseek-review-probe
static / gitleaks	UNKNOWN STEP	2026-09-26T11:43:11.7119303Z ##[endgroup]
static / gitleaks	UNKNOWN STEP	2026-09-26T11:43:11.7121483Z ##[group]Disabling automatic garbage collection
static / gitleaks	UNKNOWN STEP	2026-09-26T11:43:11.7123064Z [command]/usr/bin/git config --local gc.auto 0
static / gitleaks	UNKNOWN STEP	2026-09-26T11:43:11.7157553Z ##[endgroup]
static / gitleaks	UNKNOWN STEP	2026-09-26T11:43:11.7158878Z ##[group]Setting up auth
static / gitleaks	UNKNOWN STEP	2026-09-26T11:43:11.7159845Z Removing SSH command configuration
static / gitleaks	UNKNOWN STEP	2026-09-26T11:43:11.7169356Z [command]/usr/bin/git config --local --name-only --get-regexp core\.sshCommand
static / gitleaks	UNKNOWN STEP	2026-09-26T11:43:11.7247322Z [command]/usr/bin/git submodule foreach --recursive sh -c "git config --local --name-only --get-regexp 'core\.sshCommand' && git config --local --unset-all 'core.sshCommand' || :"
static / gitleaks	UNKNOWN STEP	2026-09-26T11:43:11.7722919Z Removing HTTP extra header
static / gitleaks	UNKNOWN STEP	2026-09-26T11:43:11.7729839Z [command]/usr/bin/git config --local --name-only --get-regexp http\.https\:\/\/github\.com\/\.extraheader
static / gitleaks	UNKNOWN STEP	2026-09-26T11:43:11.7767833Z [command]/usr/bin/git submodule foreach --recursive sh -c "git config --local --name-only --get-regexp 'http\.https\:\/\/github\.com\/\.extraheader' && git config --local --unset-all 'http.https://github.com/.extraheader' || :"
static / gitleaks	UNKNOWN STEP	2026-09-26T11:43:11.8010261Z Removing includeIf entries pointing to credentials config files
static / gitleaks	UNKNOWN STEP	2026-09-26T11:43:11.8016297Z [command]/usr/bin/git config --local --name-only --get-regexp ^includeIf\.gitdir:
static / gitleaks	UNKNOWN STEP	2026-09-26T11:43:11.8054431Z [command]/usr/bin/git submodule foreach --recursive git config --local --show-origin --name-only --get-regexp remote.origin.url
static / gitleaks	UNKNOWN STEP	2026-09-26T11:43:11.8281978Z [command]/usr/bin/git config --file /home/runner/work/_temp/git-credentials-0d54a86a-cda4-4c37-b062-54ab97e6ac1d.config http.https://github.com/.extraheader AUTHORIZATION: basic ***
static / gitleaks	UNKNOWN STEP	2026-09-26T11:43:11.8322620Z [command]/usr/bin/git config --local includeIf.gitdir:/home/runner/work/deepseek-review-probe/deepseek-review-probe/.git.path /home/runner/work/_temp/git-credentials-0d54a86a-cda4-4c37-b062-54ab97e6ac1d.config
static / gitleaks	UNKNOWN STEP	2026-09-26T11:43:11.8357545Z [command]/usr/bin/git config --local includeIf.gitdir:/home/runner/work/deepseek-review-probe/deepseek-review-probe/.git/worktrees/*.path /home/runner/work/_temp/git-credentials-0d54a86a-cda4-4c37-b062-54ab97e6ac1d.config
static / gitleaks	UNKNOWN STEP	2026-09-26T11:43:11.8395611Z [command]/usr/bin/git config --local includeIf.gitdir:/github/workspace/.git.path /github/runner_temp/git-credentials-0d54a86a-cda4-4c37-b062-54ab97e6ac1d.config
static / gitleaks	UNKNOWN STEP	2026-09-26T11:43:11.8430186Z [command]/usr/bin/git config --local includeIf.gitdir:/github/workspace/.git/worktrees/*.path /github/runner_temp/git-credentials-0d54a86a-cda4-4c37-b062-54ab97e6ac1d.config
static / gitleaks	UNKNOWN STEP	2026-09-26T11:43:11.8464041Z ##[endgroup]
static / gitleaks	UNKNOWN STEP	2026-09-26T11:43:11.8464830Z ##[group]Fetching the repository
static / gitleaks	UNKNOWN STEP	2026-09-26T11:43:11.8470681Z [command]/usr/bin/git -c protocol.version=2 fetch --no-tags --prune --no-recurse-submodules origin +refs/heads/*:refs/remotes/origin/* +refs/tags/*:refs/tags/* +3bbb913b5127e4783803d0beb823968ceebe1a9c:refs/remotes/pull/1/merge
static / gitleaks	UNKNOWN STEP	2026-09-26T11:43:12.4280236Z From https://github.com/tznthou/deepseek-review-probe
static / gitleaks	UNKNOWN STEP	2026-09-26T11:43:12.4282500Z  * [new branch]      main                                     -> origin/main
static / gitleaks	UNKNOWN STEP	2026-09-26T11:43:12.4284070Z  * [new branch]      trigger                                  -> origin/trigger
static / gitleaks	UNKNOWN STEP	2026-09-26T11:43:12.4285561Z  * [new ref]         3bbb913b5127e4783803d0beb823968ceebe1a9c -> pull/1/merge
static / gitleaks	UNKNOWN STEP	2026-09-26T11:43:12.4288536Z ##[endgroup]
static / gitleaks	UNKNOWN STEP	2026-09-26T11:43:12.4289985Z ##[group]Determining the checkout info
static / gitleaks	UNKNOWN STEP	2026-09-26T11:43:12.4291848Z ##[endgroup]
static / gitleaks	UNKNOWN STEP	2026-09-26T11:43:12.4292825Z [command]/usr/bin/git sparse-checkout disable
static / gitleaks	UNKNOWN STEP	2026-09-26T11:43:12.4353171Z [command]/usr/bin/git config --local --unset-all extensions.worktreeConfig
static / gitleaks	UNKNOWN STEP	2026-09-26T11:43:12.4388603Z ##[group]Checking out the ref
static / gitleaks	UNKNOWN STEP	2026-09-26T11:43:12.4393389Z [command]/usr/bin/git checkout --progress --force refs/remotes/pull/1/merge
static / gitleaks	UNKNOWN STEP	2026-09-26T11:43:12.4454718Z Note: switching to 'refs/remotes/pull/1/merge'.
static / gitleaks	UNKNOWN STEP	2026-09-26T11:43:12.4455891Z 
static / gitleaks	UNKNOWN STEP	2026-09-26T11:43:12.4457189Z You are in 'detached HEAD' state. You can look around, make experimental
static / gitleaks	UNKNOWN STEP	2026-09-26T11:43:12.4458992Z changes and commit them, and you can discard any commits you make in this
static / gitleaks	UNKNOWN STEP	2026-09-26T11:43:12.4461071Z state without impacting any branches by switching back to a branch.
static / gitleaks	UNKNOWN STEP	2026-09-26T11:43:12.4462114Z 
static / gitleaks	UNKNOWN STEP	2026-09-26T11:43:12.4462830Z If you want to create a new branch to retain commits you create, you may
static / gitleaks	UNKNOWN STEP	2026-09-26T11:43:12.4464775Z do so (now or later) by using -c with the switch command. Example:
static / gitleaks	UNKNOWN STEP	2026-09-26T11:43:12.4465950Z 
static / gitleaks	UNKNOWN STEP	2026-09-26T11:43:12.4466385Z   git switch -c <new-branch-name>
static / gitleaks	UNKNOWN STEP	2026-09-26T11:43:12.4467186Z 
static / gitleaks	UNKNOWN STEP	2026-09-26T11:43:12.4467638Z Or undo this operation with:
static / gitleaks	UNKNOWN STEP	2026-09-26T11:43:12.4468390Z 
static / gitleaks	UNKNOWN STEP	2026-09-26T11:43:12.4468817Z   git switch -
static / gitleaks	UNKNOWN STEP	2026-09-26T11:43:12.4469387Z 
static / gitleaks	UNKNOWN STEP	2026-09-26T11:43:12.4470606Z Turn off this advice by setting config variable advice.detachedHead to false
static / gitleaks	UNKNOWN STEP	2026-09-26T11:43:12.4472295Z 
static / gitleaks	UNKNOWN STEP	2026-09-26T11:43:12.4474071Z HEAD is now at 3bbb913 Merge 71c75aadb1c1eda9760da20214fefe2ec0a9d0bd into b0ad2963a92e88785066c8e8c137022f07fc5e80
static / gitleaks	UNKNOWN STEP	2026-09-26T11:43:12.4477394Z ##[endgroup]
static / gitleaks	UNKNOWN STEP	2026-09-26T11:43:12.4514965Z [command]/usr/bin/git log -1 --format=%H
static / gitleaks	UNKNOWN STEP	2026-09-26T11:43:12.4543609Z 3bbb913b5127e4783803d0beb823968ceebe1a9c
static / gitleaks	UNKNOWN STEP	2026-09-26T11:43:12.4554360Z ##[group]Removing auth
static / gitleaks	UNKNOWN STEP	2026-09-26T11:43:12.4555017Z Removing SSH command configuration
static / gitleaks	UNKNOWN STEP	2026-09-26T11:43:12.4558070Z [command]/usr/bin/git config --local --name-only --get-regexp core\.sshCommand
static / gitleaks	UNKNOWN STEP	2026-09-26T11:43:12.4595194Z [command]/usr/bin/git submodule foreach --recursive sh -c "git config --local --name-only --get-regexp 'core\.sshCommand' && git config --local --unset-all 'core.sshCommand' || :"
static / gitleaks	UNKNOWN STEP	2026-09-26T11:43:12.4820291Z Removing HTTP extra header
static / gitleaks	UNKNOWN STEP	2026-09-26T11:43:12.4824757Z [command]/usr/bin/git config --local --name-only --get-regexp http\.https\:\/\/github\.com\/\.extraheader
static / gitleaks	UNKNOWN STEP	2026-09-26T11:43:12.4862000Z [command]/usr/bin/git submodule foreach --recursive sh -c "git config --local --name-only --get-regexp 'http\.https\:\/\/github\.com\/\.extraheader' && git config --local --unset-all 'http.https://github.com/.extraheader' || :"
static / gitleaks	UNKNOWN STEP	2026-09-26T11:43:12.5087469Z Removing includeIf entries pointing to credentials config files
static / gitleaks	UNKNOWN STEP	2026-09-26T11:43:12.5090326Z [command]/usr/bin/git config --local --name-only --get-regexp ^includeIf\.gitdir:
static / gitleaks	UNKNOWN STEP	2026-09-26T11:43:12.5121951Z includeif.gitdir:/home/runner/work/deepseek-review-probe/deepseek-review-probe/.git.path
static / gitleaks	UNKNOWN STEP	2026-09-26T11:43:12.5125081Z includeif.gitdir:/home/runner/work/deepseek-review-probe/deepseek-review-probe/.git/worktrees/*.path
static / gitleaks	UNKNOWN STEP	2026-09-26T11:43:12.5127125Z includeif.gitdir:/github/workspace/.git.path
static / gitleaks	UNKNOWN STEP	2026-09-26T11:43:12.5128375Z includeif.gitdir:/github/workspace/.git/worktrees/*.path
static / gitleaks	UNKNOWN STEP	2026-09-26T11:43:12.5133143Z [command]/usr/bin/git config --local --get-all includeif.gitdir:/home/runner/work/deepseek-review-probe/deepseek-review-probe/.git.path
static / gitleaks	UNKNOWN STEP	2026-09-26T11:43:12.5162177Z /home/runner/work/_temp/git-credentials-0d54a86a-cda4-4c37-b062-54ab97e6ac1d.config
static / gitleaks	UNKNOWN STEP	2026-09-26T11:43:12.5175049Z [command]/usr/bin/git config --local --unset includeif.gitdir:/home/runner/work/deepseek-review-probe/deepseek-review-probe/.git.path \/home\/runner\/work\/_temp\/git\-credentials\-0d54a86a\-cda4\-4c37\-b062\-54ab97e6ac1d\.config
static / gitleaks	UNKNOWN STEP	2026-09-26T11:43:12.5212001Z [command]/usr/bin/git config --local --get-all includeif.gitdir:/home/runner/work/deepseek-review-probe/deepseek-review-probe/.git/worktrees/*.path
static / gitleaks	UNKNOWN STEP	2026-09-26T11:43:12.5264723Z /home/runner/work/_temp/git-credentials-0d54a86a-cda4-4c37-b062-54ab97e6ac1d.config
static / gitleaks	UNKNOWN STEP	2026-09-26T11:43:12.5273894Z [command]/usr/bin/git config --local --unset includeif.gitdir:/home/runner/work/deepseek-review-probe/deepseek-review-probe/.git/worktrees/*.path \/home\/runner\/work\/_temp\/git\-credentials\-0d54a86a\-cda4\-4c37\-b062\-54ab97e6ac1d\.config
static / gitleaks	UNKNOWN STEP	2026-09-26T11:43:12.5308908Z [command]/usr/bin/git config --local --get-all includeif.gitdir:/github/workspace/.git.path
static / gitleaks	UNKNOWN STEP	2026-09-26T11:43:12.5335407Z /github/runner_temp/git-credentials-0d54a86a-cda4-4c37-b062-54ab97e6ac1d.config
static / gitleaks	UNKNOWN STEP	2026-09-26T11:43:12.5345724Z [command]/usr/bin/git config --local --unset includeif.gitdir:/github/workspace/.git.path \/github\/runner_temp\/git\-credentials\-0d54a86a\-cda4\-4c37\-b062\-54ab97e6ac1d\.config
static / gitleaks	UNKNOWN STEP	2026-09-26T11:43:12.5390440Z [command]/usr/bin/git config --local --get-all includeif.gitdir:/github/workspace/.git/worktrees/*.path
static / gitleaks	UNKNOWN STEP	2026-09-26T11:43:12.5417784Z /github/runner_temp/git-credentials-0d54a86a-cda4-4c37-b062-54ab97e6ac1d.config
static / gitleaks	UNKNOWN STEP	2026-09-26T11:43:12.5474476Z [command]/usr/bin/git config --local --unset includeif.gitdir:/github/workspace/.git/worktrees/*.path \/github\/runner_temp\/git\-credentials\-0d54a86a\-cda4\-4c37\-b062\-54ab97e6ac1d\.config
static / gitleaks	UNKNOWN STEP	2026-09-26T11:43:12.5509863Z [command]/usr/bin/git submodule foreach --recursive git config --local --show-origin --name-only --get-regexp remote.origin.url
static / gitleaks	UNKNOWN STEP	2026-09-26T11:43:12.5733092Z Removing credentials config '/home/runner/work/_temp/git-credentials-0d54a86a-cda4-4c37-b062-54ab97e6ac1d.config'
static / gitleaks	UNKNOWN STEP	2026-09-26T11:43:12.5743413Z ##[endgroup]
static / gitleaks	UNKNOWN STEP	2026-09-26T11:43:12.5984443Z ##[group]Run gitleaks/gitleaks-action@e0c47f4f8be36e29cdc102c57e68cb5cbf0e8d1e
static / gitleaks	UNKNOWN STEP	2026-09-26T11:43:12.5986113Z env:
static / gitleaks	UNKNOWN STEP	2026-09-26T11:43:12.5994843Z   GITHUB_TOKEN: ***
static / gitleaks	UNKNOWN STEP	2026-09-26T11:43:12.5995444Z   GITLEAKS_LICENSE: 
static / gitleaks	UNKNOWN STEP	2026-09-26T11:43:12.5996007Z ##[endgroup]
static / gitleaks	UNKNOWN STEP	2026-09-26T11:43:12.7700764Z (node:2345) [DEP0040] DeprecationWarning: The `punycode` module is deprecated. Please use a userland alternative instead.
static / gitleaks	UNKNOWN STEP	2026-09-26T11:43:12.7705486Z (Use `node --trace-deprecation ...` to show where the warning was created)
static / gitleaks	UNKNOWN STEP	2026-09-26T11:43:12.7824467Z (node:2345) [DEP0169] DeprecationWarning: `url.parse()` behavior is not standardized and prone to errors that have security implications. Use the WHATWG URL API instead. CVEs are not issued for `url.parse()` vulnerabilities.
static / gitleaks	UNKNOWN STEP	2026-09-26T11:43:13.0477546Z [tznthou] is an individual user. No license key is required.
static / gitleaks	UNKNOWN STEP	2026-09-26T11:43:13.0479104Z gitleaks version: 8.24.3
static / gitleaks	UNKNOWN STEP	2026-09-26T11:43:13.0561034Z Version to install: 8.24.3 (target directory: /tmp/gitleaks-8.24.3)
static / gitleaks	UNKNOWN STEP	2026-09-26T11:43:13.2660575Z Cache hit for: gitleaks-cache-8.24.3-linux-x64
static / gitleaks	UNKNOWN STEP	2026-09-26T11:43:14.4503132Z Received 5712920 of 5712920 (100.0%), 5.9 MBs/sec
static / gitleaks	UNKNOWN STEP	2026-09-26T11:43:14.4504611Z Cache Size: ~5 MB (5712920 B)
static / gitleaks	UNKNOWN STEP	2026-09-26T11:43:14.4538519Z [command]/usr/bin/tar -xf /home/runner/work/_temp/fef16f4f-c5b8-44ba-b121-024ecdce7074/cache.tzst -P -C /home/runner/work/deepseek-review-probe/deepseek-review-probe --use-compress-program unzstd
static / gitleaks	UNKNOWN STEP	2026-09-26T11:43:14.4918976Z Cache restored successfully
static / gitleaks	UNKNOWN STEP	2026-09-26T11:43:14.4924821Z Gitleaks restored from cache
static / gitleaks	UNKNOWN STEP	2026-09-26T11:43:14.4927428Z event type: pull_request
static / gitleaks	UNKNOWN STEP	2026-09-26T11:43:14.8258933Z gitleaks cmd: gitleaks detect --redact -v --exit-code=2 --report-format=sarif --report-path=results.sarif --log-level=debug --log-opts=--no-merges --first-parent 1d425d2692c04cbff92b559948de4635d32fc0a6^..71c75aadb1c1eda9760da20214fefe2ec0a9d0bd
static / gitleaks	UNKNOWN STEP	2026-09-26T11:43:14.8279255Z [command]/tmp/gitleaks-8.24.3/gitleaks detect --redact -v --exit-code=2 --report-format=sarif --report-path=results.sarif --log-level=debug --log-opts=--no-merges --first-parent 1d425d2692c04cbff92b559948de4635d32fc0a6^..71c75aadb1c1eda9760da20214fefe2ec0a9d0bd
static / gitleaks	UNKNOWN STEP	2026-09-26T11:43:15.0933275Z 
static / gitleaks	UNKNOWN STEP	2026-09-26T11:43:15.0934136Z     ○
static / gitleaks	UNKNOWN STEP	2026-09-26T11:43:15.0934806Z     │╲
static / gitleaks	UNKNOWN STEP	2026-09-26T11:43:15.0935157Z     │ ○
static / gitleaks	UNKNOWN STEP	2026-09-26T11:43:15.0935422Z     ○ ░
static / gitleaks	UNKNOWN STEP	2026-09-26T11:43:15.0935657Z     ░    gitleaks
static / gitleaks	UNKNOWN STEP	2026-09-26T11:43:15.0935911Z 
static / gitleaks	UNKNOWN STEP	2026-09-26T11:43:15.0936254Z ^[[90m11:43AM^[[0m DBG using github.com/wasilibs/go-re2 regex engine
static / gitleaks	UNKNOWN STEP	2026-09-26T11:43:15.0936989Z ^[[90m11:43AM^[[0m DBG no gitleaks config found in path .gitleaks.toml, using default gitleaks config
static / gitleaks	UNKNOWN STEP	2026-09-26T11:43:15.2313819Z ^[[90m11:43AM^[[0m DBG executing: /usr/bin/git -C . log -p -U0 --no-merges --first-parent 1d425d2692c04cbff92b559948de4635d32fc0a6^..71c75aadb1c1eda9760da20214fefe2ec0a9d0bd
static / gitleaks	UNKNOWN STEP	2026-09-26T11:43:15.2358541Z ^[[90m11:43AM^[[0m DBG SCM platform parsed from host ^[[36mhost=^[[0mgithub.com ^[[36mplatform=^[[0mgithub
static / gitleaks	UNKNOWN STEP	2026-09-26T11:43:15.2380882Z ^[[90m11:43AM^[[0m ^[[32mINF^[[0m ^[[1m14 commits scanned.^[[0m
static / gitleaks	UNKNOWN STEP	2026-09-26T11:43:15.2400244Z ^[[90m11:43AM^[[0m DBG Note: this number might be smaller than expected due to commits with no additions
static / gitleaks	UNKNOWN STEP	2026-09-26T11:43:15.2401915Z ^[[90m11:43AM^[[0m ^[[32mINF^[[0m ^[[1mscanned ~1752 bytes (1.75 KB) in 145ms^[[0m
static / gitleaks	UNKNOWN STEP	2026-09-26T11:43:15.2402680Z ^[[90m11:43AM^[[0m ^[[32mINF^[[0m ^[[1mno leaks found^[[0m
static / gitleaks	UNKNOWN STEP	2026-09-26T11:43:15.2414042Z Artifact name is valid!
static / gitleaks	UNKNOWN STEP	2026-09-26T11:43:15.2416211Z Root directory input is valid!
static / gitleaks	UNKNOWN STEP	2026-09-26T11:43:15.5978217Z Beginning upload of artifact content to blob storage
static / gitleaks	UNKNOWN STEP	2026-09-26T11:43:15.8707384Z Uploaded bytes 6816
static / gitleaks	UNKNOWN STEP	2026-09-26T11:43:15.9427472Z Finished uploading artifact content to blob storage!
static / gitleaks	UNKNOWN STEP	2026-09-26T11:43:15.9428879Z SHA256 digest of uploaded artifact zip is 2be510c9d159b9df94c572778388ddca4f9e3c5ce38323d2967d906fe73c0e84
static / gitleaks	UNKNOWN STEP	2026-09-26T11:43:15.9439616Z Finalizing artifact upload
static / gitleaks	UNKNOWN STEP	2026-09-26T11:43:16.2963594Z Artifact gitleaks-results.sarif.zip successfully finalized. Artifact ID 10905198618
static / gitleaks	UNKNOWN STEP	2026-09-26T11:43:16.2979153Z ✅ No leaks detected
static / gitleaks	UNKNOWN STEP	2026-09-26T11:43:16.3218784Z Post job cleanup.
static / gitleaks	UNKNOWN STEP	2026-09-26T11:43:16.4045620Z [command]/usr/bin/git version
static / gitleaks	UNKNOWN STEP	2026-09-26T11:43:16.4087105Z git version 2.55.0
static / gitleaks	UNKNOWN STEP	2026-09-26T11:43:16.4122421Z Temporarily overriding HOME='/home/runner/work/_temp/7a4464cc-b69c-4951-866b-bd8abcb72af0' before making global git config changes
static / gitleaks	UNKNOWN STEP	2026-09-26T11:43:16.4123875Z Adding repository directory to the temporary git global config as a safe directory
static / gitleaks	UNKNOWN STEP	2026-09-26T11:43:16.4127587Z [command]/usr/bin/git config --global --add safe.directory /home/runner/work/deepseek-review-probe/deepseek-review-probe
static / gitleaks	UNKNOWN STEP	2026-09-26T11:43:16.4159746Z Removing SSH command configuration
static / gitleaks	UNKNOWN STEP	2026-09-26T11:43:16.4166229Z [command]/usr/bin/git config --local --name-only --get-regexp core\.sshCommand
static / gitleaks	UNKNOWN STEP	2026-09-26T11:43:16.4202467Z [command]/usr/bin/git submodule foreach --recursive sh -c "git config --local --name-only --get-regexp 'core\.sshCommand' && git config --local --unset-all 'core.sshCommand' || :"
static / gitleaks	UNKNOWN STEP	2026-09-26T11:43:16.4452662Z Removing HTTP extra header
static / gitleaks	UNKNOWN STEP	2026-09-26T11:43:16.4458258Z [command]/usr/bin/git config --local --name-only --get-regexp http\.https\:\/\/github\.com\/\.extraheader
static / gitleaks	UNKNOWN STEP	2026-09-26T11:43:16.4502563Z [command]/usr/bin/git submodule foreach --recursive sh -c "git config --local --name-only --get-regexp 'http\.https\:\/\/github\.com\/\.extraheader' && git config --local --unset-all 'http.https://github.com/.extraheader' || :"
static / gitleaks	UNKNOWN STEP	2026-09-26T11:43:16.4746919Z Removing includeIf entries pointing to credentials config files
static / gitleaks	UNKNOWN STEP	2026-09-26T11:43:16.4753443Z [command]/usr/bin/git config --local --name-only --get-regexp ^includeIf\.gitdir:
static / gitleaks	UNKNOWN STEP	2026-09-26T11:43:16.4791254Z [command]/usr/bin/git submodule foreach --recursive git config --local --show-origin --name-only --get-regexp remote.origin.url
static / gitleaks	UNKNOWN STEP	2026-09-26T11:43:16.5188515Z Cleaning up orphan processes
codeql / Trivy (filesystem)	UNKNOWN STEP	﻿2026-09-26T11:43:07.9257179Z Current runner version: '2.337.0'
codeql / Trivy (filesystem)	UNKNOWN STEP	2026-09-26T11:43:07.9275918Z ##[group]Runner Image Provisioner
codeql / Trivy (filesystem)	UNKNOWN STEP	2026-09-26T11:43:07.9276589Z Hosted Compute Agent
codeql / Trivy (filesystem)	UNKNOWN STEP	2026-09-26T11:43:07.9276996Z Version: 20260828.587
codeql / Trivy (filesystem)	UNKNOWN STEP	2026-09-26T11:43:07.9277453Z Commit: abac92662cab4cc7352de4f9f9d2e2419aad9c29
codeql / Trivy (filesystem)	UNKNOWN STEP	2026-09-26T11:43:07.9277966Z Build Date: 2026-08-28T16:44:25Z
codeql / Trivy (filesystem)	UNKNOWN STEP	2026-09-26T11:43:07.9278423Z Worker ID: {642b2049-284e-4793-a82e-0d692fe0de63}
codeql / Trivy (filesystem)	UNKNOWN STEP	2026-09-26T11:43:07.9278954Z Azure Region: centralus
codeql / Trivy (filesystem)	UNKNOWN STEP	2026-09-26T11:43:07.9279396Z ##[endgroup]
codeql / Trivy (filesystem)	UNKNOWN STEP	2026-09-26T11:43:07.9280315Z ##[group]Operating System
codeql / Trivy (filesystem)	UNKNOWN STEP	2026-09-26T11:43:07.9280954Z Ubuntu
codeql / Trivy (filesystem)	UNKNOWN STEP	2026-09-26T11:43:07.9281309Z 24.04.5
codeql / Trivy (filesystem)	UNKNOWN STEP	2026-09-26T11:43:07.9281715Z LTS
codeql / Trivy (filesystem)	UNKNOWN STEP	2026-09-26T11:43:07.9282076Z ##[endgroup]
codeql / Trivy (filesystem)	UNKNOWN STEP	2026-09-26T11:43:07.9282458Z ##[group]Runner Image
codeql / Trivy (filesystem)	UNKNOWN STEP	2026-09-26T11:43:07.9282883Z Image: ubuntu-24.04
codeql / Trivy (filesystem)	UNKNOWN STEP	2026-09-26T11:43:07.9283276Z Version: 20260920.314.1
codeql / Trivy (filesystem)	UNKNOWN STEP	2026-09-26T11:43:07.9284196Z Included Software: https://github.com/actions/runner-images/blob/ubuntu24/20260920.314/images/ubuntu/Ubuntu2404-Readme.md
codeql / Trivy (filesystem)	UNKNOWN STEP	2026-09-26T11:43:07.9285251Z Image Release: https://github.com/actions/runner-images/releases/tag/ubuntu24%2F20260920.314
codeql / Trivy (filesystem)	UNKNOWN STEP	2026-09-26T11:43:07.9285967Z ##[endgroup]
codeql / Trivy (filesystem)	UNKNOWN STEP	2026-09-26T11:43:07.9286922Z ##[group]GITHUB_TOKEN Permissions
codeql / Trivy (filesystem)	UNKNOWN STEP	2026-09-26T11:43:07.9288724Z Actions: read
codeql / Trivy (filesystem)	UNKNOWN STEP	2026-09-26T11:43:07.9289120Z Contents: read
codeql / Trivy (filesystem)	UNKNOWN STEP	2026-09-26T11:43:07.9289541Z Metadata: read
codeql / Trivy (filesystem)	UNKNOWN STEP	2026-09-26T11:43:07.9289930Z SecurityEvents: write
codeql / Trivy (filesystem)	UNKNOWN STEP	2026-09-26T11:43:07.9290512Z ##[endgroup]
codeql / Trivy (filesystem)	UNKNOWN STEP	2026-09-26T11:43:07.9292064Z Secret source: Actions
codeql / Trivy (filesystem)	UNKNOWN STEP	2026-09-26T11:43:07.9292710Z Cache mode: write
codeql / Trivy (filesystem)	UNKNOWN STEP	2026-09-26T11:43:07.9293196Z Prepare workflow directory
codeql / Trivy (filesystem)	UNKNOWN STEP	2026-09-26T11:43:07.9581387Z Prepare all required actions
codeql / Trivy (filesystem)	UNKNOWN STEP	2026-09-26T11:43:07.9630177Z Getting action download info
codeql / Trivy (filesystem)	UNKNOWN STEP	2026-09-26T11:43:08.1897999Z Download action repository 'actions/checkout@3d3c42e5aac5ba805825da76410c181273ba90b1' (SHA:3d3c42e5aac5ba805825da76410c181273ba90b1)
codeql / Trivy (filesystem)	UNKNOWN STEP	2026-09-26T11:43:08.4141210Z Download action repository 'aquasecurity/trivy-action@ed142fd0673e97e23eac54620cfb913e5ce36c25' (SHA:ed142fd0673e97e23eac54620cfb913e5ce36c25)
codeql / Trivy (filesystem)	UNKNOWN STEP	2026-09-26T11:43:08.8121418Z Download action repository 'github/codeql-action@2892aa5e19bbd11bc0cff5427e3b750a04d9e3c2' (SHA:2892aa5e19bbd11bc0cff5427e3b750a04d9e3c2)
codeql / Trivy (filesystem)	UNKNOWN STEP	2026-09-26T11:43:09.5093993Z Getting action download info
codeql / Trivy (filesystem)	UNKNOWN STEP	2026-09-26T11:43:09.6065774Z Download action repository 'aquasecurity/setup-trivy@3fb12ec12f41e471780db15c232d5dd185dcb514' (SHA:3fb12ec12f41e471780db15c232d5dd185dcb514)
codeql / Trivy (filesystem)	UNKNOWN STEP	2026-09-26T11:43:09.7743724Z Download action repository 'actions/cache@27d5ce7f107fe9357f9df03efb73ab90386fccae' (SHA:27d5ce7f107fe9357f9df03efb73ab90386fccae)
codeql / Trivy (filesystem)	UNKNOWN STEP	2026-09-26T11:43:10.3140072Z Getting action download info
codeql / Trivy (filesystem)	UNKNOWN STEP	2026-09-26T11:43:10.4258826Z Download action repository 'actions/cache@9255dc7a253b0ccc959486e2bca901246202afeb' (SHA:9255dc7a253b0ccc959486e2bca901246202afeb)
codeql / Trivy (filesystem)	UNKNOWN STEP	2026-09-26T11:43:10.7692597Z Download action repository 'actions/checkout@8e8c483db84b4bee98b60c0593521ed34d9990e8' (SHA:8e8c483db84b4bee98b60c0593521ed34d9990e8)
codeql / Trivy (filesystem)	UNKNOWN STEP	2026-09-26T11:43:11.1453502Z Uses: tznthou/deepseek-code-review/.github/workflows/reusable-codeql.yml@refs/tags/v1 (96c5bf9822857caf775cca0072511042d6fd3de1)
codeql / Trivy (filesystem)	UNKNOWN STEP	2026-09-26T11:43:11.1456487Z ##[group] Inputs
codeql / Trivy (filesystem)	UNKNOWN STEP	2026-09-26T11:43:11.1456837Z   languages: ["python"]
codeql / Trivy (filesystem)	UNKNOWN STEP	2026-09-26T11:43:11.1457092Z   build-mode: none
codeql / Trivy (filesystem)	UNKNOWN STEP	2026-09-26T11:43:11.1457584Z   kit-ref: v1
codeql / Trivy (filesystem)	UNKNOWN STEP	2026-09-26T11:43:11.1457865Z   config-file: 
codeql / Trivy (filesystem)	UNKNOWN STEP	2026-09-26T11:43:11.1458378Z   skip-trivy: false
codeql / Trivy (filesystem)	UNKNOWN STEP	2026-09-26T11:43:11.1458668Z ##[endgroup]
codeql / Trivy (filesystem)	UNKNOWN STEP	2026-09-26T11:43:11.1459091Z Complete job name: codeql / Trivy (filesystem)
codeql / Trivy (filesystem)	UNKNOWN STEP	2026-09-26T11:43:11.1942779Z ##[group]Run actions/checkout@3d3c42e5aac5ba805825da76410c181273ba90b1
codeql / Trivy (filesystem)	UNKNOWN STEP	2026-09-26T11:43:11.1943364Z with:
codeql / Trivy (filesystem)	UNKNOWN STEP	2026-09-26T11:43:11.1943607Z   persist-credentials: false
codeql / Trivy (filesystem)	UNKNOWN STEP	2026-09-26T11:43:11.1943905Z   repository: tznthou/deepseek-review-probe
codeql / Trivy (filesystem)	UNKNOWN STEP	2026-09-26T11:43:11.1945694Z   token: ***
codeql / Trivy (filesystem)	UNKNOWN STEP	2026-09-26T11:43:11.1945911Z   ssh-strict: true
codeql / Trivy (filesystem)	UNKNOWN STEP	2026-09-26T11:43:11.1946166Z   ssh-user: git
codeql / Trivy (filesystem)	UNKNOWN STEP	2026-09-26T11:43:11.1946421Z   clean: true
codeql / Trivy (filesystem)	UNKNOWN STEP	2026-09-26T11:43:11.1946666Z   sparse-checkout-cone-mode: true
codeql / Trivy (filesystem)	UNKNOWN STEP	2026-09-26T11:43:11.1947104Z   fetch-depth: 1
codeql / Trivy (filesystem)	UNKNOWN STEP	2026-09-26T11:43:11.1947311Z   fetch-tags: false
codeql / Trivy (filesystem)	UNKNOWN STEP	2026-09-26T11:43:11.1947563Z   show-progress: true
codeql / Trivy (filesystem)	UNKNOWN STEP	2026-09-26T11:43:11.1947803Z   lfs: false
codeql / Trivy (filesystem)	UNKNOWN STEP	2026-09-26T11:43:11.1948037Z   submodules: false
codeql / Trivy (filesystem)	UNKNOWN STEP	2026-09-26T11:43:11.1948291Z   set-safe-directory: true
codeql / Trivy (filesystem)	UNKNOWN STEP	2026-09-26T11:43:11.1948541Z   allow-unsafe-pr-checkout: false
codeql / Trivy (filesystem)	UNKNOWN STEP	2026-09-26T11:43:11.1948887Z ##[endgroup]
codeql / Trivy (filesystem)	UNKNOWN STEP	2026-09-26T11:43:11.2712214Z Syncing repository: tznthou/deepseek-review-probe
codeql / Trivy (filesystem)	UNKNOWN STEP	2026-09-26T11:43:11.2713943Z ##[group]Getting Git version info
codeql / Trivy (filesystem)	UNKNOWN STEP	2026-09-26T11:43:11.2714640Z Working directory is '/home/runner/work/deepseek-review-probe/deepseek-review-probe'
codeql / Trivy (filesystem)	UNKNOWN STEP	2026-09-26T11:43:11.2715402Z [command]/usr/bin/git version
codeql / Trivy (filesystem)	UNKNOWN STEP	2026-09-26T11:43:11.4635297Z git version 2.55.0
codeql / Trivy (filesystem)	UNKNOWN STEP	2026-09-26T11:43:11.4657405Z ##[endgroup]
codeql / Trivy (filesystem)	UNKNOWN STEP	2026-09-26T11:43:11.4668970Z Temporarily overriding HOME='/home/runner/work/_temp/10b0ed31-51e2-4af2-9bd4-9561b72ac303' before making global git config changes
codeql / Trivy (filesystem)	UNKNOWN STEP	2026-09-26T11:43:11.4669974Z Adding repository directory to the temporary git global config as a safe directory
codeql / Trivy (filesystem)	UNKNOWN STEP	2026-09-26T11:43:11.4674999Z [command]/usr/bin/git config --global --add safe.directory /home/runner/work/deepseek-review-probe/deepseek-review-probe
codeql / Trivy (filesystem)	UNKNOWN STEP	2026-09-26T11:43:11.4781945Z Deleting the contents of '/home/runner/work/deepseek-review-probe/deepseek-review-probe'
codeql / Trivy (filesystem)	UNKNOWN STEP	2026-09-26T11:43:11.4784541Z ##[group]Determining repository object format
codeql / Trivy (filesystem)	UNKNOWN STEP	2026-09-26T11:43:11.4785859Z ##[endgroup]
codeql / Trivy (filesystem)	UNKNOWN STEP	2026-09-26T11:43:11.4786228Z ##[group]Initializing the repository
codeql / Trivy (filesystem)	UNKNOWN STEP	2026-09-26T11:43:11.4790784Z [command]/usr/bin/git init /home/runner/work/deepseek-review-probe/deepseek-review-probe
codeql / Trivy (filesystem)	UNKNOWN STEP	2026-09-26T11:43:11.4888360Z hint: Using 'master' as the name for the initial branch. This default branch name
codeql / Trivy (filesystem)	UNKNOWN STEP	2026-09-26T11:43:11.4889304Z hint: will change to "main" in Git 3.0. To configure the initial branch name
codeql / Trivy (filesystem)	UNKNOWN STEP	2026-09-26T11:43:11.4889860Z hint: to use in all of your new repositories, which will suppress this warning,
codeql / Trivy (filesystem)	UNKNOWN STEP	2026-09-26T11:43:11.4890969Z hint: call:
codeql / Trivy (filesystem)	UNKNOWN STEP	2026-09-26T11:43:11.4891306Z hint:
codeql / Trivy (filesystem)	UNKNOWN STEP	2026-09-26T11:43:11.4892005Z hint: 	git config --global init.defaultBranch <name>
codeql / Trivy (filesystem)	UNKNOWN STEP	2026-09-26T11:43:11.4892479Z hint:
codeql / Trivy (filesystem)	UNKNOWN STEP	2026-09-26T11:43:11.4892995Z hint: Names commonly chosen instead of 'master' are 'main', 'trunk' and
codeql / Trivy (filesystem)	UNKNOWN STEP	2026-09-26T11:43:11.4893555Z hint: 'development'. The just-created branch can be renamed via this command:
codeql / Trivy (filesystem)	UNKNOWN STEP	2026-09-26T11:43:11.4894072Z hint:
codeql / Trivy (filesystem)	UNKNOWN STEP	2026-09-26T11:43:11.4894536Z hint: 	git branch -m <name>
codeql / Trivy (filesystem)	UNKNOWN STEP	2026-09-26T11:43:11.4894873Z hint:
codeql / Trivy (filesystem)	UNKNOWN STEP	2026-09-26T11:43:11.4895242Z hint: Disable this message with "git config set advice.defaultBranchName false"
codeql / Trivy (filesystem)	UNKNOWN STEP	2026-09-26T11:43:11.4895891Z Initialized empty Git repository in /home/runner/work/deepseek-review-probe/deepseek-review-probe/.git/
codeql / Trivy (filesystem)	UNKNOWN STEP	2026-09-26T11:43:11.4897082Z [command]/usr/bin/git remote add origin https://github.com/tznthou/deepseek-review-probe
codeql / Trivy (filesystem)	UNKNOWN STEP	2026-09-26T11:43:11.4944919Z ##[endgroup]
codeql / Trivy (filesystem)	UNKNOWN STEP	2026-09-26T11:43:11.4945462Z ##[group]Disabling automatic garbage collection
codeql / Trivy (filesystem)	UNKNOWN STEP	2026-09-26T11:43:11.4948001Z [command]/usr/bin/git config --local gc.auto 0
codeql / Trivy (filesystem)	UNKNOWN STEP	2026-09-26T11:43:11.4972030Z ##[endgroup]
codeql / Trivy (filesystem)	UNKNOWN STEP	2026-09-26T11:43:11.4972699Z ##[group]Setting up auth
codeql / Trivy (filesystem)	UNKNOWN STEP	2026-09-26T11:43:11.4973077Z Removing SSH command configuration
codeql / Trivy (filesystem)	UNKNOWN STEP	2026-09-26T11:43:11.4977009Z [command]/usr/bin/git config --local --name-only --get-regexp core\.sshCommand
codeql / Trivy (filesystem)	UNKNOWN STEP	2026-09-26T11:43:11.5001047Z [command]/usr/bin/git submodule foreach --recursive sh -c "git config --local --name-only --get-regexp 'core\.sshCommand' && git config --local --unset-all 'core.sshCommand' || :"
codeql / Trivy (filesystem)	UNKNOWN STEP	2026-09-26T11:43:11.5274330Z Removing HTTP extra header
codeql / Trivy (filesystem)	UNKNOWN STEP	2026-09-26T11:43:11.5278151Z [command]/usr/bin/git config --local --name-only --get-regexp http\.https\:\/\/github\.com\/\.extraheader
codeql / Trivy (filesystem)	UNKNOWN STEP	2026-09-26T11:43:11.5299582Z [command]/usr/bin/git submodule foreach --recursive sh -c "git config --local --name-only --get-regexp 'http\.https\:\/\/github\.com\/\.extraheader' && git config --local --unset-all 'http.https://github.com/.extraheader' || :"
codeql / Trivy (filesystem)	UNKNOWN STEP	2026-09-26T11:43:11.5444310Z Removing includeIf entries pointing to credentials config files
codeql / Trivy (filesystem)	UNKNOWN STEP	2026-09-26T11:43:11.5448619Z [command]/usr/bin/git config --local --name-only --get-regexp ^includeIf\.gitdir:
codeql / Trivy (filesystem)	UNKNOWN STEP	2026-09-26T11:43:11.5471288Z [command]/usr/bin/git submodule foreach --recursive git config --local --show-origin --name-only --get-regexp remote.origin.url
codeql / Trivy (filesystem)	UNKNOWN STEP	2026-09-26T11:43:11.5619052Z [command]/usr/bin/git config --file /home/runner/work/_temp/git-credentials-c70529a9-7102-444e-8c6d-bc6dc42bd7e4.config http.https://github.com/.extraheader AUTHORIZATION: basic ***
codeql / Trivy (filesystem)	UNKNOWN STEP	2026-09-26T11:43:11.5966746Z [command]/usr/bin/git config --local includeIf.gitdir:/home/runner/work/deepseek-review-probe/deepseek-review-probe/.git.path /home/runner/work/_temp/git-credentials-c70529a9-7102-444e-8c6d-bc6dc42bd7e4.config
codeql / Trivy (filesystem)	UNKNOWN STEP	2026-09-26T11:43:11.5991145Z [command]/usr/bin/git config --local includeIf.gitdir:/home/runner/work/deepseek-review-probe/deepseek-review-probe/.git/worktrees/*.path /home/runner/work/_temp/git-credentials-c70529a9-7102-444e-8c6d-bc6dc42bd7e4.config
codeql / Trivy (filesystem)	UNKNOWN STEP	2026-09-26T11:43:11.6018374Z [command]/usr/bin/git config --local includeIf.gitdir:/github/workspace/.git.path /github/runner_temp/git-credentials-c70529a9-7102-444e-8c6d-bc6dc42bd7e4.config
codeql / Trivy (filesystem)	UNKNOWN STEP	2026-09-26T11:43:11.6042666Z [command]/usr/bin/git config --local includeIf.gitdir:/github/workspace/.git/worktrees/*.path /github/runner_temp/git-credentials-c70529a9-7102-444e-8c6d-bc6dc42bd7e4.config
codeql / Trivy (filesystem)	UNKNOWN STEP	2026-09-26T11:43:11.6064427Z ##[endgroup]
codeql / Trivy (filesystem)	UNKNOWN STEP	2026-09-26T11:43:11.6064814Z ##[group]Fetching the repository
codeql / Trivy (filesystem)	UNKNOWN STEP	2026-09-26T11:43:11.6069630Z [command]/usr/bin/git -c protocol.version=2 fetch --no-tags --prune --no-recurse-submodules --depth=1 origin +3bbb913b5127e4783803d0beb823968ceebe1a9c:refs/remotes/pull/1/merge
codeql / Trivy (filesystem)	UNKNOWN STEP	2026-09-26T11:43:12.1157460Z From https://github.com/tznthou/deepseek-review-probe
codeql / Trivy (filesystem)	UNKNOWN STEP	2026-09-26T11:43:12.1160197Z  * [new ref]         3bbb913b5127e4783803d0beb823968ceebe1a9c -> pull/1/merge
codeql / Trivy (filesystem)	UNKNOWN STEP	2026-09-26T11:43:12.1163061Z ##[endgroup]
codeql / Trivy (filesystem)	UNKNOWN STEP	2026-09-26T11:43:12.1163516Z ##[group]Determining the checkout info
codeql / Trivy (filesystem)	UNKNOWN STEP	2026-09-26T11:43:12.1163945Z ##[endgroup]
codeql / Trivy (filesystem)	UNKNOWN STEP	2026-09-26T11:43:12.1168958Z [command]/usr/bin/git sparse-checkout disable
codeql / Trivy (filesystem)	UNKNOWN STEP	2026-09-26T11:43:12.1211622Z [command]/usr/bin/git config --local --unset-all extensions.worktreeConfig
codeql / Trivy (filesystem)	UNKNOWN STEP	2026-09-26T11:43:12.1235137Z ##[group]Checking out the ref
codeql / Trivy (filesystem)	UNKNOWN STEP	2026-09-26T11:43:12.1238957Z [command]/usr/bin/git checkout --progress --force refs/remotes/pull/1/merge
codeql / Trivy (filesystem)	UNKNOWN STEP	2026-09-26T11:43:12.1272869Z Note: switching to 'refs/remotes/pull/1/merge'.
codeql / Trivy (filesystem)	UNKNOWN STEP	2026-09-26T11:43:12.1273427Z 
codeql / Trivy (filesystem)	UNKNOWN STEP	2026-09-26T11:43:12.1273734Z You are in 'detached HEAD' state. You can look around, make experimental
codeql / Trivy (filesystem)	UNKNOWN STEP	2026-09-26T11:43:12.1274156Z changes and commit them, and you can discard any commits you make in this
codeql / Trivy (filesystem)	UNKNOWN STEP	2026-09-26T11:43:12.1274509Z state without impacting any branches by switching back to a branch.
codeql / Trivy (filesystem)	UNKNOWN STEP	2026-09-26T11:43:12.1274709Z 
codeql / Trivy (filesystem)	UNKNOWN STEP	2026-09-26T11:43:12.1274888Z If you want to create a new branch to retain commits you create, you may
codeql / Trivy (filesystem)	UNKNOWN STEP	2026-09-26T11:43:12.1275193Z do so (now or later) by using -c with the switch command. Example:
codeql / Trivy (filesystem)	UNKNOWN STEP	2026-09-26T11:43:12.1275359Z 
codeql / Trivy (filesystem)	UNKNOWN STEP	2026-09-26T11:43:12.1275451Z   git switch -c <new-branch-name>
codeql / Trivy (filesystem)	UNKNOWN STEP	2026-09-26T11:43:12.1275588Z 
codeql / Trivy (filesystem)	UNKNOWN STEP	2026-09-26T11:43:12.1275668Z Or undo this operation with:
codeql / Trivy (filesystem)	UNKNOWN STEP	2026-09-26T11:43:12.1275789Z 
codeql / Trivy (filesystem)	UNKNOWN STEP	2026-09-26T11:43:12.1275853Z   git switch -
codeql / Trivy (filesystem)	UNKNOWN STEP	2026-09-26T11:43:12.1275956Z 
codeql / Trivy (filesystem)	UNKNOWN STEP	2026-09-26T11:43:12.1276101Z Turn off this advice by setting config variable advice.detachedHead to false
codeql / Trivy (filesystem)	UNKNOWN STEP	2026-09-26T11:43:12.1276308Z 
codeql / Trivy (filesystem)	UNKNOWN STEP	2026-09-26T11:43:12.1276543Z HEAD is now at 3bbb913 Merge 71c75aadb1c1eda9760da20214fefe2ec0a9d0bd into b0ad2963a92e88785066c8e8c137022f07fc5e80
codeql / Trivy (filesystem)	UNKNOWN STEP	2026-09-26T11:43:12.1281567Z ##[endgroup]
codeql / Trivy (filesystem)	UNKNOWN STEP	2026-09-26T11:43:12.1312034Z [command]/usr/bin/git log -1 --format=%H
codeql / Trivy (filesystem)	UNKNOWN STEP	2026-09-26T11:43:12.1329467Z 3bbb913b5127e4783803d0beb823968ceebe1a9c
codeql / Trivy (filesystem)	UNKNOWN STEP	2026-09-26T11:43:12.1336374Z ##[group]Removing auth
codeql / Trivy (filesystem)	UNKNOWN STEP	2026-09-26T11:43:12.1336604Z Removing SSH command configuration
codeql / Trivy (filesystem)	UNKNOWN STEP	2026-09-26T11:43:12.1339317Z [command]/usr/bin/git config --local --name-only --get-regexp core\.sshCommand
codeql / Trivy (filesystem)	UNKNOWN STEP	2026-09-26T11:43:12.1362838Z [command]/usr/bin/git submodule foreach --recursive sh -c "git config --local --name-only --get-regexp 'core\.sshCommand' && git config --local --unset-all 'core.sshCommand' || :"
codeql / Trivy (filesystem)	UNKNOWN STEP	2026-09-26T11:43:12.1511852Z Removing HTTP extra header
codeql / Trivy (filesystem)	UNKNOWN STEP	2026-09-26T11:43:12.1513929Z [command]/usr/bin/git config --local --name-only --get-regexp http\.https\:\/\/github\.com\/\.extraheader
codeql / Trivy (filesystem)	UNKNOWN STEP	2026-09-26T11:43:12.1538067Z [command]/usr/bin/git submodule foreach --recursive sh -c "git config --local --name-only --get-regexp 'http\.https\:\/\/github\.com\/\.extraheader' && git config --local --unset-all 'http.https://github.com/.extraheader' || :"
codeql / Trivy (filesystem)	UNKNOWN STEP	2026-09-26T11:43:12.1683780Z Removing includeIf entries pointing to credentials config files
codeql / Trivy (filesystem)	UNKNOWN STEP	2026-09-26T11:43:12.1685373Z [command]/usr/bin/git config --local --name-only --get-regexp ^includeIf\.gitdir:
codeql / Trivy (filesystem)	UNKNOWN STEP	2026-09-26T11:43:12.1704503Z includeif.gitdir:/home/runner/work/deepseek-review-probe/deepseek-review-probe/.git.path
codeql / Trivy (filesystem)	UNKNOWN STEP	2026-09-26T11:43:12.1705045Z includeif.gitdir:/home/runner/work/deepseek-review-probe/deepseek-review-probe/.git/worktrees/*.path
codeql / Trivy (filesystem)	UNKNOWN STEP	2026-09-26T11:43:12.1705491Z includeif.gitdir:/github/workspace/.git.path
codeql / Trivy (filesystem)	UNKNOWN STEP	2026-09-26T11:43:12.1705762Z includeif.gitdir:/github/workspace/.git/worktrees/*.path
codeql / Trivy (filesystem)	UNKNOWN STEP	2026-09-26T11:43:12.1710592Z [command]/usr/bin/git config --local --get-all includeif.gitdir:/home/runner/work/deepseek-review-probe/deepseek-review-probe/.git.path
codeql / Trivy (filesystem)	UNKNOWN STEP	2026-09-26T11:43:12.1727107Z /home/runner/work/_temp/git-credentials-c70529a9-7102-444e-8c6d-bc6dc42bd7e4.config
codeql / Trivy (filesystem)	UNKNOWN STEP	2026-09-26T11:43:12.1733829Z [command]/usr/bin/git config --local --unset includeif.gitdir:/home/runner/work/deepseek-review-probe/deepseek-review-probe/.git.path \/home\/runner\/work\/_temp\/git\-credentials\-c70529a9\-7102\-444e\-8c6d\-bc6dc42bd7e4\.config
codeql / Trivy (filesystem)	UNKNOWN STEP	2026-09-26T11:43:12.1757650Z [command]/usr/bin/git config --local --get-all includeif.gitdir:/home/runner/work/deepseek-review-probe/deepseek-review-probe/.git/worktrees/*.path
codeql / Trivy (filesystem)	UNKNOWN STEP	2026-09-26T11:43:12.1775300Z /home/runner/work/_temp/git-credentials-c70529a9-7102-444e-8c6d-bc6dc42bd7e4.config
codeql / Trivy (filesystem)	UNKNOWN STEP	2026-09-26T11:43:12.1779967Z [command]/usr/bin/git config --local --unset includeif.gitdir:/home/runner/work/deepseek-review-probe/deepseek-review-probe/.git/worktrees/*.path \/home\/runner\/work\/_temp\/git\-credentials\-c70529a9\-7102\-444e\-8c6d\-bc6dc42bd7e4\.config
codeql / Trivy (filesystem)	UNKNOWN STEP	2026-09-26T11:43:12.1804894Z [command]/usr/bin/git config --local --get-all includeif.gitdir:/github/workspace/.git.path
codeql / Trivy (filesystem)	UNKNOWN STEP	2026-09-26T11:43:12.1820492Z /github/runner_temp/git-credentials-c70529a9-7102-444e-8c6d-bc6dc42bd7e4.config
codeql / Trivy (filesystem)	UNKNOWN STEP	2026-09-26T11:43:12.1825873Z [command]/usr/bin/git config --local --unset includeif.gitdir:/github/workspace/.git.path \/github\/runner_temp\/git\-credentials\-c70529a9\-7102\-444e\-8c6d\-bc6dc42bd7e4\.config
codeql / Trivy (filesystem)	UNKNOWN STEP	2026-09-26T11:43:12.1854799Z [command]/usr/bin/git config --local --get-all includeif.gitdir:/github/workspace/.git/worktrees/*.path
codeql / Trivy (filesystem)	UNKNOWN STEP	2026-09-26T11:43:12.1871837Z /github/runner_temp/git-credentials-c70529a9-7102-444e-8c6d-bc6dc42bd7e4.config
codeql / Trivy (filesystem)	UNKNOWN STEP	2026-09-26T11:43:12.1913085Z [command]/usr/bin/git config --local --unset includeif.gitdir:/github/workspace/.git/worktrees/*.path \/github\/runner_temp\/git\-credentials\-c70529a9\-7102\-444e\-8c6d\-bc6dc42bd7e4\.config
codeql / Trivy (filesystem)	UNKNOWN STEP	2026-09-26T11:43:12.1945319Z [command]/usr/bin/git submodule foreach --recursive git config --local --show-origin --name-only --get-regexp remote.origin.url
codeql / Trivy (filesystem)	UNKNOWN STEP	2026-09-26T11:43:12.2087959Z Removing credentials config '/home/runner/work/_temp/git-credentials-c70529a9-7102-444e-8c6d-bc6dc42bd7e4.config'
codeql / Trivy (filesystem)	UNKNOWN STEP	2026-09-26T11:43:12.2096640Z ##[endgroup]
codeql / Trivy (filesystem)	UNKNOWN STEP	2026-09-26T11:43:12.2340127Z ##[group]Run aquasecurity/trivy-action@ed142fd0673e97e23eac54620cfb913e5ce36c25
codeql / Trivy (filesystem)	UNKNOWN STEP	2026-09-26T11:43:12.2340794Z with:
codeql / Trivy (filesystem)	UNKNOWN STEP	2026-09-26T11:43:12.2340998Z   scan-type: fs
codeql / Trivy (filesystem)	UNKNOWN STEP	2026-09-26T11:43:12.2341163Z   scan-ref: .
codeql / Trivy (filesystem)	UNKNOWN STEP	2026-09-26T11:43:12.2341319Z   format: sarif
codeql / Trivy (filesystem)	UNKNOWN STEP	2026-09-26T11:43:12.2341495Z   output: trivy-results.sarif
codeql / Trivy (filesystem)	UNKNOWN STEP	2026-09-26T11:43:12.2341685Z   severity: CRITICAL,HIGH
codeql / Trivy (filesystem)	UNKNOWN STEP	2026-09-26T11:43:12.2341868Z   ignore-unfixed: false
codeql / Trivy (filesystem)	UNKNOWN STEP	2026-09-26T11:43:12.2342044Z   vuln-type: os,library
codeql / Trivy (filesystem)	UNKNOWN STEP	2026-09-26T11:43:12.2342336Z   cache-dir: /home/runner/work/deepseek-review-probe/deepseek-review-probe/.cache/trivy
codeql / Trivy (filesystem)	UNKNOWN STEP	2026-09-26T11:43:12.2342665Z   list-all-pkgs: false
codeql / Trivy (filesystem)	UNKNOWN STEP	2026-09-26T11:43:12.2342974Z   version: v0.70.0
codeql / Trivy (filesystem)	UNKNOWN STEP	2026-09-26T11:43:12.2343137Z   cache: true
codeql / Trivy (filesystem)	UNKNOWN STEP	2026-09-26T11:43:12.2343309Z   skip-setup-trivy: false
codeql / Trivy (filesystem)	UNKNOWN STEP	2026-09-26T11:43:12.2345105Z   token-setup-trivy: ***
codeql / Trivy (filesystem)	UNKNOWN STEP	2026-09-26T11:43:12.2345291Z ##[endgroup]
codeql / Trivy (filesystem)	UNKNOWN STEP	2026-09-26T11:43:12.2394230Z ##[start-action display=Install Trivy;id=__aquasecurity_trivy-action.__aquasecurity_setup-trivy]
codeql / Trivy (filesystem)	UNKNOWN STEP	2026-09-26T11:43:12.2469197Z ##[group]Run aquasecurity/setup-trivy@3fb12ec12f41e471780db15c232d5dd185dcb514
codeql / Trivy (filesystem)	UNKNOWN STEP	2026-09-26T11:43:12.2469514Z with:
codeql / Trivy (filesystem)	UNKNOWN STEP	2026-09-26T11:43:12.2469683Z   version: v0.70.0
codeql / Trivy (filesystem)	UNKNOWN STEP	2026-09-26T11:43:12.2469847Z   cache: true
codeql / Trivy (filesystem)	UNKNOWN STEP	2026-09-26T11:43:12.2471723Z   token: ***
codeql / Trivy (filesystem)	UNKNOWN STEP	2026-09-26T11:43:12.2471904Z   path: $HOME/.local/bin
codeql / Trivy (filesystem)	UNKNOWN STEP	2026-09-26T11:43:12.2472116Z   github-server-url: https://github.com
codeql / Trivy (filesystem)	UNKNOWN STEP	2026-09-26T11:43:12.2472337Z ##[endgroup]
codeql / Trivy (filesystem)	UNKNOWN STEP	2026-09-26T11:43:12.2477604Z ##[start-action display=Binary dir;id=__aquasecurity_trivy-action.__aquasecurity_setup-trivy.binary-dir]
codeql / Trivy (filesystem)	UNKNOWN STEP	2026-09-26T11:43:12.2503053Z ##[group]Run echo "dir=$HOME/.local/bin/trivy-bin" >> $GITHUB_OUTPUT
codeql / Trivy (filesystem)	UNKNOWN STEP	2026-09-26T11:43:12.2503450Z ^[[36;1mecho "dir=$HOME/.local/bin/trivy-bin" >> $GITHUB_OUTPUT^[[0m
codeql / Trivy (filesystem)	UNKNOWN STEP	2026-09-26T11:43:12.2667511Z shell: /usr/bin/bash --noprofile --norc -e -o pipefail {0}
codeql / Trivy (filesystem)	UNKNOWN STEP	2026-09-26T11:43:12.2667779Z ##[endgroup]
codeql / Trivy (filesystem)	UNKNOWN STEP	2026-09-26T11:43:12.2764227Z ##[end-action id=__aquasecurity_trivy-action.__aquasecurity_setup-trivy.binary-dir;outcome=success;conclusion=success;duration_ms=28]
codeql / Trivy (filesystem)	UNKNOWN STEP	2026-09-26T11:43:12.2767359Z ##[start-action display=Check the version for caching;id=__aquasecurity_trivy-action.__aquasecurity_setup-trivy.__run]
codeql / Trivy (filesystem)	UNKNOWN STEP	2026-09-26T11:43:12.2772207Z ##[end-action id=__aquasecurity_trivy-action.__aquasecurity_setup-trivy.__run;outcome=skipped;conclusion=skipped;duration_ms=0]
codeql / Trivy (filesystem)	UNKNOWN STEP	2026-09-26T11:43:12.2773773Z ##[start-action display=Restore Trivy binary from cache;id=__aquasecurity_trivy-action.__aquasecurity_setup-trivy.cache]
codeql / Trivy (filesystem)	UNKNOWN STEP	2026-09-26T11:43:12.2803210Z ##[group]Run actions/cache/restore@9255dc7a253b0ccc959486e2bca901246202afeb
codeql / Trivy (filesystem)	UNKNOWN STEP	2026-09-26T11:43:12.2803509Z with:
codeql / Trivy (filesystem)	UNKNOWN STEP	2026-09-26T11:43:12.2803708Z   path: /home/runner/.local/bin/trivy-bin
codeql / Trivy (filesystem)	UNKNOWN STEP	2026-09-26T11:43:12.2803934Z   key: trivy-binary-v0.70.0-Linux-X64
codeql / Trivy (filesystem)	UNKNOWN STEP	2026-09-26T11:43:12.2804149Z   enableCrossOsArchive: false
codeql / Trivy (filesystem)	UNKNOWN STEP	2026-09-26T11:43:12.2804346Z   fail-on-cache-miss: false
codeql / Trivy (filesystem)	UNKNOWN STEP	2026-09-26T11:43:12.2804536Z   lookup-only: false
codeql / Trivy (filesystem)	UNKNOWN STEP	2026-09-26T11:43:12.2804702Z ##[endgroup]
codeql / Trivy (filesystem)	UNKNOWN STEP	2026-09-26T11:43:12.5085433Z Cache hit for: trivy-binary-v0.70.0-Linux-X64
codeql / Trivy (filesystem)	UNKNOWN STEP	2026-09-26T11:43:13.3299318Z Received 43751258 of 43751258 (100.0%), 63.0 MBs/sec
codeql / Trivy (filesystem)	UNKNOWN STEP	2026-09-26T11:43:13.3299889Z Cache Size: ~42 MB (43751258 B)
codeql / Trivy (filesystem)	UNKNOWN STEP	2026-09-26T11:43:13.3330497Z [command]/usr/bin/tar -xf /home/runner/work/_temp/e445fabe-a2ad-4744-b8b6-4668702a1f80/cache.tzst -P -C /home/runner/work/deepseek-review-probe/deepseek-review-probe --use-compress-program unzstd
codeql / Trivy (filesystem)	UNKNOWN STEP	2026-09-26T11:43:13.4976119Z Cache restored successfully
codeql / Trivy (filesystem)	UNKNOWN STEP	2026-09-26T11:43:13.5043786Z Cache restored from key: trivy-binary-v0.70.0-Linux-X64
codeql / Trivy (filesystem)	UNKNOWN STEP	2026-09-26T11:43:13.5091428Z ##[end-action id=__aquasecurity_trivy-action.__aquasecurity_setup-trivy.cache;outcome=success;conclusion=success;duration_ms=1231]
codeql / Trivy (filesystem)	UNKNOWN STEP	2026-09-26T11:43:13.5094884Z ##[start-action display=Checkout install script;id=__aquasecurity_trivy-action.__aquasecurity_setup-trivy.__actions_checkout]
codeql / Trivy (filesystem)	UNKNOWN STEP	2026-09-26T11:43:13.5102094Z ##[end-action id=__aquasecurity_trivy-action.__aquasecurity_setup-trivy.__actions_checkout;outcome=skipped;conclusion=skipped;duration_ms=0]
codeql / Trivy (filesystem)	UNKNOWN STEP	2026-09-26T11:43:13.5104704Z ##[start-action display=Install Trivy;id=__aquasecurity_trivy-action.__aquasecurity_setup-trivy.__run_2]
codeql / Trivy (filesystem)	UNKNOWN STEP	2026-09-26T11:43:13.5108642Z ##[end-action id=__aquasecurity_trivy-action.__aquasecurity_setup-trivy.__run_2;outcome=skipped;conclusion=skipped;duration_ms=0]
codeql / Trivy (filesystem)	UNKNOWN STEP	2026-09-26T11:43:13.5110183Z ##[start-action display=Add Trivy binary to $GITHUB_PATH;id=__aquasecurity_trivy-action.__aquasecurity_setup-trivy.__run_3]
codeql / Trivy (filesystem)	UNKNOWN STEP	2026-09-26T11:43:13.5127390Z ##[group]Run echo /home/runner/.local/bin/trivy-bin >> $GITHUB_PATH
codeql / Trivy (filesystem)	UNKNOWN STEP	2026-09-26T11:43:13.5127730Z ^[[36;1mecho /home/runner/.local/bin/trivy-bin >> $GITHUB_PATH^[[0m
codeql / Trivy (filesystem)	UNKNOWN STEP	2026-09-26T11:43:13.5160939Z shell: /usr/bin/bash --noprofile --norc -e -o pipefail {0}
codeql / Trivy (filesystem)	UNKNOWN STEP	2026-09-26T11:43:13.5161191Z ##[endgroup]
codeql / Trivy (filesystem)	UNKNOWN STEP	2026-09-26T11:43:13.5212779Z ##[end-action id=__aquasecurity_trivy-action.__aquasecurity_setup-trivy.__run_3;outcome=success;conclusion=success;duration_ms=10]
codeql / Trivy (filesystem)	UNKNOWN STEP	2026-09-26T11:43:13.5214585Z ##[start-action display=Save Trivy binary to cache;id=__aquasecurity_trivy-action.__aquasecurity_setup-trivy.__actions_cache]
codeql / Trivy (filesystem)	UNKNOWN STEP	2026-09-26T11:43:13.5219761Z ##[end-action id=__aquasecurity_trivy-action.__aquasecurity_setup-trivy.__actions_cache;outcome=skipped;conclusion=skipped;duration_ms=0]
codeql / Trivy (filesystem)	UNKNOWN STEP	2026-09-26T11:43:13.5229235Z ##[end-action id=__aquasecurity_trivy-action.__aquasecurity_setup-trivy;outcome=success;conclusion=success;duration_ms=1283]
codeql / Trivy (filesystem)	UNKNOWN STEP	2026-09-26T11:43:13.5231140Z ##[start-action display=Get current date;id=__aquasecurity_trivy-action.date]
codeql / Trivy (filesystem)	UNKNOWN STEP	2026-09-26T11:43:13.5244820Z ##[group]Run echo "date=$(date +'%Y-%m-%d')" >> $GITHUB_OUTPUT
codeql / Trivy (filesystem)	UNKNOWN STEP	2026-09-26T11:43:13.5245121Z ^[[36;1mecho "date=$(date +'%Y-%m-%d')" >> $GITHUB_OUTPUT^[[0m
codeql / Trivy (filesystem)	UNKNOWN STEP	2026-09-26T11:43:13.5271048Z shell: /usr/bin/bash --noprofile --norc -e -o pipefail {0}
codeql / Trivy (filesystem)	UNKNOWN STEP	2026-09-26T11:43:13.5271294Z ##[endgroup]
codeql / Trivy (filesystem)	UNKNOWN STEP	2026-09-26T11:43:13.5324290Z ##[end-action id=__aquasecurity_trivy-action.date;outcome=success;conclusion=success;duration_ms=9]
codeql / Trivy (filesystem)	UNKNOWN STEP	2026-09-26T11:43:13.5325939Z ##[start-action display=Restore DB from cache;id=__aquasecurity_trivy-action.__actions_cache]
codeql / Trivy (filesystem)	UNKNOWN STEP	2026-09-26T11:43:13.5356795Z ##[group]Run actions/cache@27d5ce7f107fe9357f9df03efb73ab90386fccae
codeql / Trivy (filesystem)	UNKNOWN STEP	2026-09-26T11:43:13.5357060Z with:
codeql / Trivy (filesystem)	UNKNOWN STEP	2026-09-26T11:43:13.5357335Z   path: /home/runner/work/deepseek-review-probe/deepseek-review-probe/.cache/trivy
codeql / Trivy (filesystem)	UNKNOWN STEP	2026-09-26T11:43:13.5357654Z   key: cache-trivy-2026-09-26
codeql / Trivy (filesystem)	UNKNOWN STEP	2026-09-26T11:43:13.5357854Z   restore-keys: cache-trivy-
codeql / Trivy (filesystem)	UNKNOWN STEP	2026-09-26T11:43:13.5358051Z   enableCrossOsArchive: false
codeql / Trivy (filesystem)	UNKNOWN STEP	2026-09-26T11:43:13.5358255Z   fail-on-cache-miss: false
codeql / Trivy (filesystem)	UNKNOWN STEP	2026-09-26T11:43:13.5358441Z   lookup-only: false
codeql / Trivy (filesystem)	UNKNOWN STEP	2026-09-26T11:43:13.5358606Z   save-always: false
codeql / Trivy (filesystem)	UNKNOWN STEP	2026-09-26T11:43:13.5358771Z ##[endgroup]
codeql / Trivy (filesystem)	UNKNOWN STEP	2026-09-26T11:43:13.7535951Z Cache hit for: cache-trivy-2026-09-26
codeql / Trivy (filesystem)	UNKNOWN STEP	2026-09-26T11:43:14.9176112Z Received 87406235 of 87406235 (100.0%), 84.0 MBs/sec
codeql / Trivy (filesystem)	UNKNOWN STEP	2026-09-26T11:43:14.9177689Z Cache Size: ~83 MB (87406235 B)
codeql / Trivy (filesystem)	UNKNOWN STEP	2026-09-26T11:43:14.9235148Z [command]/usr/bin/tar -xf /home/runner/work/_temp/172222a3-6f42-4ac7-b9dd-a62016f3462e/cache.tzst -P -C /home/runner/work/deepseek-review-probe/deepseek-review-probe --use-compress-program unzstd
codeql / Trivy (filesystem)	UNKNOWN STEP	2026-09-26T11:43:16.6157170Z Cache restored successfully
codeql / Trivy (filesystem)	UNKNOWN STEP	2026-09-26T11:43:16.6245482Z Cache restored from key: cache-trivy-2026-09-26
codeql / Trivy (filesystem)	UNKNOWN STEP	2026-09-26T11:43:16.6297055Z ##[end-action id=__aquasecurity_trivy-action.__actions_cache;outcome=success;conclusion=success;duration_ms=3097]
codeql / Trivy (filesystem)	UNKNOWN STEP	2026-09-26T11:43:16.6305873Z ##[start-action display=Set GitHub Path;id=__aquasecurity_trivy-action.__run]
codeql / Trivy (filesystem)	UNKNOWN STEP	2026-09-26T11:43:16.6323900Z ##[group]Run echo "$GITHUB_ACTION_PATH" >> $GITHUB_PATH
codeql / Trivy (filesystem)	UNKNOWN STEP	2026-09-26T11:43:16.6324203Z ^[[36;1mecho "$GITHUB_ACTION_PATH" >> $GITHUB_PATH^[[0m
codeql / Trivy (filesystem)	UNKNOWN STEP	2026-09-26T11:43:16.6357862Z shell: /usr/bin/bash --noprofile --norc -e -o pipefail {0}
codeql / Trivy (filesystem)	UNKNOWN STEP	2026-09-26T11:43:16.6358162Z env:
codeql / Trivy (filesystem)	UNKNOWN STEP	2026-09-26T11:43:16.6358490Z   GITHUB_ACTION_PATH: /home/runner/work/_actions/aquasecurity/trivy-action/ed142fd0673e97e23eac54620cfb913e5ce36c25
codeql / Trivy (filesystem)	UNKNOWN STEP	2026-09-26T11:43:16.6358863Z ##[endgroup]
codeql / Trivy (filesystem)	UNKNOWN STEP	2026-09-26T11:43:16.6453090Z ##[end-action id=__aquasecurity_trivy-action.__run;outcome=success;conclusion=success;duration_ms=14]
codeql / Trivy (filesystem)	UNKNOWN STEP	2026-09-26T11:43:16.6454880Z ##[start-action display=Clear Trivy Envs file;id=__aquasecurity_trivy-action.__run_2]
codeql / Trivy (filesystem)	UNKNOWN STEP	2026-09-26T11:43:16.7274824Z ##[group]Run rm -f trivy_envs.txt
codeql / Trivy (filesystem)	UNKNOWN STEP	2026-09-26T11:43:16.7275078Z ^[[36;1mrm -f trivy_envs.txt^[[0m
codeql / Trivy (filesystem)	UNKNOWN STEP	2026-09-26T11:43:16.7275266Z ^[[36;1mtouch trivy_envs.txt^[[0m
codeql / Trivy (filesystem)	UNKNOWN STEP	2026-09-26T11:43:16.7305521Z shell: /usr/bin/bash --noprofile --norc -e -o pipefail {0}
codeql / Trivy (filesystem)	UNKNOWN STEP	2026-09-26T11:43:16.7305778Z ##[endgroup]
codeql / Trivy (filesystem)	UNKNOWN STEP	2026-09-26T11:43:16.7993113Z ##[end-action id=__aquasecurity_trivy-action.__run_2;outcome=success;conclusion=success;duration_ms=153]
codeql / Trivy (filesystem)	UNKNOWN STEP	2026-09-26T11:43:16.7997207Z ##[start-action display=Set Trivy environment variables;id=__aquasecurity_trivy-action.__run_3]
codeql / Trivy (filesystem)	UNKNOWN STEP	2026-09-26T11:43:16.8278410Z ##[group]Run # Note: There is currently no way to distinguish between undefined variables and empty strings in GitHub Actions.
codeql / Trivy (filesystem)	UNKNOWN STEP	2026-09-26T11:43:16.8279052Z ^[[36;1m# Note: There is currently no way to distinguish between undefined variables and empty strings in GitHub Actions.^[[0m
codeql / Trivy (filesystem)	UNKNOWN STEP	2026-09-26T11:43:16.8279483Z ^[[36;1m# This limitation affects how we handle default values and empty inputs.^[[0m
codeql / Trivy (filesystem)	UNKNOWN STEP	2026-09-26T11:43:16.8279859Z ^[[36;1m# For more information, see: https://github.com/actions/runner/issues/924^[[0m
codeql / Trivy (filesystem)	UNKNOWN STEP	2026-09-26T11:43:16.8280133Z ^[[36;1m^[[0m
codeql / Trivy (filesystem)	UNKNOWN STEP	2026-09-26T11:43:16.8280604Z ^[[36;1m# The following logic implements the configuration priority described in the README:^[[0m
codeql / Trivy (filesystem)	UNKNOWN STEP	2026-09-26T11:43:16.8280906Z ^[[36;1m#^[[0m
codeql / Trivy (filesystem)	UNKNOWN STEP	2026-09-26T11:43:16.8281055Z ^[[36;1m# Inputs^[[0m
codeql / Trivy (filesystem)	UNKNOWN STEP	2026-09-26T11:43:16.8281220Z ^[[36;1m# Environment Variables^[[0m
codeql / Trivy (filesystem)	UNKNOWN STEP	2026-09-26T11:43:16.8281412Z ^[[36;1m# Config File^[[0m
codeql / Trivy (filesystem)	UNKNOWN STEP	2026-09-26T11:43:16.8281629Z ^[[36;1m# Defaults^[[0m
codeql / Trivy (filesystem)	UNKNOWN STEP	2026-09-26T11:43:16.8281800Z ^[[36;1m#^[[0m
codeql / Trivy (filesystem)	UNKNOWN STEP	2026-09-26T11:43:16.8282080Z ^[[36;1m# As noted above defaults are awkward to handle as GitHub Actions will inject those values as the input^[[0m
codeql / Trivy (filesystem)	UNKNOWN STEP	2026-09-26T11:43:16.8282528Z ^[[36;1m# if the caller doesn't provide them, thus if the input matches the default we don't set it as we^[[0m
codeql / Trivy (filesystem)	UNKNOWN STEP	2026-09-26T11:43:16.8282984Z ^[[36;1m# can't tell the difference.  Plus if we did set it when it was the default value then it could potentially^[[0m
codeql / Trivy (filesystem)	UNKNOWN STEP	2026-09-26T11:43:16.8283477Z ^[[36;1m# override an external environment variable, or something in the callers configuration file, which then wouldn't^[[0m
codeql / Trivy (filesystem)	UNKNOWN STEP	2026-09-26T11:43:16.8283896Z ^[[36;1m# match the configuration priority that is documented.^[[0m
codeql / Trivy (filesystem)	UNKNOWN STEP	2026-09-26T11:43:16.8284150Z ^[[36;1mset_env_var_if_provided() {^[[0m
codeql / Trivy (filesystem)	UNKNOWN STEP	2026-09-26T11:43:16.8284358Z ^[[36;1m  local var_name="$1"^[[0m
codeql / Trivy (filesystem)	UNKNOWN STEP	2026-09-26T11:43:16.8284549Z ^[[36;1m  local input_value="$2"^[[0m
codeql / Trivy (filesystem)	UNKNOWN STEP	2026-09-26T11:43:16.8284746Z ^[[36;1m  local default_value="$3"^[[0m
codeql / Trivy (filesystem)	UNKNOWN STEP	2026-09-26T11:43:16.8284939Z ^[[36;1m^[[0m
codeql / Trivy (filesystem)	UNKNOWN STEP	2026-09-26T11:43:16.8285160Z ^[[36;1m  if [ -n "$input_value" ] && [ "$input_value" != "$default_value" ]; then^[[0m
codeql / Trivy (filesystem)	UNKNOWN STEP	2026-09-26T11:43:16.8285478Z ^[[36;1m    # If action was provided with explicit input by the caller set that^[[0m
codeql / Trivy (filesystem)	UNKNOWN STEP	2026-09-26T11:43:16.8285839Z ^[[36;1m    # Use printf %q to safely escape special characters and prevent command injection^[[0m
codeql / Trivy (filesystem)	UNKNOWN STEP	2026-09-26T11:43:16.8286198Z ^[[36;1m    printf 'export %s=%q\n' "$var_name" "$input_value" >> trivy_envs.txt^[[0m
codeql / Trivy (filesystem)	UNKNOWN STEP	2026-09-26T11:43:16.8286466Z ^[[36;1m  fi^[[0m
codeql / Trivy (filesystem)	UNKNOWN STEP	2026-09-26T11:43:16.8286616Z ^[[36;1m}^[[0m
codeql / Trivy (filesystem)	UNKNOWN STEP	2026-09-26T11:43:16.8286767Z ^[[36;1m^[[0m
codeql / Trivy (filesystem)	UNKNOWN STEP	2026-09-26T11:43:16.8286977Z ^[[36;1m# Set environment variables, handling those with default values^[[0m
codeql / Trivy (filesystem)	UNKNOWN STEP	2026-09-26T11:43:16.8287365Z ^[[36;1m# cf. https://aquasecurity.github.io/trivy/latest/docs/configuration/#environment-variables^[[0m
codeql / Trivy (filesystem)	UNKNOWN STEP	2026-09-26T11:43:16.8287751Z ^[[36;1mset_env_var_if_provided "TRIVY_INPUT" "$INPUT_INPUT" ""^[[0m
codeql / Trivy (filesystem)	UNKNOWN STEP	2026-09-26T11:43:16.8288044Z ^[[36;1mset_env_var_if_provided "TRIVY_EXIT_CODE" "$INPUT_EXIT_CODE" ""^[[0m
codeql / Trivy (filesystem)	UNKNOWN STEP	2026-09-26T11:43:16.8288395Z ^[[36;1mset_env_var_if_provided "TRIVY_IGNORE_UNFIXED" "$INPUT_IGNORE_UNFIXED" "false"^[[0m
codeql / Trivy (filesystem)	UNKNOWN STEP	2026-09-26T11:43:16.8288750Z ^[[36;1mset_env_var_if_provided "TRIVY_PKG_TYPES" "$INPUT_VULN_TYPE" "os,library"^[[0m
codeql / Trivy (filesystem)	UNKNOWN STEP	2026-09-26T11:43:16.8289285Z ^[[36;1mset_env_var_if_provided "TRIVY_SEVERITY" "$INPUT_SEVERITY" "UNKNOWN,LOW,MEDIUM,HIGH,CRITICAL"^[[0m
codeql / Trivy (filesystem)	UNKNOWN STEP	2026-09-26T11:43:16.8289659Z ^[[36;1mset_env_var_if_provided "TRIVY_FORMAT" "$INPUT_FORMAT" "table"^[[0m
codeql / Trivy (filesystem)	UNKNOWN STEP	2026-09-26T11:43:16.8290009Z ^[[36;1mset_env_var_if_provided "TRIVY_TEMPLATE" "$INPUT_TEMPLATE" ""^[[0m
codeql / Trivy (filesystem)	UNKNOWN STEP	2026-09-26T11:43:16.8290319Z ^[[36;1mset_env_var_if_provided "TRIVY_OUTPUT" "$INPUT_OUTPUT" ""^[[0m
codeql / Trivy (filesystem)	UNKNOWN STEP	2026-09-26T11:43:16.8290714Z ^[[36;1mset_env_var_if_provided "TRIVY_SKIP_DIRS" "$INPUT_SKIP_DIRS" ""^[[0m
codeql / Trivy (filesystem)	UNKNOWN STEP	2026-09-26T11:43:16.8291036Z ^[[36;1mset_env_var_if_provided "TRIVY_SKIP_FILES" "$INPUT_SKIP_FILES" ""^[[0m
codeql / Trivy (filesystem)	UNKNOWN STEP	2026-09-26T11:43:16.8291342Z ^[[36;1mset_env_var_if_provided "TRIVY_TIMEOUT" "$INPUT_TIMEOUT" ""^[[0m
codeql / Trivy (filesystem)	UNKNOWN STEP	2026-09-26T11:43:16.8291664Z ^[[36;1mset_env_var_if_provided "TRIVY_IGNORE_POLICY" "$INPUT_IGNORE_POLICY" ""^[[0m
codeql / Trivy (filesystem)	UNKNOWN STEP	2026-09-26T11:43:16.8292064Z ^[[36;1mset_env_var_if_provided "TRIVY_QUIET" "$INPUT_HIDE_PROGRESS" ""^[[0m
codeql / Trivy (filesystem)	UNKNOWN STEP	2026-09-26T11:43:16.8292441Z ^[[36;1mset_env_var_if_provided "TRIVY_LIST_ALL_PKGS" "$INPUT_LIST_ALL_PKGS" "false"^[[0m
codeql / Trivy (filesystem)	UNKNOWN STEP	2026-09-26T11:43:16.8292784Z ^[[36;1mset_env_var_if_provided "TRIVY_SCANNERS" "$INPUT_SCANNERS" ""^[[0m
codeql / Trivy (filesystem)	UNKNOWN STEP	2026-09-26T11:43:16.8293081Z ^[[36;1mset_env_var_if_provided "TRIVY_CONFIG" "$INPUT_TRIVY_CONFIG" ""^[[0m
codeql / Trivy (filesystem)	UNKNOWN STEP	2026-09-26T11:43:16.8293385Z ^[[36;1mset_env_var_if_provided "TRIVY_TF_VARS" "$INPUT_TF_VARS" ""^[[0m
codeql / Trivy (filesystem)	UNKNOWN STEP	2026-09-26T11:43:16.8293689Z ^[[36;1mset_env_var_if_provided "TRIVY_DOCKER_HOST" "$INPUT_DOCKER_HOST" ""^[[0m
codeql / Trivy (filesystem)	UNKNOWN STEP	2026-09-26T11:43:16.8327695Z shell: /usr/bin/bash --noprofile --norc -e -o pipefail {0}
codeql / Trivy (filesystem)	UNKNOWN STEP	2026-09-26T11:43:16.8327947Z env:
codeql / Trivy (filesystem)	UNKNOWN STEP	2026-09-26T11:43:16.8328114Z   INPUT_INPUT: 
codeql / Trivy (filesystem)	UNKNOWN STEP	2026-09-26T11:43:16.8328280Z   INPUT_EXIT_CODE: 
codeql / Trivy (filesystem)	UNKNOWN STEP	2026-09-26T11:43:16.8328454Z   INPUT_IGNORE_UNFIXED: false
codeql / Trivy (filesystem)	UNKNOWN STEP	2026-09-26T11:43:16.8328655Z   INPUT_VULN_TYPE: os,library
codeql / Trivy (filesystem)	UNKNOWN STEP	2026-09-26T11:43:16.8328860Z   INPUT_SEVERITY: CRITICAL,HIGH
codeql / Trivy (filesystem)	UNKNOWN STEP	2026-09-26T11:43:16.8329053Z   INPUT_FORMAT: sarif
codeql / Trivy (filesystem)	UNKNOWN STEP	2026-09-26T11:43:16.8329222Z   INPUT_TEMPLATE: 
codeql / Trivy (filesystem)	UNKNOWN STEP	2026-09-26T11:43:16.8329543Z   INPUT_OUTPUT: trivy-results.sarif
codeql / Trivy (filesystem)	UNKNOWN STEP	2026-09-26T11:43:16.8329762Z   INPUT_SKIP_DIRS: 
codeql / Trivy (filesystem)	UNKNOWN STEP	2026-09-26T11:43:16.8329929Z   INPUT_SKIP_FILES: 
codeql / Trivy (filesystem)	UNKNOWN STEP	2026-09-26T11:43:16.8330120Z   INPUT_TIMEOUT: 
codeql / Trivy (filesystem)	UNKNOWN STEP	2026-09-26T11:43:16.8330286Z   INPUT_IGNORE_POLICY: 
codeql / Trivy (filesystem)	UNKNOWN STEP	2026-09-26T11:43:16.8330565Z   INPUT_HIDE_PROGRESS: 
codeql / Trivy (filesystem)	UNKNOWN STEP	2026-09-26T11:43:16.8330756Z   INPUT_LIST_ALL_PKGS: false
codeql / Trivy (filesystem)	UNKNOWN STEP	2026-09-26T11:43:16.8330933Z   INPUT_SCANNERS: 
codeql / Trivy (filesystem)	UNKNOWN STEP	2026-09-26T11:43:16.8331112Z   INPUT_TRIVY_CONFIG: 
codeql / Trivy (filesystem)	UNKNOWN STEP	2026-09-26T11:43:16.8331277Z   INPUT_TF_VARS: 
codeql / Trivy (filesystem)	UNKNOWN STEP	2026-09-26T11:43:16.8331440Z   INPUT_DOCKER_HOST: 
codeql / Trivy (filesystem)	UNKNOWN STEP	2026-09-26T11:43:16.8331608Z ##[endgroup]
codeql / Trivy (filesystem)	UNKNOWN STEP	2026-09-26T11:43:16.9662188Z ##[end-action id=__aquasecurity_trivy-action.__run_3;outcome=success;conclusion=success;duration_ms=166]
codeql / Trivy (filesystem)	UNKNOWN STEP	2026-09-26T11:43:16.9665860Z ##[start-action display=Run Trivy;id=__aquasecurity_trivy-action.__run_4]
codeql / Trivy (filesystem)	UNKNOWN STEP	2026-09-26T11:43:17.0477458Z ##[group]Run entrypoint.sh
codeql / Trivy (filesystem)	UNKNOWN STEP	2026-09-26T11:43:17.0477695Z ^[[36;1mentrypoint.sh^[[0m
codeql / Trivy (filesystem)	UNKNOWN STEP	2026-09-26T11:43:17.0510066Z shell: /usr/bin/bash --noprofile --norc -e -o pipefail {0}
codeql / Trivy (filesystem)	UNKNOWN STEP	2026-09-26T11:43:17.0510321Z env:
codeql / Trivy (filesystem)	UNKNOWN STEP	2026-09-26T11:43:17.0510570Z   INPUT_SCAN_TYPE: fs
codeql / Trivy (filesystem)	UNKNOWN STEP	2026-09-26T11:43:17.0510754Z   INPUT_IMAGE_REF: 
codeql / Trivy (filesystem)	UNKNOWN STEP	2026-09-26T11:43:17.0510939Z   INPUT_SCAN_REF: .
codeql / Trivy (filesystem)	UNKNOWN STEP	2026-09-26T11:43:17.0511106Z   INPUT_TRIVYIGNORES: 
codeql / Trivy (filesystem)	UNKNOWN STEP	2026-09-26T11:43:17.0511287Z   INPUT_GITHUB_PAT: 
codeql / Trivy (filesystem)	UNKNOWN STEP	2026-09-26T11:43:17.0511464Z   INPUT_LIMIT_SEVERITIES_FOR_SARIF: 
codeql / Trivy (filesystem)	UNKNOWN STEP	2026-09-26T11:43:17.0511798Z   TRIVY_CACHE_DIR: /home/runner/work/deepseek-review-probe/deepseek-review-probe/.cache/trivy
codeql / Trivy (filesystem)	UNKNOWN STEP	2026-09-26T11:43:17.0512115Z ##[endgroup]
codeql / Trivy (filesystem)	UNKNOWN STEP	2026-09-26T11:43:17.2669536Z Building SARIF report with all severities
codeql / Trivy (filesystem)	UNKNOWN STEP	2026-09-26T11:43:17.2669882Z Running Trivy with options: trivy fs .
codeql / Trivy (filesystem)	UNKNOWN STEP	2026-09-26T11:43:17.3367628Z 2026-09-26T11:43:17Z	INFO	[vuln] Vulnerability scanning is enabled
codeql / Trivy (filesystem)	UNKNOWN STEP	2026-09-26T11:43:17.3391610Z 2026-09-26T11:43:17Z	INFO	[secret] Secret scanning is enabled
codeql / Trivy (filesystem)	UNKNOWN STEP	2026-09-26T11:43:17.3392286Z 2026-09-26T11:43:17Z	INFO	[secret] If your scanning is slow, please try '--scanners vuln' to disable secret scanning
codeql / Trivy (filesystem)	UNKNOWN STEP	2026-09-26T11:43:17.3393075Z 2026-09-26T11:43:17Z	INFO	[secret] Please see https://trivy.dev/docs/v0.70/guide/scanner/secret#recommendation for faster secret detection
codeql / Trivy (filesystem)	UNKNOWN STEP	2026-09-26T11:43:17.3405824Z 2026-09-26T11:43:17Z	INFO	Number of language-specific files	num=0
codeql / Trivy (filesystem)	UNKNOWN STEP	2026-09-26T11:43:17.3425966Z ##[end-action id=__aquasecurity_trivy-action.__run_4;outcome=success;conclusion=success;duration_ms=375]
codeql / Trivy (filesystem)	UNKNOWN STEP	2026-09-26T11:43:17.3428943Z ##[start-action display=Remove Trivy Envs file;id=__aquasecurity_trivy-action.__run_5]
codeql / Trivy (filesystem)	UNKNOWN STEP	2026-09-26T11:43:17.3446533Z ##[group]Run rm -f trivy_envs.txt
codeql / Trivy (filesystem)	UNKNOWN STEP	2026-09-26T11:43:17.3446819Z ^[[36;1mrm -f trivy_envs.txt^[[0m
codeql / Trivy (filesystem)	UNKNOWN STEP	2026-09-26T11:43:17.3481521Z shell: /usr/bin/bash --noprofile --norc -e -o pipefail {0}
codeql / Trivy (filesystem)	UNKNOWN STEP	2026-09-26T11:43:17.3481885Z ##[endgroup]
codeql / Trivy (filesystem)	UNKNOWN STEP	2026-09-26T11:43:17.3571651Z ##[end-action id=__aquasecurity_trivy-action.__run_5;outcome=success;conclusion=success;duration_ms=14]
codeql / Trivy (filesystem)	UNKNOWN STEP	2026-09-26T11:43:17.3627201Z ##[group]Run github/codeql-action/upload-sarif@2892aa5e19bbd11bc0cff5427e3b750a04d9e3c2
codeql / Trivy (filesystem)	UNKNOWN STEP	2026-09-26T11:43:17.3627660Z with:
codeql / Trivy (filesystem)	UNKNOWN STEP	2026-09-26T11:43:17.3627936Z   sarif_file: trivy-results.sarif
codeql / Trivy (filesystem)	UNKNOWN STEP	2026-09-26T11:43:17.3628204Z   category: trivy-fs
codeql / Trivy (filesystem)	UNKNOWN STEP	2026-09-26T11:43:17.3628574Z   checkout_path: /home/runner/work/deepseek-review-probe/deepseek-review-probe
codeql / Trivy (filesystem)	UNKNOWN STEP	2026-09-26T11:43:17.3630649Z   token: ***
codeql / Trivy (filesystem)	UNKNOWN STEP	2026-09-26T11:43:17.3630928Z   matrix: null
codeql / Trivy (filesystem)	UNKNOWN STEP	2026-09-26T11:43:17.3631157Z   wait-for-processing: true
codeql / Trivy (filesystem)	UNKNOWN STEP	2026-09-26T11:43:17.3631431Z ##[endgroup]
codeql / Trivy (filesystem)	UNKNOWN STEP	2026-09-26T11:43:17.5322679Z Job run UUID is 79d24ffa-998e-4b85-bede-849b1eca6243.
codeql / Trivy (filesystem)	UNKNOWN STEP	2026-09-26T11:43:18.2780630Z Post-processing sarif files: ["trivy-results.sarif"]
codeql / Trivy (filesystem)	UNKNOWN STEP	2026-09-26T11:43:18.2782934Z Validating trivy-results.sarif
codeql / Trivy (filesystem)	UNKNOWN STEP	2026-09-26T11:43:18.2872396Z Adding fingerprints to SARIF file. See https://docs.github.com/en/code-security/reference/code-scanning/sarif-support-for-code-scanning#data-for-preventing-duplicated-alerts for more information.
codeql / Trivy (filesystem)	UNKNOWN STEP	2026-09-26T11:43:18.2874274Z ##[group]Uploading code scanning results
codeql / Trivy (filesystem)	UNKNOWN STEP	2026-09-26T11:43:18.3025889Z Uploading results
codeql / Trivy (filesystem)	UNKNOWN STEP	2026-09-26T11:43:18.8542250Z Successfully uploaded results
codeql / Trivy (filesystem)	UNKNOWN STEP	2026-09-26T11:43:18.8543769Z ##[endgroup]
codeql / Trivy (filesystem)	UNKNOWN STEP	2026-09-26T11:43:18.8546216Z ##[group]Waiting for processing to finish
codeql / Trivy (filesystem)	UNKNOWN STEP	2026-09-26T11:43:24.0586540Z Analysis upload status is complete.
codeql / Trivy (filesystem)	UNKNOWN STEP	2026-09-26T11:43:24.0587563Z ##[endgroup]
codeql / Trivy (filesystem)	UNKNOWN STEP	2026-09-26T11:43:24.3945487Z Post job cleanup.
codeql / Trivy (filesystem)	UNKNOWN STEP	2026-09-26T11:43:24.5623646Z ##[group]Uploading combined SARIF debug artifact
codeql / Trivy (filesystem)	UNKNOWN STEP	2026-09-26T11:43:24.5624307Z ##[endgroup]
codeql / Trivy (filesystem)	UNKNOWN STEP	2026-09-26T11:43:24.5839841Z Post job cleanup.
codeql / Trivy (filesystem)	UNKNOWN STEP	2026-09-26T11:43:24.5844788Z ##[start-action display=Restore DB from cache;id=__804fe345-241b-48c1-9a32-c21de9204750.__actions_cache]
codeql / Trivy (filesystem)	UNKNOWN STEP	2026-09-26T11:43:24.5890671Z Post job cleanup.
codeql / Trivy (filesystem)	UNKNOWN STEP	2026-09-26T11:43:24.6836873Z Cache hit occurred on the primary key cache-trivy-2026-09-26, not saving cache.
codeql / Trivy (filesystem)	UNKNOWN STEP	2026-09-26T11:43:24.6868322Z ##[end-action id=__804fe345-241b-48c1-9a32-c21de9204750.__actions_cache;outcome=success;conclusion=success;duration_ms=102]
codeql / Trivy (filesystem)	UNKNOWN STEP	2026-09-26T11:43:24.6870986Z ##[start-action display=Install Trivy;id=__804fe345-241b-48c1-9a32-c21de9204750.__aquasecurity_setup-trivy]
codeql / Trivy (filesystem)	UNKNOWN STEP	2026-09-26T11:43:24.6952247Z Post job cleanup.
codeql / Trivy (filesystem)	UNKNOWN STEP	2026-09-26T11:43:24.6957552Z ##[end-action id=__804fe345-241b-48c1-9a32-c21de9204750.__aquasecurity_setup-trivy;outcome=success;conclusion=success;duration_ms=8]
codeql / Trivy (filesystem)	UNKNOWN STEP	2026-09-26T11:43:24.7030208Z Post job cleanup.
codeql / Trivy (filesystem)	UNKNOWN STEP	2026-09-26T11:43:24.7698894Z [command]/usr/bin/git version
codeql / Trivy (filesystem)	UNKNOWN STEP	2026-09-26T11:43:24.7735518Z git version 2.55.0
codeql / Trivy (filesystem)	UNKNOWN STEP	2026-09-26T11:43:24.7764846Z Temporarily overriding HOME='/home/runner/work/_temp/fca840f9-a328-45b2-a807-acdfd93d09d2' before making global git config changes
codeql / Trivy (filesystem)	UNKNOWN STEP	2026-09-26T11:43:24.7765902Z Adding repository directory to the temporary git global config as a safe directory
codeql / Trivy (filesystem)	UNKNOWN STEP	2026-09-26T11:43:24.7768453Z [command]/usr/bin/git config --global --add safe.directory /home/runner/work/deepseek-review-probe/deepseek-review-probe
codeql / Trivy (filesystem)	UNKNOWN STEP	2026-09-26T11:43:24.7797236Z Removing SSH command configuration
codeql / Trivy (filesystem)	UNKNOWN STEP	2026-09-26T11:43:24.7803381Z [command]/usr/bin/git config --local --name-only --get-regexp core\.sshCommand
codeql / Trivy (filesystem)	UNKNOWN STEP	2026-09-26T11:43:24.7849196Z [command]/usr/bin/git submodule foreach --recursive sh -c "git config --local --name-only --get-regexp 'core\.sshCommand' && git config --local --unset-all 'core.sshCommand' || :"
codeql / Trivy (filesystem)	UNKNOWN STEP	2026-09-26T11:43:24.8052351Z Removing HTTP extra header
codeql / Trivy (filesystem)	UNKNOWN STEP	2026-09-26T11:43:24.8056884Z [command]/usr/bin/git config --local --name-only --get-regexp http\.https\:\/\/github\.com\/\.extraheader
codeql / Trivy (filesystem)	UNKNOWN STEP	2026-09-26T11:43:24.8081667Z [command]/usr/bin/git submodule foreach --recursive sh -c "git config --local --name-only --get-regexp 'http\.https\:\/\/github\.com\/\.extraheader' && git config --local --unset-all 'http.https://github.com/.extraheader' || :"
codeql / Trivy (filesystem)	UNKNOWN STEP	2026-09-26T11:43:24.8228619Z Removing includeIf entries pointing to credentials config files
codeql / Trivy (filesystem)	UNKNOWN STEP	2026-09-26T11:43:24.8235336Z [command]/usr/bin/git config --local --name-only --get-regexp ^includeIf\.gitdir:
codeql / Trivy (filesystem)	UNKNOWN STEP	2026-09-26T11:43:24.8258137Z [command]/usr/bin/git submodule foreach --recursive git config --local --show-origin --name-only --get-regexp remote.origin.url
codeql / Trivy (filesystem)	UNKNOWN STEP	2026-09-26T11:43:24.8502950Z Cleaning up orphan processes
codeql / Analyze (python)	UNKNOWN STEP	﻿2026-09-26T11:43:08.0153724Z Current runner version: '2.337.0'
codeql / Analyze (python)	UNKNOWN STEP	2026-09-26T11:43:08.0173906Z ##[group]Runner Image Provisioner
codeql / Analyze (python)	UNKNOWN STEP	2026-09-26T11:43:08.0174583Z Hosted Compute Agent
codeql / Analyze (python)	UNKNOWN STEP	2026-09-26T11:43:08.0175109Z Version: 20260828.587
codeql / Analyze (python)	UNKNOWN STEP	2026-09-26T11:43:08.0175646Z Commit: abac92662cab4cc7352de4f9f9d2e2419aad9c29
codeql / Analyze (python)	UNKNOWN STEP	2026-09-26T11:43:08.0176286Z Build Date: 2026-08-28T16:44:25Z
codeql / Analyze (python)	UNKNOWN STEP	2026-09-26T11:43:08.0177139Z Worker ID: {05964a19-2b78-4d7f-a2e7-9c43e98cbfed}
codeql / Analyze (python)	UNKNOWN STEP	2026-09-26T11:43:08.0177721Z Azure Region: westus3
codeql / Analyze (python)	UNKNOWN STEP	2026-09-26T11:43:08.0178228Z ##[endgroup]
codeql / Analyze (python)	UNKNOWN STEP	2026-09-26T11:43:08.0179363Z ##[group]Operating System
codeql / Analyze (python)	UNKNOWN STEP	2026-09-26T11:43:08.0179891Z Ubuntu
codeql / Analyze (python)	UNKNOWN STEP	2026-09-26T11:43:08.0180373Z 24.04.5
codeql / Analyze (python)	UNKNOWN STEP	2026-09-26T11:43:08.0180795Z LTS
codeql / Analyze (python)	UNKNOWN STEP	2026-09-26T11:43:08.0181198Z ##[endgroup]
codeql / Analyze (python)	UNKNOWN STEP	2026-09-26T11:43:08.0181705Z ##[group]Runner Image
codeql / Analyze (python)	UNKNOWN STEP	2026-09-26T11:43:08.0182254Z Image: ubuntu-24.04
codeql / Analyze (python)	UNKNOWN STEP	2026-09-26T11:43:08.0182750Z Version: 20260920.314.1
codeql / Analyze (python)	UNKNOWN STEP	2026-09-26T11:43:08.0183762Z Included Software: https://github.com/actions/runner-images/blob/ubuntu24/20260920.314/images/ubuntu/Ubuntu2404-Readme.md
codeql / Analyze (python)	UNKNOWN STEP	2026-09-26T11:43:08.0185071Z Image Release: https://github.com/actions/runner-images/releases/tag/ubuntu24%2F20260920.314
codeql / Analyze (python)	UNKNOWN STEP	2026-09-26T11:43:08.0185859Z ##[endgroup]
codeql / Analyze (python)	UNKNOWN STEP	2026-09-26T11:43:08.0187194Z ##[group]GITHUB_TOKEN Permissions
codeql / Analyze (python)	UNKNOWN STEP	2026-09-26T11:43:08.0188738Z Actions: read
codeql / Analyze (python)	UNKNOWN STEP	2026-09-26T11:43:08.0189297Z Contents: read
codeql / Analyze (python)	UNKNOWN STEP	2026-09-26T11:43:08.0189789Z Metadata: read
codeql / Analyze (python)	UNKNOWN STEP	2026-09-26T11:43:08.0190230Z Packages: read
codeql / Analyze (python)	UNKNOWN STEP	2026-09-26T11:43:08.0190752Z SecurityEvents: write
codeql / Analyze (python)	UNKNOWN STEP	2026-09-26T11:43:08.0191237Z ##[endgroup]
codeql / Analyze (python)	UNKNOWN STEP	2026-09-26T11:43:08.0192909Z Secret source: Actions
codeql / Analyze (python)	UNKNOWN STEP	2026-09-26T11:43:08.0193715Z Cache mode: write
codeql / Analyze (python)	UNKNOWN STEP	2026-09-26T11:43:08.0194304Z Prepare workflow directory
codeql / Analyze (python)	UNKNOWN STEP	2026-09-26T11:43:08.0540787Z Prepare all required actions
codeql / Analyze (python)	UNKNOWN STEP	2026-09-26T11:43:08.0579729Z Getting action download info
codeql / Analyze (python)	UNKNOWN STEP	2026-09-26T11:43:08.3373505Z Download action repository 'actions/checkout@3d3c42e5aac5ba805825da76410c181273ba90b1' (SHA:3d3c42e5aac5ba805825da76410c181273ba90b1)
codeql / Analyze (python)	UNKNOWN STEP	2026-09-26T11:43:08.7115167Z Download action repository 'github/codeql-action@2892aa5e19bbd11bc0cff5427e3b750a04d9e3c2' (SHA:2892aa5e19bbd11bc0cff5427e3b750a04d9e3c2)
codeql / Analyze (python)	UNKNOWN STEP	2026-09-26T11:43:09.6705418Z Uses: tznthou/deepseek-code-review/.github/workflows/reusable-codeql.yml@refs/tags/v1 (96c5bf9822857caf775cca0072511042d6fd3de1)
codeql / Analyze (python)	UNKNOWN STEP	2026-09-26T11:43:09.6709718Z ##[group] Inputs
codeql / Analyze (python)	UNKNOWN STEP	2026-09-26T11:43:09.6710193Z   languages: ["python"]
codeql / Analyze (python)	UNKNOWN STEP	2026-09-26T11:43:09.6710622Z   build-mode: none
codeql / Analyze (python)	UNKNOWN STEP	2026-09-26T11:43:09.6711025Z   kit-ref: v1
codeql / Analyze (python)	UNKNOWN STEP	2026-09-26T11:43:09.6711391Z   config-file: 
codeql / Analyze (python)	UNKNOWN STEP	2026-09-26T11:43:09.6712035Z   skip-trivy: false
codeql / Analyze (python)	UNKNOWN STEP	2026-09-26T11:43:09.6712441Z ##[endgroup]
codeql / Analyze (python)	UNKNOWN STEP	2026-09-26T11:43:09.6712860Z Complete job name: codeql / Analyze (python)
codeql / Analyze (python)	UNKNOWN STEP	2026-09-26T11:43:09.7333772Z ##[group]Run actions/checkout@3d3c42e5aac5ba805825da76410c181273ba90b1
codeql / Analyze (python)	UNKNOWN STEP	2026-09-26T11:43:09.7334632Z with:
codeql / Analyze (python)	UNKNOWN STEP	2026-09-26T11:43:09.7335020Z   persist-credentials: false
codeql / Analyze (python)	UNKNOWN STEP	2026-09-26T11:43:09.7335507Z   repository: tznthou/deepseek-review-probe
codeql / Analyze (python)	UNKNOWN STEP	2026-09-26T11:43:09.7338869Z   token: ***
codeql / Analyze (python)	UNKNOWN STEP	2026-09-26T11:43:09.7339253Z   ssh-strict: true
codeql / Analyze (python)	UNKNOWN STEP	2026-09-26T11:43:09.7339639Z   ssh-user: git
codeql / Analyze (python)	UNKNOWN STEP	2026-09-26T11:43:09.7340025Z   clean: true
codeql / Analyze (python)	UNKNOWN STEP	2026-09-26T11:43:09.7340407Z   sparse-checkout-cone-mode: true
codeql / Analyze (python)	UNKNOWN STEP	2026-09-26T11:43:09.7340856Z   fetch-depth: 1
codeql / Analyze (python)	UNKNOWN STEP	2026-09-26T11:43:09.7341229Z   fetch-tags: false
codeql / Analyze (python)	UNKNOWN STEP	2026-09-26T11:43:09.7341605Z   show-progress: true
codeql / Analyze (python)	UNKNOWN STEP	2026-09-26T11:43:09.7341985Z   lfs: false
codeql / Analyze (python)	UNKNOWN STEP	2026-09-26T11:43:09.7342336Z   submodules: false
codeql / Analyze (python)	UNKNOWN STEP	2026-09-26T11:43:09.7342719Z   set-safe-directory: true
codeql / Analyze (python)	UNKNOWN STEP	2026-09-26T11:43:09.7343146Z   allow-unsafe-pr-checkout: false
codeql / Analyze (python)	UNKNOWN STEP	2026-09-26T11:43:09.7343764Z ##[endgroup]
codeql / Analyze (python)	UNKNOWN STEP	2026-09-26T11:43:09.8172192Z Syncing repository: tznthou/deepseek-review-probe
codeql / Analyze (python)	UNKNOWN STEP	2026-09-26T11:43:09.8174769Z ##[group]Getting Git version info
codeql / Analyze (python)	UNKNOWN STEP	2026-09-26T11:43:09.8175956Z Working directory is '/home/runner/work/deepseek-review-probe/deepseek-review-probe'
codeql / Analyze (python)	UNKNOWN STEP	2026-09-26T11:43:09.8177862Z [command]/usr/bin/git version
codeql / Analyze (python)	UNKNOWN STEP	2026-09-26T11:43:09.8242754Z git version 2.55.0
codeql / Analyze (python)	UNKNOWN STEP	2026-09-26T11:43:09.8259312Z ##[endgroup]
codeql / Analyze (python)	UNKNOWN STEP	2026-09-26T11:43:09.8269407Z Temporarily overriding HOME='/home/runner/work/_temp/a2f75850-bcf2-4421-8644-ce08f263c142' before making global git config changes
codeql / Analyze (python)	UNKNOWN STEP	2026-09-26T11:43:09.8271591Z Adding repository directory to the temporary git global config as a safe directory
codeql / Analyze (python)	UNKNOWN STEP	2026-09-26T11:43:09.8275561Z [command]/usr/bin/git config --global --add safe.directory /home/runner/work/deepseek-review-probe/deepseek-review-probe
codeql / Analyze (python)	UNKNOWN STEP	2026-09-26T11:43:09.8316210Z Deleting the contents of '/home/runner/work/deepseek-review-probe/deepseek-review-probe'
codeql / Analyze (python)	UNKNOWN STEP	2026-09-26T11:43:09.8317901Z ##[group]Determining repository object format
codeql / Analyze (python)	UNKNOWN STEP	2026-09-26T11:43:09.8319160Z ##[endgroup]
codeql / Analyze (python)	UNKNOWN STEP	2026-09-26T11:43:09.8319786Z ##[group]Initializing the repository
codeql / Analyze (python)	UNKNOWN STEP	2026-09-26T11:43:09.8331762Z [command]/usr/bin/git init /home/runner/work/deepseek-review-probe/deepseek-review-probe
codeql / Analyze (python)	UNKNOWN STEP	2026-09-26T11:43:09.8402042Z hint: Using 'master' as the name for the initial branch. This default branch name
codeql / Analyze (python)	UNKNOWN STEP	2026-09-26T11:43:09.8403428Z hint: will change to "main" in Git 3.0. To configure the initial branch name
codeql / Analyze (python)	UNKNOWN STEP	2026-09-26T11:43:09.8404763Z hint: to use in all of your new repositories, which will suppress this warning,
codeql / Analyze (python)	UNKNOWN STEP	2026-09-26T11:43:09.8405881Z hint: call:
codeql / Analyze (python)	UNKNOWN STEP	2026-09-26T11:43:09.8406438Z hint:
codeql / Analyze (python)	UNKNOWN STEP	2026-09-26T11:43:09.8407292Z hint: 	git config --global init.defaultBranch <name>
codeql / Analyze (python)	UNKNOWN STEP	2026-09-26T11:43:09.8408178Z hint:
codeql / Analyze (python)	UNKNOWN STEP	2026-09-26T11:43:09.8408973Z hint: Names commonly chosen instead of 'master' are 'main', 'trunk' and
codeql / Analyze (python)	UNKNOWN STEP	2026-09-26T11:43:09.8410253Z hint: 'development'. The just-created branch can be renamed via this command:
codeql / Analyze (python)	UNKNOWN STEP	2026-09-26T11:43:09.8411279Z hint:
codeql / Analyze (python)	UNKNOWN STEP	2026-09-26T11:43:09.8411870Z hint: 	git branch -m <name>
codeql / Analyze (python)	UNKNOWN STEP	2026-09-26T11:43:09.8412520Z hint:
codeql / Analyze (python)	UNKNOWN STEP	2026-09-26T11:43:09.8413402Z hint: Disable this message with "git config set advice.defaultBranchName false"
codeql / Analyze (python)	UNKNOWN STEP	2026-09-26T11:43:09.8419337Z Initialized empty Git repository in /home/runner/work/deepseek-review-probe/deepseek-review-probe/.git/
codeql / Analyze (python)	UNKNOWN STEP	2026-09-26T11:43:09.8425463Z [command]/usr/bin/git remote add origin https://github.com/tznthou/deepseek-review-probe
codeql / Analyze (python)	UNKNOWN STEP	2026-09-26T11:43:09.8467366Z ##[endgroup]
codeql / Analyze (python)	UNKNOWN STEP	2026-09-26T11:43:09.8468511Z ##[group]Disabling automatic garbage collection
codeql / Analyze (python)	UNKNOWN STEP	2026-09-26T11:43:09.8469539Z [command]/usr/bin/git config --local gc.auto 0
codeql / Analyze (python)	UNKNOWN STEP	2026-09-26T11:43:09.8497800Z ##[endgroup]
codeql / Analyze (python)	UNKNOWN STEP	2026-09-26T11:43:09.8499019Z ##[group]Setting up auth
codeql / Analyze (python)	UNKNOWN STEP	2026-09-26T11:43:09.8573876Z Removing SSH command configuration
codeql / Analyze (python)	UNKNOWN STEP	2026-09-26T11:43:09.8574728Z [command]/usr/bin/git config --local --name-only --get-regexp core\.sshCommand
codeql / Analyze (python)	UNKNOWN STEP	2026-09-26T11:43:09.8577759Z [command]/usr/bin/git submodule foreach --recursive sh -c "git config --local --name-only --get-regexp 'core\.sshCommand' && git config --local --unset-all 'core.sshCommand' || :"
codeql / Analyze (python)	UNKNOWN STEP	2026-09-26T11:43:09.8828575Z Removing HTTP extra header
codeql / Analyze (python)	UNKNOWN STEP	2026-09-26T11:43:09.8834568Z [command]/usr/bin/git config --local --name-only --get-regexp http\.https\:\/\/github\.com\/\.extraheader
codeql / Analyze (python)	UNKNOWN STEP	2026-09-26T11:43:09.8867275Z [command]/usr/bin/git submodule foreach --recursive sh -c "git config --local --name-only --get-regexp 'http\.https\:\/\/github\.com\/\.extraheader' && git config --local --unset-all 'http.https://github.com/.extraheader' || :"
codeql / Analyze (python)	UNKNOWN STEP	2026-09-26T11:43:09.9061356Z Removing includeIf entries pointing to credentials config files
codeql / Analyze (python)	UNKNOWN STEP	2026-09-26T11:43:09.9066057Z [command]/usr/bin/git config --local --name-only --get-regexp ^includeIf\.gitdir:
codeql / Analyze (python)	UNKNOWN STEP	2026-09-26T11:43:09.9096946Z [command]/usr/bin/git submodule foreach --recursive git config --local --show-origin --name-only --get-regexp remote.origin.url
codeql / Analyze (python)	UNKNOWN STEP	2026-09-26T11:43:09.9290336Z [command]/usr/bin/git config --file /home/runner/work/_temp/git-credentials-2e575527-4ded-4063-baab-1ce450ebd4de.config http.https://github.com/.extraheader AUTHORIZATION: basic ***
codeql / Analyze (python)	UNKNOWN STEP	2026-09-26T11:43:09.9323256Z [command]/usr/bin/git config --local includeIf.gitdir:/home/runner/work/deepseek-review-probe/deepseek-review-probe/.git.path /home/runner/work/_temp/git-credentials-2e575527-4ded-4063-baab-1ce450ebd4de.config
codeql / Analyze (python)	UNKNOWN STEP	2026-09-26T11:43:09.9352992Z [command]/usr/bin/git config --local includeIf.gitdir:/home/runner/work/deepseek-review-probe/deepseek-review-probe/.git/worktrees/*.path /home/runner/work/_temp/git-credentials-2e575527-4ded-4063-baab-1ce450ebd4de.config
codeql / Analyze (python)	UNKNOWN STEP	2026-09-26T11:43:09.9384289Z [command]/usr/bin/git config --local includeIf.gitdir:/github/workspace/.git.path /github/runner_temp/git-credentials-2e575527-4ded-4063-baab-1ce450ebd4de.config
codeql / Analyze (python)	UNKNOWN STEP	2026-09-26T11:43:09.9414256Z [command]/usr/bin/git config --local includeIf.gitdir:/github/workspace/.git/worktrees/*.path /github/runner_temp/git-credentials-2e575527-4ded-4063-baab-1ce450ebd4de.config
codeql / Analyze (python)	UNKNOWN STEP	2026-09-26T11:43:09.9441122Z ##[endgroup]
codeql / Analyze (python)	UNKNOWN STEP	2026-09-26T11:43:09.9441763Z ##[group]Fetching the repository
codeql / Analyze (python)	UNKNOWN STEP	2026-09-26T11:43:09.9446272Z [command]/usr/bin/git -c protocol.version=2 fetch --no-tags --prune --no-recurse-submodules --depth=1 origin +3bbb913b5127e4783803d0beb823968ceebe1a9c:refs/remotes/pull/1/merge
codeql / Analyze (python)	UNKNOWN STEP	2026-09-26T11:43:10.3878353Z From https://github.com/tznthou/deepseek-review-probe
codeql / Analyze (python)	UNKNOWN STEP	2026-09-26T11:43:10.3879479Z  * [new ref]         3bbb913b5127e4783803d0beb823968ceebe1a9c -> pull/1/merge
codeql / Analyze (python)	UNKNOWN STEP	2026-09-26T11:43:10.3883355Z ##[endgroup]
codeql / Analyze (python)	UNKNOWN STEP	2026-09-26T11:43:10.3884304Z ##[group]Determining the checkout info
codeql / Analyze (python)	UNKNOWN STEP	2026-09-26T11:43:10.3885335Z ##[endgroup]
codeql / Analyze (python)	UNKNOWN STEP	2026-09-26T11:43:10.3889244Z [command]/usr/bin/git sparse-checkout disable
codeql / Analyze (python)	UNKNOWN STEP	2026-09-26T11:43:10.3933993Z [command]/usr/bin/git config --local --unset-all extensions.worktreeConfig
codeql / Analyze (python)	UNKNOWN STEP	2026-09-26T11:43:10.3962587Z ##[group]Checking out the ref
codeql / Analyze (python)	UNKNOWN STEP	2026-09-26T11:43:10.3966040Z [command]/usr/bin/git checkout --progress --force refs/remotes/pull/1/merge
codeql / Analyze (python)	UNKNOWN STEP	2026-09-26T11:43:10.4007628Z Note: switching to 'refs/remotes/pull/1/merge'.
codeql / Analyze (python)	UNKNOWN STEP	2026-09-26T11:43:10.4008136Z 
codeql / Analyze (python)	UNKNOWN STEP	2026-09-26T11:43:10.4008448Z You are in 'detached HEAD' state. You can look around, make experimental
codeql / Analyze (python)	UNKNOWN STEP	2026-09-26T11:43:10.4009206Z changes and commit them, and you can discard any commits you make in this
codeql / Analyze (python)	UNKNOWN STEP	2026-09-26T11:43:10.4009894Z state without impacting any branches by switching back to a branch.
codeql / Analyze (python)	UNKNOWN STEP	2026-09-26T11:43:10.4010285Z 
codeql / Analyze (python)	UNKNOWN STEP	2026-09-26T11:43:10.4010570Z If you want to create a new branch to retain commits you create, you may
codeql / Analyze (python)	UNKNOWN STEP	2026-09-26T11:43:10.4011208Z do so (now or later) by using -c with the switch command. Example:
codeql / Analyze (python)	UNKNOWN STEP	2026-09-26T11:43:10.4011601Z 
codeql / Analyze (python)	UNKNOWN STEP	2026-09-26T11:43:10.4011774Z   git switch -c <new-branch-name>
codeql / Analyze (python)	UNKNOWN STEP	2026-09-26T11:43:10.4012040Z 
codeql / Analyze (python)	UNKNOWN STEP	2026-09-26T11:43:10.4012206Z Or undo this operation with:
codeql / Analyze (python)	UNKNOWN STEP	2026-09-26T11:43:10.4012451Z 
codeql / Analyze (python)	UNKNOWN STEP	2026-09-26T11:43:10.4012622Z   git switch -
codeql / Analyze (python)	UNKNOWN STEP	2026-09-26T11:43:10.4012848Z 
codeql / Analyze (python)	UNKNOWN STEP	2026-09-26T11:43:10.4013193Z Turn off this advice by setting config variable advice.detachedHead to false
codeql / Analyze (python)	UNKNOWN STEP	2026-09-26T11:43:10.4013628Z 
codeql / Analyze (python)	UNKNOWN STEP	2026-09-26T11:43:10.4014198Z HEAD is now at 3bbb913 Merge 71c75aadb1c1eda9760da20214fefe2ec0a9d0bd into b0ad2963a92e88785066c8e8c137022f07fc5e80
codeql / Analyze (python)	UNKNOWN STEP	2026-09-26T11:43:10.4016122Z ##[endgroup]
codeql / Analyze (python)	UNKNOWN STEP	2026-09-26T11:43:10.4054023Z [command]/usr/bin/git log -1 --format=%H
codeql / Analyze (python)	UNKNOWN STEP	2026-09-26T11:43:10.4078718Z 3bbb913b5127e4783803d0beb823968ceebe1a9c
codeql / Analyze (python)	UNKNOWN STEP	2026-09-26T11:43:10.4087261Z ##[group]Removing auth
codeql / Analyze (python)	UNKNOWN STEP	2026-09-26T11:43:10.4087884Z Removing SSH command configuration
codeql / Analyze (python)	UNKNOWN STEP	2026-09-26T11:43:10.4090579Z [command]/usr/bin/git config --local --name-only --get-regexp core\.sshCommand
codeql / Analyze (python)	UNKNOWN STEP	2026-09-26T11:43:10.4120368Z [command]/usr/bin/git submodule foreach --recursive sh -c "git config --local --name-only --get-regexp 'core\.sshCommand' && git config --local --unset-all 'core.sshCommand' || :"
codeql / Analyze (python)	UNKNOWN STEP	2026-09-26T11:43:10.4313972Z Removing HTTP extra header
codeql / Analyze (python)	UNKNOWN STEP	2026-09-26T11:43:10.4316973Z [command]/usr/bin/git config --local --name-only --get-regexp http\.https\:\/\/github\.com\/\.extraheader
codeql / Analyze (python)	UNKNOWN STEP	2026-09-26T11:43:10.4349197Z [command]/usr/bin/git submodule foreach --recursive sh -c "git config --local --name-only --get-regexp 'http\.https\:\/\/github\.com\/\.extraheader' && git config --local --unset-all 'http.https://github.com/.extraheader' || :"
codeql / Analyze (python)	UNKNOWN STEP	2026-09-26T11:43:10.4543586Z Removing includeIf entries pointing to credentials config files
codeql / Analyze (python)	UNKNOWN STEP	2026-09-26T11:43:10.4546198Z [command]/usr/bin/git config --local --name-only --get-regexp ^includeIf\.gitdir:
codeql / Analyze (python)	UNKNOWN STEP	2026-09-26T11:43:10.4572304Z includeif.gitdir:/home/runner/work/deepseek-review-probe/deepseek-review-probe/.git.path
codeql / Analyze (python)	UNKNOWN STEP	2026-09-26T11:43:10.4573889Z includeif.gitdir:/home/runner/work/deepseek-review-probe/deepseek-review-probe/.git/worktrees/*.path
codeql / Analyze (python)	UNKNOWN STEP	2026-09-26T11:43:10.4575352Z includeif.gitdir:/github/workspace/.git.path
codeql / Analyze (python)	UNKNOWN STEP	2026-09-26T11:43:10.4576234Z includeif.gitdir:/github/workspace/.git/worktrees/*.path
codeql / Analyze (python)	UNKNOWN STEP	2026-09-26T11:43:10.4580645Z [command]/usr/bin/git config --local --get-all includeif.gitdir:/home/runner/work/deepseek-review-probe/deepseek-review-probe/.git.path
codeql / Analyze (python)	UNKNOWN STEP	2026-09-26T11:43:10.4604436Z /home/runner/work/_temp/git-credentials-2e575527-4ded-4063-baab-1ce450ebd4de.config
codeql / Analyze (python)	UNKNOWN STEP	2026-09-26T11:43:10.4611913Z [command]/usr/bin/git config --local --unset includeif.gitdir:/home/runner/work/deepseek-review-probe/deepseek-review-probe/.git.path \/home\/runner\/work\/_temp\/git\-credentials\-2e575527\-4ded\-4063\-baab\-1ce450ebd4de\.config
codeql / Analyze (python)	UNKNOWN STEP	2026-09-26T11:43:10.4642909Z [command]/usr/bin/git config --local --get-all includeif.gitdir:/home/runner/work/deepseek-review-probe/deepseek-review-probe/.git/worktrees/*.path
codeql / Analyze (python)	UNKNOWN STEP	2026-09-26T11:43:10.4665719Z /home/runner/work/_temp/git-credentials-2e575527-4ded-4063-baab-1ce450ebd4de.config
codeql / Analyze (python)	UNKNOWN STEP	2026-09-26T11:43:10.4672216Z [command]/usr/bin/git config --local --unset includeif.gitdir:/home/runner/work/deepseek-review-probe/deepseek-review-probe/.git/worktrees/*.path \/home\/runner\/work\/_temp\/git\-credentials\-2e575527\-4ded\-4063\-baab\-1ce450ebd4de\.config
codeql / Analyze (python)	UNKNOWN STEP	2026-09-26T11:43:10.4773139Z [command]/usr/bin/git config --local --get-all includeif.gitdir:/github/workspace/.git.path
codeql / Analyze (python)	UNKNOWN STEP	2026-09-26T11:43:10.4795510Z /github/runner_temp/git-credentials-2e575527-4ded-4063-baab-1ce450ebd4de.config
codeql / Analyze (python)	UNKNOWN STEP	2026-09-26T11:43:10.4804080Z [command]/usr/bin/git config --local --unset includeif.gitdir:/github/workspace/.git.path \/github\/runner_temp\/git\-credentials\-2e575527\-4ded\-4063\-baab\-1ce450ebd4de\.config
codeql / Analyze (python)	UNKNOWN STEP	2026-09-26T11:43:10.4837601Z [command]/usr/bin/git config --local --get-all includeif.gitdir:/github/workspace/.git/worktrees/*.path
codeql / Analyze (python)	UNKNOWN STEP	2026-09-26T11:43:10.4860041Z /github/runner_temp/git-credentials-2e575527-4ded-4063-baab-1ce450ebd4de.config
codeql / Analyze (python)	UNKNOWN STEP	2026-09-26T11:43:10.4900733Z [command]/usr/bin/git config --local --unset includeif.gitdir:/github/workspace/.git/worktrees/*.path \/github\/runner_temp\/git\-credentials\-2e575527\-4ded\-4063\-baab\-1ce450ebd4de\.config
codeql / Analyze (python)	UNKNOWN STEP	2026-09-26T11:43:10.5267985Z [command]/usr/bin/git submodule foreach --recursive git config --local --show-origin --name-only --get-regexp remote.origin.url
codeql / Analyze (python)	UNKNOWN STEP	2026-09-26T11:43:10.5457554Z Removing credentials config '/home/runner/work/_temp/git-credentials-2e575527-4ded-4063-baab-1ce450ebd4de.config'
codeql / Analyze (python)	UNKNOWN STEP	2026-09-26T11:43:10.5465291Z ##[endgroup]
codeql / Analyze (python)	UNKNOWN STEP	2026-09-26T11:43:10.5687066Z ##[group]Run actions/checkout@3d3c42e5aac5ba805825da76410c181273ba90b1
codeql / Analyze (python)	UNKNOWN STEP	2026-09-26T11:43:10.5687655Z with:
codeql / Analyze (python)	UNKNOWN STEP	2026-09-26T11:43:10.5688010Z   repository: tznthou/deepseek-code-review
codeql / Analyze (python)	UNKNOWN STEP	2026-09-26T11:43:10.5688444Z   ref: v1
codeql / Analyze (python)	UNKNOWN STEP	2026-09-26T11:43:10.5688748Z   path: .kit
codeql / Analyze (python)	UNKNOWN STEP	2026-09-26T11:43:10.5689093Z   persist-credentials: false
codeql / Analyze (python)	UNKNOWN STEP	2026-09-26T11:43:10.5692010Z   token: ***
codeql / Analyze (python)	UNKNOWN STEP	2026-09-26T11:43:10.5692341Z   ssh-strict: true
codeql / Analyze (python)	UNKNOWN STEP	2026-09-26T11:43:10.5692686Z   ssh-user: git
codeql / Analyze (python)	UNKNOWN STEP	2026-09-26T11:43:10.5693010Z   clean: true
codeql / Analyze (python)	UNKNOWN STEP	2026-09-26T11:43:10.5693369Z   sparse-checkout-cone-mode: true
codeql / Analyze (python)	UNKNOWN STEP	2026-09-26T11:43:10.5693771Z   fetch-depth: 1
codeql / Analyze (python)	UNKNOWN STEP	2026-09-26T11:43:10.5694101Z   fetch-tags: false
codeql / Analyze (python)	UNKNOWN STEP	2026-09-26T11:43:10.5694443Z   show-progress: true
codeql / Analyze (python)	UNKNOWN STEP	2026-09-26T11:43:10.5694780Z   lfs: false
codeql / Analyze (python)	UNKNOWN STEP	2026-09-26T11:43:10.5695095Z   submodules: false
codeql / Analyze (python)	UNKNOWN STEP	2026-09-26T11:43:10.5695441Z   set-safe-directory: true
codeql / Analyze (python)	UNKNOWN STEP	2026-09-26T11:43:10.5695827Z   allow-unsafe-pr-checkout: false
codeql / Analyze (python)	UNKNOWN STEP	2026-09-26T11:43:10.5696230Z ##[endgroup]
codeql / Analyze (python)	UNKNOWN STEP	2026-09-26T11:43:10.6410323Z Syncing repository: tznthou/deepseek-code-review
codeql / Analyze (python)	UNKNOWN STEP	2026-09-26T11:43:10.6411367Z ##[group]Getting Git version info
codeql / Analyze (python)	UNKNOWN STEP	2026-09-26T11:43:10.6412158Z Working directory is '/home/runner/work/deepseek-review-probe/deepseek-review-probe/.kit'
codeql / Analyze (python)	UNKNOWN STEP	2026-09-26T11:43:10.6438122Z [command]/usr/bin/git version
codeql / Analyze (python)	UNKNOWN STEP	2026-09-26T11:43:10.6473966Z git version 2.55.0
codeql / Analyze (python)	UNKNOWN STEP	2026-09-26T11:43:10.6491305Z ##[endgroup]
codeql / Analyze (python)	UNKNOWN STEP	2026-09-26T11:43:10.6498845Z Temporarily overriding HOME='/home/runner/work/_temp/16ba308f-0848-4595-852a-9d89d2a8f4e1' before making global git config changes
codeql / Analyze (python)	UNKNOWN STEP	2026-09-26T11:43:10.6500362Z Adding repository directory to the temporary git global config as a safe directory
codeql / Analyze (python)	UNKNOWN STEP	2026-09-26T11:43:10.6503611Z [command]/usr/bin/git config --global --add safe.directory /home/runner/work/deepseek-review-probe/deepseek-review-probe/.kit
codeql / Analyze (python)	UNKNOWN STEP	2026-09-26T11:43:10.6533113Z ##[group]Determining repository object format
codeql / Analyze (python)	UNKNOWN STEP	2026-09-26T11:43:11.0179648Z ##[endgroup]
codeql / Analyze (python)	UNKNOWN STEP	2026-09-26T11:43:11.0181052Z ##[group]Initializing the repository
codeql / Analyze (python)	UNKNOWN STEP	2026-09-26T11:43:11.0187724Z [command]/usr/bin/git init /home/runner/work/deepseek-review-probe/deepseek-review-probe/.kit
codeql / Analyze (python)	UNKNOWN STEP	2026-09-26T11:43:11.0240448Z hint: Using 'master' as the name for the initial branch. This default branch name
codeql / Analyze (python)	UNKNOWN STEP	2026-09-26T11:43:11.0242688Z hint: will change to "main" in Git 3.0. To configure the initial branch name
codeql / Analyze (python)	UNKNOWN STEP	2026-09-26T11:43:11.0244899Z hint: to use in all of your new repositories, which will suppress this warning,
codeql / Analyze (python)	UNKNOWN STEP	2026-09-26T11:43:11.0246907Z hint: call:
codeql / Analyze (python)	UNKNOWN STEP	2026-09-26T11:43:11.0247842Z hint:
codeql / Analyze (python)	UNKNOWN STEP	2026-09-26T11:43:11.0249060Z hint: 	git config --global init.defaultBranch <name>
codeql / Analyze (python)	UNKNOWN STEP	2026-09-26T11:43:11.0250634Z hint:
codeql / Analyze (python)	UNKNOWN STEP	2026-09-26T11:43:11.0252508Z hint: Names commonly chosen instead of 'master' are 'main', 'trunk' and
codeql / Analyze (python)	UNKNOWN STEP	2026-09-26T11:43:11.0254867Z hint: 'development'. The just-created branch can be renamed via this command:
codeql / Analyze (python)	UNKNOWN STEP	2026-09-26T11:43:11.0256882Z hint:
codeql / Analyze (python)	UNKNOWN STEP	2026-09-26T11:43:11.0257949Z hint: 	git branch -m <name>
codeql / Analyze (python)	UNKNOWN STEP	2026-09-26T11:43:11.0259108Z hint:
codeql / Analyze (python)	UNKNOWN STEP	2026-09-26T11:43:11.0260912Z hint: Disable this message with "git config set advice.defaultBranchName false"
codeql / Analyze (python)	UNKNOWN STEP	2026-09-26T11:43:11.0264115Z Initialized empty Git repository in /home/runner/work/deepseek-review-probe/deepseek-review-probe/.kit/.git/
codeql / Analyze (python)	UNKNOWN STEP	2026-09-26T11:43:11.0269907Z [command]/usr/bin/git remote add origin https://github.com/tznthou/deepseek-code-review
codeql / Analyze (python)	UNKNOWN STEP	2026-09-26T11:43:11.0693778Z ##[endgroup]
codeql / Analyze (python)	UNKNOWN STEP	2026-09-26T11:43:11.0695778Z ##[group]Disabling automatic garbage collection
codeql / Analyze (python)	UNKNOWN STEP	2026-09-26T11:43:11.0697379Z [command]/usr/bin/git config --local gc.auto 0
codeql / Analyze (python)	UNKNOWN STEP	2026-09-26T11:43:11.0730708Z ##[endgroup]
codeql / Analyze (python)	UNKNOWN STEP	2026-09-26T11:43:11.0732260Z ##[group]Setting up auth
codeql / Analyze (python)	UNKNOWN STEP	2026-09-26T11:43:11.0733602Z Removing SSH command configuration
codeql / Analyze (python)	UNKNOWN STEP	2026-09-26T11:43:11.0735551Z [command]/usr/bin/git config --local --name-only --get-regexp core\.sshCommand
codeql / Analyze (python)	UNKNOWN STEP	2026-09-26T11:43:11.0775900Z [command]/usr/bin/git submodule foreach --recursive sh -c "git config --local --name-only --get-regexp 'core\.sshCommand' && git config --local --unset-all 'core.sshCommand' || :"
codeql / Analyze (python)	UNKNOWN STEP	2026-09-26T11:43:11.0967446Z Removing HTTP extra header
codeql / Analyze (python)	UNKNOWN STEP	2026-09-26T11:43:11.0971709Z [command]/usr/bin/git config --local --name-only --get-regexp http\.https\:\/\/github\.com\/\.extraheader
codeql / Analyze (python)	UNKNOWN STEP	2026-09-26T11:43:11.1003600Z [command]/usr/bin/git submodule foreach --recursive sh -c "git config --local --name-only --get-regexp 'http\.https\:\/\/github\.com\/\.extraheader' && git config --local --unset-all 'http.https://github.com/.extraheader' || :"
codeql / Analyze (python)	UNKNOWN STEP	2026-09-26T11:43:11.1192137Z Removing includeIf entries pointing to credentials config files
codeql / Analyze (python)	UNKNOWN STEP	2026-09-26T11:43:11.1195408Z [command]/usr/bin/git config --local --name-only --get-regexp ^includeIf\.gitdir:
codeql / Analyze (python)	UNKNOWN STEP	2026-09-26T11:43:11.1227477Z [command]/usr/bin/git submodule foreach --recursive git config --local --show-origin --name-only --get-regexp remote.origin.url
codeql / Analyze (python)	UNKNOWN STEP	2026-09-26T11:43:11.1431174Z [command]/usr/bin/git config --file /home/runner/work/_temp/git-credentials-7b36de63-1f24-40ad-9284-3438da564581.config http.https://github.com/.extraheader AUTHORIZATION: basic ***
codeql / Analyze (python)	UNKNOWN STEP	2026-09-26T11:43:11.1483009Z [command]/usr/bin/git config --local includeIf.gitdir:/home/runner/work/deepseek-review-probe/deepseek-review-probe/.kit/.git.path /home/runner/work/_temp/git-credentials-7b36de63-1f24-40ad-9284-3438da564581.config
codeql / Analyze (python)	UNKNOWN STEP	2026-09-26T11:43:11.1516274Z [command]/usr/bin/git config --local includeIf.gitdir:/home/runner/work/deepseek-review-probe/deepseek-review-probe/.kit/.git/worktrees/*.path /home/runner/work/_temp/git-credentials-7b36de63-1f24-40ad-9284-3438da564581.config
codeql / Analyze (python)	UNKNOWN STEP	2026-09-26T11:43:11.1548387Z [command]/usr/bin/git config --local includeIf.gitdir:/github/workspace/.kit/.git.path /github/runner_temp/git-credentials-7b36de63-1f24-40ad-9284-3438da564581.config
codeql / Analyze (python)	UNKNOWN STEP	2026-09-26T11:43:11.1581098Z [command]/usr/bin/git config --local includeIf.gitdir:/github/workspace/.kit/.git/worktrees/*.path /github/runner_temp/git-credentials-7b36de63-1f24-40ad-9284-3438da564581.config
codeql / Analyze (python)	UNKNOWN STEP	2026-09-26T11:43:11.1611692Z ##[endgroup]
codeql / Analyze (python)	UNKNOWN STEP	2026-09-26T11:43:11.1613210Z ##[group]Fetching the repository
codeql / Analyze (python)	UNKNOWN STEP	2026-09-26T11:43:11.1617787Z [command]/usr/bin/git -c protocol.version=2 fetch --no-tags --prune --no-recurse-submodules --depth=1 origin +refs/heads/v1*:refs/remotes/origin/v1* +refs/tags/v1*:refs/tags/v1*
codeql / Analyze (python)	UNKNOWN STEP	2026-09-26T11:43:11.9748646Z From https://github.com/tznthou/deepseek-code-review
codeql / Analyze (python)	UNKNOWN STEP	2026-09-26T11:43:11.9751668Z  * [new tag]         v1         -> v1
codeql / Analyze (python)	UNKNOWN STEP	2026-09-26T11:43:11.9753482Z  * [new tag]         v1.0.0     -> v1.0.0
codeql / Analyze (python)	UNKNOWN STEP	2026-09-26T11:43:11.9755379Z  * [new tag]         v1.0.1     -> v1.0.1
codeql / Analyze (python)	UNKNOWN STEP	2026-09-26T11:43:11.9757330Z  * [new tag]         v1.0.2     -> v1.0.2
codeql / Analyze (python)	UNKNOWN STEP	2026-09-26T11:43:11.9759128Z  * [new tag]         v1.1.0     -> v1.1.0
codeql / Analyze (python)	UNKNOWN STEP	2026-09-26T11:43:11.9761031Z  * [new tag]         v1.1.1     -> v1.1.1
codeql / Analyze (python)	UNKNOWN STEP	2026-09-26T11:43:11.9762851Z  * [new tag]         v1.2.0     -> v1.2.0
codeql / Analyze (python)	UNKNOWN STEP	2026-09-26T11:43:11.9764593Z  * [new tag]         v1.2.1     -> v1.2.1
codeql / Analyze (python)	UNKNOWN STEP	2026-09-26T11:43:11.9766324Z  * [new tag]         v1.2.2     -> v1.2.2
codeql / Analyze (python)	UNKNOWN STEP	2026-09-26T11:43:11.9768361Z  * [new tag]         v1.3.0     -> v1.3.0
codeql / Analyze (python)	UNKNOWN STEP	2026-09-26T11:43:11.9770058Z  * [new tag]         v1.3.1     -> v1.3.1
codeql / Analyze (python)	UNKNOWN STEP	2026-09-26T11:43:11.9771904Z  * [new tag]         v1.4.0     -> v1.4.0
codeql / Analyze (python)	UNKNOWN STEP	2026-09-26T11:43:11.9773421Z  * [new tag]         v1.4.1     -> v1.4.1
codeql / Analyze (python)	UNKNOWN STEP	2026-09-26T11:43:11.9777501Z ##[endgroup]
codeql / Analyze (python)	UNKNOWN STEP	2026-09-26T11:43:11.9779392Z ##[group]Determining the checkout info
codeql / Analyze (python)	UNKNOWN STEP	2026-09-26T11:43:11.9780966Z [command]/usr/bin/git branch --list --remote origin/v1
codeql / Analyze (python)	UNKNOWN STEP	2026-09-26T11:43:11.9799878Z [command]/usr/bin/git tag --list v1
codeql / Analyze (python)	UNKNOWN STEP	2026-09-26T11:43:11.9827016Z v1
codeql / Analyze (python)	UNKNOWN STEP	2026-09-26T11:43:11.9831444Z ##[endgroup]
codeql / Analyze (python)	UNKNOWN STEP	2026-09-26T11:43:11.9832927Z [command]/usr/bin/git sparse-checkout disable
codeql / Analyze (python)	UNKNOWN STEP	2026-09-26T11:43:11.9874469Z [command]/usr/bin/git config --local --unset-all extensions.worktreeConfig
codeql / Analyze (python)	UNKNOWN STEP	2026-09-26T11:43:11.9909083Z ##[group]Checking out the ref
codeql / Analyze (python)	UNKNOWN STEP	2026-09-26T11:43:11.9911007Z [command]/usr/bin/git checkout --progress --force refs/tags/v1
codeql / Analyze (python)	UNKNOWN STEP	2026-09-26T11:43:11.9971068Z Note: switching to 'refs/tags/v1'.
codeql / Analyze (python)	UNKNOWN STEP	2026-09-26T11:43:11.9972352Z 
codeql / Analyze (python)	UNKNOWN STEP	2026-09-26T11:43:11.9973635Z You are in 'detached HEAD' state. You can look around, make experimental
codeql / Analyze (python)	UNKNOWN STEP	2026-09-26T11:43:11.9976864Z changes and commit them, and you can discard any commits you make in this
codeql / Analyze (python)	UNKNOWN STEP	2026-09-26T11:43:11.9979837Z state without impacting any branches by switching back to a branch.
codeql / Analyze (python)	UNKNOWN STEP	2026-09-26T11:43:11.9981993Z 
codeql / Analyze (python)	UNKNOWN STEP	2026-09-26T11:43:11.9982964Z If you want to create a new branch to retain commits you create, you may
codeql / Analyze (python)	UNKNOWN STEP	2026-09-26T11:43:11.9985302Z do so (now or later) by using -c with the switch command. Example:
codeql / Analyze (python)	UNKNOWN STEP	2026-09-26T11:43:11.9986941Z 
codeql / Analyze (python)	UNKNOWN STEP	2026-09-26T11:43:11.9987461Z   git switch -c <new-branch-name>
codeql / Analyze (python)	UNKNOWN STEP	2026-09-26T11:43:11.9988613Z 
codeql / Analyze (python)	UNKNOWN STEP	2026-09-26T11:43:11.9989118Z Or undo this operation with:
codeql / Analyze (python)	UNKNOWN STEP	2026-09-26T11:43:11.9989982Z 
codeql / Analyze (python)	UNKNOWN STEP	2026-09-26T11:43:11.9990420Z   git switch -
codeql / Analyze (python)	UNKNOWN STEP	2026-09-26T11:43:11.9991063Z 
codeql / Analyze (python)	UNKNOWN STEP	2026-09-26T11:43:11.9992103Z Turn off this advice by setting config variable advice.detachedHead to false
codeql / Analyze (python)	UNKNOWN STEP	2026-09-26T11:43:11.9993679Z 
codeql / Analyze (python)	UNKNOWN STEP	2026-09-26T11:43:11.9994529Z HEAD is now at 2570d55 chore: 發布 v1.4.1 (#41)
codeql / Analyze (python)	UNKNOWN STEP	2026-09-26T11:43:11.9998464Z ##[endgroup]
codeql / Analyze (python)	UNKNOWN STEP	2026-09-26T11:43:12.0016841Z [command]/usr/bin/git log -1 --format=%H
codeql / Analyze (python)	UNKNOWN STEP	2026-09-26T11:43:12.0044468Z 2570d556d8865563d21ed24a3c16462c2df32532
codeql / Analyze (python)	UNKNOWN STEP	2026-09-26T11:43:12.0052634Z ##[group]Removing auth
codeql / Analyze (python)	UNKNOWN STEP	2026-09-26T11:43:12.0053770Z Removing SSH command configuration
codeql / Analyze (python)	UNKNOWN STEP	2026-09-26T11:43:12.0055557Z [command]/usr/bin/git config --local --name-only --get-regexp core\.sshCommand
codeql / Analyze (python)	UNKNOWN STEP	2026-09-26T11:43:12.0088398Z [command]/usr/bin/git submodule foreach --recursive sh -c "git config --local --name-only --get-regexp 'core\.sshCommand' && git config --local --unset-all 'core.sshCommand' || :"
codeql / Analyze (python)	UNKNOWN STEP	2026-09-26T11:43:12.0279991Z Removing HTTP extra header
codeql / Analyze (python)	UNKNOWN STEP	2026-09-26T11:43:12.0282186Z [command]/usr/bin/git config --local --name-only --get-regexp http\.https\:\/\/github\.com\/\.extraheader
codeql / Analyze (python)	UNKNOWN STEP	2026-09-26T11:43:12.0313291Z [command]/usr/bin/git submodule foreach --recursive sh -c "git config --local --name-only --get-regexp 'http\.https\:\/\/github\.com\/\.extraheader' && git config --local --unset-all 'http.https://github.com/.extraheader' || :"
codeql / Analyze (python)	UNKNOWN STEP	2026-09-26T11:43:12.0500549Z Removing includeIf entries pointing to credentials config files
codeql / Analyze (python)	UNKNOWN STEP	2026-09-26T11:43:12.0502885Z [command]/usr/bin/git config --local --name-only --get-regexp ^includeIf\.gitdir:
codeql / Analyze (python)	UNKNOWN STEP	2026-09-26T11:43:12.0529475Z includeif.gitdir:/home/runner/work/deepseek-review-probe/deepseek-review-probe/.kit/.git.path
codeql / Analyze (python)	UNKNOWN STEP	2026-09-26T11:43:12.0531939Z includeif.gitdir:/home/runner/work/deepseek-review-probe/deepseek-review-probe/.kit/.git/worktrees/*.path
codeql / Analyze (python)	UNKNOWN STEP	2026-09-26T11:43:12.0533738Z includeif.gitdir:/github/workspace/.kit/.git.path
codeql / Analyze (python)	UNKNOWN STEP	2026-09-26T11:43:12.0535120Z includeif.gitdir:/github/workspace/.kit/.git/worktrees/*.path
codeql / Analyze (python)	UNKNOWN STEP	2026-09-26T11:43:12.0539109Z [command]/usr/bin/git config --local --get-all includeif.gitdir:/home/runner/work/deepseek-review-probe/deepseek-review-probe/.kit/.git.path
codeql / Analyze (python)	UNKNOWN STEP	2026-09-26T11:43:12.0560995Z /home/runner/work/_temp/git-credentials-7b36de63-1f24-40ad-9284-3438da564581.config
codeql / Analyze (python)	UNKNOWN STEP	2026-09-26T11:43:12.0570646Z [command]/usr/bin/git config --local --unset includeif.gitdir:/home/runner/work/deepseek-review-probe/deepseek-review-probe/.kit/.git.path \/home\/runner\/work\/_temp\/git\-credentials\-7b36de63\-1f24\-40ad\-9284\-3438da564581\.config
codeql / Analyze (python)	UNKNOWN STEP	2026-09-26T11:43:12.0603803Z [command]/usr/bin/git config --local --get-all includeif.gitdir:/home/runner/work/deepseek-review-probe/deepseek-review-probe/.kit/.git/worktrees/*.path
codeql / Analyze (python)	UNKNOWN STEP	2026-09-26T11:43:12.0627936Z /home/runner/work/_temp/git-credentials-7b36de63-1f24-40ad-9284-3438da564581.config
codeql / Analyze (python)	UNKNOWN STEP	2026-09-26T11:43:12.0640632Z [command]/usr/bin/git config --local --unset includeif.gitdir:/home/runner/work/deepseek-review-probe/deepseek-review-probe/.kit/.git/worktrees/*.path \/home\/runner\/work\/_temp\/git\-credentials\-7b36de63\-1f24\-40ad\-9284\-3438da564581\.config
codeql / Analyze (python)	UNKNOWN STEP	2026-09-26T11:43:12.0678551Z [command]/usr/bin/git config --local --get-all includeif.gitdir:/github/workspace/.kit/.git.path
codeql / Analyze (python)	UNKNOWN STEP	2026-09-26T11:43:12.0703677Z /github/runner_temp/git-credentials-7b36de63-1f24-40ad-9284-3438da564581.config
codeql / Analyze (python)	UNKNOWN STEP	2026-09-26T11:43:12.0711442Z [command]/usr/bin/git config --local --unset includeif.gitdir:/github/workspace/.kit/.git.path \/github\/runner_temp\/git\-credentials\-7b36de63\-1f24\-40ad\-9284\-3438da564581\.config
codeql / Analyze (python)	UNKNOWN STEP	2026-09-26T11:43:12.0743946Z [command]/usr/bin/git config --local --get-all includeif.gitdir:/github/workspace/.kit/.git/worktrees/*.path
codeql / Analyze (python)	UNKNOWN STEP	2026-09-26T11:43:12.0768547Z /github/runner_temp/git-credentials-7b36de63-1f24-40ad-9284-3438da564581.config
codeql / Analyze (python)	UNKNOWN STEP	2026-09-26T11:43:12.0775318Z [command]/usr/bin/git config --local --unset includeif.gitdir:/github/workspace/.kit/.git/worktrees/*.path \/github\/runner_temp\/git\-credentials\-7b36de63\-1f24\-40ad\-9284\-3438da564581\.config
codeql / Analyze (python)	UNKNOWN STEP	2026-09-26T11:43:12.0808684Z [command]/usr/bin/git submodule foreach --recursive git config --local --show-origin --name-only --get-regexp remote.origin.url
codeql / Analyze (python)	UNKNOWN STEP	2026-09-26T11:43:12.0997296Z Removing credentials config '/home/runner/work/_temp/git-credentials-7b36de63-1f24-40ad-9284-3438da564581.config'
codeql / Analyze (python)	UNKNOWN STEP	2026-09-26T11:43:12.1005037Z ##[endgroup]
codeql / Analyze (python)	UNKNOWN STEP	2026-09-26T11:43:12.1168168Z ##[group]Run # 與 reusable-ai-review-post.yml 的 rubric 路徑同一個模式：
codeql / Analyze (python)	UNKNOWN STEP	2026-09-26T11:43:12.1169542Z ^[[36;1m# 與 reusable-ai-review-post.yml 的 rubric 路徑同一個模式：^[[0m
codeql / Analyze (python)	UNKNOWN STEP	2026-09-26T11:43:12.1170690Z ^[[36;1m# 指定了但檔案不存在 → 出 warning 並退回內建版本，不要讓 CodeQL init^[[0m
codeql / Analyze (python)	UNKNOWN STEP	2026-09-26T11:43:12.1171678Z ^[[36;1m# 丟一個看不出原因的錯誤。^[[0m
codeql / Analyze (python)	UNKNOWN STEP	2026-09-26T11:43:12.1172538Z ^[[36;1mif [ -n "$CUSTOM" ] && [ -f "$CUSTOM" ]; then^[[0m
codeql / Analyze (python)	UNKNOWN STEP	2026-09-26T11:43:12.1173628Z ^[[36;1m  echo "path=$CUSTOM" >> "$GITHUB_OUTPUT"^[[0m
codeql / Analyze (python)	UNKNOWN STEP	2026-09-26T11:43:12.1174700Z ^[[36;1m  echo "使用呼叫方的自訂 CodeQL config：$CUSTOM"^[[0m
codeql / Analyze (python)	UNKNOWN STEP	2026-09-26T11:43:12.1175643Z ^[[36;1melse^[[0m
codeql / Analyze (python)	UNKNOWN STEP	2026-09-26T11:43:12.1176342Z ^[[36;1m  if [ -n "$CUSTOM" ]; then^[[0m
codeql / Analyze (python)	UNKNOWN STEP	2026-09-26T11:43:12.1177599Z ^[[36;1m    echo "::warning::指定了 config-file=$CUSTOM 但檔案不存在，退回 kit 內建版本"^[[0m
codeql / Analyze (python)	UNKNOWN STEP	2026-09-26T11:43:12.1178901Z ^[[36;1m  fi^[[0m
codeql / Analyze (python)	UNKNOWN STEP	2026-09-26T11:43:12.1179918Z ^[[36;1m  echo "path=.kit/.github/codeql/codeql-config.yml" >> "$GITHUB_OUTPUT"^[[0m
codeql / Analyze (python)	UNKNOWN STEP	2026-09-26T11:43:12.1181182Z ^[[36;1m  echo "使用 kit 內建 CodeQL config"^[[0m
codeql / Analyze (python)	UNKNOWN STEP	2026-09-26T11:43:12.1182121Z ^[[36;1mfi^[[0m
codeql / Analyze (python)	UNKNOWN STEP	2026-09-26T11:43:12.1382086Z shell: /usr/bin/bash -e {0}
codeql / Analyze (python)	UNKNOWN STEP	2026-09-26T11:43:12.1382896Z env:
codeql / Analyze (python)	UNKNOWN STEP	2026-09-26T11:43:12.1383537Z   CUSTOM: 
codeql / Analyze (python)	UNKNOWN STEP	2026-09-26T11:43:12.1384184Z ##[endgroup]
codeql / Analyze (python)	UNKNOWN STEP	2026-09-26T11:43:12.1484796Z 使用 kit 內建 CodeQL config
codeql / Analyze (python)	UNKNOWN STEP	2026-09-26T11:43:12.1700588Z ##[group]Run github/codeql-action/init@2892aa5e19bbd11bc0cff5427e3b750a04d9e3c2
codeql / Analyze (python)	UNKNOWN STEP	2026-09-26T11:43:12.1701801Z with:
codeql / Analyze (python)	UNKNOWN STEP	2026-09-26T11:43:12.1702445Z   languages: python
codeql / Analyze (python)	UNKNOWN STEP	2026-09-26T11:43:12.1703146Z   build-mode: none
codeql / Analyze (python)	UNKNOWN STEP	2026-09-26T11:43:12.1703965Z   config-file: .kit/.github/codeql/codeql-config.yml
codeql / Analyze (python)	UNKNOWN STEP	2026-09-26T11:43:12.1704964Z   analysis-kinds: code-scanning
codeql / Analyze (python)	UNKNOWN STEP	2026-09-26T11:43:12.1711221Z   token: ***
codeql / Analyze (python)	UNKNOWN STEP	2026-09-26T11:43:12.1711935Z   matrix: {
codeql / Analyze (python)	UNKNOWN STEP	  "language": "python"
codeql / Analyze (python)	UNKNOWN STEP	}
codeql / Analyze (python)	UNKNOWN STEP	2026-09-26T11:43:12.1712817Z   debug: false
codeql / Analyze (python)	UNKNOWN STEP	2026-09-26T11:43:12.1713506Z   check-run-id: 108397744904
codeql / Analyze (python)	UNKNOWN STEP	2026-09-26T11:43:12.1714284Z   job-status: success
codeql / Analyze (python)	UNKNOWN STEP	2026-09-26T11:43:12.1715003Z ##[endgroup]
codeql / Analyze (python)	UNKNOWN STEP	2026-09-26T11:43:12.3642729Z Job run UUID is 6e6c5222-37cb-4f85-ac45-e70d63fac371.
codeql / Analyze (python)	UNKNOWN STEP	2026-09-26T11:43:12.3682314Z Using configuration file input from workflow: .kit/.github/codeql/codeql-config.yml
codeql / Analyze (python)	UNKNOWN STEP	2026-09-26T11:43:13.3929946Z ##[group]Setup CodeQL tools
codeql / Analyze (python)	UNKNOWN STEP	2026-09-26T11:43:13.3954423Z [command]/usr/bin/tar --version
codeql / Analyze (python)	UNKNOWN STEP	2026-09-26T11:43:13.3981511Z tar (GNU tar) 1.35
codeql / Analyze (python)	UNKNOWN STEP	2026-09-26T11:43:13.3981872Z Copyright (C) 2023 Free Software Foundation, Inc.
codeql / Analyze (python)	UNKNOWN STEP	2026-09-26T11:43:13.3982476Z License GPLv3+: GNU GPL version 3 or later <https://gnu.org/licenses/gpl.html>.
codeql / Analyze (python)	UNKNOWN STEP	2026-09-26T11:43:13.3983101Z This is free software: you are free to change and redistribute it.
codeql / Analyze (python)	UNKNOWN STEP	2026-09-26T11:43:13.3983603Z There is NO WARRANTY, to the extent permitted by law.
codeql / Analyze (python)	UNKNOWN STEP	2026-09-26T11:43:13.3983895Z 
codeql / Analyze (python)	UNKNOWN STEP	2026-09-26T11:43:13.3984025Z Written by John Gilmore and Jay Fenlason.
codeql / Analyze (python)	UNKNOWN STEP	2026-09-26T11:43:13.3985804Z Found gnu tar version 1.35.
codeql / Analyze (python)	UNKNOWN STEP	2026-09-26T11:43:13.5402936Z No overlay-base databases found in Actions cache.
codeql / Analyze (python)	UNKNOWN STEP	2026-09-26T11:43:13.5417976Z Did not find CodeQL tools version 2.27.1 in the toolcache.
codeql / Analyze (python)	UNKNOWN STEP	2026-09-26T11:43:13.5424208Z Using CodeQL CLI version 2.27.1 sourced from https://github.com/github/codeql-action/releases/download/codeql-bundle-v2.27.1/codeql-bundle-linux64.tar.zst .
codeql / Analyze (python)	UNKNOWN STEP	2026-09-26T11:43:17.4615490Z Deleted the CodeQL tools at '/opt/hostedtoolcache/CodeQL/2.27.0' from the toolcache to free up disk space.
codeql / Analyze (python)	UNKNOWN STEP	2026-09-26T11:43:17.4628842Z Downloading CodeQL tools from https://github.com/github/codeql-action/releases/download/codeql-bundle-v2.27.1/codeql-bundle-linux64.tar.zst . This may take a while.
codeql / Analyze (python)	UNKNOWN STEP	2026-09-26T11:43:17.4630019Z Streaming the extraction of the CodeQL bundle.
codeql / Analyze (python)	UNKNOWN STEP	2026-09-26T11:43:17.6927819Z [command]tar -x --zstd --ignore-zeros --warning=no-unknown-keyword --overwrite -f - -C /opt/hostedtoolcache/CodeQL/2.27.1/x64
codeql / Analyze (python)	UNKNOWN STEP	2026-09-26T11:43:22.2335077Z Finished downloading and extracting CodeQL bundle to /opt/hostedtoolcache/CodeQL/2.27.1/x64 (4.8s).
codeql / Analyze (python)	UNKNOWN STEP	2026-09-26T11:43:22.2335843Z Created toolcache marker file /opt/hostedtoolcache/CodeQL/2.27.1/x64.complete
codeql / Analyze (python)	UNKNOWN STEP	2026-09-26T11:43:22.7824456Z {
codeql / Analyze (python)	UNKNOWN STEP	2026-09-26T11:43:22.7824793Z   "productName": "CodeQL",
codeql / Analyze (python)	UNKNOWN STEP	2026-09-26T11:43:22.7825047Z   "vendor": "GitHub",
codeql / Analyze (python)	UNKNOWN STEP	2026-09-26T11:43:22.7825231Z   "version": "2.27.1",
codeql / Analyze (python)	UNKNOWN STEP	2026-09-26T11:43:22.7825438Z   "sha": "938af3639d0709b587251e45d9f8d2bdc3505696",
codeql / Analyze (python)	UNKNOWN STEP	2026-09-26T11:43:22.7825671Z   "branches": [
codeql / Analyze (python)	UNKNOWN STEP	2026-09-26T11:43:22.7825878Z     "codeql-cli-2.27.1"
codeql / Analyze (python)	UNKNOWN STEP	2026-09-26T11:43:22.7826050Z   ],
codeql / Analyze (python)	UNKNOWN STEP	2026-09-26T11:43:22.7826238Z   "copyright": "Copyright (C) 2019-2026 GitHub, Inc.",
codeql / Analyze (python)	UNKNOWN STEP	2026-09-26T11:43:22.7826757Z   "unpackedLocation": "/opt/hostedtoolcache/CodeQL/2.27.1/x64/codeql",
codeql / Analyze (python)	UNKNOWN STEP	2026-09-26T11:43:22.7827100Z   "configFileLocation": "/home/runner/.config/codeql/config",
codeql / Analyze (python)	UNKNOWN STEP	2026-09-26T11:43:22.7827363Z   "configFileFound": false,
codeql / Analyze (python)	UNKNOWN STEP	2026-09-26T11:43:22.7827558Z   "overlayVersion": 4,
codeql / Analyze (python)	UNKNOWN STEP	2026-09-26T11:43:22.7828005Z   "features": {
codeql / Analyze (python)	UNKNOWN STEP	2026-09-26T11:43:22.7828186Z     "analysisSummaryV2Default": true,
codeql / Analyze (python)	UNKNOWN STEP	2026-09-26T11:43:22.7828399Z     "buildModeOption": true,
codeql / Analyze (python)	UNKNOWN STEP	2026-09-26T11:43:22.7828619Z     "bundleSupportsIncludeDiagnostics": true,
codeql / Analyze (python)	UNKNOWN STEP	2026-09-26T11:43:22.7828863Z     "bundleSupportsIncludeLogs": true,
codeql / Analyze (python)	UNKNOWN STEP	2026-09-26T11:43:22.7829082Z     "bundleSupportsOverlay": true,
codeql / Analyze (python)	UNKNOWN STEP	2026-09-26T11:43:22.7829367Z     "databaseInterpretResultsSupportsSarifRunProperty": true,
codeql / Analyze (python)	UNKNOWN STEP	2026-09-26T11:43:22.7829646Z     "featuresInVersionResult": true,
codeql / Analyze (python)	UNKNOWN STEP	2026-09-26T11:43:22.7830049Z     "indirectTracingSupportsStaticBinaries": false,
codeql / Analyze (python)	UNKNOWN STEP	2026-09-26T11:43:22.7830329Z     "informsAboutUnsupportedPathFilters": true,
codeql / Analyze (python)	UNKNOWN STEP	2026-09-26T11:43:22.7830567Z     "supportsPython312": true,
codeql / Analyze (python)	UNKNOWN STEP	2026-09-26T11:43:22.7830764Z     "mrvaPackCreate": true,
codeql / Analyze (python)	UNKNOWN STEP	2026-09-26T11:43:22.7830951Z     "threatModelOption": true,
codeql / Analyze (python)	UNKNOWN STEP	2026-09-26T11:43:22.7831156Z     "traceCommandUseBuildMode": true,
codeql / Analyze (python)	UNKNOWN STEP	2026-09-26T11:43:22.7831365Z     "v2ramSizing": true,
codeql / Analyze (python)	UNKNOWN STEP	2026-09-26T11:43:22.7831561Z     "mrvaPackCreateMultipleQueries": true,
codeql / Analyze (python)	UNKNOWN STEP	2026-09-26T11:43:22.7831792Z     "setsCodeqlRunnerEnvVar": true,
codeql / Analyze (python)	UNKNOWN STEP	2026-09-26T11:43:22.7832018Z     "sarifMergeRunsFromEqualCategory": true,
codeql / Analyze (python)	UNKNOWN STEP	2026-09-26T11:43:22.7832249Z     "forceOverwrite": true,
codeql / Analyze (python)	UNKNOWN STEP	2026-09-26T11:43:22.7832454Z     "generateSummarySymbolMap": true,
codeql / Analyze (python)	UNKNOWN STEP	2026-09-26T11:43:22.7832697Z     "pythonDefaultIsToNotExtractStdlib": true,
codeql / Analyze (python)	UNKNOWN STEP	2026-09-26T11:43:22.7832937Z     "queryServerRunQueries": true,
codeql / Analyze (python)	UNKNOWN STEP	2026-09-26T11:43:22.7833150Z     "queryServerTrimCacheWithMode": true,
codeql / Analyze (python)	UNKNOWN STEP	2026-09-26T11:43:22.7833408Z     "builtinExtractorsSpecifyDefaultQueries": true,
codeql / Analyze (python)	UNKNOWN STEP	2026-09-26T11:43:22.7833653Z     "bqrsDiffResultSets": true,
codeql / Analyze (python)	UNKNOWN STEP	2026-09-26T11:43:22.7833862Z     "bundleSupportsIncludeOption": true,
codeql / Analyze (python)	UNKNOWN STEP	2026-09-26T11:43:22.7834103Z     "suppressesMissingFileBaselineWarning": true
codeql / Analyze (python)	UNKNOWN STEP	2026-09-26T11:43:22.7834324Z   }
codeql / Analyze (python)	UNKNOWN STEP	2026-09-26T11:43:22.7834462Z }
codeql / Analyze (python)	UNKNOWN STEP	2026-09-26T11:43:22.7835344Z ##[endgroup]
codeql / Analyze (python)	UNKNOWN STEP	2026-09-26T11:43:22.7835639Z ##[group]Validating workflow
codeql / Analyze (python)	UNKNOWN STEP	2026-09-26T11:43:23.2108648Z ##[warning]1 issue was detected with this workflow: Please specify an on.push hook to analyze and see code scanning alerts from the default branch on the Security tab.
codeql / Analyze (python)	UNKNOWN STEP	2026-09-26T11:43:23.2115299Z ##[endgroup]
codeql / Analyze (python)	UNKNOWN STEP	2026-09-26T11:43:23.2115833Z ##[group]Load language configuration
codeql / Analyze (python)	UNKNOWN STEP	2026-09-26T11:43:23.2116954Z [command]/opt/hostedtoolcache/CodeQL/2.27.1/x64/codeql/codeql resolve languages --format=betterjson --extractor-options-verbosity=4 --extractor-include-aliases --filter-to-languages-with-queries
codeql / Analyze (python)	UNKNOWN STEP	2026-09-26T11:43:23.9539031Z {
codeql / Analyze (python)	UNKNOWN STEP	2026-09-26T11:43:23.9539691Z   "aliases" : {
codeql / Analyze (python)	UNKNOWN STEP	2026-09-26T11:43:23.9540217Z     "c" : "cpp",
codeql / Analyze (python)	UNKNOWN STEP	2026-09-26T11:43:23.9540691Z     "c++" : "cpp",
codeql / Analyze (python)	UNKNOWN STEP	2026-09-26T11:43:23.9541116Z     "c-c++" : "cpp",
codeql / Analyze (python)	UNKNOWN STEP	2026-09-26T11:43:23.9541535Z     "c-cpp" : "cpp",
codeql / Analyze (python)	UNKNOWN STEP	2026-09-26T11:43:23.9541944Z     "c#" : "csharp",
codeql / Analyze (python)	UNKNOWN STEP	2026-09-26T11:43:23.9542364Z     "java-kotlin" : "java",
codeql / Analyze (python)	UNKNOWN STEP	2026-09-26T11:43:23.9542814Z     "kotlin" : "java",
codeql / Analyze (python)	UNKNOWN STEP	2026-09-26T11:43:23.9543265Z     "javascript-typescript" : "javascript",
codeql / Analyze (python)	UNKNOWN STEP	2026-09-26T11:43:23.9543812Z     "typescript" : "javascript"
codeql / Analyze (python)	UNKNOWN STEP	2026-09-26T11:43:23.9544297Z   },
codeql / Analyze (python)	UNKNOWN STEP	2026-09-26T11:43:23.9544756Z   "extractors" : {
codeql / Analyze (python)	UNKNOWN STEP	2026-09-26T11:43:23.9545208Z     "rust" : [
codeql / Analyze (python)	UNKNOWN STEP	2026-09-26T11:43:23.9545590Z       {
codeql / Analyze (python)	UNKNOWN STEP	2026-09-26T11:43:23.9546103Z         "extractor_root" : "/opt/hostedtoolcache/CodeQL/2.27.1/x64/codeql/rust",
codeql / Analyze (python)	UNKNOWN STEP	2026-09-26T11:43:23.9559484Z         "extractor_options" : {
codeql / Analyze (python)	UNKNOWN STEP	2026-09-26T11:43:23.9559923Z           "trap" : {
codeql / Analyze (python)	UNKNOWN STEP	2026-09-26T11:43:23.9560391Z             "title" : "Options pertaining to TRAP.",
codeql / Analyze (python)	UNKNOWN STEP	2026-09-26T11:43:23.9560965Z             "description" : "Options pertaining to TRAP.",
codeql / Analyze (python)	UNKNOWN STEP	2026-09-26T11:43:23.9561433Z             "type" : "object",
codeql / Analyze (python)	UNKNOWN STEP	2026-09-26T11:43:23.9561808Z             "properties" : {
codeql / Analyze (python)	UNKNOWN STEP	2026-09-26T11:43:23.9562200Z               "compression" : {
codeql / Analyze (python)	UNKNOWN STEP	2026-09-26T11:43:23.9562807Z                 "title" : "Controls compression for the TRAP files written by the extractor.",
codeql / Analyze (python)	UNKNOWN STEP	2026-09-26T11:43:23.9564352Z                 "description" : "This option is only intended for use in debugging the extractor. Accepted values are 'gzip' (to write gzip-compressed TRAP) 'zstd' (the default, to write Zstandard-compressed TRAP) and 'none' (to write uncompressed TRAP).\n",
codeql / Analyze (python)	UNKNOWN STEP	2026-09-26T11:43:23.9566113Z                 "type" : "string",
codeql / Analyze (python)	UNKNOWN STEP	2026-09-26T11:43:23.9566751Z                 "pattern" : "^(none|gzip|zstd)$"
codeql / Analyze (python)	UNKNOWN STEP	2026-09-26T11:43:23.9567259Z               }
codeql / Analyze (python)	UNKNOWN STEP	2026-09-26T11:43:23.9567684Z             }
codeql / Analyze (python)	UNKNOWN STEP	2026-09-26T11:43:23.9568042Z           },
codeql / Analyze (python)	UNKNOWN STEP	2026-09-26T11:43:23.9568426Z           "cargo_target_dir" : {
codeql / Analyze (python)	UNKNOWN STEP	2026-09-26T11:43:23.9568940Z             "title" : "Directory to use for cargo output files.",
codeql / Analyze (python)	UNKNOWN STEP	2026-09-26T11:43:23.9571059Z             "description" : "This value is an optional path to use as `CARGO_TARGET_DIR` for the internal cargo commands the extractor uses. Pointing it to a persistent directory may reduce execution time of consecutive extractor runs. By default, a new scratch directory is used for each extraction, while qltests use the test's `target` directory so artifacts can be reused across runs.\n",
codeql / Analyze (python)	UNKNOWN STEP	2026-09-26T11:43:23.9572987Z             "type" : "string"
codeql / Analyze (python)	UNKNOWN STEP	2026-09-26T11:43:23.9573426Z           },
codeql / Analyze (python)	UNKNOWN STEP	2026-09-26T11:43:23.9573810Z           "cargo_target" : {
codeql / Analyze (python)	UNKNOWN STEP	2026-09-26T11:43:23.9574201Z             "title" : "Target architecture",
codeql / Analyze (python)	UNKNOWN STEP	2026-09-26T11:43:23.9575019Z             "description" : "Target architecture to use for analysis, analogous to `cargo --target`. By default the host architecture is used.\n",
codeql / Analyze (python)	UNKNOWN STEP	2026-09-26T11:43:23.9575894Z             "type" : "string"
codeql / Analyze (python)	UNKNOWN STEP	2026-09-26T11:43:23.9576309Z           },
codeql / Analyze (python)	UNKNOWN STEP	2026-09-26T11:43:23.9576853Z           "cargo_features" : {
codeql / Analyze (python)	UNKNOWN STEP	2026-09-26T11:43:23.9577339Z             "title" : "Cargo features to turn on",
codeql / Analyze (python)	UNKNOWN STEP	2026-09-26T11:43:23.9578813Z             "description" : "Comma-separated list of features to turn on. By default all features are enabled. If any features are specified, then only those features are enabled. The `default` feature must be explicitly specified if only default features are desired. Can be repeated.\n",
codeql / Analyze (python)	UNKNOWN STEP	2026-09-26T11:43:23.9580354Z             "type" : "array"
codeql / Analyze (python)	UNKNOWN STEP	2026-09-26T11:43:23.9580793Z           },
codeql / Analyze (python)	UNKNOWN STEP	2026-09-26T11:43:23.9581190Z           "cargo_cfg_overrides" : {
codeql / Analyze (python)	UNKNOWN STEP	2026-09-26T11:43:23.9581642Z             "title" : "Cargo cfg overrides",
codeql / Analyze (python)	UNKNOWN STEP	2026-09-26T11:43:23.9582414Z             "description" : "Comma-separated list of cfg settings to enable, or disable if prefixed with `-`. Can be repeated.\n",
codeql / Analyze (python)	UNKNOWN STEP	2026-09-26T11:43:23.9583203Z             "type" : "array"
codeql / Analyze (python)	UNKNOWN STEP	2026-09-26T11:43:23.9583579Z           },
codeql / Analyze (python)	UNKNOWN STEP	2026-09-26T11:43:23.9584001Z           "logging" : {
codeql / Analyze (python)	UNKNOWN STEP	2026-09-26T11:43:23.9584460Z             "title" : "Options pertaining to logging.",
codeql / Analyze (python)	UNKNOWN STEP	2026-09-26T11:43:23.9585030Z             "description" : "Options pertaining to logging.",
codeql / Analyze (python)	UNKNOWN STEP	2026-09-26T11:43:23.9585558Z             "type" : "object",
codeql / Analyze (python)	UNKNOWN STEP	2026-09-26T11:43:23.9585975Z             "properties" : {
codeql / Analyze (python)	UNKNOWN STEP	2026-09-26T11:43:23.9586351Z               "verbosity" : {
codeql / Analyze (python)	UNKNOWN STEP	2026-09-26T11:43:23.9586925Z                 "title" : "Extractor logging verbosity level.",
codeql / Analyze (python)	UNKNOWN STEP	2026-09-26T11:43:23.9588334Z                 "description" : "Controls the level of verbosity of the extractor. The supported levels are (in order of increasing verbosity):\n  - off\n  - errors\n  - warnings\n  - info or progress\n  - debug or progress+\n  - trace or progress++\n  - progress+++\n",
codeql / Analyze (python)	UNKNOWN STEP	2026-09-26T11:43:23.9589682Z                 "type" : "string",
codeql / Analyze (python)	UNKNOWN STEP	2026-09-26T11:43:23.9590435Z                 "pattern" : "^(off|errors|warnings|(info|progress)|(debug|progress\\+)|(trace|progress\\+\\+)|progress\\+\\+\\+)$"
codeql / Analyze (python)	UNKNOWN STEP	2026-09-26T11:43:23.9591184Z               },
codeql / Analyze (python)	UNKNOWN STEP	2026-09-26T11:43:23.9591550Z               "flamegraph" : {
codeql / Analyze (python)	UNKNOWN STEP	2026-09-26T11:43:23.9592091Z                 "title" : "[Experimental] File path for write flame graph log",
codeql / Analyze (python)	UNKNOWN STEP	2026-09-26T11:43:23.9593368Z                 "description" : "Collect flame graph data using the `tracing-flame` crate. To render a flame graph or chart, run the `inferno-flamegraph` command. See also: https://crates.io/crates/tracing-flame\n",
codeql / Analyze (python)	UNKNOWN STEP	2026-09-26T11:43:23.9594575Z                 "type" : "string"
codeql / Analyze (python)	UNKNOWN STEP	2026-09-26T11:43:23.9595142Z               }
codeql / Analyze (python)	UNKNOWN STEP	2026-09-26T11:43:23.9595549Z             }
codeql / Analyze (python)	UNKNOWN STEP	2026-09-26T11:43:23.9595922Z           },
codeql / Analyze (python)	UNKNOWN STEP	2026-09-26T11:43:23.9596554Z           "extract_dependencies_as_source" : {
codeql / Analyze (python)	UNKNOWN STEP	2026-09-26T11:43:23.9597286Z             "title" : "Extract dependencies as source code",
codeql / Analyze (python)	UNKNOWN STEP	2026-09-26T11:43:23.9598082Z             "description" : "Extract the full source code of dependencies instead of only extracting signatures.\n",
codeql / Analyze (python)	UNKNOWN STEP	2026-09-26T11:43:23.9598860Z             "type" : "string",
codeql / Analyze (python)	UNKNOWN STEP	2026-09-26T11:43:23.9599286Z             "pattern" : "^(false|true)$"
codeql / Analyze (python)	UNKNOWN STEP	2026-09-26T11:43:23.9599724Z           }
codeql / Analyze (python)	UNKNOWN STEP	2026-09-26T11:43:23.9600061Z         }
codeql / Analyze (python)	UNKNOWN STEP	2026-09-26T11:43:23.9600584Z       }
codeql / Analyze (python)	UNKNOWN STEP	2026-09-26T11:43:23.9600961Z     ],
codeql / Analyze (python)	UNKNOWN STEP	2026-09-26T11:43:23.9601316Z     "csharp" : [
codeql / Analyze (python)	UNKNOWN STEP	2026-09-26T11:43:23.9601724Z       {
codeql / Analyze (python)	UNKNOWN STEP	2026-09-26T11:43:23.9602307Z         "extractor_root" : "/opt/hostedtoolcache/CodeQL/2.27.1/x64/codeql/csharp",
codeql / Analyze (python)	UNKNOWN STEP	2026-09-26T11:43:23.9603049Z         "extractor_options" : {
codeql / Analyze (python)	UNKNOWN STEP	2026-09-26T11:43:23.9603447Z           "trap" : {
codeql / Analyze (python)	UNKNOWN STEP	2026-09-26T11:43:23.9603872Z             "title" : "Options pertaining to TRAP.",
codeql / Analyze (python)	UNKNOWN STEP	2026-09-26T11:43:23.9604418Z             "description" : "Options pertaining to TRAP.",
codeql / Analyze (python)	UNKNOWN STEP	2026-09-26T11:43:23.9604969Z             "type" : "object",
codeql / Analyze (python)	UNKNOWN STEP	2026-09-26T11:43:23.9605400Z             "properties" : {
codeql / Analyze (python)	UNKNOWN STEP	2026-09-26T11:43:23.9606257Z               "compression" : {
codeql / Analyze (python)	UNKNOWN STEP	2026-09-26T11:43:23.9606916Z                 "title" : "Controls compression for the TRAP files written by the extractor.",
codeql / Analyze (python)	UNKNOWN STEP	2026-09-26T11:43:23.9608197Z                 "description" : "This option is only intended for use in debugging the extractor. Accepted values are 'brotli' (the default, to write brotli-compressed TRAP), 'gzip', and 'none' (to write uncompressed TRAP).\n",
codeql / Analyze (python)	UNKNOWN STEP	2026-09-26T11:43:23.9609334Z                 "type" : "string",
codeql / Analyze (python)	UNKNOWN STEP	2026-09-26T11:43:23.9609661Z                 "pattern" : "^(none|gzip|brotli)$"
codeql / Analyze (python)	UNKNOWN STEP	2026-09-26T11:43:23.9609999Z               }
codeql / Analyze (python)	UNKNOWN STEP	2026-09-26T11:43:23.9610234Z             }
codeql / Analyze (python)	UNKNOWN STEP	2026-09-26T11:43:23.9610450Z           },
codeql / Analyze (python)	UNKNOWN STEP	2026-09-26T11:43:23.9610681Z           "buildless" : {
codeql / Analyze (python)	UNKNOWN STEP	2026-09-26T11:43:23.9611010Z             "title" : "DEPRECATED - Whether to use buildless (standalone) extraction.",
codeql / Analyze (python)	UNKNOWN STEP	2026-09-26T11:43:23.9612405Z             "description" : "DEPRECATED: Use `--build-mode none` instead.\nA value indicating, which type of extraction the autobuilder should perform. If 'true', then the standalone extractor will be used, otherwise tracing extraction will be performed. The default is 'false'. Note that buildless extraction will generally yield less accurate analysis results, and should only be used in cases where it is not possible to build the code (for example if it uses inaccessible dependencies).\n",
codeql / Analyze (python)	UNKNOWN STEP	2026-09-26T11:43:23.9613867Z             "type" : "string",
codeql / Analyze (python)	UNKNOWN STEP	2026-09-26T11:43:23.9631154Z             "pattern" : "^(false|true)$"
codeql / Analyze (python)	UNKNOWN STEP	2026-09-26T11:43:23.9631528Z           },
codeql / Analyze (python)	UNKNOWN STEP	2026-09-26T11:43:23.9631768Z           "logging" : {
codeql / Analyze (python)	UNKNOWN STEP	2026-09-26T11:43:23.9632036Z             "title" : "Options pertaining to logging.",
codeql / Analyze (python)	UNKNOWN STEP	2026-09-26T11:43:23.9632333Z             "description" : "Options pertaining to logging.",
codeql / Analyze (python)	UNKNOWN STEP	2026-09-26T11:43:23.9632586Z             "type" : "object",
codeql / Analyze (python)	UNKNOWN STEP	2026-09-26T11:43:23.9632793Z             "properties" : {
codeql / Analyze (python)	UNKNOWN STEP	2026-09-26T11:43:23.9632981Z               "verbosity" : {
codeql / Analyze (python)	UNKNOWN STEP	2026-09-26T11:43:23.9633205Z                 "title" : "Extractor logging verbosity level.",
codeql / Analyze (python)	UNKNOWN STEP	2026-09-26T11:43:23.9633974Z                 "description" : "Controls the level of verbosity of the extractor. The supported levels are (in order of increasing verbosity):\n  - off\n  - errors\n  - warnings\n  - info or progress\n  - debug or progress+\n  - trace or progress++\n  - progress+++\n",
codeql / Analyze (python)	UNKNOWN STEP	2026-09-26T11:43:23.9634703Z                 "type" : "string",
codeql / Analyze (python)	UNKNOWN STEP	2026-09-26T11:43:23.9635097Z                 "pattern" : "^(off|errors|warnings|(info|progress)|(debug|progress\\+)|(trace|progress\\+\\+)|progress\\+\\+\\+)$"
codeql / Analyze (python)	UNKNOWN STEP	2026-09-26T11:43:23.9635487Z               }
codeql / Analyze (python)	UNKNOWN STEP	2026-09-26T11:43:23.9635641Z             }
codeql / Analyze (python)	UNKNOWN STEP	2026-09-26T11:43:23.9635789Z           },
codeql / Analyze (python)	UNKNOWN STEP	2026-09-26T11:43:23.9635943Z           "binlog" : {
codeql / Analyze (python)	UNKNOWN STEP	2026-09-26T11:43:23.9636118Z             "title" : "Binlog",
codeql / Analyze (python)	UNKNOWN STEP	2026-09-26T11:43:23.9637018Z             "description" : "[EXPERIMENTAL] The value is a path to the MsBuild binary log file that should be extracted. This option only works when `--build-mode none` is also specified.\n",
codeql / Analyze (python)	UNKNOWN STEP	2026-09-26T11:43:23.9638007Z             "type" : "array"
codeql / Analyze (python)	UNKNOWN STEP	2026-09-26T11:43:23.9638249Z           },
codeql / Analyze (python)	UNKNOWN STEP	2026-09-26T11:43:23.9638477Z           "buildless_dependency_dir" : {
codeql / Analyze (python)	UNKNOWN STEP	2026-09-26T11:43:23.9639001Z             "title" : "The path where buildless (standalone) extraction should keep dependencies.",
codeql / Analyze (python)	UNKNOWN STEP	2026-09-26T11:43:23.9639986Z             "description" : "If set, the buildless (standalone) extractor will store dependencies in this directory.\n",
codeql / Analyze (python)	UNKNOWN STEP	2026-09-26T11:43:23.9640624Z             "type" : "string"
codeql / Analyze (python)	UNKNOWN STEP	2026-09-26T11:43:23.9640897Z           }
codeql / Analyze (python)	UNKNOWN STEP	2026-09-26T11:43:23.9641118Z         }
codeql / Analyze (python)	UNKNOWN STEP	2026-09-26T11:43:23.9641338Z       }
codeql / Analyze (python)	UNKNOWN STEP	2026-09-26T11:43:23.9641540Z     ],
codeql / Analyze (python)	UNKNOWN STEP	2026-09-26T11:43:23.9641748Z     "python" : [
codeql / Analyze (python)	UNKNOWN STEP	2026-09-26T11:43:23.9641961Z       {
codeql / Analyze (python)	UNKNOWN STEP	2026-09-26T11:43:23.9642319Z         "extractor_root" : "/opt/hostedtoolcache/CodeQL/2.27.1/x64/codeql/python",
codeql / Analyze (python)	UNKNOWN STEP	2026-09-26T11:43:23.9642794Z         "extractor_options" : {
codeql / Analyze (python)	UNKNOWN STEP	2026-09-26T11:43:23.9643066Z           "logging" : {
codeql / Analyze (python)	UNKNOWN STEP	2026-09-26T11:43:23.9643347Z             "title" : "Options pertaining to logging.",
codeql / Analyze (python)	UNKNOWN STEP	2026-09-26T11:43:23.9643758Z             "description" : "Options pertaining to logging.",
codeql / Analyze (python)	UNKNOWN STEP	2026-09-26T11:43:23.9644105Z             "type" : "object",
codeql / Analyze (python)	UNKNOWN STEP	2026-09-26T11:43:23.9644367Z             "properties" : {
codeql / Analyze (python)	UNKNOWN STEP	2026-09-26T11:43:23.9644640Z               "verbosity" : {
codeql / Analyze (python)	UNKNOWN STEP	2026-09-26T11:43:23.9644996Z                 "title" : "Python extractor logging verbosity level.",
codeql / Analyze (python)	UNKNOWN STEP	2026-09-26T11:43:23.9646276Z                 "description" : "Controls the level of verbosity of the CodeQL Python extractor.\nThe supported levels are (in order of increasing verbosity):\n\n  - off\n  - errors\n  - warnings\n  - info or progress\n  - debug or progress+\n  - trace or progress++\n  - progress+++\n",
codeql / Analyze (python)	UNKNOWN STEP	2026-09-26T11:43:23.9647660Z                 "type" : "string",
codeql / Analyze (python)	UNKNOWN STEP	2026-09-26T11:43:23.9648278Z                 "pattern" : "^(off|errors|warnings|(info|progress)|(debug|progress\\+)|(trace|progress\\+\\+)|progress\\+\\+\\+)$"
codeql / Analyze (python)	UNKNOWN STEP	2026-09-26T11:43:23.9648914Z               }
codeql / Analyze (python)	UNKNOWN STEP	2026-09-26T11:43:23.9649140Z             }
codeql / Analyze (python)	UNKNOWN STEP	2026-09-26T11:43:23.9649356Z           },
codeql / Analyze (python)	UNKNOWN STEP	2026-09-26T11:43:23.9649613Z           "python_executable_name" : {
codeql / Analyze (python)	UNKNOWN STEP	2026-09-26T11:43:23.9650090Z             "title" : "Controls the name of the Python executable used by the Python extractor.",
codeql / Analyze (python)	UNKNOWN STEP	2026-09-26T11:43:23.9651899Z             "description" : "The Python extractor uses platform-dependent heuristics to determine the name of the Python executable to use. Specifying a value for this option overrides the name of the Python executable used by the extractor. Accepted values are py, python and python3. Use this setting with caution, the Python extractor requires Python 3 to run.\n",
codeql / Analyze (python)	UNKNOWN STEP	2026-09-26T11:43:23.9653608Z             "type" : "string",
codeql / Analyze (python)	UNKNOWN STEP	2026-09-26T11:43:23.9653935Z             "pattern" : "^(py|python|python3)$"
codeql / Analyze (python)	UNKNOWN STEP	2026-09-26T11:43:23.9654271Z           }
codeql / Analyze (python)	UNKNOWN STEP	2026-09-26T11:43:23.9654489Z         }
codeql / Analyze (python)	UNKNOWN STEP	2026-09-26T11:43:23.9654710Z       }
codeql / Analyze (python)	UNKNOWN STEP	2026-09-26T11:43:23.9654932Z     ],
codeql / Analyze (python)	UNKNOWN STEP	2026-09-26T11:43:23.9655146Z     "cpp" : [
codeql / Analyze (python)	UNKNOWN STEP	2026-09-26T11:43:23.9655373Z       {
codeql / Analyze (python)	UNKNOWN STEP	2026-09-26T11:43:23.9655731Z         "extractor_root" : "/opt/hostedtoolcache/CodeQL/2.27.1/x64/codeql/cpp",
codeql / Analyze (python)	UNKNOWN STEP	2026-09-26T11:43:23.9656204Z         "extractor_options" : {
codeql / Analyze (python)	UNKNOWN STEP	2026-09-26T11:43:23.9656494Z           "trap" : {
codeql / Analyze (python)	UNKNOWN STEP	2026-09-26T11:43:23.9656893Z             "title" : "TRAP options",
codeql / Analyze (python)	UNKNOWN STEP	2026-09-26T11:43:23.9657345Z             "description" : "Options about how the extractor handles TRAP files",
codeql / Analyze (python)	UNKNOWN STEP	2026-09-26T11:43:23.9657813Z             "type" : "object",
codeql / Analyze (python)	UNKNOWN STEP	2026-09-26T11:43:23.9658111Z             "visibility" : 3,
codeql / Analyze (python)	UNKNOWN STEP	2026-09-26T11:43:23.9658406Z             "properties" : {
codeql / Analyze (python)	UNKNOWN STEP	2026-09-26T11:43:23.9658699Z               "cache" : {
codeql / Analyze (python)	UNKNOWN STEP	2026-09-26T11:43:23.9658993Z                 "title" : "TRAP cache options",
codeql / Analyze (python)	UNKNOWN STEP	2026-09-26T11:43:23.9659488Z                 "description" : "Options about how the extractor handles its TRAP cache",
codeql / Analyze (python)	UNKNOWN STEP	2026-09-26T11:43:23.9659979Z                 "type" : "object",
codeql / Analyze (python)	UNKNOWN STEP	2026-09-26T11:43:23.9660445Z                 "properties" : {
codeql / Analyze (python)	UNKNOWN STEP	2026-09-26T11:43:23.9660738Z                   "dir" : {
codeql / Analyze (python)	UNKNOWN STEP	2026-09-26T11:43:23.9661049Z                     "title" : "TRAP cache directory",
codeql / Analyze (python)	UNKNOWN STEP	2026-09-26T11:43:23.9661498Z                     "description" : "The directory of the TRAP cache to use",
codeql / Analyze (python)	UNKNOWN STEP	2026-09-26T11:43:23.9661931Z                     "type" : "string"
codeql / Analyze (python)	UNKNOWN STEP	2026-09-26T11:43:23.9662232Z                   },
codeql / Analyze (python)	UNKNOWN STEP	2026-09-26T11:43:23.9662492Z                   "bound" : {
codeql / Analyze (python)	UNKNOWN STEP	2026-09-26T11:43:23.9662914Z                     "title" : "TRAP cache bound",
codeql / Analyze (python)	UNKNOWN STEP	2026-09-26T11:43:23.9663395Z                     "description" : "A soft limit (in MB) on the size of the TRAP cache",
codeql / Analyze (python)	UNKNOWN STEP	2026-09-26T11:43:23.9663874Z                     "type" : "string",
codeql / Analyze (python)	UNKNOWN STEP	2026-09-26T11:43:23.9664194Z                     "pattern" : "[0-9]+"
codeql / Analyze (python)	UNKNOWN STEP	2026-09-26T11:43:23.9664503Z                   },
codeql / Analyze (python)	UNKNOWN STEP	2026-09-26T11:43:23.9664752Z                   "write" : {
codeql / Analyze (python)	UNKNOWN STEP	2026-09-26T11:43:23.9665065Z                     "title" : "TRAP cache writeable",
codeql / Analyze (python)	UNKNOWN STEP	2026-09-26T11:43:23.9665593Z                     "description" : "Whether to write to the TRAP cache as well as reading it",
codeql / Analyze (python)	UNKNOWN STEP	2026-09-26T11:43:23.9666107Z                     "type" : "string",
codeql / Analyze (python)	UNKNOWN STEP	2026-09-26T11:43:23.9666451Z                     "pattern" : "(true|TRUE|false|FALSE)"
codeql / Analyze (python)	UNKNOWN STEP	2026-09-26T11:43:23.9666915Z                   }
codeql / Analyze (python)	UNKNOWN STEP	2026-09-26T11:43:23.9667157Z                 }
codeql / Analyze (python)	UNKNOWN STEP	2026-09-26T11:43:23.9667390Z               }
codeql / Analyze (python)	UNKNOWN STEP	2026-09-26T11:43:23.9667617Z             }
codeql / Analyze (python)	UNKNOWN STEP	2026-09-26T11:43:23.9667837Z           },
codeql / Analyze (python)	UNKNOWN STEP	2026-09-26T11:43:23.9668083Z           "scale_timeouts" : {
codeql / Analyze (python)	UNKNOWN STEP	2026-09-26T11:43:23.9668482Z             "title" : "Value to scale compiler introspection timeouts with",
codeql / Analyze (python)	UNKNOWN STEP	2026-09-26T11:43:23.9670370Z             "description" : "The extractor attempts to determine what compiler the source code being extracted is compiled with. To this end the extractor makes additional calls to the compiler, some of which are expected to return within a certain fixed time (either 10s or 15s). On some systems that are under high load this time might be too short, and can be scaled up using this option.\n",
codeql / Analyze (python)	UNKNOWN STEP	2026-09-26T11:43:23.9672097Z             "type" : "string",
codeql / Analyze (python)	UNKNOWN STEP	2026-09-26T11:43:23.9672388Z             "pattern" : "[0-9]+"
codeql / Analyze (python)	UNKNOWN STEP	2026-09-26T11:43:23.9672697Z           },
codeql / Analyze (python)	UNKNOWN STEP	2026-09-26T11:43:23.9672932Z           "log_verbosity" : {
codeql / Analyze (python)	UNKNOWN STEP	2026-09-26T11:43:23.9673279Z             "title" : "Verbosity of the extractor logging",
codeql / Analyze (python)	UNKNOWN STEP	2026-09-26T11:43:23.9674074Z             "description" : "Set the verbosity of the extractor logging to 'quiet' (0), 'normal' (1), 'chatty' (2), or 'noisy' (3). The default is 'normal'.\n",
codeql / Analyze (python)	UNKNOWN STEP	2026-09-26T11:43:23.9674808Z             "type" : "string",
codeql / Analyze (python)	UNKNOWN STEP	2026-09-26T11:43:23.9675090Z             "pattern" : "[0-3]"
codeql / Analyze (python)	UNKNOWN STEP	2026-09-26T11:43:23.9675366Z           },
codeql / Analyze (python)	UNKNOWN STEP	2026-09-26T11:43:23.9675598Z           "frontend_options" : {
codeql / Analyze (python)	UNKNOWN STEP	2026-09-26T11:43:23.9675937Z             "title" : "C/C++ extractor frontend options",
codeql / Analyze (python)	UNKNOWN STEP	2026-09-26T11:43:23.9676668Z             "description" : "Set additional options that should be passed to the C/C++ extractor frontend.\n",
codeql / Analyze (python)	UNKNOWN STEP	2026-09-26T11:43:23.9677268Z             "type" : "array",
codeql / Analyze (python)	UNKNOWN STEP	2026-09-26T11:43:23.9677555Z             "visibility" : 3
codeql / Analyze (python)	UNKNOWN STEP	2026-09-26T11:43:23.9677829Z           }
codeql / Analyze (python)	UNKNOWN STEP	2026-09-26T11:43:23.9678048Z         }
codeql / Analyze (python)	UNKNOWN STEP	2026-09-26T11:43:23.9678259Z       }
codeql / Analyze (python)	UNKNOWN STEP	2026-09-26T11:43:23.9678475Z     ],
codeql / Analyze (python)	UNKNOWN STEP	2026-09-26T11:43:23.9678696Z     "java" : [
codeql / Analyze (python)	UNKNOWN STEP	2026-09-26T11:43:23.9678918Z       {
codeql / Analyze (python)	UNKNOWN STEP	2026-09-26T11:43:23.9679273Z         "extractor_root" : "/opt/hostedtoolcache/CodeQL/2.27.1/x64/codeql/java",
codeql / Analyze (python)	UNKNOWN STEP	2026-09-26T11:43:23.9679760Z         "extractor_options" : {
codeql / Analyze (python)	UNKNOWN STEP	2026-09-26T11:43:23.9680078Z           "exclude" : {
codeql / Analyze (python)	UNKNOWN STEP	2026-09-26T11:43:23.9680411Z             "title" : "A glob excluding files from analysis.",
codeql / Analyze (python)	UNKNOWN STEP	2026-09-26T11:43:23.9681368Z             "description" : "A glob indicating what files to exclude from the analysis. This accepts glob patterns that are supported by Java's 'getPathMatcher' implementation.\n",
codeql / Analyze (python)	UNKNOWN STEP	2026-09-26T11:43:23.9682316Z             "type" : "string"
codeql / Analyze (python)	UNKNOWN STEP	2026-09-26T11:43:23.9682596Z           },
codeql / Analyze (python)	UNKNOWN STEP	2026-09-26T11:43:23.9682840Z           "add_prefer_source" : {
codeql / Analyze (python)	UNKNOWN STEP	2026-09-26T11:43:23.9683522Z             "title" : "Whether to always prefer source files over class files.",
codeql / Analyze (python)	UNKNOWN STEP	2026-09-26T11:43:23.9685037Z             "description" : "A value indicating whether source files should be preferred over class files. If set to 'true', the extraction adds '-Xprefer:source' to the javac command line. If set to 'false', the extraction uses the default javac behavior ('-Xprefer:newer'). The default is 'true'.\n",
codeql / Analyze (python)	UNKNOWN STEP	2026-09-26T11:43:23.9686286Z             "type" : "string",
codeql / Analyze (python)	UNKNOWN STEP	2026-09-26T11:43:23.9687052Z             "pattern" : "^(false|true)$"
codeql / Analyze (python)	UNKNOWN STEP	2026-09-26T11:43:23.9687370Z           },
codeql / Analyze (python)	UNKNOWN STEP	2026-09-26T11:43:23.9687597Z           "buildless" : {
codeql / Analyze (python)	UNKNOWN STEP	2026-09-26T11:43:23.9687983Z             "title" : "Whether to use buildless (standalone) extraction (experimental).",
codeql / Analyze (python)	UNKNOWN STEP	2026-09-26T11:43:23.9689378Z             "description" : "A value indicating, which type of extraction the autobuilder should perform. If 'true', then the standalone extractor will be used, otherwise tracing extraction will be performed. The default is 'false'. Note that buildless extraction will generally yield less accurate analysis results, and should only be used in cases where it is not possible to build the code (for example if it uses inaccessible dependencies).\n",
codeql / Analyze (python)	UNKNOWN STEP	2026-09-26T11:43:23.9690537Z             "type" : "string",
codeql / Analyze (python)	UNKNOWN STEP	2026-09-26T11:43:23.9690742Z             "pattern" : "^(false|true)$"
codeql / Analyze (python)	UNKNOWN STEP	2026-09-26T11:43:23.9690942Z           },
codeql / Analyze (python)	UNKNOWN STEP	2026-09-26T11:43:23.9691119Z           "buildless_dependency_dir" : {
codeql / Analyze (python)	UNKNOWN STEP	2026-09-26T11:43:23.9691454Z             "title" : "The path where buildless (standalone) extraction should keep dependencies.",
codeql / Analyze (python)	UNKNOWN STEP	2026-09-26T11:43:23.9691953Z             "description" : "If set, the buildless (standalone) extractor will store dependencies in this directory.\n",
codeql / Analyze (python)	UNKNOWN STEP	2026-09-26T11:43:23.9692330Z             "type" : "string"
codeql / Analyze (python)	UNKNOWN STEP	2026-09-26T11:43:23.9692509Z           },
codeql / Analyze (python)	UNKNOWN STEP	2026-09-26T11:43:23.9692672Z           "minimize_dependency_jars" : {
codeql / Analyze (python)	UNKNOWN STEP	2026-09-26T11:43:23.9693008Z             "title" : "Whether to rewrite and minimize downloaded JAR dependencies (experimental).",
codeql / Analyze (python)	UNKNOWN STEP	2026-09-26T11:43:23.9693641Z             "description" : "If 'true', JAR dependencies downloaded during extraction will be rewritten to remove unneeded data, such as method bodies. The default is 'false'.\n",
codeql / Analyze (python)	UNKNOWN STEP	2026-09-26T11:43:23.9694145Z             "type" : "string",
codeql / Analyze (python)	UNKNOWN STEP	2026-09-26T11:43:23.9694334Z             "pattern" : "^(false|true)$"
codeql / Analyze (python)	UNKNOWN STEP	2026-09-26T11:43:23.9694526Z           }
codeql / Analyze (python)	UNKNOWN STEP	2026-09-26T11:43:23.9694670Z         }
codeql / Analyze (python)	UNKNOWN STEP	2026-09-26T11:43:23.9694814Z       }
codeql / Analyze (python)	UNKNOWN STEP	2026-09-26T11:43:23.9694964Z     ],
codeql / Analyze (python)	UNKNOWN STEP	2026-09-26T11:43:23.9695108Z     "go" : [
codeql / Analyze (python)	UNKNOWN STEP	2026-09-26T11:43:23.9695256Z       {
codeql / Analyze (python)	UNKNOWN STEP	2026-09-26T11:43:23.9695481Z         "extractor_root" : "/opt/hostedtoolcache/CodeQL/2.27.1/x64/codeql/go",
codeql / Analyze (python)	UNKNOWN STEP	2026-09-26T11:43:23.9695771Z         "extractor_options" : {
codeql / Analyze (python)	UNKNOWN STEP	2026-09-26T11:43:23.9695980Z           "extract_tests" : {
codeql / Analyze (python)	UNKNOWN STEP	2026-09-26T11:43:23.9696252Z             "title" : "Whether to include Go test files in the CodeQL database.",
codeql / Analyze (python)	UNKNOWN STEP	2026-09-26T11:43:23.9696923Z             "description" : "A value indicating whether Go test files should be included in the CodeQL database. The default is 'false'.\n",
codeql / Analyze (python)	UNKNOWN STEP	2026-09-26T11:43:23.9697348Z             "type" : "string",
codeql / Analyze (python)	UNKNOWN STEP	2026-09-26T11:43:23.9697545Z             "pattern" : "^(false|true)$"
codeql / Analyze (python)	UNKNOWN STEP	2026-09-26T11:43:23.9697738Z           },
codeql / Analyze (python)	UNKNOWN STEP	2026-09-26T11:43:23.9697895Z           "extract_vendor_dirs" : {
codeql / Analyze (python)	UNKNOWN STEP	2026-09-26T11:43:23.9698178Z             "title" : "Whether to include Go vendor directories in the CodeQL database.",
codeql / Analyze (python)	UNKNOWN STEP	2026-09-26T11:43:23.9698711Z             "description" : "A value indicating whether Go vendor directories should be included in the CodeQL database. The default is 'false'.\n",
codeql / Analyze (python)	UNKNOWN STEP	2026-09-26T11:43:23.9699178Z             "type" : "string",
codeql / Analyze (python)	UNKNOWN STEP	2026-09-26T11:43:23.9699373Z             "pattern" : "^(false|true)$"
codeql / Analyze (python)	UNKNOWN STEP	2026-09-26T11:43:23.9699567Z           }
codeql / Analyze (python)	UNKNOWN STEP	2026-09-26T11:43:23.9699710Z         }
codeql / Analyze (python)	UNKNOWN STEP	2026-09-26T11:43:23.9699854Z       }
codeql / Analyze (python)	UNKNOWN STEP	2026-09-26T11:43:23.9699995Z     ],
codeql / Analyze (python)	UNKNOWN STEP	2026-09-26T11:43:23.9700149Z     "actions" : [
codeql / Analyze (python)	UNKNOWN STEP	2026-09-26T11:43:23.9700302Z       {
codeql / Analyze (python)	UNKNOWN STEP	2026-09-26T11:43:23.9700665Z         "extractor_root" : "/opt/hostedtoolcache/CodeQL/2.27.1/x64/codeql/actions",
codeql / Analyze (python)	UNKNOWN STEP	2026-09-26T11:43:23.9700962Z         "extractor_options" : {
codeql / Analyze (python)	UNKNOWN STEP	2026-09-26T11:43:23.9701146Z           "trap" : {
codeql / Analyze (python)	UNKNOWN STEP	2026-09-26T11:43:23.9701322Z             "title" : "TRAP options",
codeql / Analyze (python)	UNKNOWN STEP	2026-09-26T11:43:23.9701610Z             "description" : "Options about how the extractor handles TRAP files",
codeql / Analyze (python)	UNKNOWN STEP	2026-09-26T11:43:23.9701891Z             "type" : "object",
codeql / Analyze (python)	UNKNOWN STEP	2026-09-26T11:43:23.9702076Z             "visibility" : 3,
codeql / Analyze (python)	UNKNOWN STEP	2026-09-26T11:43:23.9702357Z             "properties" : {
codeql / Analyze (python)	UNKNOWN STEP	2026-09-26T11:43:23.9702542Z               "cache" : {
codeql / Analyze (python)	UNKNOWN STEP	2026-09-26T11:43:23.9702734Z                 "title" : "TRAP cache options",
codeql / Analyze (python)	UNKNOWN STEP	2026-09-26T11:43:23.9703036Z                 "description" : "Options about how the extractor handles its TRAP cache",
codeql / Analyze (python)	UNKNOWN STEP	2026-09-26T11:43:23.9703328Z                 "type" : "object",
codeql / Analyze (python)	UNKNOWN STEP	2026-09-26T11:43:23.9703525Z                 "properties" : {
codeql / Analyze (python)	UNKNOWN STEP	2026-09-26T11:43:23.9703708Z                   "dir" : {
codeql / Analyze (python)	UNKNOWN STEP	2026-09-26T11:43:23.9703918Z                     "title" : "TRAP cache directory",
codeql / Analyze (python)	UNKNOWN STEP	2026-09-26T11:43:23.9704193Z                     "description" : "The directory of the TRAP cache to use",
codeql / Analyze (python)	UNKNOWN STEP	2026-09-26T11:43:23.9704453Z                     "type" : "string"
codeql / Analyze (python)	UNKNOWN STEP	2026-09-26T11:43:23.9704642Z                   },
codeql / Analyze (python)	UNKNOWN STEP	2026-09-26T11:43:23.9704802Z                   "bound" : {
codeql / Analyze (python)	UNKNOWN STEP	2026-09-26T11:43:23.9704996Z                     "title" : "TRAP cache bound",
codeql / Analyze (python)	UNKNOWN STEP	2026-09-26T11:43:23.9705274Z                     "description" : "A soft limit (in MB) on the size of the TRAP cache",
codeql / Analyze (python)	UNKNOWN STEP	2026-09-26T11:43:23.9705560Z                     "type" : "string",
codeql / Analyze (python)	UNKNOWN STEP	2026-09-26T11:43:23.9705763Z                     "pattern" : "[0-9]+"
codeql / Analyze (python)	UNKNOWN STEP	2026-09-26T11:43:23.9705962Z                   },
codeql / Analyze (python)	UNKNOWN STEP	2026-09-26T11:43:23.9706118Z                   "write" : {
codeql / Analyze (python)	UNKNOWN STEP	2026-09-26T11:43:23.9706308Z                     "title" : "TRAP cache writeable",
codeql / Analyze (python)	UNKNOWN STEP	2026-09-26T11:43:23.9706757Z                     "description" : "Whether to write to the TRAP cache as well as reading it",
codeql / Analyze (python)	UNKNOWN STEP	2026-09-26T11:43:23.9707069Z                     "type" : "string",
codeql / Analyze (python)	UNKNOWN STEP	2026-09-26T11:43:23.9707283Z                     "pattern" : "(true|TRUE|false|FALSE)"
codeql / Analyze (python)	UNKNOWN STEP	2026-09-26T11:43:23.9707493Z                   }
codeql / Analyze (python)	UNKNOWN STEP	2026-09-26T11:43:23.9707647Z                 }
codeql / Analyze (python)	UNKNOWN STEP	2026-09-26T11:43:23.9707797Z               }
codeql / Analyze (python)	UNKNOWN STEP	2026-09-26T11:43:23.9707952Z             }
codeql / Analyze (python)	UNKNOWN STEP	2026-09-26T11:43:23.9708117Z           }
codeql / Analyze (python)	UNKNOWN STEP	2026-09-26T11:43:23.9708266Z         }
codeql / Analyze (python)	UNKNOWN STEP	2026-09-26T11:43:23.9708406Z       }
codeql / Analyze (python)	UNKNOWN STEP	2026-09-26T11:43:23.9708547Z     ],
codeql / Analyze (python)	UNKNOWN STEP	2026-09-26T11:43:23.9708693Z     "javascript" : [
codeql / Analyze (python)	UNKNOWN STEP	2026-09-26T11:43:23.9708860Z       {
codeql / Analyze (python)	UNKNOWN STEP	2026-09-26T11:43:23.9709106Z         "extractor_root" : "/opt/hostedtoolcache/CodeQL/2.27.1/x64/codeql/javascript",
codeql / Analyze (python)	UNKNOWN STEP	2026-09-26T11:43:23.9709415Z         "extractor_options" : {
codeql / Analyze (python)	UNKNOWN STEP	2026-09-26T11:43:23.9709600Z           "trap" : {
codeql / Analyze (python)	UNKNOWN STEP	2026-09-26T11:43:23.9709766Z             "title" : "TRAP options",
codeql / Analyze (python)	UNKNOWN STEP	2026-09-26T11:43:23.9710039Z             "description" : "Options about how the extractor handles TRAP files",
codeql / Analyze (python)	UNKNOWN STEP	2026-09-26T11:43:23.9710323Z             "type" : "object",
codeql / Analyze (python)	UNKNOWN STEP	2026-09-26T11:43:23.9710511Z             "visibility" : 3,
codeql / Analyze (python)	UNKNOWN STEP	2026-09-26T11:43:23.9710691Z             "properties" : {
codeql / Analyze (python)	UNKNOWN STEP	2026-09-26T11:43:23.9710867Z               "cache" : {
codeql / Analyze (python)	UNKNOWN STEP	2026-09-26T11:43:23.9711056Z                 "title" : "TRAP cache options",
codeql / Analyze (python)	UNKNOWN STEP	2026-09-26T11:43:23.9711353Z                 "description" : "Options about how the extractor handles its TRAP cache",
codeql / Analyze (python)	UNKNOWN STEP	2026-09-26T11:43:23.9711645Z                 "type" : "object",
codeql / Analyze (python)	UNKNOWN STEP	2026-09-26T11:43:23.9711836Z                 "properties" : {
codeql / Analyze (python)	UNKNOWN STEP	2026-09-26T11:43:23.9712020Z                   "dir" : {
codeql / Analyze (python)	UNKNOWN STEP	2026-09-26T11:43:23.9712216Z                     "title" : "TRAP cache directory",
codeql / Analyze (python)	UNKNOWN STEP	2026-09-26T11:43:23.9712491Z                     "description" : "The directory of the TRAP cache to use",
codeql / Analyze (python)	UNKNOWN STEP	2026-09-26T11:43:23.9712754Z                     "type" : "string"
codeql / Analyze (python)	UNKNOWN STEP	2026-09-26T11:43:23.9712934Z                   },
codeql / Analyze (python)	UNKNOWN STEP	2026-09-26T11:43:23.9713085Z                   "bound" : {
codeql / Analyze (python)	UNKNOWN STEP	2026-09-26T11:43:23.9713267Z                     "title" : "TRAP cache bound",
codeql / Analyze (python)	UNKNOWN STEP	2026-09-26T11:43:23.9713662Z                     "description" : "A soft limit (in MB) on the size of the TRAP cache",
codeql / Analyze (python)	UNKNOWN STEP	2026-09-26T11:43:23.9713942Z                     "type" : "string",
codeql / Analyze (python)	UNKNOWN STEP	2026-09-26T11:43:23.9714143Z                     "pattern" : "[0-9]+"
codeql / Analyze (python)	UNKNOWN STEP	2026-09-26T11:43:23.9714331Z                   },
codeql / Analyze (python)	UNKNOWN STEP	2026-09-26T11:43:23.9714487Z                   "write" : {
codeql / Analyze (python)	UNKNOWN STEP	2026-09-26T11:43:23.9714681Z                     "title" : "TRAP cache writeable",
codeql / Analyze (python)	UNKNOWN STEP	2026-09-26T11:43:23.9714984Z                     "description" : "Whether to write to the TRAP cache as well as reading it",
codeql / Analyze (python)	UNKNOWN STEP	2026-09-26T11:43:23.9715382Z                     "type" : "string",
codeql / Analyze (python)	UNKNOWN STEP	2026-09-26T11:43:23.9715598Z                     "pattern" : "(true|TRUE|false|FALSE)"
codeql / Analyze (python)	UNKNOWN STEP	2026-09-26T11:43:23.9715806Z                   }
codeql / Analyze (python)	UNKNOWN STEP	2026-09-26T11:43:23.9715956Z                 }
codeql / Analyze (python)	UNKNOWN STEP	2026-09-26T11:43:23.9716106Z               }
codeql / Analyze (python)	UNKNOWN STEP	2026-09-26T11:43:23.9716252Z             }
codeql / Analyze (python)	UNKNOWN STEP	2026-09-26T11:43:23.9716399Z           },
codeql / Analyze (python)	UNKNOWN STEP	2026-09-26T11:43:23.9716552Z           "skip_types" : {
codeql / Analyze (python)	UNKNOWN STEP	2026-09-26T11:43:23.9716930Z             "title" : "Skip type extraction for TypeScript",
codeql / Analyze (python)	UNKNOWN STEP	2026-09-26T11:43:23.9717300Z             "description" : "Whether to skip the extraction of types in a TypeScript application",
codeql / Analyze (python)	UNKNOWN STEP	2026-09-26T11:43:23.9717618Z             "type" : "string",
codeql / Analyze (python)	UNKNOWN STEP	2026-09-26T11:43:23.9717805Z             "pattern" : "^(false|true)$"
codeql / Analyze (python)	UNKNOWN STEP	2026-09-26T11:43:23.9717996Z           }
codeql / Analyze (python)	UNKNOWN STEP	2026-09-26T11:43:23.9718139Z         }
codeql / Analyze (python)	UNKNOWN STEP	2026-09-26T11:43:23.9718280Z       }
codeql / Analyze (python)	UNKNOWN STEP	2026-09-26T11:43:23.9718412Z     ],
codeql / Analyze (python)	UNKNOWN STEP	2026-09-26T11:43:23.9718551Z     "ruby" : [
codeql / Analyze (python)	UNKNOWN STEP	2026-09-26T11:43:23.9718697Z       {
codeql / Analyze (python)	UNKNOWN STEP	2026-09-26T11:43:23.9718925Z         "extractor_root" : "/opt/hostedtoolcache/CodeQL/2.27.1/x64/codeql/ruby",
codeql / Analyze (python)	UNKNOWN STEP	2026-09-26T11:43:23.9719206Z         "extractor_options" : {
codeql / Analyze (python)	UNKNOWN STEP	2026-09-26T11:43:23.9719394Z           "trap" : {
codeql / Analyze (python)	UNKNOWN STEP	2026-09-26T11:43:23.9719571Z             "title" : "Options pertaining to TRAP.",
codeql / Analyze (python)	UNKNOWN STEP	2026-09-26T11:43:23.9719819Z             "description" : "Options pertaining to TRAP.",
codeql / Analyze (python)	UNKNOWN STEP	2026-09-26T11:43:23.9720046Z             "type" : "object",
codeql / Analyze (python)	UNKNOWN STEP	2026-09-26T11:43:23.9720224Z             "properties" : {
codeql / Analyze (python)	UNKNOWN STEP	2026-09-26T11:43:23.9720401Z               "compression" : {
codeql / Analyze (python)	UNKNOWN STEP	2026-09-26T11:43:23.9720684Z                 "title" : "Controls compression for the TRAP files written by the extractor.",
codeql / Analyze (python)	UNKNOWN STEP	2026-09-26T11:43:23.9721486Z                 "description" : "This option is only intended for use in debugging the extractor. Accepted values are 'gzip' (the default, to write gzip-compressed TRAP) 'zstd' (to write Zstandard-compressed TRAP) and 'none' (to write uncompressed TRAP).\n",
codeql / Analyze (python)	UNKNOWN STEP	2026-09-26T11:43:23.9722178Z                 "type" : "string",
codeql / Analyze (python)	UNKNOWN STEP	2026-09-26T11:43:23.9722382Z                 "pattern" : "^(none|gzip|zstd)$"
codeql / Analyze (python)	UNKNOWN STEP	2026-09-26T11:43:23.9722585Z               }
codeql / Analyze (python)	UNKNOWN STEP	2026-09-26T11:43:23.9722733Z             }
codeql / Analyze (python)	UNKNOWN STEP	2026-09-26T11:43:23.9722875Z           }
codeql / Analyze (python)	UNKNOWN STEP	2026-09-26T11:43:23.9723013Z         }
codeql / Analyze (python)	UNKNOWN STEP	2026-09-26T11:43:23.9723150Z       }
codeql / Analyze (python)	UNKNOWN STEP	2026-09-26T11:43:23.9723283Z     ],
codeql / Analyze (python)	UNKNOWN STEP	2026-09-26T11:43:23.9723420Z     "swift" : [
codeql / Analyze (python)	UNKNOWN STEP	2026-09-26T11:43:23.9723566Z       {
codeql / Analyze (python)	UNKNOWN STEP	2026-09-26T11:43:23.9723780Z         "extractor_root" : "/opt/hostedtoolcache/CodeQL/2.27.1/x64/codeql/swift"
codeql / Analyze (python)	UNKNOWN STEP	2026-09-26T11:43:23.9724044Z       }
codeql / Analyze (python)	UNKNOWN STEP	2026-09-26T11:43:23.9724188Z     ]
codeql / Analyze (python)	UNKNOWN STEP	2026-09-26T11:43:23.9724325Z   }
codeql / Analyze (python)	UNKNOWN STEP	2026-09-26T11:43:23.9724465Z }
codeql / Analyze (python)	UNKNOWN STEP	2026-09-26T11:43:24.1760799Z Languages from configuration: python
codeql / Analyze (python)	UNKNOWN STEP	2026-09-26T11:43:24.1821936Z Using Git version 2.55.0
codeql / Analyze (python)	UNKNOWN STEP	2026-09-26T11:43:24.1827039Z Using overlay database mode: none without caching.
codeql / Analyze (python)	UNKNOWN STEP	2026-09-26T11:43:24.1831748Z Computing PR diff ranges...
codeql / Analyze (python)	UNKNOWN STEP	2026-09-26T11:43:24.5956955Z Persisted 4 diff range(s) across 2 file(s).
codeql / Analyze (python)	UNKNOWN STEP	2026-09-26T11:43:24.5958235Z [command]/opt/hostedtoolcache/CodeQL/2.27.1/x64/codeql/codeql resolve languages --format=betterjson --extractor-options-verbosity=4 --extractor-include-aliases
codeql / Analyze (python)	UNKNOWN STEP	2026-09-26T11:43:25.3390496Z {
codeql / Analyze (python)	UNKNOWN STEP	2026-09-26T11:43:25.3392768Z   "aliases" : {
codeql / Analyze (python)	UNKNOWN STEP	2026-09-26T11:43:25.3393378Z     "c" : "cpp",
codeql / Analyze (python)	UNKNOWN STEP	2026-09-26T11:43:25.3393740Z     "c++" : "cpp",
codeql / Analyze (python)	UNKNOWN STEP	2026-09-26T11:43:25.3395630Z     "c-c++" : "cpp",
codeql / Analyze (python)	UNKNOWN STEP	2026-09-26T11:43:25.3396026Z     "c-cpp" : "cpp",
codeql / Analyze (python)	UNKNOWN STEP	2026-09-26T11:43:25.3396391Z     "c#" : "csharp",
codeql / Analyze (python)	UNKNOWN STEP	2026-09-26T11:43:25.3397456Z     "java-kotlin" : "java",
codeql / Analyze (python)	UNKNOWN STEP	2026-09-26T11:43:25.3397880Z     "kotlin" : "java",
codeql / Analyze (python)	UNKNOWN STEP	2026-09-26T11:43:25.3398285Z     "javascript-typescript" : "javascript",
codeql / Analyze (python)	UNKNOWN STEP	2026-09-26T11:43:25.3398776Z     "typescript" : "javascript"
codeql / Analyze (python)	UNKNOWN STEP	2026-09-26T11:43:25.3399158Z   },
codeql / Analyze (python)	UNKNOWN STEP	2026-09-26T11:43:25.3399472Z   "extractors" : {
codeql / Analyze (python)	UNKNOWN STEP	2026-09-26T11:43:25.3399815Z     "javascript" : [
codeql / Analyze (python)	UNKNOWN STEP	2026-09-26T11:43:25.3400147Z       {
codeql / Analyze (python)	UNKNOWN STEP	2026-09-26T11:43:25.3400640Z         "extractor_root" : "/opt/hostedtoolcache/CodeQL/2.27.1/x64/codeql/javascript",
codeql / Analyze (python)	UNKNOWN STEP	2026-09-26T11:43:25.3401484Z         "extractor_options" : {
codeql / Analyze (python)	UNKNOWN STEP	2026-09-26T11:43:25.3401765Z           "trap" : {
codeql / Analyze (python)	UNKNOWN STEP	2026-09-26T11:43:25.3402020Z             "title" : "TRAP options",
codeql / Analyze (python)	UNKNOWN STEP	2026-09-26T11:43:25.3402398Z             "description" : "Options about how the extractor handles TRAP files",
codeql / Analyze (python)	UNKNOWN STEP	2026-09-26T11:43:25.3402977Z             "type" : "object",
codeql / Analyze (python)	UNKNOWN STEP	2026-09-26T11:43:25.3403329Z             "visibility" : 3,
codeql / Analyze (python)	UNKNOWN STEP	2026-09-26T11:43:25.3403595Z             "properties" : {
codeql / Analyze (python)	UNKNOWN STEP	2026-09-26T11:43:25.3403857Z               "cache" : {
codeql / Analyze (python)	UNKNOWN STEP	2026-09-26T11:43:25.3404125Z                 "title" : "TRAP cache options",
codeql / Analyze (python)	UNKNOWN STEP	2026-09-26T11:43:25.3404515Z                 "description" : "Options about how the extractor handles its TRAP cache",
codeql / Analyze (python)	UNKNOWN STEP	2026-09-26T11:43:25.3404909Z                 "type" : "object",
codeql / Analyze (python)	UNKNOWN STEP	2026-09-26T11:43:25.3405178Z                 "properties" : {
codeql / Analyze (python)	UNKNOWN STEP	2026-09-26T11:43:25.3405440Z                   "dir" : {
codeql / Analyze (python)	UNKNOWN STEP	2026-09-26T11:43:25.3405713Z                     "title" : "TRAP cache directory",
codeql / Analyze (python)	UNKNOWN STEP	2026-09-26T11:43:25.3406069Z                     "description" : "The directory of the TRAP cache to use",
codeql / Analyze (python)	UNKNOWN STEP	2026-09-26T11:43:25.3406409Z                     "type" : "string"
codeql / Analyze (python)	UNKNOWN STEP	2026-09-26T11:43:25.3406942Z                   },
codeql / Analyze (python)	UNKNOWN STEP	2026-09-26T11:43:25.3407205Z                   "bound" : {
codeql / Analyze (python)	UNKNOWN STEP	2026-09-26T11:43:25.3407508Z                     "title" : "TRAP cache bound",
codeql / Analyze (python)	UNKNOWN STEP	2026-09-26T11:43:25.3407981Z                     "description" : "A soft limit (in MB) on the size of the TRAP cache",
codeql / Analyze (python)	UNKNOWN STEP	2026-09-26T11:43:25.3408435Z                     "type" : "string",
codeql / Analyze (python)	UNKNOWN STEP	2026-09-26T11:43:25.3408776Z                     "pattern" : "[0-9]+"
codeql / Analyze (python)	UNKNOWN STEP	2026-09-26T11:43:25.3409059Z                   },
codeql / Analyze (python)	UNKNOWN STEP	2026-09-26T11:43:25.3409277Z                   "write" : {
codeql / Analyze (python)	UNKNOWN STEP	2026-09-26T11:43:25.3409550Z                     "title" : "TRAP cache writeable",
codeql / Analyze (python)	UNKNOWN STEP	2026-09-26T11:43:25.3409986Z                     "description" : "Whether to write to the TRAP cache as well as reading it",
codeql / Analyze (python)	UNKNOWN STEP	2026-09-26T11:43:25.3410462Z                     "type" : "string",
codeql / Analyze (python)	UNKNOWN STEP	2026-09-26T11:43:25.3410861Z                     "pattern" : "(true|TRUE|false|FALSE)"
codeql / Analyze (python)	UNKNOWN STEP	2026-09-26T11:43:25.3411172Z                   }
codeql / Analyze (python)	UNKNOWN STEP	2026-09-26T11:43:25.3411398Z                 }
codeql / Analyze (python)	UNKNOWN STEP	2026-09-26T11:43:25.3411616Z               }
codeql / Analyze (python)	UNKNOWN STEP	2026-09-26T11:43:25.3411832Z             }
codeql / Analyze (python)	UNKNOWN STEP	2026-09-26T11:43:25.3412022Z           },
codeql / Analyze (python)	UNKNOWN STEP	2026-09-26T11:43:25.3412253Z           "skip_types" : {
codeql / Analyze (python)	UNKNOWN STEP	2026-09-26T11:43:25.3412573Z             "title" : "Skip type extraction for TypeScript",
codeql / Analyze (python)	UNKNOWN STEP	2026-09-26T11:43:25.3413102Z             "description" : "Whether to skip the extraction of types in a TypeScript application",
codeql / Analyze (python)	UNKNOWN STEP	2026-09-26T11:43:25.3413601Z             "type" : "string",
codeql / Analyze (python)	UNKNOWN STEP	2026-09-26T11:43:25.3413870Z             "pattern" : "^(false|true)$"
codeql / Analyze (python)	UNKNOWN STEP	2026-09-26T11:43:25.3414130Z           }
codeql / Analyze (python)	UNKNOWN STEP	2026-09-26T11:43:25.3414328Z         }
codeql / Analyze (python)	UNKNOWN STEP	2026-09-26T11:43:25.3414527Z       }
codeql / Analyze (python)	UNKNOWN STEP	2026-09-26T11:43:25.3414739Z     ],
codeql / Analyze (python)	UNKNOWN STEP	2026-09-26T11:43:25.3414939Z     "go" : [
codeql / Analyze (python)	UNKNOWN STEP	2026-09-26T11:43:25.3415153Z       {
codeql / Analyze (python)	UNKNOWN STEP	2026-09-26T11:43:25.3415515Z         "extractor_root" : "/opt/hostedtoolcache/CodeQL/2.27.1/x64/codeql/go",
codeql / Analyze (python)	UNKNOWN STEP	2026-09-26T11:43:25.3415985Z         "extractor_options" : {
codeql / Analyze (python)	UNKNOWN STEP	2026-09-26T11:43:25.3416278Z           "extract_tests" : {
codeql / Analyze (python)	UNKNOWN STEP	2026-09-26T11:43:25.3416851Z             "title" : "Whether to include Go test files in the CodeQL database.",
codeql / Analyze (python)	UNKNOWN STEP	2026-09-26T11:43:25.3417712Z             "description" : "A value indicating whether Go test files should be included in the CodeQL database. The default is 'false'.\n",
codeql / Analyze (python)	UNKNOWN STEP	2026-09-26T11:43:25.3418429Z             "type" : "string",
codeql / Analyze (python)	UNKNOWN STEP	2026-09-26T11:43:25.3418745Z             "pattern" : "^(false|true)$"
codeql / Analyze (python)	UNKNOWN STEP	2026-09-26T11:43:25.3419293Z           },
codeql / Analyze (python)	UNKNOWN STEP	2026-09-26T11:43:25.3419542Z           "extract_vendor_dirs" : {
codeql / Analyze (python)	UNKNOWN STEP	2026-09-26T11:43:25.3420013Z             "title" : "Whether to include Go vendor directories in the CodeQL database.",
codeql / Analyze (python)	UNKNOWN STEP	2026-09-26T11:43:25.3420933Z             "description" : "A value indicating whether Go vendor directories should be included in the CodeQL database. The default is 'false'.\n",
codeql / Analyze (python)	UNKNOWN STEP	2026-09-26T11:43:25.3421683Z             "type" : "string",
codeql / Analyze (python)	UNKNOWN STEP	2026-09-26T11:43:25.3422001Z             "pattern" : "^(false|true)$"
codeql / Analyze (python)	UNKNOWN STEP	2026-09-26T11:43:25.3422474Z           }
codeql / Analyze (python)	UNKNOWN STEP	2026-09-26T11:43:25.3422695Z         }
codeql / Analyze (python)	UNKNOWN STEP	2026-09-26T11:43:25.3422917Z       }
codeql / Analyze (python)	UNKNOWN STEP	2026-09-26T11:43:25.3423133Z     ],
codeql / Analyze (python)	UNKNOWN STEP	2026-09-26T11:43:25.3423353Z     "html" : [
codeql / Analyze (python)	UNKNOWN STEP	2026-09-26T11:43:25.3423591Z       {
codeql / Analyze (python)	UNKNOWN STEP	2026-09-26T11:43:25.3423944Z         "extractor_root" : "/opt/hostedtoolcache/CodeQL/2.27.1/x64/codeql/html"
codeql / Analyze (python)	UNKNOWN STEP	2026-09-26T11:43:25.3424402Z       }
codeql / Analyze (python)	UNKNOWN STEP	2026-09-26T11:43:25.3424614Z     ],
codeql / Analyze (python)	UNKNOWN STEP	2026-09-26T11:43:25.3424837Z     "csharp" : [
codeql / Analyze (python)	UNKNOWN STEP	2026-09-26T11:43:25.3425090Z       {
codeql / Analyze (python)	UNKNOWN STEP	2026-09-26T11:43:25.3425478Z         "extractor_root" : "/opt/hostedtoolcache/CodeQL/2.27.1/x64/codeql/csharp",
codeql / Analyze (python)	UNKNOWN STEP	2026-09-26T11:43:25.3425979Z         "extractor_options" : {
codeql / Analyze (python)	UNKNOWN STEP	2026-09-26T11:43:25.3426264Z           "trap" : {
codeql / Analyze (python)	UNKNOWN STEP	2026-09-26T11:43:25.3426558Z             "title" : "Options pertaining to TRAP.",
codeql / Analyze (python)	UNKNOWN STEP	2026-09-26T11:43:25.3427144Z             "description" : "Options pertaining to TRAP.",
codeql / Analyze (python)	UNKNOWN STEP	2026-09-26T11:43:25.3427523Z             "type" : "object",
codeql / Analyze (python)	UNKNOWN STEP	2026-09-26T11:43:25.3427819Z             "properties" : {
codeql / Analyze (python)	UNKNOWN STEP	2026-09-26T11:43:25.3428113Z               "compression" : {
codeql / Analyze (python)	UNKNOWN STEP	2026-09-26T11:43:25.3428565Z                 "title" : "Controls compression for the TRAP files written by the extractor.",
codeql / Analyze (python)	UNKNOWN STEP	2026-09-26T11:43:25.3429403Z                 "description" : "This option is only intended for use in debugging the extractor. Accepted values are 'brotli' (the default, to write brotli-compressed TRAP), 'gzip', and 'none' (to write uncompressed TRAP).\n",
codeql / Analyze (python)	UNKNOWN STEP	2026-09-26T11:43:25.3430045Z                 "type" : "string",
codeql / Analyze (python)	UNKNOWN STEP	2026-09-26T11:43:25.3430264Z                 "pattern" : "^(none|gzip|brotli)$"
codeql / Analyze (python)	UNKNOWN STEP	2026-09-26T11:43:25.3430475Z               }
codeql / Analyze (python)	UNKNOWN STEP	2026-09-26T11:43:25.3430631Z             }
codeql / Analyze (python)	UNKNOWN STEP	2026-09-26T11:43:25.3430782Z           },
codeql / Analyze (python)	UNKNOWN STEP	2026-09-26T11:43:25.3430937Z           "buildless" : {
codeql / Analyze (python)	UNKNOWN STEP	2026-09-26T11:43:25.3431210Z             "title" : "DEPRECATED - Whether to use buildless (standalone) extraction.",
codeql / Analyze (python)	UNKNOWN STEP	2026-09-26T11:43:25.3432585Z             "description" : "DEPRECATED: Use `--build-mode none` instead.\nA value indicating, which type of extraction the autobuilder should perform. If 'true', then the standalone extractor will be used, otherwise tracing extraction will be performed. The default is 'false'. Note that buildless extraction will generally yield less accurate analysis results, and should only be used in cases where it is not possible to build the code (for example if it uses inaccessible dependencies).\n",
codeql / Analyze (python)	UNKNOWN STEP	2026-09-26T11:43:25.3433826Z             "type" : "string",
codeql / Analyze (python)	UNKNOWN STEP	2026-09-26T11:43:25.3434021Z             "pattern" : "^(false|true)$"
codeql / Analyze (python)	UNKNOWN STEP	2026-09-26T11:43:25.3434226Z           },
codeql / Analyze (python)	UNKNOWN STEP	2026-09-26T11:43:25.3434373Z           "logging" : {
codeql / Analyze (python)	UNKNOWN STEP	2026-09-26T11:43:25.3434569Z             "title" : "Options pertaining to logging.",
codeql / Analyze (python)	UNKNOWN STEP	2026-09-26T11:43:25.3434835Z             "description" : "Options pertaining to logging.",
codeql / Analyze (python)	UNKNOWN STEP	2026-09-26T11:43:25.3435080Z             "type" : "object",
codeql / Analyze (python)	UNKNOWN STEP	2026-09-26T11:43:25.3435266Z             "properties" : {
codeql / Analyze (python)	UNKNOWN STEP	2026-09-26T11:43:25.3435448Z               "verbosity" : {
codeql / Analyze (python)	UNKNOWN STEP	2026-09-26T11:43:25.3435667Z                 "title" : "Extractor logging verbosity level.",
codeql / Analyze (python)	UNKNOWN STEP	2026-09-26T11:43:25.3436416Z                 "description" : "Controls the level of verbosity of the extractor. The supported levels are (in order of increasing verbosity):\n  - off\n  - errors\n  - warnings\n  - info or progress\n  - debug or progress+\n  - trace or progress++\n  - progress+++\n",
codeql / Analyze (python)	UNKNOWN STEP	2026-09-26T11:43:25.3437855Z                 "type" : "string",
codeql / Analyze (python)	UNKNOWN STEP	2026-09-26T11:43:25.3438506Z                 "pattern" : "^(off|errors|warnings|(info|progress)|(debug|progress\\+)|(trace|progress\\+\\+)|progress\\+\\+\\+)$"
codeql / Analyze (python)	UNKNOWN STEP	2026-09-26T11:43:25.3439344Z               }
codeql / Analyze (python)	UNKNOWN STEP	2026-09-26T11:43:25.3439584Z             }
codeql / Analyze (python)	UNKNOWN STEP	2026-09-26T11:43:25.3439812Z           },
codeql / Analyze (python)	UNKNOWN STEP	2026-09-26T11:43:25.3440046Z           "binlog" : {
codeql / Analyze (python)	UNKNOWN STEP	2026-09-26T11:43:25.3440314Z             "title" : "Binlog",
codeql / Analyze (python)	UNKNOWN STEP	2026-09-26T11:43:25.3441195Z             "description" : "[EXPERIMENTAL] The value is a path to the MsBuild binary log file that should be extracted. This option only works when `--build-mode none` is also specified.\n",
codeql / Analyze (python)	UNKNOWN STEP	2026-09-26T11:43:25.3442320Z             "type" : "array"
codeql / Analyze (python)	UNKNOWN STEP	2026-09-26T11:43:25.3442611Z           },
codeql / Analyze (python)	UNKNOWN STEP	2026-09-26T11:43:25.3442877Z           "buildless_dependency_dir" : {
codeql / Analyze (python)	UNKNOWN STEP	2026-09-26T11:43:25.3443435Z             "title" : "The path where buildless (standalone) extraction should keep dependencies.",
codeql / Analyze (python)	UNKNOWN STEP	2026-09-26T11:43:25.3444220Z             "description" : "If set, the buildless (standalone) extractor will store dependencies in this directory.\n",
codeql / Analyze (python)	UNKNOWN STEP	2026-09-26T11:43:25.3444738Z             "type" : "string"
codeql / Analyze (python)	UNKNOWN STEP	2026-09-26T11:43:25.3444930Z           }
codeql / Analyze (python)	UNKNOWN STEP	2026-09-26T11:43:25.3445074Z         }
codeql / Analyze (python)	UNKNOWN STEP	2026-09-26T11:43:25.3445220Z       }
codeql / Analyze (python)	UNKNOWN STEP	2026-09-26T11:43:25.3445363Z     ],
codeql / Analyze (python)	UNKNOWN STEP	2026-09-26T11:43:25.3445508Z     "csv" : [
codeql / Analyze (python)	UNKNOWN STEP	2026-09-26T11:43:25.3445657Z       {
codeql / Analyze (python)	UNKNOWN STEP	2026-09-26T11:43:25.3445880Z         "extractor_root" : "/opt/hostedtoolcache/CodeQL/2.27.1/x64/codeql/csv"
codeql / Analyze (python)	UNKNOWN STEP	2026-09-26T11:43:25.3446213Z       }
codeql / Analyze (python)	UNKNOWN STEP	2026-09-26T11:43:25.3446416Z     ],
codeql / Analyze (python)	UNKNOWN STEP	2026-09-26T11:43:25.3446760Z     "actions" : [
codeql / Analyze (python)	UNKNOWN STEP	2026-09-26T11:43:25.3446985Z       {
codeql / Analyze (python)	UNKNOWN STEP	2026-09-26T11:43:25.3447343Z         "extractor_root" : "/opt/hostedtoolcache/CodeQL/2.27.1/x64/codeql/actions",
codeql / Analyze (python)	UNKNOWN STEP	2026-09-26T11:43:25.3447756Z         "extractor_options" : {
codeql / Analyze (python)	UNKNOWN STEP	2026-09-26T11:43:25.3448008Z           "trap" : {
codeql / Analyze (python)	UNKNOWN STEP	2026-09-26T11:43:25.3448241Z             "title" : "TRAP options",
codeql / Analyze (python)	UNKNOWN STEP	2026-09-26T11:43:25.3448629Z             "description" : "Options about how the extractor handles TRAP files",
codeql / Analyze (python)	UNKNOWN STEP	2026-09-26T11:43:25.3449036Z             "type" : "object",
codeql / Analyze (python)	UNKNOWN STEP	2026-09-26T11:43:25.3449305Z             "visibility" : 3,
codeql / Analyze (python)	UNKNOWN STEP	2026-09-26T11:43:25.3449591Z             "properties" : {
codeql / Analyze (python)	UNKNOWN STEP	2026-09-26T11:43:25.3449860Z               "cache" : {
codeql / Analyze (python)	UNKNOWN STEP	2026-09-26T11:43:25.3450149Z                 "title" : "TRAP cache options",
codeql / Analyze (python)	UNKNOWN STEP	2026-09-26T11:43:25.3450611Z                 "description" : "Options about how the extractor handles its TRAP cache",
codeql / Analyze (python)	UNKNOWN STEP	2026-09-26T11:43:25.3451079Z                 "type" : "object",
codeql / Analyze (python)	UNKNOWN STEP	2026-09-26T11:43:25.3451377Z                 "properties" : {
codeql / Analyze (python)	UNKNOWN STEP	2026-09-26T11:43:25.3451666Z                   "dir" : {
codeql / Analyze (python)	UNKNOWN STEP	2026-09-26T11:43:25.3451971Z                     "title" : "TRAP cache directory",
codeql / Analyze (python)	UNKNOWN STEP	2026-09-26T11:43:25.3452411Z                     "description" : "The directory of the TRAP cache to use",
codeql / Analyze (python)	UNKNOWN STEP	2026-09-26T11:43:25.3452834Z                     "type" : "string"
codeql / Analyze (python)	UNKNOWN STEP	2026-09-26T11:43:25.3453096Z                   },
codeql / Analyze (python)	UNKNOWN STEP	2026-09-26T11:43:25.3453326Z                   "bound" : {
codeql / Analyze (python)	UNKNOWN STEP	2026-09-26T11:43:25.3453622Z                     "title" : "TRAP cache bound",
codeql / Analyze (python)	UNKNOWN STEP	2026-09-26T11:43:25.3454066Z                     "description" : "A soft limit (in MB) on the size of the TRAP cache",
codeql / Analyze (python)	UNKNOWN STEP	2026-09-26T11:43:25.3454525Z                     "type" : "string",
codeql / Analyze (python)	UNKNOWN STEP	2026-09-26T11:43:25.3454843Z                     "pattern" : "[0-9]+"
codeql / Analyze (python)	UNKNOWN STEP	2026-09-26T11:43:25.3455138Z                   },
codeql / Analyze (python)	UNKNOWN STEP	2026-09-26T11:43:25.3455369Z                   "write" : {
codeql / Analyze (python)	UNKNOWN STEP	2026-09-26T11:43:25.3455669Z                     "title" : "TRAP cache writeable",
codeql / Analyze (python)	UNKNOWN STEP	2026-09-26T11:43:25.3456168Z                     "description" : "Whether to write to the TRAP cache as well as reading it",
codeql / Analyze (python)	UNKNOWN STEP	2026-09-26T11:43:25.3456776Z                     "type" : "string",
codeql / Analyze (python)	UNKNOWN STEP	2026-09-26T11:43:25.3457125Z                     "pattern" : "(true|TRUE|false|FALSE)"
codeql / Analyze (python)	UNKNOWN STEP	2026-09-26T11:43:25.3457462Z                   }
codeql / Analyze (python)	UNKNOWN STEP	2026-09-26T11:43:25.3457696Z                 }
codeql / Analyze (python)	UNKNOWN STEP	2026-09-26T11:43:25.3457923Z               }
codeql / Analyze (python)	UNKNOWN STEP	2026-09-26T11:43:25.3458145Z             }
codeql / Analyze (python)	UNKNOWN STEP	2026-09-26T11:43:25.3458363Z           }
codeql / Analyze (python)	UNKNOWN STEP	2026-09-26T11:43:25.3458584Z         }
codeql / Analyze (python)	UNKNOWN STEP	2026-09-26T11:43:25.3458794Z       }
codeql / Analyze (python)	UNKNOWN STEP	2026-09-26T11:43:25.3458988Z     ],
codeql / Analyze (python)	UNKNOWN STEP	2026-09-26T11:43:25.3459197Z     "ruby" : [
codeql / Analyze (python)	UNKNOWN STEP	2026-09-26T11:43:25.3459603Z       {
codeql / Analyze (python)	UNKNOWN STEP	2026-09-26T11:43:25.3459946Z         "extractor_root" : "/opt/hostedtoolcache/CodeQL/2.27.1/x64/codeql/ruby",
codeql / Analyze (python)	UNKNOWN STEP	2026-09-26T11:43:25.3460399Z         "extractor_options" : {
codeql / Analyze (python)	UNKNOWN STEP	2026-09-26T11:43:25.3460677Z           "trap" : {
codeql / Analyze (python)	UNKNOWN STEP	2026-09-26T11:43:25.3460971Z             "title" : "Options pertaining to TRAP.",
codeql / Analyze (python)	UNKNOWN STEP	2026-09-26T11:43:25.3461370Z             "description" : "Options pertaining to TRAP.",
codeql / Analyze (python)	UNKNOWN STEP	2026-09-26T11:43:25.3461785Z             "type" : "object",
codeql / Analyze (python)	UNKNOWN STEP	2026-09-26T11:43:25.3462084Z             "properties" : {
codeql / Analyze (python)	UNKNOWN STEP	2026-09-26T11:43:25.3462496Z               "compression" : {
codeql / Analyze (python)	UNKNOWN STEP	2026-09-26T11:43:25.3462978Z                 "title" : "Controls compression for the TRAP files written by the extractor.",
codeql / Analyze (python)	UNKNOWN STEP	2026-09-26T11:43:25.3464383Z                 "description" : "This option is only intended for use in debugging the extractor. Accepted values are 'gzip' (the default, to write gzip-compressed TRAP) 'zstd' (to write Zstandard-compressed TRAP) and 'none' (to write uncompressed TRAP).\n",
codeql / Analyze (python)	UNKNOWN STEP	2026-09-26T11:43:25.3465584Z                 "type" : "string",
codeql / Analyze (python)	UNKNOWN STEP	2026-09-26T11:43:25.3465909Z                 "pattern" : "^(none|gzip|zstd)$"
codeql / Analyze (python)	UNKNOWN STEP	2026-09-26T11:43:25.3466243Z               }
codeql / Analyze (python)	UNKNOWN STEP	2026-09-26T11:43:25.3466470Z             }
codeql / Analyze (python)	UNKNOWN STEP	2026-09-26T11:43:25.3466813Z           }
codeql / Analyze (python)	UNKNOWN STEP	2026-09-26T11:43:25.3467029Z         }
codeql / Analyze (python)	UNKNOWN STEP	2026-09-26T11:43:25.3467239Z       }
codeql / Analyze (python)	UNKNOWN STEP	2026-09-26T11:43:25.3467447Z     ],
codeql / Analyze (python)	UNKNOWN STEP	2026-09-26T11:43:25.3467659Z     "yaml" : [
codeql / Analyze (python)	UNKNOWN STEP	2026-09-26T11:43:25.3467886Z       {
codeql / Analyze (python)	UNKNOWN STEP	2026-09-26T11:43:25.3468243Z         "extractor_root" : "/opt/hostedtoolcache/CodeQL/2.27.1/x64/codeql/yaml"
codeql / Analyze (python)	UNKNOWN STEP	2026-09-26T11:43:25.3468700Z       }
codeql / Analyze (python)	UNKNOWN STEP	2026-09-26T11:43:25.3468911Z     ],
codeql / Analyze (python)	UNKNOWN STEP	2026-09-26T11:43:25.3469121Z     "xml" : [
codeql / Analyze (python)	UNKNOWN STEP	2026-09-26T11:43:25.3469347Z       {
codeql / Analyze (python)	UNKNOWN STEP	2026-09-26T11:43:25.3469693Z         "extractor_root" : "/opt/hostedtoolcache/CodeQL/2.27.1/x64/codeql/xml"
codeql / Analyze (python)	UNKNOWN STEP	2026-09-26T11:43:25.3470133Z       }
codeql / Analyze (python)	UNKNOWN STEP	2026-09-26T11:43:25.3470339Z     ],
codeql / Analyze (python)	UNKNOWN STEP	2026-09-26T11:43:25.3470556Z     "python" : [
codeql / Analyze (python)	UNKNOWN STEP	2026-09-26T11:43:25.3470790Z       {
codeql / Analyze (python)	UNKNOWN STEP	2026-09-26T11:43:25.3471154Z         "extractor_root" : "/opt/hostedtoolcache/CodeQL/2.27.1/x64/codeql/python",
codeql / Analyze (python)	UNKNOWN STEP	2026-09-26T11:43:25.3471639Z         "extractor_options" : {
codeql / Analyze (python)	UNKNOWN STEP	2026-09-26T11:43:25.3471944Z           "logging" : {
codeql / Analyze (python)	UNKNOWN STEP	2026-09-26T11:43:25.3472258Z             "title" : "Options pertaining to logging.",
codeql / Analyze (python)	UNKNOWN STEP	2026-09-26T11:43:25.3472690Z             "description" : "Options pertaining to logging.",
codeql / Analyze (python)	UNKNOWN STEP	2026-09-26T11:43:25.3473077Z             "type" : "object",
codeql / Analyze (python)	UNKNOWN STEP	2026-09-26T11:43:25.3473373Z             "properties" : {
codeql / Analyze (python)	UNKNOWN STEP	2026-09-26T11:43:25.3473662Z               "verbosity" : {
codeql / Analyze (python)	UNKNOWN STEP	2026-09-26T11:43:25.3474027Z                 "title" : "Python extractor logging verbosity level.",
codeql / Analyze (python)	UNKNOWN STEP	2026-09-26T11:43:25.3475416Z                 "description" : "Controls the level of verbosity of the CodeQL Python extractor.\nThe supported levels are (in order of increasing verbosity):\n\n  - off\n  - errors\n  - warnings\n  - info or progress\n  - debug or progress+\n  - trace or progress++\n  - progress+++\n",
codeql / Analyze (python)	UNKNOWN STEP	2026-09-26T11:43:25.3476825Z                 "type" : "string",
codeql / Analyze (python)	UNKNOWN STEP	2026-09-26T11:43:25.3477464Z                 "pattern" : "^(off|errors|warnings|(info|progress)|(debug|progress\\+)|(trace|progress\\+\\+)|progress\\+\\+\\+)$"
codeql / Analyze (python)	UNKNOWN STEP	2026-09-26T11:43:25.3478093Z               }
codeql / Analyze (python)	UNKNOWN STEP	2026-09-26T11:43:25.3478324Z             }
codeql / Analyze (python)	UNKNOWN STEP	2026-09-26T11:43:25.3478553Z           },
codeql / Analyze (python)	UNKNOWN STEP	2026-09-26T11:43:25.3478803Z           "python_executable_name" : {
codeql / Analyze (python)	UNKNOWN STEP	2026-09-26T11:43:25.3479313Z             "title" : "Controls the name of the Python executable used by the Python extractor.",
codeql / Analyze (python)	UNKNOWN STEP	2026-09-26T11:43:25.3481227Z             "description" : "The Python extractor uses platform-dependent heuristics to determine the name of the Python executable to use. Specifying a value for this option overrides the name of the Python executable used by the extractor. Accepted values are py, python and python3. Use this setting with caution, the Python extractor requires Python 3 to run.\n",
codeql / Analyze (python)	UNKNOWN STEP	2026-09-26T11:43:25.3482965Z             "type" : "string",
codeql / Analyze (python)	UNKNOWN STEP	2026-09-26T11:43:25.3483277Z             "pattern" : "^(py|python|python3)$"
codeql / Analyze (python)	UNKNOWN STEP	2026-09-26T11:43:25.3483768Z           }
codeql / Analyze (python)	UNKNOWN STEP	2026-09-26T11:43:25.3483983Z         }
codeql / Analyze (python)	UNKNOWN STEP	2026-09-26T11:43:25.3484194Z       }
codeql / Analyze (python)	UNKNOWN STEP	2026-09-26T11:43:25.3484401Z     ],
codeql / Analyze (python)	UNKNOWN STEP	2026-09-26T11:43:25.3484609Z     "cpp" : [
codeql / Analyze (python)	UNKNOWN STEP	2026-09-26T11:43:25.3484826Z       {
codeql / Analyze (python)	UNKNOWN STEP	2026-09-26T11:43:25.3485162Z         "extractor_root" : "/opt/hostedtoolcache/CodeQL/2.27.1/x64/codeql/cpp",
codeql / Analyze (python)	UNKNOWN STEP	2026-09-26T11:43:25.3485622Z         "extractor_options" : {
codeql / Analyze (python)	UNKNOWN STEP	2026-09-26T11:43:25.3485910Z           "trap" : {
codeql / Analyze (python)	UNKNOWN STEP	2026-09-26T11:43:25.3486181Z             "title" : "TRAP options",
codeql / Analyze (python)	UNKNOWN STEP	2026-09-26T11:43:25.3486958Z             "description" : "Options about how the extractor handles TRAP files",
codeql / Analyze (python)	UNKNOWN STEP	2026-09-26T11:43:25.3487434Z             "type" : "object",
codeql / Analyze (python)	UNKNOWN STEP	2026-09-26T11:43:25.3487729Z             "visibility" : 3,
codeql / Analyze (python)	UNKNOWN STEP	2026-09-26T11:43:25.3488022Z             "properties" : {
codeql / Analyze (python)	UNKNOWN STEP	2026-09-26T11:43:25.3488303Z               "cache" : {
codeql / Analyze (python)	UNKNOWN STEP	2026-09-26T11:43:25.3488597Z                 "title" : "TRAP cache options",
codeql / Analyze (python)	UNKNOWN STEP	2026-09-26T11:43:25.3489089Z                 "description" : "Options about how the extractor handles its TRAP cache",
codeql / Analyze (python)	UNKNOWN STEP	2026-09-26T11:43:25.3489588Z                 "type" : "object",
codeql / Analyze (python)	UNKNOWN STEP	2026-09-26T11:43:25.3489896Z                 "properties" : {
codeql / Analyze (python)	UNKNOWN STEP	2026-09-26T11:43:25.3490194Z                   "dir" : {
codeql / Analyze (python)	UNKNOWN STEP	2026-09-26T11:43:25.3490500Z                     "title" : "TRAP cache directory",
codeql / Analyze (python)	UNKNOWN STEP	2026-09-26T11:43:25.3491002Z                     "description" : "The directory of the TRAP cache to use",
codeql / Analyze (python)	UNKNOWN STEP	2026-09-26T11:43:25.3491433Z                     "type" : "string"
codeql / Analyze (python)	UNKNOWN STEP	2026-09-26T11:43:25.3491734Z                   },
codeql / Analyze (python)	UNKNOWN STEP	2026-09-26T11:43:25.3491990Z                   "bound" : {
codeql / Analyze (python)	UNKNOWN STEP	2026-09-26T11:43:25.3492290Z                     "title" : "TRAP cache bound",
codeql / Analyze (python)	UNKNOWN STEP	2026-09-26T11:43:25.3492757Z                     "description" : "A soft limit (in MB) on the size of the TRAP cache",
codeql / Analyze (python)	UNKNOWN STEP	2026-09-26T11:43:25.3493224Z                     "type" : "string",
codeql / Analyze (python)	UNKNOWN STEP	2026-09-26T11:43:25.3493537Z                     "pattern" : "[0-9]+"
codeql / Analyze (python)	UNKNOWN STEP	2026-09-26T11:43:25.3493852Z                   },
codeql / Analyze (python)	UNKNOWN STEP	2026-09-26T11:43:25.3494140Z                   "write" : {
codeql / Analyze (python)	UNKNOWN STEP	2026-09-26T11:43:25.3494450Z                     "title" : "TRAP cache writeable",
codeql / Analyze (python)	UNKNOWN STEP	2026-09-26T11:43:25.3494984Z                     "description" : "Whether to write to the TRAP cache as well as reading it",
codeql / Analyze (python)	UNKNOWN STEP	2026-09-26T11:43:25.3495499Z                     "type" : "string",
codeql / Analyze (python)	UNKNOWN STEP	2026-09-26T11:43:25.3495844Z                     "pattern" : "(true|TRUE|false|FALSE)"
codeql / Analyze (python)	UNKNOWN STEP	2026-09-26T11:43:25.3496191Z                   }
codeql / Analyze (python)	UNKNOWN STEP	2026-09-26T11:43:25.3496428Z                 }
codeql / Analyze (python)	UNKNOWN STEP	2026-09-26T11:43:25.3496757Z               }
codeql / Analyze (python)	UNKNOWN STEP	2026-09-26T11:43:25.3496997Z             }
codeql / Analyze (python)	UNKNOWN STEP	2026-09-26T11:43:25.3497243Z           },
codeql / Analyze (python)	UNKNOWN STEP	2026-09-26T11:43:25.3497484Z           "scale_timeouts" : {
codeql / Analyze (python)	UNKNOWN STEP	2026-09-26T11:43:25.3497897Z             "title" : "Value to scale compiler introspection timeouts with",
codeql / Analyze (python)	UNKNOWN STEP	2026-09-26T11:43:25.3499844Z             "description" : "The extractor attempts to determine what compiler the source code being extracted is compiled with. To this end the extractor makes additional calls to the compiler, some of which are expected to return within a certain fixed time (either 10s or 15s). On some systems that are under high load this time might be too short, and can be scaled up using this option.\n",
codeql / Analyze (python)	UNKNOWN STEP	2026-09-26T11:43:25.3501629Z             "type" : "string",
codeql / Analyze (python)	UNKNOWN STEP	2026-09-26T11:43:25.3501907Z             "pattern" : "[0-9]+"
codeql / Analyze (python)	UNKNOWN STEP	2026-09-26T11:43:25.3502170Z           },
codeql / Analyze (python)	UNKNOWN STEP	2026-09-26T11:43:25.3502391Z           "log_verbosity" : {
codeql / Analyze (python)	UNKNOWN STEP	2026-09-26T11:43:25.3502714Z             "title" : "Verbosity of the extractor logging",
codeql / Analyze (python)	UNKNOWN STEP	2026-09-26T11:43:25.3503495Z             "description" : "Set the verbosity of the extractor logging to 'quiet' (0), 'normal' (1), 'chatty' (2), or 'noisy' (3). The default is 'normal'.\n",
codeql / Analyze (python)	UNKNOWN STEP	2026-09-26T11:43:25.3504157Z             "type" : "string",
codeql / Analyze (python)	UNKNOWN STEP	2026-09-26T11:43:25.3504418Z             "pattern" : "[0-3]"
codeql / Analyze (python)	UNKNOWN STEP	2026-09-26T11:43:25.3504654Z           },
codeql / Analyze (python)	UNKNOWN STEP	2026-09-26T11:43:25.3504833Z           "frontend_options" : {
codeql / Analyze (python)	UNKNOWN STEP	2026-09-26T11:43:25.3505060Z             "title" : "C/C++ extractor frontend options",
codeql / Analyze (python)	UNKNOWN STEP	2026-09-26T11:43:25.3505445Z             "description" : "Set additional options that should be passed to the C/C++ extractor frontend.\n",
codeql / Analyze (python)	UNKNOWN STEP	2026-09-26T11:43:25.3505927Z             "type" : "array",
codeql / Analyze (python)	UNKNOWN STEP	2026-09-26T11:43:25.3506118Z             "visibility" : 3
codeql / Analyze (python)	UNKNOWN STEP	2026-09-26T11:43:25.3506297Z           }
codeql / Analyze (python)	UNKNOWN STEP	2026-09-26T11:43:25.3506446Z         }
codeql / Analyze (python)	UNKNOWN STEP	2026-09-26T11:43:25.3506735Z       }
codeql / Analyze (python)	UNKNOWN STEP	2026-09-26T11:43:25.3506896Z     ],
codeql / Analyze (python)	UNKNOWN STEP	2026-09-26T11:43:25.3507046Z     "properties" : [
codeql / Analyze (python)	UNKNOWN STEP	2026-09-26T11:43:25.3507213Z       {
codeql / Analyze (python)	UNKNOWN STEP	2026-09-26T11:43:25.3507606Z         "extractor_root" : "/opt/hostedtoolcache/CodeQL/2.27.1/x64/codeql/properties"
codeql / Analyze (python)	UNKNOWN STEP	2026-09-26T11:43:25.3507903Z       }
codeql / Analyze (python)	UNKNOWN STEP	2026-09-26T11:43:25.3508039Z     ],
codeql / Analyze (python)	UNKNOWN STEP	2026-09-26T11:43:25.3508181Z     "rust" : [
codeql / Analyze (python)	UNKNOWN STEP	2026-09-26T11:43:25.3508330Z       {
codeql / Analyze (python)	UNKNOWN STEP	2026-09-26T11:43:25.3508561Z         "extractor_root" : "/opt/hostedtoolcache/CodeQL/2.27.1/x64/codeql/rust",
codeql / Analyze (python)	UNKNOWN STEP	2026-09-26T11:43:25.3508847Z         "extractor_options" : {
codeql / Analyze (python)	UNKNOWN STEP	2026-09-26T11:43:25.3509029Z           "trap" : {
codeql / Analyze (python)	UNKNOWN STEP	2026-09-26T11:43:25.3509218Z             "title" : "Options pertaining to TRAP.",
codeql / Analyze (python)	UNKNOWN STEP	2026-09-26T11:43:25.3509483Z             "description" : "Options pertaining to TRAP.",
codeql / Analyze (python)	UNKNOWN STEP	2026-09-26T11:43:25.3509718Z             "type" : "object",
codeql / Analyze (python)	UNKNOWN STEP	2026-09-26T11:43:25.3509904Z             "properties" : {
codeql / Analyze (python)	UNKNOWN STEP	2026-09-26T11:43:25.3510089Z               "compression" : {
codeql / Analyze (python)	UNKNOWN STEP	2026-09-26T11:43:25.3510375Z                 "title" : "Controls compression for the TRAP files written by the extractor.",
codeql / Analyze (python)	UNKNOWN STEP	2026-09-26T11:43:25.3511183Z                 "description" : "This option is only intended for use in debugging the extractor. Accepted values are 'gzip' (to write gzip-compressed TRAP) 'zstd' (the default, to write Zstandard-compressed TRAP) and 'none' (to write uncompressed TRAP).\n",
codeql / Analyze (python)	UNKNOWN STEP	2026-09-26T11:43:25.3511864Z                 "type" : "string",
codeql / Analyze (python)	UNKNOWN STEP	2026-09-26T11:43:25.3512073Z                 "pattern" : "^(none|gzip|zstd)$"
codeql / Analyze (python)	UNKNOWN STEP	2026-09-26T11:43:25.3512279Z               }
codeql / Analyze (python)	UNKNOWN STEP	2026-09-26T11:43:25.3512433Z             }
codeql / Analyze (python)	UNKNOWN STEP	2026-09-26T11:43:25.3512580Z           },
codeql / Analyze (python)	UNKNOWN STEP	2026-09-26T11:43:25.3512734Z           "cargo_target_dir" : {
codeql / Analyze (python)	UNKNOWN STEP	2026-09-26T11:43:25.3512968Z             "title" : "Directory to use for cargo output files.",
codeql / Analyze (python)	UNKNOWN STEP	2026-09-26T11:43:25.3514027Z             "description" : "This value is an optional path to use as `CARGO_TARGET_DIR` for the internal cargo commands the extractor uses. Pointing it to a persistent directory may reduce execution time of consecutive extractor runs. By default, a new scratch directory is used for each extraction, while qltests use the test's `target` directory so artifacts can be reused across runs.\n",
codeql / Analyze (python)	UNKNOWN STEP	2026-09-26T11:43:25.3515023Z             "type" : "string"
codeql / Analyze (python)	UNKNOWN STEP	2026-09-26T11:43:25.3515197Z           },
codeql / Analyze (python)	UNKNOWN STEP	2026-09-26T11:43:25.3515350Z           "cargo_target" : {
codeql / Analyze (python)	UNKNOWN STEP	2026-09-26T11:43:25.3515541Z             "title" : "Target architecture",
codeql / Analyze (python)	UNKNOWN STEP	2026-09-26T11:43:25.3515983Z             "description" : "Target architecture to use for analysis, analogous to `cargo --target`. By default the host architecture is used.\n",
codeql / Analyze (python)	UNKNOWN STEP	2026-09-26T11:43:25.3516433Z             "type" : "string"
codeql / Analyze (python)	UNKNOWN STEP	2026-09-26T11:43:25.3516809Z           },
codeql / Analyze (python)	UNKNOWN STEP	2026-09-26T11:43:25.3516968Z           "cargo_features" : {
codeql / Analyze (python)	UNKNOWN STEP	2026-09-26T11:43:25.3517177Z             "title" : "Cargo features to turn on",
codeql / Analyze (python)	UNKNOWN STEP	2026-09-26T11:43:25.3517970Z             "description" : "Comma-separated list of features to turn on. By default all features are enabled. If any features are specified, then only those features are enabled. The `default` feature must be explicitly specified if only default features are desired. Can be repeated.\n",
codeql / Analyze (python)	UNKNOWN STEP	2026-09-26T11:43:25.3518750Z             "type" : "array"
codeql / Analyze (python)	UNKNOWN STEP	2026-09-26T11:43:25.3518924Z           },
codeql / Analyze (python)	UNKNOWN STEP	2026-09-26T11:43:25.3519086Z           "cargo_cfg_overrides" : {
codeql / Analyze (python)	UNKNOWN STEP	2026-09-26T11:43:25.3519293Z             "title" : "Cargo cfg overrides",
codeql / Analyze (python)	UNKNOWN STEP	2026-09-26T11:43:25.3519688Z             "description" : "Comma-separated list of cfg settings to enable, or disable if prefixed with `-`. Can be repeated.\n",
codeql / Analyze (python)	UNKNOWN STEP	2026-09-26T11:43:25.3520072Z             "type" : "array"
codeql / Analyze (python)	UNKNOWN STEP	2026-09-26T11:43:25.3520240Z           },
codeql / Analyze (python)	UNKNOWN STEP	2026-09-26T11:43:25.3520397Z           "logging" : {
codeql / Analyze (python)	UNKNOWN STEP	2026-09-26T11:43:25.3520710Z             "title" : "Options pertaining to logging.",
codeql / Analyze (python)	UNKNOWN STEP	2026-09-26T11:43:25.3520970Z             "description" : "Options pertaining to logging.",
codeql / Analyze (python)	UNKNOWN STEP	2026-09-26T11:43:25.3521212Z             "type" : "object",
codeql / Analyze (python)	UNKNOWN STEP	2026-09-26T11:43:25.3521396Z             "properties" : {
codeql / Analyze (python)	UNKNOWN STEP	2026-09-26T11:43:25.3521574Z               "verbosity" : {
codeql / Analyze (python)	UNKNOWN STEP	2026-09-26T11:43:25.3521787Z                 "title" : "Extractor logging verbosity level.",
codeql / Analyze (python)	UNKNOWN STEP	2026-09-26T11:43:25.3522623Z                 "description" : "Controls the level of verbosity of the extractor. The supported levels are (in order of increasing verbosity):\n  - off\n  - errors\n  - warnings\n  - info or progress\n  - debug or progress+\n  - trace or progress++\n  - progress+++\n",
codeql / Analyze (python)	UNKNOWN STEP	2026-09-26T11:43:25.3523317Z                 "type" : "string",
codeql / Analyze (python)	UNKNOWN STEP	2026-09-26T11:43:25.3523692Z                 "pattern" : "^(off|errors|warnings|(info|progress)|(debug|progress\\+)|(trace|progress\\+\\+)|progress\\+\\+\\+)$"
codeql / Analyze (python)	UNKNOWN STEP	2026-09-26T11:43:25.3524061Z               },
codeql / Analyze (python)	UNKNOWN STEP	2026-09-26T11:43:25.3524222Z               "flamegraph" : {
codeql / Analyze (python)	UNKNOWN STEP	2026-09-26T11:43:25.3524472Z                 "title" : "[Experimental] File path for write flame graph log",
codeql / Analyze (python)	UNKNOWN STEP	2026-09-26T11:43:25.3525153Z                 "description" : "Collect flame graph data using the `tracing-flame` crate. To render a flame graph or chart, run the `inferno-flamegraph` command. See also: https://crates.io/crates/tracing-flame\n",
codeql / Analyze (python)	UNKNOWN STEP	2026-09-26T11:43:25.3533608Z                 "type" : "string"
codeql / Analyze (python)	UNKNOWN STEP	2026-09-26T11:43:25.3533830Z               }
codeql / Analyze (python)	UNKNOWN STEP	2026-09-26T11:43:25.3533996Z             }
codeql / Analyze (python)	UNKNOWN STEP	2026-09-26T11:43:25.3534159Z           },
codeql / Analyze (python)	UNKNOWN STEP	2026-09-26T11:43:25.3534347Z           "extract_dependencies_as_source" : {
codeql / Analyze (python)	UNKNOWN STEP	2026-09-26T11:43:25.3534615Z             "title" : "Extract dependencies as source code",
codeql / Analyze (python)	UNKNOWN STEP	2026-09-26T11:43:25.3535028Z             "description" : "Extract the full source code of dependencies instead of only extracting signatures.\n",
codeql / Analyze (python)	UNKNOWN STEP	2026-09-26T11:43:25.3535403Z             "type" : "string",
codeql / Analyze (python)	UNKNOWN STEP	2026-09-26T11:43:25.3535601Z             "pattern" : "^(false|true)$"
codeql / Analyze (python)	UNKNOWN STEP	2026-09-26T11:43:25.3535811Z           }
codeql / Analyze (python)	UNKNOWN STEP	2026-09-26T11:43:25.3535958Z         }
codeql / Analyze (python)	UNKNOWN STEP	2026-09-26T11:43:25.3536096Z       }
codeql / Analyze (python)	UNKNOWN STEP	2026-09-26T11:43:25.3536238Z     ],
codeql / Analyze (python)	UNKNOWN STEP	2026-09-26T11:43:25.3536383Z     "swift" : [
codeql / Analyze (python)	UNKNOWN STEP	2026-09-26T11:43:25.3536536Z       {
codeql / Analyze (python)	UNKNOWN STEP	2026-09-26T11:43:25.3536948Z         "extractor_root" : "/opt/hostedtoolcache/CodeQL/2.27.1/x64/codeql/swift"
codeql / Analyze (python)	UNKNOWN STEP	2026-09-26T11:43:25.3537230Z       }
codeql / Analyze (python)	UNKNOWN STEP	2026-09-26T11:43:25.3537368Z     ],
codeql / Analyze (python)	UNKNOWN STEP	2026-09-26T11:43:25.3537507Z     "java" : [
codeql / Analyze (python)	UNKNOWN STEP	2026-09-26T11:43:25.3537655Z       {
codeql / Analyze (python)	UNKNOWN STEP	2026-09-26T11:43:25.3537875Z         "extractor_root" : "/opt/hostedtoolcache/CodeQL/2.27.1/x64/codeql/java",
codeql / Analyze (python)	UNKNOWN STEP	2026-09-26T11:43:25.3538157Z         "extractor_options" : {
codeql / Analyze (python)	UNKNOWN STEP	2026-09-26T11:43:25.3538348Z           "exclude" : {
codeql / Analyze (python)	UNKNOWN STEP	2026-09-26T11:43:25.3538559Z             "title" : "A glob excluding files from analysis.",
codeql / Analyze (python)	UNKNOWN STEP	2026-09-26T11:43:25.3539130Z             "description" : "A glob indicating what files to exclude from the analysis. This accepts glob patterns that are supported by Java's 'getPathMatcher' implementation.\n",
codeql / Analyze (python)	UNKNOWN STEP	2026-09-26T11:43:25.3539677Z             "type" : "string"
codeql / Analyze (python)	UNKNOWN STEP	2026-09-26T11:43:25.3539861Z           },
codeql / Analyze (python)	UNKNOWN STEP	2026-09-26T11:43:25.3540026Z           "add_prefer_source" : {
codeql / Analyze (python)	UNKNOWN STEP	2026-09-26T11:43:25.3540302Z             "title" : "Whether to always prefer source files over class files.",
codeql / Analyze (python)	UNKNOWN STEP	2026-09-26T11:43:25.3541174Z             "description" : "A value indicating whether source files should be preferred over class files. If set to 'true', the extraction adds '-Xprefer:source' to the javac command line. If set to 'false', the extraction uses the default javac behavior ('-Xprefer:newer'). The default is 'true'.\n",
codeql / Analyze (python)	UNKNOWN STEP	2026-09-26T11:43:25.3541948Z             "type" : "string",
codeql / Analyze (python)	UNKNOWN STEP	2026-09-26T11:43:25.3542141Z             "pattern" : "^(false|true)$"
codeql / Analyze (python)	UNKNOWN STEP	2026-09-26T11:43:25.3542340Z           },
codeql / Analyze (python)	UNKNOWN STEP	2026-09-26T11:43:25.3542488Z           "buildless" : {
codeql / Analyze (python)	UNKNOWN STEP	2026-09-26T11:43:25.3542765Z             "title" : "Whether to use buildless (standalone) extraction (experimental).",
codeql / Analyze (python)	UNKNOWN STEP	2026-09-26T11:43:25.3544035Z             "description" : "A value indicating, which type of extraction the autobuilder should perform. If 'true', then the standalone extractor will be used, otherwise tracing extraction will be performed. The default is 'false'. Note that buildless extraction will generally yield less accurate analysis results, and should only be used in cases where it is not possible to build the code (for example if it uses inaccessible dependencies).\n",
codeql / Analyze (python)	UNKNOWN STEP	2026-09-26T11:43:25.3545403Z             "type" : "string",
codeql / Analyze (python)	UNKNOWN STEP	2026-09-26T11:43:25.3545595Z             "pattern" : "^(false|true)$"
codeql / Analyze (python)	UNKNOWN STEP	2026-09-26T11:43:25.3545884Z           },
codeql / Analyze (python)	UNKNOWN STEP	2026-09-26T11:43:25.3546048Z           "buildless_dependency_dir" : {
codeql / Analyze (python)	UNKNOWN STEP	2026-09-26T11:43:25.3546392Z             "title" : "The path where buildless (standalone) extraction should keep dependencies.",
codeql / Analyze (python)	UNKNOWN STEP	2026-09-26T11:43:25.3547282Z             "description" : "If set, the buildless (standalone) extractor will store dependencies in this directory.\n",
codeql / Analyze (python)	UNKNOWN STEP	2026-09-26T11:43:25.3547680Z             "type" : "string"
codeql / Analyze (python)	UNKNOWN STEP	2026-09-26T11:43:25.3547862Z           },
codeql / Analyze (python)	UNKNOWN STEP	2026-09-26T11:43:25.3548036Z           "minimize_dependency_jars" : {
codeql / Analyze (python)	UNKNOWN STEP	2026-09-26T11:43:25.3548369Z             "title" : "Whether to rewrite and minimize downloaded JAR dependencies (experimental).",
codeql / Analyze (python)	UNKNOWN STEP	2026-09-26T11:43:25.3548998Z             "description" : "If 'true', JAR dependencies downloaded during extraction will be rewritten to remove unneeded data, such as method bodies. The default is 'false'.\n",
codeql / Analyze (python)	UNKNOWN STEP	2026-09-26T11:43:25.3549499Z             "type" : "string",
codeql / Analyze (python)	UNKNOWN STEP	2026-09-26T11:43:25.3549696Z             "pattern" : "^(false|true)$"
codeql / Analyze (python)	UNKNOWN STEP	2026-09-26T11:43:25.3549901Z           }
codeql / Analyze (python)	UNKNOWN STEP	2026-09-26T11:43:25.3550043Z         }
codeql / Analyze (python)	UNKNOWN STEP	2026-09-26T11:43:25.3550190Z       }
codeql / Analyze (python)	UNKNOWN STEP	2026-09-26T11:43:25.3550328Z     ]
codeql / Analyze (python)	UNKNOWN STEP	2026-09-26T11:43:25.3550471Z   }
codeql / Analyze (python)	UNKNOWN STEP	2026-09-26T11:43:25.3550613Z }
codeql / Analyze (python)	UNKNOWN STEP	2026-09-26T11:43:25.3830749Z python does not support TRAP caching (missing option group)
codeql / Analyze (python)	UNKNOWN STEP	2026-09-26T11:43:25.3831163Z Found 0 languages that support TRAP caching
codeql / Analyze (python)	UNKNOWN STEP	2026-09-26T11:43:25.3832539Z ##[endgroup]
codeql / Analyze (python)	UNKNOWN STEP	2026-09-26T11:43:25.3845109Z While resolving threads, found a cgroup CPUs file with 4 CPUs in /sys/fs/cgroup/cpuset.cpus.effective.
codeql / Analyze (python)	UNKNOWN STEP	2026-09-26T11:43:25.3855398Z Writing augmented user configuration file to /home/runner/work/_temp/user-config.yaml
codeql / Analyze (python)	UNKNOWN STEP	2026-09-26T11:43:25.3856239Z ##[group]Augmented user configuration file contents
codeql / Analyze (python)	UNKNOWN STEP	2026-09-26T11:43:25.3877690Z name: CodeQL config
codeql / Analyze (python)	UNKNOWN STEP	2026-09-26T11:43:25.3877924Z queries:
codeql / Analyze (python)	UNKNOWN STEP	2026-09-26T11:43:25.3878099Z   - uses: security-and-quality
codeql / Analyze (python)	UNKNOWN STEP	2026-09-26T11:43:25.3878326Z threat-models: local
codeql / Analyze (python)	UNKNOWN STEP	2026-09-26T11:43:25.3878503Z paths-ignore:
codeql / Analyze (python)	UNKNOWN STEP	2026-09-26T11:43:25.3878663Z   - '**/node_modules'
codeql / Analyze (python)	UNKNOWN STEP	2026-09-26T11:43:25.3878840Z   - '**/dist'
codeql / Analyze (python)	UNKNOWN STEP	2026-09-26T11:43:25.3878987Z   - '**/build'
codeql / Analyze (python)	UNKNOWN STEP	2026-09-26T11:43:25.3879143Z   - '**/*.min.js'
codeql / Analyze (python)	UNKNOWN STEP	2026-09-26T11:43:25.3879300Z   - '**/*.test.*'
codeql / Analyze (python)	UNKNOWN STEP	2026-09-26T11:43:25.3879471Z   - '**/vendor/**'
codeql / Analyze (python)	UNKNOWN STEP	2026-09-26T11:43:25.3879628Z query-filters:
codeql / Analyze (python)	UNKNOWN STEP	2026-09-26T11:43:25.3879783Z   - exclude:
codeql / Analyze (python)	UNKNOWN STEP	2026-09-26T11:43:25.3879958Z       tags: exclude-from-incremental
codeql / Analyze (python)	UNKNOWN STEP	2026-09-26T11:43:25.3880217Z 
codeql / Analyze (python)	UNKNOWN STEP	2026-09-26T11:43:25.3880510Z ##[endgroup]
codeql / Analyze (python)	UNKNOWN STEP	2026-09-26T11:43:25.3882079Z [command]/opt/hostedtoolcache/CodeQL/2.27.1/x64/codeql/codeql database init --force-overwrite --db-cluster /home/runner/work/_temp/codeql_databases --source-root=/home/runner/work/deepseek-review-probe/deepseek-review-probe --no-calculate-baseline --extractor-include-aliases --language=python --codescanning-config=/home/runner/work/_temp/user-config.yaml --build-mode=none
codeql / Analyze (python)	UNKNOWN STEP	2026-09-26T11:43:26.3359387Z Package install location: /home/runner/.codeql/packages
codeql / Analyze (python)	UNKNOWN STEP	2026-09-26T11:43:26.3385968Z Nothing downloaded.
codeql / Analyze (python)	UNKNOWN STEP	2026-09-26T11:43:27.4580618Z Resolving extractor python.
codeql / Analyze (python)	UNKNOWN STEP	2026-09-26T11:43:27.4627782Z Successfully loaded extractor Python (python) from /opt/hostedtoolcache/CodeQL/2.27.1/x64/codeql/python.
codeql / Analyze (python)	UNKNOWN STEP	2026-09-26T11:43:27.4801443Z Created skeleton CodeQL database at /home/runner/work/_temp/codeql_databases/python. This in-progress database is ready to be populated by an extractor.
codeql / Analyze (python)	UNKNOWN STEP	2026-09-26T11:43:27.9113667Z ##[group]Run github/codeql-action/analyze@2892aa5e19bbd11bc0cff5427e3b750a04d9e3c2
codeql / Analyze (python)	UNKNOWN STEP	2026-09-26T11:43:27.9114148Z with:
codeql / Analyze (python)	UNKNOWN STEP	2026-09-26T11:43:27.9114320Z   category: /language:python
codeql / Analyze (python)	UNKNOWN STEP	2026-09-26T11:43:27.9114516Z   output: ../results
codeql / Analyze (python)	UNKNOWN STEP	2026-09-26T11:43:27.9114689Z   upload: always
codeql / Analyze (python)	UNKNOWN STEP	2026-09-26T11:43:27.9114854Z   skip-queries: false
codeql / Analyze (python)	UNKNOWN STEP	2026-09-26T11:43:27.9115141Z   checkout_path: /home/runner/work/deepseek-review-probe/deepseek-review-probe
codeql / Analyze (python)	UNKNOWN STEP	2026-09-26T11:43:27.9115466Z   upload-database: true
codeql / Analyze (python)	UNKNOWN STEP	2026-09-26T11:43:27.9115652Z   wait-for-processing: true
codeql / Analyze (python)	UNKNOWN STEP	2026-09-26T11:43:27.9117618Z   token: ***
codeql / Analyze (python)	UNKNOWN STEP	2026-09-26T11:43:27.9117800Z   matrix: {
codeql / Analyze (python)	UNKNOWN STEP	  "language": "python"
codeql / Analyze (python)	UNKNOWN STEP	}
codeql / Analyze (python)	UNKNOWN STEP	2026-09-26T11:43:27.9118020Z   expect-error: false
codeql / Analyze (python)	UNKNOWN STEP	2026-09-26T11:43:27.9118194Z env:
codeql / Analyze (python)	UNKNOWN STEP	2026-09-26T11:43:27.9118421Z   CODEQL_ACTION_JOB_RUN_UUID: 6e6c5222-37cb-4f85-ac45-e70d63fac371
codeql / Analyze (python)	UNKNOWN STEP	2026-09-26T11:43:27.9118718Z   CODEQL_ACTION_FEATURE_MULTI_LANGUAGE: false
codeql / Analyze (python)	UNKNOWN STEP	2026-09-26T11:43:27.9118955Z   CODEQL_ACTION_FEATURE_SANDWICH: false
codeql / Analyze (python)	UNKNOWN STEP	2026-09-26T11:43:27.9119211Z   CODEQL_ACTION_FEATURE_SARIF_COMBINE: true
codeql / Analyze (python)	UNKNOWN STEP	2026-09-26T11:43:27.9119441Z   CODEQL_ACTION_FEATURE_WILL_UPLOAD: true
codeql / Analyze (python)	UNKNOWN STEP	2026-09-26T11:43:27.9119668Z   CODEQL_ACTION_VERSION: 4.38.2
codeql / Analyze (python)	UNKNOWN STEP	2026-09-26T11:43:27.9119870Z   CODEQL_ACTION_INIT_HAS_RUN: true
codeql / Analyze (python)	UNKNOWN STEP	2026-09-26T11:43:27.9120144Z   CODEQL_ACTION_ANALYSIS_KEY: .github/workflows/code-review.yml:analyze
codeql / Analyze (python)	UNKNOWN STEP	2026-09-26T11:43:27.9120462Z   CODEQL_WORKFLOW_STARTED_AT: 2026-09-26T11:43:12.363Z
codeql / Analyze (python)	UNKNOWN STEP	2026-09-26T11:43:27.9120705Z   CODEQL_ACTION_HAS_SET_UP_CODEQL: true
codeql / Analyze (python)	UNKNOWN STEP	2026-09-26T11:43:27.9120908Z   CODEQL_RAM: 14575
codeql / Analyze (python)	UNKNOWN STEP	2026-09-26T11:43:27.9121074Z   CODEQL_THREADS: 4
codeql / Analyze (python)	UNKNOWN STEP	2026-09-26T11:43:27.9121245Z ##[endgroup]
codeql / Analyze (python)	UNKNOWN STEP	2026-09-26T11:43:28.0980041Z Existing job run UUID is 6e6c5222-37cb-4f85-ac45-e70d63fac371.
codeql / Analyze (python)	UNKNOWN STEP	2026-09-26T11:43:28.5732292Z While resolving threads, found a cgroup CPUs file with 4 CPUs in /sys/fs/cgroup/cpuset.cpus.effective.
codeql / Analyze (python)	UNKNOWN STEP	2026-09-26T11:43:28.5756218Z ##[group]Generating diff range extension pack
codeql / Analyze (python)	UNKNOWN STEP	2026-09-26T11:43:28.5776333Z Successfully created diff range extension pack at /home/runner/work/_temp/pr-diff-range.
codeql / Analyze (python)	UNKNOWN STEP	2026-09-26T11:43:28.5777290Z ##[endgroup]
codeql / Analyze (python)	UNKNOWN STEP	2026-09-26T11:43:28.5819984Z ##[group]Extracting python
codeql / Analyze (python)	UNKNOWN STEP	2026-09-26T11:43:28.5823678Z [command]/opt/hostedtoolcache/CodeQL/2.27.1/x64/codeql/codeql database trace-command --use-build-mode --working-dir /home/runner/work/deepseek-review-probe/deepseek-review-probe /home/runner/work/_temp/codeql_databases/python
codeql / Analyze (python)	UNKNOWN STEP	2026-09-26T11:43:29.2290223Z Running command in /home/runner/work/deepseek-review-probe/deepseek-review-probe: [/opt/hostedtoolcache/CodeQL/2.27.1/x64/codeql/python/tools/autobuild.sh]
codeql / Analyze (python)	UNKNOWN STEP	2026-09-26T11:43:29.3000992Z [2026-09-26 11:43:29] [build-stderr] /bin/sh: 1: python2: not found
codeql / Analyze (python)	UNKNOWN STEP	2026-09-26T11:43:29.3254363Z [2026-09-26 11:43:29] [build-stdout] No directories containing root identifiers were found. Returning working directory as root.
codeql / Analyze (python)	UNKNOWN STEP	2026-09-26T11:43:29.3260011Z [2026-09-26 11:43:29] [build-stdout] Will try to guess Python version, as it was not specified in `lgtm.yml`
codeql / Analyze (python)	UNKNOWN STEP	2026-09-26T11:43:29.3260956Z [2026-09-26 11:43:29] [build-stdout] Trying to guess Python version based on Trove classifiers in setup.py
codeql / Analyze (python)	UNKNOWN STEP	2026-09-26T11:43:29.3262000Z [2026-09-26 11:43:29] [build-stdout] Did not find setup.py (expected it to be at /home/runner/work/deepseek-review-probe/deepseek-review-probe/setup.py)
codeql / Analyze (python)	UNKNOWN STEP	2026-09-26T11:43:29.3262890Z [2026-09-26 11:43:29] [build-stdout] Trying to guess Python version based on travis file
codeql / Analyze (python)	UNKNOWN STEP	2026-09-26T11:43:29.3264416Z [2026-09-26 11:43:29] [build-stdout] Did not find any travis files (expected them at either ['/home/runner/work/deepseek-review-probe/deepseek-review-probe/.travis.yml', '/home/runner/work/deepseek-review-probe/deepseek-review-probe/travis.yml'])
codeql / Analyze (python)	UNKNOWN STEP	2026-09-26T11:43:29.3272723Z [2026-09-26 11:43:29] [build-stdout] Trying to guess Python version based on installed versions
codeql / Analyze (python)	UNKNOWN STEP	2026-09-26T11:43:29.3273330Z [2026-09-26 11:43:29] [build-stdout] Wanted to run Python 2, but it is not available. Using Python 3 instead
codeql / Analyze (python)	UNKNOWN STEP	2026-09-26T11:43:29.3275419Z [2026-09-26 11:43:29] [build-stdout] This script is running Python 3, but Python 2 is also available (as 'python3')
codeql / Analyze (python)	UNKNOWN STEP	2026-09-26T11:43:29.3275950Z [2026-09-26 11:43:29] [build-stdout] Could not guess Python version, will use default: Python 3
codeql / Analyze (python)	UNKNOWN STEP	2026-09-26T11:43:29.3278167Z [2026-09-26 11:43:29] [build-stdout] Calling python3 -S /opt/hostedtoolcache/CodeQL/2.27.1/x64/codeql/python/tools/python_tracer.py --verbosity 3 -z all -c /home/runner/work/_temp/codeql_databases/python/working/trap_cache -R /home/runner/work/deepseek-review-probe/deepseek-review-probe --filter exclude:**/node_modules --filter exclude:**/dist --filter exclude:**/build --filter exclude:**/*.min.js --filter exclude:**/*.test.* --filter exclude:**/vendor/
codeql / Analyze (python)	UNKNOWN STEP	2026-09-26T11:43:29.6489760Z [2026-09-26 11:43:29] [build-stdout] INFO: The Python extractor has recently stopped extracting the standard library by default. If you encounter problems, please let us know by submitting an issue to https://github.com/github/codeql. It is possible to re-enable extraction of the standard library by setting the environment variable CODEQL_EXTRACTOR_PYTHON_EXTRACT_STDLIB.
codeql / Analyze (python)	UNKNOWN STEP	2026-09-26T11:43:29.6509724Z [2026-09-26 11:43:29] [build-stdout] [INFO] Extraction will use the Python 3 standard library.
codeql / Analyze (python)	UNKNOWN STEP	2026-09-26T11:43:29.6527013Z [2026-09-26 11:43:29] [build-stdout] [INFO] sys_path is: ['/opt/hostedtoolcache/CodeQL/2.27.1/x64/codeql/python/tools', '/usr/lib/python312.zip', '/usr/lib/python3.12', '/usr/lib/python3.12/lib-dynload']
codeql / Analyze (python)	UNKNOWN STEP	2026-09-26T11:43:29.6529804Z [2026-09-26 11:43:29] [build-stdout] [INFO] Python version 3.12.3
codeql / Analyze (python)	UNKNOWN STEP	2026-09-26T11:43:29.6530485Z [2026-09-26 11:43:29] [build-stdout] [INFO] Python extractor version 7.1.10
codeql / Analyze (python)	UNKNOWN STEP	2026-09-26T11:43:29.8280537Z [2026-09-26 11:43:29] [build-stdout] [INFO] [3] Extracted file /home/runner/work/deepseek-review-probe/deepseek-review-probe/.kit/tools/check-dsh-version.py in 121ms
codeql / Analyze (python)	UNKNOWN STEP	2026-09-26T11:43:29.8294702Z [2026-09-26 11:43:29] [build-stdout] [INFO] [3] Extracted folder /home/runner/work/deepseek-review-probe/deepseek-review-probe/.kit/tools/eval in 1ms
codeql / Analyze (python)	UNKNOWN STEP	2026-09-26T11:43:29.8330231Z [2026-09-26 11:43:29] [build-stdout] [INFO] [3] Extracted folder /home/runner/work/deepseek-review-probe/deepseek-review-probe/.kit/tools in 0ms
codeql / Analyze (python)	UNKNOWN STEP	2026-09-26T11:43:29.8357567Z [2026-09-26 11:43:29] [build-stdout] [INFO] [4] Extracted file /home/runner/work/deepseek-review-probe/deepseek-review-probe/.kit/tools/eval/build_eval_set.py in 118ms
codeql / Analyze (python)	UNKNOWN STEP	2026-09-26T11:43:29.9229961Z [2026-09-26 11:43:29] [build-stdout] [INFO] [2] Extracted file /home/runner/work/deepseek-review-probe/deepseek-review-probe/.kit/tools/eval/eval_filter.py in 211ms
codeql / Analyze (python)	UNKNOWN STEP	2026-09-26T11:43:29.9277542Z [2026-09-26 11:43:29] [build-stdout] [INFO] [2] Skipped built-in file /usr/lib/python3.12/urllib/request.py
codeql / Analyze (python)	UNKNOWN STEP	2026-09-26T11:43:29.9287269Z [2026-09-26 11:43:29] [build-stdout] [INFO] [2] Skipped built-in file /usr/lib/python3.12/__future__.py
codeql / Analyze (python)	UNKNOWN STEP	2026-09-26T11:43:29.9407782Z [2026-09-26 11:43:29] [build-stdout] [INFO] [3] Extracted file /home/runner/work/deepseek-review-probe/deepseek-review-probe/.kit/.github/scripts/locate.py in 111ms
codeql / Analyze (python)	UNKNOWN STEP	2026-09-26T11:43:29.9437628Z [2026-09-26 11:43:29] [build-stdout] [INFO] [3] Extracted folder /usr/lib/python3.12/collections in 1ms
codeql / Analyze (python)	UNKNOWN STEP	2026-09-26T11:43:29.9467755Z [2026-09-26 11:43:29] [build-stdout] [INFO] [3] Extracted folder /home/runner/work/deepseek-review-probe/deepseek-review-probe/.kit/.github/scripts in 1ms
codeql / Analyze (python)	UNKNOWN STEP	2026-09-26T11:43:29.9497631Z [2026-09-26 11:43:29] [build-stdout] [INFO] [3] Extracted folder /home/runner/work/deepseek-review-probe/deepseek-review-probe/.kit in 0ms
codeql / Analyze (python)	UNKNOWN STEP	2026-09-26T11:43:29.9684167Z [2026-09-26 11:43:29] [build-stdout] [INFO] [3] Extracted file /home/runner/work/deepseek-review-probe/deepseek-review-probe/app.py in 26ms
codeql / Analyze (python)	UNKNOWN STEP	2026-09-26T11:43:29.9710778Z [2026-09-26 11:43:29] [build-stdout] [INFO] [3] Extracted folder /usr/lib/python3.12/json in 0ms
codeql / Analyze (python)	UNKNOWN STEP	2026-09-26T11:43:29.9745501Z [2026-09-26 11:43:29] [build-stdout] [INFO] [3] Skipped built-in file /usr/lib/python3.12/json/__init__.py
codeql / Analyze (python)	UNKNOWN STEP	2026-09-26T11:43:29.9767984Z [2026-09-26 11:43:29] [build-stdout] [INFO] [3] Skipped built-in file /usr/lib/python3.12/re/__init__.py
codeql / Analyze (python)	UNKNOWN STEP	2026-09-26T11:43:29.9797492Z [2026-09-26 11:43:29] [build-stdout] [INFO] [3] Extracted module time in 5ms
codeql / Analyze (python)	UNKNOWN STEP	2026-09-26T11:43:29.9798205Z [2026-09-26 11:43:29] [build-stdout] [INFO] [3] Extracted folder /usr/lib/python3.12/re in 0ms
codeql / Analyze (python)	UNKNOWN STEP	2026-09-26T11:43:29.9799169Z [2026-09-26 11:43:29] [build-stdout] [INFO] [3] Skipped built-in file /usr/lib/python3.12/argparse.py
codeql / Analyze (python)	UNKNOWN STEP	2026-09-26T11:43:29.9799983Z [2026-09-26 11:43:29] [build-stdout] [INFO] [3] Skipped built-in file /usr/lib/python3.12/struct.py
codeql / Analyze (python)	UNKNOWN STEP	2026-09-26T11:43:29.9800992Z [2026-09-26 11:43:29] [build-stdout] [INFO] [3] Extracted folder /home/runner/work/deepseek-review-probe/deepseek-review-probe/.kit/.github in 0ms
codeql / Analyze (python)	UNKNOWN STEP	2026-09-26T11:43:29.9801977Z [2026-09-26 11:43:29] [build-stdout] [INFO] [3] Skipped built-in file /usr/lib/python3.12/os.py
codeql / Analyze (python)	UNKNOWN STEP	2026-09-26T11:43:29.9802746Z [2026-09-26 11:43:29] [build-stdout] [INFO] [3] Skipped built-in file /usr/lib/python3.12/plistlib.py
codeql / Analyze (python)	UNKNOWN STEP	2026-09-26T11:43:29.9803546Z [2026-09-26 11:43:29] [build-stdout] [INFO] [3] Skipped built-in file /usr/lib/python3.12/urllib/error.py
codeql / Analyze (python)	UNKNOWN STEP	2026-09-26T11:43:29.9804391Z [2026-09-26 11:43:29] [build-stdout] [INFO] [3] Skipped built-in file /usr/lib/python3.12/collections/__init__.py
codeql / Analyze (python)	UNKNOWN STEP	2026-09-26T11:43:29.9805225Z [2026-09-26 11:43:29] [build-stdout] [INFO] [3] Skipped built-in file /usr/lib/python3.12/pathlib.py
codeql / Analyze (python)	UNKNOWN STEP	2026-09-26T11:43:29.9806006Z [2026-09-26 11:43:29] [build-stdout] [INFO] [3] Skipped built-in file /usr/lib/python3.12/subprocess.py
codeql / Analyze (python)	UNKNOWN STEP	2026-09-26T11:43:29.9806902Z [2026-09-26 11:43:29] [build-stdout] [INFO] [3] Extracted folder /usr/lib/python3.12/urllib in 0ms
codeql / Analyze (python)	UNKNOWN STEP	2026-09-26T11:43:29.9807568Z [2026-09-26 11:43:29] [build-stdout] [INFO] [3] Extracted module sys in 0ms
codeql / Analyze (python)	UNKNOWN STEP	2026-09-26T11:43:29.9808285Z [2026-09-26 11:43:29] [build-stdout] [INFO] [3] Skipped built-in file /usr/lib/python3.12/urllib/__init__.py
codeql / Analyze (python)	UNKNOWN STEP	2026-09-26T11:43:30.0028772Z [2026-09-26 11:43:30] [build-stdout] [INFO] [4] Extracted file /home/runner/work/deepseek-review-probe/deepseek-review-probe/.kit/.github/scripts/post_review.py in 172ms
codeql / Analyze (python)	UNKNOWN STEP	2026-09-26T11:43:30.0903440Z [2026-09-26 11:43:30] [build-stdout] [INFO] [1] Extracted file /home/runner/work/deepseek-review-probe/deepseek-review-probe/.kit/tools/selftest.py in 386ms
codeql / Analyze (python)	UNKNOWN STEP	2026-09-26T11:43:30.0905431Z [2026-09-26 11:43:30] [build-stdout] [INFO] [3] Extracted folder /usr/lib/python3.12/importlib in 0ms
codeql / Analyze (python)	UNKNOWN STEP	2026-09-26T11:43:30.0907367Z [2026-09-26 11:43:30] [build-stdout] [INFO] [4] Skipped built-in file /usr/lib/python3.12/importlib/__init__.py
codeql / Analyze (python)	UNKNOWN STEP	2026-09-26T11:43:30.0908213Z [2026-09-26 11:43:30] [build-stdout] [INFO] [4] Skipped built-in file /usr/lib/python3.12/importlib/util.py
codeql / Analyze (python)	UNKNOWN STEP	2026-09-26T11:43:30.1810740Z [2026-09-26 11:43:30] [build-stdout] [INFO] [2] Extracted file /home/runner/work/deepseek-review-probe/deepseek-review-probe/.kit/.github/scripts/deepseek_review.py in 263ms
codeql / Analyze (python)	UNKNOWN STEP	2026-09-26T11:43:30.2100482Z [2026-09-26 11:43:30] [build-stdout] [INFO] Processed 35 modules in 0.55s
codeql / Analyze (python)	UNKNOWN STEP	2026-09-26T11:43:30.2469659Z ##[endgroup]
codeql / Analyze (python)	UNKNOWN STEP	2026-09-26T11:43:30.2475463Z ##[group]Finalizing python
codeql / Analyze (python)	UNKNOWN STEP	2026-09-26T11:43:30.2477378Z [command]/opt/hostedtoolcache/CodeQL/2.27.1/x64/codeql/codeql database finalize --finalize-dataset --threads=4 --ram=14575 /home/runner/work/_temp/codeql_databases/python
codeql / Analyze (python)	UNKNOWN STEP	2026-09-26T11:43:30.8602814Z Running pre-finalize script /opt/hostedtoolcache/CodeQL/2.27.1/x64/codeql/python/tools/pre-finalize.sh in /home/runner/work/deepseek-review-probe/deepseek-review-probe.
codeql / Analyze (python)	UNKNOWN STEP	2026-09-26T11:43:30.9204141Z Running command in /home/runner/work/deepseek-review-probe/deepseek-review-probe: [/opt/hostedtoolcache/CodeQL/2.27.1/x64/codeql/python/tools/pre-finalize.sh]
codeql / Analyze (python)	UNKNOWN STEP	2026-09-26T11:43:31.5299369Z [2026-09-26 11:43:31] [build-stderr] Scanning for files in /home/runner/work/deepseek-review-probe/deepseek-review-probe...
codeql / Analyze (python)	UNKNOWN STEP	2026-09-26T11:43:31.6293894Z [2026-09-26 11:43:31] [build-stderr] /home/runner/work/_temp/codeql_databases/python: Indexing files in in /home/runner/work/deepseek-review-probe/deepseek-review-probe...
codeql / Analyze (python)	UNKNOWN STEP	2026-09-26T11:43:31.6546759Z [2026-09-26 11:43:31] [build-stderr] Running command in /home/runner/work/deepseek-review-probe/deepseek-review-probe: [/opt/hostedtoolcache/CodeQL/2.27.1/x64/codeql/yaml/tools/index-files.sh, /home/runner/work/_temp/codeql_databases/python/working/files-to-index5129886229217664142.list]
codeql / Analyze (python)	UNKNOWN STEP	2026-09-26T11:43:32.2068478Z Pre-finalize script /opt/hostedtoolcache/CodeQL/2.27.1/x64/codeql/python/tools/pre-finalize.sh completed in 1345 ms.
codeql / Analyze (python)	UNKNOWN STEP	2026-09-26T11:43:32.2088311Z Running TRAP import for CodeQL database at /home/runner/work/_temp/codeql_databases/python...
codeql / Analyze (python)	UNKNOWN STEP	2026-09-26T11:43:32.9917683Z Importing TRAP files
codeql / Analyze (python)	UNKNOWN STEP	2026-09-26T11:43:33.3663845Z Merging relations
codeql / Analyze (python)	UNKNOWN STEP	2026-09-26T11:43:33.6063992Z Finished writing database (relations: 342.84 KiB; string pool: 2.13 MiB).
codeql / Analyze (python)	UNKNOWN STEP	2026-09-26T11:43:33.6260767Z TRAP import complete (1.4s).
codeql / Analyze (python)	UNKNOWN STEP	2026-09-26T11:43:33.7761407Z Finished zipping source archive (75.44 KiB).
codeql / Analyze (python)	UNKNOWN STEP	2026-09-26T11:43:33.7842037Z ##[endgroup]
codeql / Analyze (python)	UNKNOWN STEP	2026-09-26T11:43:33.7846534Z ##[group]Running queries for python
codeql / Analyze (python)	UNKNOWN STEP	2026-09-26T11:43:33.7848418Z [command]/opt/hostedtoolcache/CodeQL/2.27.1/x64/codeql/codeql database run-queries --ram=14575 --threads=4 --expect-discarded-cache --additional-packs=/home/runner/work/_temp/pr-diff-range --extension-packs=codeql-action/pr-diff-range /home/runner/work/_temp/codeql_databases/python --min-disk-free=1024 -v
codeql / Analyze (python)	UNKNOWN STEP	2026-09-26T11:43:34.3622422Z Writing logs to /home/runner/work/_temp/codeql_databases/python/log/database-run-queries-20260926.114334.360.log.
codeql / Analyze (python)	UNKNOWN STEP	2026-09-26T11:43:34.8428946Z Writing logs to /home/runner/work/_temp/codeql_databases/python/log/execute-queries-20260926.114334.840.log.
codeql / Analyze (python)	UNKNOWN STEP	2026-09-26T11:43:35.1177475Z Recording pack reference codeql/python-queries at /opt/hostedtoolcache/CodeQL/2.27.1/x64/codeql/qlpacks/codeql/python-queries/1.8.11.
codeql / Analyze (python)	UNKNOWN STEP	2026-09-26T11:43:35.3159809Z Resolving data extensions.
codeql / Analyze (python)	UNKNOWN STEP	2026-09-26T11:43:36.2270715Z Finished resolving data extensions.
codeql / Analyze (python)	UNKNOWN STEP	2026-09-26T11:43:36.2769891Z Loading data extensions.
codeql / Analyze (python)	UNKNOWN STEP	2026-09-26T11:43:36.7485355Z Finished loading data extensions.
codeql / Analyze (python)	UNKNOWN STEP	2026-09-26T11:43:37.5898625Z [1/174] Loaded /opt/hostedtoolcache/CodeQL/2.27.1/x64/codeql/qlpacks/codeql/python-queries/1.8.11/Security/CWE-326/WeakCryptoKey.qlx.
codeql / Analyze (python)	UNKNOWN STEP	2026-09-26T11:43:37.5926791Z [2/174] Loaded /opt/hostedtoolcache/CodeQL/2.27.1/x64/codeql/qlpacks/codeql/python-queries/1.8.11/Expressions/UseofInput.qlx.
codeql / Analyze (python)	UNKNOWN STEP	2026-09-26T11:43:37.6968205Z [3/174] Loaded /opt/hostedtoolcache/CodeQL/2.27.1/x64/codeql/qlpacks/codeql/python-queries/1.8.11/Security/CWE-116/BadTagFilter.qlx.
codeql / Analyze (python)	UNKNOWN STEP	2026-09-26T11:43:37.8210350Z [4/174] Loaded /opt/hostedtoolcache/CodeQL/2.27.1/x64/codeql/qlpacks/codeql/python-queries/1.8.11/Security/CWE-022/PathInjection.qlx.
codeql / Analyze (python)	UNKNOWN STEP	2026-09-26T11:43:37.8487944Z [5/174] Loaded /opt/hostedtoolcache/CodeQL/2.27.1/x64/codeql/qlpacks/codeql/python-queries/1.8.11/Security/CWE-918/FullServerSideRequestForgery.qlx.
codeql / Analyze (python)	UNKNOWN STEP	2026-09-26T11:43:37.8517701Z [6/174] Loaded /opt/hostedtoolcache/CodeQL/2.27.1/x64/codeql/qlpacks/codeql/python-queries/1.8.11/Security/CWE-079/ReflectedXss.qlx.
codeql / Analyze (python)	UNKNOWN STEP	2026-09-26T11:43:38.0198090Z [7/174] Loaded /opt/hostedtoolcache/CodeQL/2.27.1/x64/codeql/qlpacks/codeql/python-queries/1.8.11/Security/CWE-943/NoSqlInjection.qlx.
codeql / Analyze (python)	UNKNOWN STEP	2026-09-26T11:43:38.0418011Z [8/174] Loaded /opt/hostedtoolcache/CodeQL/2.27.1/x64/codeql/qlpacks/codeql/python-queries/1.8.11/Security/CWE-377/InsecureTemporaryFile.qlx.
codeql / Analyze (python)	UNKNOWN STEP	2026-09-26T11:43:38.0827814Z [9/174] Loaded /opt/hostedtoolcache/CodeQL/2.27.1/x64/codeql/qlpacks/codeql/python-queries/1.8.11/Security/CWE-094/CodeInjection.qlx.
codeql / Analyze (python)	UNKNOWN STEP	2026-09-26T11:43:38.0877522Z [10/174] Loaded /opt/hostedtoolcache/CodeQL/2.27.1/x64/codeql/qlpacks/codeql/python-queries/1.8.11/Security/CWE-643/XpathInjection.qlx.
codeql / Analyze (python)	UNKNOWN STEP	2026-09-26T11:43:38.0917525Z [11/174] Loaded /opt/hostedtoolcache/CodeQL/2.27.1/x64/codeql/qlpacks/codeql/python-queries/1.8.11/Security/CWE-209/StackTraceExposure.qlx.
codeql / Analyze (python)	UNKNOWN STEP	2026-09-26T11:43:38.1263117Z [12/174] Loaded /opt/hostedtoolcache/CodeQL/2.27.1/x64/codeql/qlpacks/codeql/python-queries/1.8.11/Security/CWE-295/MissingHostKeyValidation.qlx.
codeql / Analyze (python)	UNKNOWN STEP	2026-09-26T11:43:38.1373726Z [13/174] Loaded /opt/hostedtoolcache/CodeQL/2.27.1/x64/codeql/qlpacks/codeql/python-queries/1.8.11/Security/CWE-730/PolynomialReDoS.qlx.
codeql / Analyze (python)	UNKNOWN STEP	2026-09-26T11:43:38.2018383Z [14/174] Loaded /opt/hostedtoolcache/CodeQL/2.27.1/x64/codeql/qlpacks/codeql/python-queries/1.8.11/Security/CWE-730/ReDoS.qlx.
codeql / Analyze (python)	UNKNOWN STEP	2026-09-26T11:43:38.2309357Z [15/174] Loaded /opt/hostedtoolcache/CodeQL/2.27.1/x64/codeql/qlpacks/codeql/python-queries/1.8.11/Security/CWE-730/RegexInjection.qlx.
codeql / Analyze (python)	UNKNOWN STEP	2026-09-26T11:43:38.2808053Z [16/174] Loaded /opt/hostedtoolcache/CodeQL/2.27.1/x64/codeql/qlpacks/codeql/python-queries/1.8.11/Security/CWE-611/Xxe.qlx.
codeql / Analyze (python)	UNKNOWN STEP	2026-09-26T11:43:38.2849377Z [17/174] Loaded /opt/hostedtoolcache/CodeQL/2.27.1/x64/codeql/qlpacks/codeql/python-queries/1.8.11/Security/CWE-352/CSRFProtectionDisabled.qlx.
codeql / Analyze (python)	UNKNOWN STEP	2026-09-26T11:43:38.2987703Z [18/174] Loaded /opt/hostedtoolcache/CodeQL/2.27.1/x64/codeql/qlpacks/codeql/python-queries/1.8.11/Security/CWE-1275/SameSiteNoneCookie.qlx.
codeql / Analyze (python)	UNKNOWN STEP	2026-09-26T11:43:38.3820229Z [19/174] Loaded /opt/hostedtoolcache/CodeQL/2.27.1/x64/codeql/qlpacks/codeql/python-queries/1.8.11/Security/CWE-601/UrlRedirect.qlx.
codeql / Analyze (python)	UNKNOWN STEP	2026-09-26T11:43:38.3908043Z [20/174] Loaded /opt/hostedtoolcache/CodeQL/2.27.1/x64/codeql/qlpacks/codeql/python-queries/1.8.11/Security/CWE-312/CleartextStorage.qlx.
codeql / Analyze (python)	UNKNOWN STEP	2026-09-26T11:43:38.5855870Z [21/174] Loaded /opt/hostedtoolcache/CodeQL/2.27.1/x64/codeql/qlpacks/codeql/python-queries/1.8.11/Security/CWE-776/XmlBomb.qlx.
codeql / Analyze (python)	UNKNOWN STEP	2026-09-26T11:43:38.5887820Z [22/174] Loaded /opt/hostedtoolcache/CodeQL/2.27.1/x64/codeql/qlpacks/codeql/python-queries/1.8.11/Security/CWE-312/CleartextLogging.qlx.
codeql / Analyze (python)	UNKNOWN STEP	2026-09-26T11:43:38.5917540Z [23/174] Loaded /opt/hostedtoolcache/CodeQL/2.27.1/x64/codeql/qlpacks/codeql/python-queries/1.8.11/Security/CWE-502/UnsafeDeserialization.qlx.
codeql / Analyze (python)	UNKNOWN STEP	2026-09-26T11:43:38.5919165Z [24/174] Loaded /opt/hostedtoolcache/CodeQL/2.27.1/x64/codeql/qlpacks/codeql/python-queries/1.8.11/Security/CWE-1004/NonHttpOnlyCookie.qlx.
codeql / Analyze (python)	UNKNOWN STEP	2026-09-26T11:43:38.6902258Z [25/174] Loaded /opt/hostedtoolcache/CodeQL/2.27.1/x64/codeql/qlpacks/codeql/python-queries/1.8.11/Security/CVE-2018-1281/BindToAllInterfaces.qlx.
codeql / Analyze (python)	UNKNOWN STEP	2026-09-26T11:43:38.7317983Z [26/174] Loaded /opt/hostedtoolcache/CodeQL/2.27.1/x64/codeql/qlpacks/codeql/python-queries/1.8.11/Security/CWE-215/FlaskDebug.qlx.
codeql / Analyze (python)	UNKNOWN STEP	2026-09-26T11:43:38.7348422Z [27/174] Loaded /opt/hostedtoolcache/CodeQL/2.27.1/x64/codeql/qlpacks/codeql/python-queries/1.8.11/Security/CWE-089/SqlInjection.qlx.
codeql / Analyze (python)	UNKNOWN STEP	2026-09-26T11:43:38.7477442Z [28/174] Loaded /opt/hostedtoolcache/CodeQL/2.27.1/x64/codeql/qlpacks/codeql/python-queries/1.8.11/Security/CWE-078/CommandInjection.qlx.
codeql / Analyze (python)	UNKNOWN STEP	2026-09-26T11:43:38.7538160Z [29/174] Loaded /opt/hostedtoolcache/CodeQL/2.27.1/x64/codeql/qlpacks/codeql/python-queries/1.8.11/Security/CWE-074/TemplateInjection.qlx.
codeql / Analyze (python)	UNKNOWN STEP	2026-09-26T11:43:38.8029954Z [30/174] Loaded /opt/hostedtoolcache/CodeQL/2.27.1/x64/codeql/qlpacks/codeql/python-queries/1.8.11/Security/CWE-327/BrokenCryptoAlgorithm.qlx.
codeql / Analyze (python)	UNKNOWN STEP	2026-09-26T11:43:38.8260073Z [31/174] Loaded /opt/hostedtoolcache/CodeQL/2.27.1/x64/codeql/qlpacks/codeql/python-queries/1.8.11/Security/CWE-327/InsecureDefaultProtocol.qlx.
codeql / Analyze (python)	UNKNOWN STEP	2026-09-26T11:43:38.8750761Z [32/174] Loaded /opt/hostedtoolcache/CodeQL/2.27.1/x64/codeql/qlpacks/codeql/python-queries/1.8.11/Security/CWE-090/LdapInjection.qlx.
codeql / Analyze (python)	UNKNOWN STEP	2026-09-26T11:43:38.8863162Z [33/174] Loaded /opt/hostedtoolcache/CodeQL/2.27.1/x64/codeql/qlpacks/codeql/python-queries/1.8.11/Security/CWE-614/InsecureCookie.qlx.
codeql / Analyze (python)	UNKNOWN STEP	2026-09-26T11:43:38.8898861Z [34/174] Loaded /opt/hostedtoolcache/CodeQL/2.27.1/x64/codeql/qlpacks/codeql/python-queries/1.8.11/Security/CWE-327/InsecureProtocol.qlx.
codeql / Analyze (python)	UNKNOWN STEP	2026-09-26T11:43:38.8977696Z [35/174] Loaded /opt/hostedtoolcache/CodeQL/2.27.1/x64/codeql/qlpacks/codeql/python-queries/1.8.11/Security/CWE-020/IncompleteUrlSubstringSanitization.qlx.
codeql / Analyze (python)	UNKNOWN STEP	2026-09-26T11:43:38.9848398Z [36/174] Loaded /opt/hostedtoolcache/CodeQL/2.27.1/x64/codeql/qlpacks/codeql/python-queries/1.8.11/Security/CWE-327/WeakSensitiveDataHashing.qlx.
codeql / Analyze (python)	UNKNOWN STEP	2026-09-26T11:43:38.9993911Z [37/174] Loaded /opt/hostedtoolcache/CodeQL/2.27.1/x64/codeql/qlpacks/codeql/python-queries/1.8.11/Security/CWE-020/OverlyLargeRange.qlx.
codeql / Analyze (python)	UNKNOWN STEP	2026-09-26T11:43:39.0053589Z [38/174] Loaded /opt/hostedtoolcache/CodeQL/2.27.1/x64/codeql/qlpacks/codeql/python-queries/1.8.11/Security/CWE-020/IncompleteHostnameRegExp.qlx.
codeql / Analyze (python)	UNKNOWN STEP	2026-09-26T11:43:39.0817809Z [39/174] Loaded /opt/hostedtoolcache/CodeQL/2.27.1/x64/codeql/qlpacks/codeql/python-queries/1.8.11/Security/CWE-113/HeaderInjection.qlx.
codeql / Analyze (python)	UNKNOWN STEP	2026-09-26T11:43:39.1128187Z [40/174] Loaded /opt/hostedtoolcache/CodeQL/2.27.1/x64/codeql/qlpacks/codeql/python-queries/1.8.11/Security/CWE-079/Jinja2WithoutEscaping.qlx.
codeql / Analyze (python)	UNKNOWN STEP	2026-09-26T11:43:39.1310171Z [41/174] Loaded /opt/hostedtoolcache/CodeQL/2.27.1/x64/codeql/qlpacks/codeql/python-queries/1.8.11/Security/CWE-285/PamAuthorization.qlx.
codeql / Analyze (python)	UNKNOWN STEP	2026-09-26T11:43:39.1407682Z [42/174] Loaded /opt/hostedtoolcache/CodeQL/2.27.1/x64/codeql/qlpacks/codeql/python-queries/1.8.11/Security/CWE-020/CookieInjection.qlx.
codeql / Analyze (python)	UNKNOWN STEP	2026-09-26T11:43:39.1618051Z [43/174] Loaded /opt/hostedtoolcache/CodeQL/2.27.1/x64/codeql/qlpacks/codeql/python-queries/1.8.11/Security/CWE-732/WeakFilePermissions.qlx.
codeql / Analyze (python)	UNKNOWN STEP	2026-09-26T11:43:39.1737934Z [44/174] Loaded /opt/hostedtoolcache/CodeQL/2.27.1/x64/codeql/qlpacks/codeql/python-queries/1.8.11/Security/CWE-295/RequestWithoutValidation.qlx.
codeql / Analyze (python)	UNKNOWN STEP	2026-09-26T11:43:39.2248079Z [45/174] Loaded /opt/hostedtoolcache/CodeQL/2.27.1/x64/codeql/qlpacks/codeql/python-queries/1.8.11/Security/CWE-022/TarSlip.qlx.
codeql / Analyze (python)	UNKNOWN STEP	2026-09-26T11:43:39.2347873Z [46/174] Loaded /opt/hostedtoolcache/CodeQL/2.27.1/x64/codeql/qlpacks/codeql/python-queries/1.8.11/Diagnostics/ExtractionWarnings.qlx.
codeql / Analyze (python)	UNKNOWN STEP	2026-09-26T11:43:39.2419677Z [47/174] Loaded /opt/hostedtoolcache/CodeQL/2.27.1/x64/codeql/qlpacks/codeql/python-queries/1.8.11/Diagnostics/ExtractedFiles.qlx.
codeql / Analyze (python)	UNKNOWN STEP	2026-09-26T11:43:39.2470970Z [48/174] Loaded /opt/hostedtoolcache/CodeQL/2.27.1/x64/codeql/qlpacks/codeql/python-queries/1.8.11/Summary/LinesOfUserCode.qlx.
codeql / Analyze (python)	UNKNOWN STEP	2026-09-26T11:43:39.2495540Z [49/174] Loaded /opt/hostedtoolcache/CodeQL/2.27.1/x64/codeql/qlpacks/codeql/python-queries/1.8.11/Summary/LinesOfCode.qlx.
codeql / Analyze (python)	UNKNOWN STEP	2026-09-26T11:43:39.2547507Z [50/174] Loaded /opt/hostedtoolcache/CodeQL/2.27.1/x64/codeql/qlpacks/codeql/python-queries/1.8.11/Lexical/CommentedOutCode.qlx.
codeql / Analyze (python)	UNKNOWN STEP	2026-09-26T11:43:39.2588666Z [51/174] Loaded /opt/hostedtoolcache/CodeQL/2.27.1/x64/codeql/qlpacks/codeql/python-queries/1.8.11/Lexical/OldOctalLiteral.qlx.
codeql / Analyze (python)	UNKNOWN STEP	2026-09-26T11:43:39.2648430Z [52/174] Loaded /opt/hostedtoolcache/CodeQL/2.27.1/x64/codeql/qlpacks/codeql/python-queries/1.8.11/Security/CWE-078/UnsafeShellCommandConstruction.qlx.
codeql / Analyze (python)	UNKNOWN STEP	2026-09-26T11:43:39.2650027Z [53/174] Loaded /opt/hostedtoolcache/CodeQL/2.27.1/x64/codeql/qlpacks/codeql/python-queries/1.8.11/Variables/UnusedLocalVariable.qlx.
codeql / Analyze (python)	UNKNOWN STEP	2026-09-26T11:43:39.2677607Z [54/174] Loaded /opt/hostedtoolcache/CodeQL/2.27.1/x64/codeql/qlpacks/codeql/python-queries/1.8.11/Security/CWE-918/PartialServerSideRequestForgery.qlx.
codeql / Analyze (python)	UNKNOWN STEP	2026-09-26T11:43:39.2738697Z [55/174] Loaded /opt/hostedtoolcache/CodeQL/2.27.1/x64/codeql/qlpacks/codeql/python-queries/1.8.11/Variables/GlobalAtModuleLevel.qlx.
codeql / Analyze (python)	UNKNOWN STEP	2026-09-26T11:43:39.3047940Z [56/174] Loaded /opt/hostedtoolcache/CodeQL/2.27.1/x64/codeql/qlpacks/codeql/python-queries/1.8.11/Security/CWE-117/LogInjection.qlx.
codeql / Analyze (python)	UNKNOWN STEP	2026-09-26T11:43:39.3185650Z [57/174] Loaded /opt/hostedtoolcache/CodeQL/2.27.1/x64/codeql/qlpacks/codeql/python-queries/1.8.11/Variables/LeakingListComprehension.qlx.
codeql / Analyze (python)	UNKNOWN STEP	2026-09-26T11:43:39.3374782Z [58/174] Loaded /opt/hostedtoolcache/CodeQL/2.27.1/x64/codeql/qlpacks/codeql/python-queries/1.8.11/Variables/UndefinedPlaceHolder.qlx.
codeql / Analyze (python)	UNKNOWN STEP	2026-09-26T11:43:39.3432899Z [59/174] Loaded /opt/hostedtoolcache/CodeQL/2.27.1/x64/codeql/qlpacks/codeql/python-queries/1.8.11/Variables/SuspiciousUnusedLoopIterationVariable.qlx.
codeql / Analyze (python)	UNKNOWN STEP	2026-09-26T11:43:39.3540470Z [60/174] Loaded /opt/hostedtoolcache/CodeQL/2.27.1/x64/codeql/qlpacks/codeql/python-queries/1.8.11/Variables/MultiplyDefined.qlx.
codeql / Analyze (python)	UNKNOWN STEP	2026-09-26T11:43:39.3577555Z [61/174] Loaded /opt/hostedtoolcache/CodeQL/2.27.1/x64/codeql/qlpacks/codeql/python-queries/1.8.11/Variables/UnusedModuleVariable.qlx.
codeql / Analyze (python)	UNKNOWN STEP	2026-09-26T11:43:39.3699541Z [62/174] Loaded /opt/hostedtoolcache/CodeQL/2.27.1/x64/codeql/qlpacks/codeql/python-queries/1.8.11/Imports/ImportandImportFrom.qlx.
codeql / Analyze (python)	UNKNOWN STEP	2026-09-26T11:43:39.3945502Z [63/174] Loaded /opt/hostedtoolcache/CodeQL/2.27.1/x64/codeql/qlpacks/codeql/python-queries/1.8.11/Imports/ModuleLevelCyclicImport.qlx.
codeql / Analyze (python)	UNKNOWN STEP	2026-09-26T11:43:39.3973096Z [64/174] Loaded /opt/hostedtoolcache/CodeQL/2.27.1/x64/codeql/qlpacks/codeql/python-queries/1.8.11/Variables/LoopVariableCapture/LoopVariableCapture.qlx.
codeql / Analyze (python)	UNKNOWN STEP	2026-09-26T11:43:39.4007447Z [65/174] Loaded /opt/hostedtoolcache/CodeQL/2.27.1/x64/codeql/qlpacks/codeql/python-queries/1.8.11/Variables/UndefinedExport.qlx.
codeql / Analyze (python)	UNKNOWN STEP	2026-09-26T11:43:39.4027753Z [66/174] Loaded /opt/hostedtoolcache/CodeQL/2.27.1/x64/codeql/qlpacks/codeql/python-queries/1.8.11/Imports/ModuleImportsItself.qlx.
codeql / Analyze (python)	UNKNOWN STEP	2026-09-26T11:43:39.4057254Z [67/174] Loaded /opt/hostedtoolcache/CodeQL/2.27.1/x64/codeql/qlpacks/codeql/python-queries/1.8.11/Imports/SyntaxError.qlx.
codeql / Analyze (python)	UNKNOWN STEP	2026-09-26T11:43:39.4097461Z [68/174] Loaded /opt/hostedtoolcache/CodeQL/2.27.1/x64/codeql/qlpacks/codeql/python-queries/1.8.11/Imports/MultipleImports.qlx.
codeql / Analyze (python)	UNKNOWN STEP	2026-09-26T11:43:39.4146384Z [69/174] Loaded /opt/hostedtoolcache/CodeQL/2.27.1/x64/codeql/qlpacks/codeql/python-queries/1.8.11/Imports/UnintentionalImport.qlx.
codeql / Analyze (python)	UNKNOWN STEP	2026-09-26T11:43:39.4217437Z [70/174] Loaded /opt/hostedtoolcache/CodeQL/2.27.1/x64/codeql/qlpacks/codeql/python-queries/1.8.11/Imports/CyclicImport.qlx.
codeql / Analyze (python)	UNKNOWN STEP	2026-09-26T11:43:39.4257393Z [71/174] Loaded /opt/hostedtoolcache/CodeQL/2.27.1/x64/codeql/qlpacks/codeql/python-queries/1.8.11/Variables/UninitializedLocal.qlx.
codeql / Analyze (python)	UNKNOWN STEP	2026-09-26T11:43:39.4357489Z [72/174] Loaded /opt/hostedtoolcache/CodeQL/2.27.1/x64/codeql/qlpacks/codeql/python-queries/1.8.11/Imports/EncodingError.qlx.
codeql / Analyze (python)	UNKNOWN STEP	2026-09-26T11:43:39.4587859Z [73/174] Loaded /opt/hostedtoolcache/CodeQL/2.27.1/x64/codeql/qlpacks/codeql/python-queries/1.8.11/Imports/DeprecatedModule.qlx.
codeql / Analyze (python)	UNKNOWN STEP	2026-09-26T11:43:39.5903073Z [74/174] Loaded /opt/hostedtoolcache/CodeQL/2.27.1/x64/codeql/qlpacks/codeql/python-queries/1.8.11/Imports/FromImportOfMutableAttribute.qlx.
codeql / Analyze (python)	UNKNOWN STEP	2026-09-26T11:43:39.6019559Z [75/174] Loaded /opt/hostedtoolcache/CodeQL/2.27.1/x64/codeql/qlpacks/codeql/python-queries/1.8.11/Classes/CallsToInitDel/SuperclassInitCalledMultipleTimes.qlx.
codeql / Analyze (python)	UNKNOWN STEP	2026-09-26T11:43:39.6054556Z [76/174] Loaded /opt/hostedtoolcache/CodeQL/2.27.1/x64/codeql/qlpacks/codeql/python-queries/1.8.11/Classes/CallsToInitDel/MissingCallToDel.qlx.
codeql / Analyze (python)	UNKNOWN STEP	2026-09-26T11:43:39.6157812Z [77/174] Loaded /opt/hostedtoolcache/CodeQL/2.27.1/x64/codeql/qlpacks/codeql/python-queries/1.8.11/Imports/UnusedImport.qlx.
codeql / Analyze (python)	UNKNOWN STEP	2026-09-26T11:43:39.6227733Z [78/174] Loaded /opt/hostedtoolcache/CodeQL/2.27.1/x64/codeql/qlpacks/codeql/python-queries/1.8.11/Classes/CallsToInitDel/MissingCallToInit.qlx.
codeql / Analyze (python)	UNKNOWN STEP	2026-09-26T11:43:39.6307756Z [79/174] Loaded /opt/hostedtoolcache/CodeQL/2.27.1/x64/codeql/qlpacks/codeql/python-queries/1.8.11/Classes/WrongNumberArgumentsInClassInstantiation.qlx.
codeql / Analyze (python)	UNKNOWN STEP	2026-09-26T11:43:39.6337625Z [80/174] Loaded /opt/hostedtoolcache/CodeQL/2.27.1/x64/codeql/qlpacks/codeql/python-queries/1.8.11/Classes/CallsToInitDel/SuperclassDelCalledMultipleTimes.qlx.
codeql / Analyze (python)	UNKNOWN STEP	2026-09-26T11:43:39.6422551Z [81/174] Loaded /opt/hostedtoolcache/CodeQL/2.27.1/x64/codeql/qlpacks/codeql/python-queries/1.8.11/Classes/DefineEqualsWhenAddingAttributes.qlx.
codeql / Analyze (python)	UNKNOWN STEP	2026-09-26T11:43:39.6473363Z [82/174] Loaded /opt/hostedtoolcache/CodeQL/2.27.1/x64/codeql/qlpacks/codeql/python-queries/1.8.11/Classes/OverwritingAttributeInSuperClass.qlx.
codeql / Analyze (python)	UNKNOWN STEP	2026-09-26T11:43:39.6497548Z [83/174] Loaded /opt/hostedtoolcache/CodeQL/2.27.1/x64/codeql/qlpacks/codeql/python-queries/1.8.11/Classes/MutatingDescriptor.qlx.
codeql / Analyze (python)	UNKNOWN STEP	2026-09-26T11:43:39.6557392Z [84/174] Loaded /opt/hostedtoolcache/CodeQL/2.27.1/x64/codeql/qlpacks/codeql/python-queries/1.8.11/Classes/InconsistentMRO.qlx.
codeql / Analyze (python)	UNKNOWN STEP	2026-09-26T11:43:39.6645736Z [85/174] Loaded /opt/hostedtoolcache/CodeQL/2.27.1/x64/codeql/qlpacks/codeql/python-queries/1.8.11/Classes/PropertyInOldStyleClass.qlx.
codeql / Analyze (python)	UNKNOWN STEP	2026-09-26T11:43:39.6789617Z [86/174] Loaded /opt/hostedtoolcache/CodeQL/2.27.1/x64/codeql/qlpacks/codeql/python-queries/1.8.11/Classes/SubclassShadowing/SubclassShadowing.qlx.
codeql / Analyze (python)	UNKNOWN STEP	2026-09-26T11:43:39.6849350Z [87/174] Loaded /opt/hostedtoolcache/CodeQL/2.27.1/x64/codeql/qlpacks/codeql/python-queries/1.8.11/Classes/Comparisons/EqualsOrNotEquals.qlx.
codeql / Analyze (python)	UNKNOWN STEP	2026-09-26T11:43:39.6850797Z [88/174] Loaded /opt/hostedtoolcache/CodeQL/2.27.1/x64/codeql/qlpacks/codeql/python-queries/1.8.11/Classes/Comparisons/EqualsOrHash.qlx.
codeql / Analyze (python)	UNKNOWN STEP	2026-09-26T11:43:39.7007723Z [89/174] Loaded /opt/hostedtoolcache/CodeQL/2.27.1/x64/codeql/qlpacks/codeql/python-queries/1.8.11/Classes/Comparisons/IncompleteOrdering.qlx.
codeql / Analyze (python)	UNKNOWN STEP	2026-09-26T11:43:39.7060599Z [90/174] Loaded /opt/hostedtoolcache/CodeQL/2.27.1/x64/codeql/qlpacks/codeql/python-queries/1.8.11/Classes/ConflictingAttributesInBaseClasses.qlx.
codeql / Analyze (python)	UNKNOWN STEP	2026-09-26T11:43:39.7147578Z [91/174] Loaded /opt/hostedtoolcache/CodeQL/2.27.1/x64/codeql/qlpacks/codeql/python-queries/1.8.11/Classes/SuperInOldStyleClass.qlx.
codeql / Analyze (python)	UNKNOWN STEP	2026-09-26T11:43:39.7198946Z [92/174] Loaded /opt/hostedtoolcache/CodeQL/2.27.1/x64/codeql/qlpacks/codeql/python-queries/1.8.11/Classes/InitCallsSubclass/InitCallsSubclassMethod.qlx.
codeql / Analyze (python)	UNKNOWN STEP	2026-09-26T11:43:39.7264109Z [93/174] Loaded /opt/hostedtoolcache/CodeQL/2.27.1/x64/codeql/qlpacks/codeql/python-queries/1.8.11/Classes/SlotsInOldStyleClass.qlx.
codeql / Analyze (python)	UNKNOWN STEP	2026-09-26T11:43:39.7323393Z [94/174] Loaded /opt/hostedtoolcache/CodeQL/2.27.1/x64/codeql/qlpacks/codeql/python-queries/1.8.11/Classes/WrongNameForArgumentInClassInstantiation.qlx.
codeql / Analyze (python)	UNKNOWN STEP	2026-09-26T11:43:39.7358597Z [95/174] Loaded /opt/hostedtoolcache/CodeQL/2.27.1/x64/codeql/qlpacks/codeql/python-queries/1.8.11/Expressions/ExpectedMappingForFormatString.qlx.
codeql / Analyze (python)	UNKNOWN STEP	2026-09-26T11:43:39.7387545Z [96/174] Loaded /opt/hostedtoolcache/CodeQL/2.27.1/x64/codeql/qlpacks/codeql/python-queries/1.8.11/Expressions/EqualsNone.qlx.
codeql / Analyze (python)	UNKNOWN STEP	2026-09-26T11:43:39.7417426Z [97/174] Loaded /opt/hostedtoolcache/CodeQL/2.27.1/x64/codeql/qlpacks/codeql/python-queries/1.8.11/Expressions/HashedButNoHash.qlx.
codeql / Analyze (python)	UNKNOWN STEP	2026-09-26T11:43:39.7418994Z [98/174] Loaded /opt/hostedtoolcache/CodeQL/2.27.1/x64/codeql/qlpacks/codeql/python-queries/1.8.11/Expressions/UseofApply.qlx.
codeql / Analyze (python)	UNKNOWN STEP	2026-09-26T11:43:39.7447250Z [99/174] Loaded /opt/hostedtoolcache/CodeQL/2.27.1/x64/codeql/qlpacks/codeql/python-queries/1.8.11/Expressions/UnintentionalImplicitStringConcatenation.qlx.
codeql / Analyze (python)	UNKNOWN STEP	2026-09-26T11:43:39.7478038Z [100/174] Loaded /opt/hostedtoolcache/CodeQL/2.27.1/x64/codeql/qlpacks/codeql/python-queries/1.8.11/Expressions/ContainsNonContainer.qlx.
codeql / Analyze (python)	UNKNOWN STEP	2026-09-26T11:43:39.7487896Z [101/174] Loaded /opt/hostedtoolcache/CodeQL/2.27.1/x64/codeql/qlpacks/codeql/python-queries/1.8.11/Expressions/WrongNumberArgumentsForFormat.qlx.
codeql / Analyze (python)	UNKNOWN STEP	2026-09-26T11:43:39.7506511Z [102/174] Loaded /opt/hostedtoolcache/CodeQL/2.27.1/x64/codeql/qlpacks/codeql/python-queries/1.8.11/Expressions/Formatting/UnusedArgumentIn3101Format.qlx.
codeql / Analyze (python)	UNKNOWN STEP	2026-09-26T11:43:39.7534986Z [103/174] Loaded /opt/hostedtoolcache/CodeQL/2.27.1/x64/codeql/qlpacks/codeql/python-queries/1.8.11/Expressions/TruncatedDivision.qlx.
codeql / Analyze (python)	UNKNOWN STEP	2026-09-26T11:43:39.7557966Z [104/174] Loaded /opt/hostedtoolcache/CodeQL/2.27.1/x64/codeql/qlpacks/codeql/python-queries/1.8.11/Expressions/WrongNameForArgumentInCall.qlx.
codeql / Analyze (python)	UNKNOWN STEP	2026-09-26T11:43:39.7589789Z [105/174] Loaded /opt/hostedtoolcache/CodeQL/2.27.1/x64/codeql/qlpacks/codeql/python-queries/1.8.11/Expressions/Formatting/MixedExplicitImplicitIn3101Format.qlx.
codeql / Analyze (python)	UNKNOWN STEP	2026-09-26T11:43:39.7613861Z [106/174] Loaded /opt/hostedtoolcache/CodeQL/2.27.1/x64/codeql/qlpacks/codeql/python-queries/1.8.11/Expressions/Formatting/UnusedNamedArgumentIn3101Format.qlx.
codeql / Analyze (python)	UNKNOWN STEP	2026-09-26T11:43:39.7697831Z [107/174] Loaded /opt/hostedtoolcache/CodeQL/2.27.1/x64/codeql/qlpacks/codeql/python-queries/1.8.11/Expressions/Formatting/WrongNumberArgumentsFor3101Format.qlx.
codeql / Analyze (python)	UNKNOWN STEP	2026-09-26T11:43:39.7699339Z [108/174] Loaded /opt/hostedtoolcache/CodeQL/2.27.1/x64/codeql/qlpacks/codeql/python-queries/1.8.11/Expressions/WrongNumberArgumentsInCall.qlx.
codeql / Analyze (python)	UNKNOWN STEP	2026-09-26T11:43:39.7727485Z [109/174] Loaded /opt/hostedtoolcache/CodeQL/2.27.1/x64/codeql/qlpacks/codeql/python-queries/1.8.11/Expressions/IncorrectComparisonUsingIs.qlx.
codeql / Analyze (python)	UNKNOWN STEP	2026-09-26T11:43:39.7757498Z [110/174] Loaded /opt/hostedtoolcache/CodeQL/2.27.1/x64/codeql/qlpacks/codeql/python-queries/1.8.11/Expressions/Comparisons/UselessComparisonTest.qlx.
codeql / Analyze (python)	UNKNOWN STEP	2026-09-26T11:43:39.7817957Z [111/174] Loaded /opt/hostedtoolcache/CodeQL/2.27.1/x64/codeql/qlpacks/codeql/python-queries/1.8.11/Expressions/Formatting/WrongNameInArgumentsFor3101Format.qlx.
codeql / Analyze (python)	UNKNOWN STEP	2026-09-26T11:43:39.7847538Z [112/174] Loaded /opt/hostedtoolcache/CodeQL/2.27.1/x64/codeql/qlpacks/codeql/python-queries/1.8.11/Expressions/CompareIdenticalValuesMissingSelf.qlx.
codeql / Analyze (python)	UNKNOWN STEP	2026-09-26T11:43:39.7907511Z [113/174] Loaded /opt/hostedtoolcache/CodeQL/2.27.1/x64/codeql/qlpacks/codeql/python-queries/1.8.11/Expressions/CallToSuperWrongClass.qlx.
codeql / Analyze (python)	UNKNOWN STEP	2026-09-26T11:43:39.7967517Z [114/174] Loaded /opt/hostedtoolcache/CodeQL/2.27.1/x64/codeql/qlpacks/codeql/python-queries/1.8.11/Expressions/UnsupportedFormatCharacter.qlx.
codeql / Analyze (python)	UNKNOWN STEP	2026-09-26T11:43:39.7997466Z [115/174] Loaded /opt/hostedtoolcache/CodeQL/2.27.1/x64/codeql/qlpacks/codeql/python-queries/1.8.11/Expressions/CompareIdenticalValues.qlx.
codeql / Analyze (python)	UNKNOWN STEP	2026-09-26T11:43:39.8027425Z [116/174] Loaded /opt/hostedtoolcache/CodeQL/2.27.1/x64/codeql/qlpacks/codeql/python-queries/1.8.11/Expressions/CompareConstants.qlx.
codeql / Analyze (python)	UNKNOWN STEP	2026-09-26T11:43:39.8057530Z [117/174] Loaded /opt/hostedtoolcache/CodeQL/2.27.1/x64/codeql/qlpacks/codeql/python-queries/1.8.11/Expressions/Regex/UnmatchableDollar.qlx.
codeql / Analyze (python)	UNKNOWN STEP	2026-09-26T11:43:39.8258121Z [118/174] Loaded /opt/hostedtoolcache/CodeQL/2.27.1/x64/codeql/qlpacks/codeql/python-queries/1.8.11/Expressions/Regex/DuplicateCharacterInSet.qlx.
codeql / Analyze (python)	UNKNOWN STEP	2026-09-26T11:43:39.8290367Z [119/174] Loaded /opt/hostedtoolcache/CodeQL/2.27.1/x64/codeql/qlpacks/codeql/python-queries/1.8.11/Expressions/Regex/MissingPartSpecialGroup.qlx.
codeql / Analyze (python)	UNKNOWN STEP	2026-09-26T11:43:39.8317912Z [120/174] Loaded /opt/hostedtoolcache/CodeQL/2.27.1/x64/codeql/qlpacks/codeql/python-queries/1.8.11/Expressions/Regex/BackspaceEscape.qlx.
codeql / Analyze (python)	UNKNOWN STEP	2026-09-26T11:43:39.8339925Z [121/174] Loaded /opt/hostedtoolcache/CodeQL/2.27.1/x64/codeql/qlpacks/codeql/python-queries/1.8.11/Expressions/UnnecessaryLambda.qlx.
codeql / Analyze (python)	UNKNOWN STEP	2026-09-26T11:43:39.8347585Z [122/174] Loaded /opt/hostedtoolcache/CodeQL/2.27.1/x64/codeql/qlpacks/codeql/python-queries/1.8.11/Expressions/DuplicateKeyInDictionaryLiteral.qlx.
codeql / Analyze (python)	UNKNOWN STEP	2026-09-26T11:43:39.8378436Z [123/174] Loaded /opt/hostedtoolcache/CodeQL/2.27.1/x64/codeql/qlpacks/codeql/python-queries/1.8.11/Expressions/Regex/UnmatchableCaret.qlx.
codeql / Analyze (python)	UNKNOWN STEP	2026-09-26T11:43:39.8408255Z [124/174] Loaded /opt/hostedtoolcache/CodeQL/2.27.1/x64/codeql/qlpacks/codeql/python-queries/1.8.11/Expressions/NonCallableCalled.qlx.
codeql / Analyze (python)	UNKNOWN STEP	2026-09-26T11:43:39.8437396Z [125/174] Loaded /opt/hostedtoolcache/CodeQL/2.27.1/x64/codeql/qlpacks/codeql/python-queries/1.8.11/Expressions/ExplicitCallToDel.qlx.
codeql / Analyze (python)	UNKNOWN STEP	2026-09-26T11:43:39.8458324Z [126/174] Loaded /opt/hostedtoolcache/CodeQL/2.27.1/x64/codeql/qlpacks/codeql/python-queries/1.8.11/Functions/IncorrectlySpecifiedOverriddenMethod.qlx.
codeql / Analyze (python)	UNKNOWN STEP	2026-09-26T11:43:39.8497506Z [127/174] Loaded /opt/hostedtoolcache/CodeQL/2.27.1/x64/codeql/qlpacks/codeql/python-queries/1.8.11/Functions/InitIsGenerator.qlx.
codeql / Analyze (python)	UNKNOWN STEP	2026-09-26T11:43:39.8603076Z [128/174] Loaded /opt/hostedtoolcache/CodeQL/2.27.1/x64/codeql/qlpacks/codeql/python-queries/1.8.11/Functions/IncorrectlyOverriddenMethod.qlx.
codeql / Analyze (python)	UNKNOWN STEP	2026-09-26T11:43:39.8768032Z [129/174] Loaded /opt/hostedtoolcache/CodeQL/2.27.1/x64/codeql/qlpacks/codeql/python-queries/1.8.11/Functions/NonSelf.qlx.
codeql / Analyze (python)	UNKNOWN STEP	2026-09-26T11:43:39.8785574Z [130/174] Loaded /opt/hostedtoolcache/CodeQL/2.27.1/x64/codeql/qlpacks/codeql/python-queries/1.8.11/Functions/IterReturnsNonIterator.qlx.
codeql / Analyze (python)	UNKNOWN STEP	2026-09-26T11:43:39.8819334Z [131/174] Loaded /opt/hostedtoolcache/CodeQL/2.27.1/x64/codeql/qlpacks/codeql/python-queries/1.8.11/Functions/IterReturnsNonSelf.qlx.
codeql / Analyze (python)	UNKNOWN STEP	2026-09-26T11:43:39.8867621Z [132/174] Loaded /opt/hostedtoolcache/CodeQL/2.27.1/x64/codeql/qlpacks/codeql/python-queries/1.8.11/Functions/UseImplicitNoneReturnValue.qlx.
codeql / Analyze (python)	UNKNOWN STEP	2026-09-26T11:43:39.8928884Z [133/174] Loaded /opt/hostedtoolcache/CodeQL/2.27.1/x64/codeql/qlpacks/codeql/python-queries/1.8.11/Functions/DeprecatedSliceMethod.qlx.
codeql / Analyze (python)	UNKNOWN STEP	2026-09-26T11:43:39.8967668Z [134/174] Loaded /opt/hostedtoolcache/CodeQL/2.27.1/x64/codeql/qlpacks/codeql/python-queries/1.8.11/Functions/IncorrectRaiseInSpecialMethod.qlx.
codeql / Analyze (python)	UNKNOWN STEP	2026-09-26T11:43:39.9017937Z [135/174] Loaded /opt/hostedtoolcache/CodeQL/2.27.1/x64/codeql/qlpacks/codeql/python-queries/1.8.11/Functions/OverlyComplexDelMethod.qlx.
codeql / Analyze (python)	UNKNOWN STEP	2026-09-26T11:43:39.9077632Z [136/174] Loaded /opt/hostedtoolcache/CodeQL/2.27.1/x64/codeql/qlpacks/codeql/python-queries/1.8.11/Functions/SignatureSpecialMethods.qlx.
codeql / Analyze (python)	UNKNOWN STEP	2026-09-26T11:43:39.9079354Z [137/174] Loaded /opt/hostedtoolcache/CodeQL/2.27.1/x64/codeql/qlpacks/codeql/python-queries/1.8.11/Functions/ExplicitReturnInInit.qlx.
codeql / Analyze (python)	UNKNOWN STEP	2026-09-26T11:43:39.9227864Z [138/174] Loaded /opt/hostedtoolcache/CodeQL/2.27.1/x64/codeql/qlpacks/codeql/python-queries/1.8.11/Functions/ConsistentReturns.qlx.
codeql / Analyze (python)	UNKNOWN STEP	2026-09-26T11:43:39.9317887Z [139/174] Loaded /opt/hostedtoolcache/CodeQL/2.27.1/x64/codeql/qlpacks/codeql/python-queries/1.8.11/Functions/SignatureOverriddenMethod.qlx.
codeql / Analyze (python)	UNKNOWN STEP	2026-09-26T11:43:39.9410700Z [140/174] Loaded /opt/hostedtoolcache/CodeQL/2.27.1/x64/codeql/qlpacks/codeql/python-queries/1.8.11/Functions/ReturnConsistentTupleSizes.qlx.
codeql / Analyze (python)	UNKNOWN STEP	2026-09-26T11:43:40.0057969Z [141/174] Loaded /opt/hostedtoolcache/CodeQL/2.27.1/x64/codeql/qlpacks/codeql/python-queries/1.8.11/Statements/TopLevelPrint.qlx.
codeql / Analyze (python)	UNKNOWN STEP	2026-09-26T11:43:40.0170877Z [142/174] Loaded /opt/hostedtoolcache/CodeQL/2.27.1/x64/codeql/qlpacks/codeql/python-queries/1.8.11/Functions/NonCls.qlx.
codeql / Analyze (python)	UNKNOWN STEP	2026-09-26T11:43:40.0197655Z [143/174] Loaded /opt/hostedtoolcache/CodeQL/2.27.1/x64/codeql/qlpacks/codeql/python-queries/1.8.11/Functions/ModificationOfParameterWithDefault.qlx.
codeql / Analyze (python)	UNKNOWN STEP	2026-09-26T11:43:40.0227708Z [144/174] Loaded /opt/hostedtoolcache/CodeQL/2.27.1/x64/codeql/qlpacks/codeql/python-queries/1.8.11/Statements/AssertOnTuple.qlx.
codeql / Analyze (python)	UNKNOWN STEP	2026-09-26T11:43:40.0247586Z [145/174] Loaded /opt/hostedtoolcache/CodeQL/2.27.1/x64/codeql/qlpacks/codeql/python-queries/1.8.11/Statements/NonIteratorInForLoop.qlx.
codeql / Analyze (python)	UNKNOWN STEP	2026-09-26T11:43:40.0317780Z [146/174] Loaded /opt/hostedtoolcache/CodeQL/2.27.1/x64/codeql/qlpacks/codeql/python-queries/1.8.11/Statements/StatementNoEffect.qlx.
codeql / Analyze (python)	UNKNOWN STEP	2026-09-26T11:43:40.0337538Z [147/174] Loaded /opt/hostedtoolcache/CodeQL/2.27.1/x64/codeql/qlpacks/codeql/python-queries/1.8.11/Statements/SideEffectInAssert.qlx.
codeql / Analyze (python)	UNKNOWN STEP	2026-09-26T11:43:40.0369827Z [148/174] Loaded /opt/hostedtoolcache/CodeQL/2.27.1/x64/codeql/qlpacks/codeql/python-queries/1.8.11/Statements/BreakOrReturnInFinally.qlx.
codeql / Analyze (python)	UNKNOWN STEP	2026-09-26T11:43:40.0386855Z [149/174] Loaded /opt/hostedtoolcache/CodeQL/2.27.1/x64/codeql/qlpacks/codeql/python-queries/1.8.11/Statements/NestedLoopsSameVariableWithReuse.qlx.
codeql / Analyze (python)	UNKNOWN STEP	2026-09-26T11:43:40.0397552Z [150/174] Loaded /opt/hostedtoolcache/CodeQL/2.27.1/x64/codeql/qlpacks/codeql/python-queries/1.8.11/Statements/ReturnOrYieldOutsideFunction.qlx.
codeql / Analyze (python)	UNKNOWN STEP	2026-09-26T11:43:40.0427624Z [151/174] Loaded /opt/hostedtoolcache/CodeQL/2.27.1/x64/codeql/qlpacks/codeql/python-queries/1.8.11/Statements/NestedLoopsSameVariable.qlx.
codeql / Analyze (python)	UNKNOWN STEP	2026-09-26T11:43:40.0517468Z [152/174] Loaded /opt/hostedtoolcache/CodeQL/2.27.1/x64/codeql/qlpacks/codeql/python-queries/1.8.11/Statements/UseOfExit.qlx.
codeql / Analyze (python)	UNKNOWN STEP	2026-09-26T11:43:40.0548925Z [153/174] Loaded /opt/hostedtoolcache/CodeQL/2.27.1/x64/codeql/qlpacks/codeql/python-queries/1.8.11/Statements/UnnecessaryElseClause.qlx.
codeql / Analyze (python)	UNKNOWN STEP	2026-09-26T11:43:40.0575963Z [154/174] Loaded /opt/hostedtoolcache/CodeQL/2.27.1/x64/codeql/qlpacks/codeql/python-queries/1.8.11/Statements/UnnecessaryDelete.qlx.
codeql / Analyze (python)	UNKNOWN STEP	2026-09-26T11:43:40.0615984Z [155/174] Loaded /opt/hostedtoolcache/CodeQL/2.27.1/x64/codeql/qlpacks/codeql/python-queries/1.8.11/Statements/MismatchInMultipleAssignment.qlx.
codeql / Analyze (python)	UNKNOWN STEP	2026-09-26T11:43:40.0692167Z [156/174] Loaded /opt/hostedtoolcache/CodeQL/2.27.1/x64/codeql/qlpacks/codeql/python-queries/1.8.11/Statements/UnreachableCode.qlx.
codeql / Analyze (python)	UNKNOWN STEP	2026-09-26T11:43:40.0737504Z [157/174] Loaded /opt/hostedtoolcache/CodeQL/2.27.1/x64/codeql/qlpacks/codeql/python-queries/1.8.11/Statements/RedundantAssignment.qlx.
codeql / Analyze (python)	UNKNOWN STEP	2026-09-26T11:43:40.0738997Z [158/174] Loaded /opt/hostedtoolcache/CodeQL/2.27.1/x64/codeql/qlpacks/codeql/python-queries/1.8.11/Statements/IterableStringOrSequence.qlx.
codeql / Analyze (python)	UNKNOWN STEP	2026-09-26T11:43:40.0791864Z [159/174] Loaded /opt/hostedtoolcache/CodeQL/2.27.1/x64/codeql/qlpacks/codeql/python-queries/1.8.11/Statements/UnnecessaryPass.qlx.
codeql / Analyze (python)	UNKNOWN STEP	2026-09-26T11:43:40.0810720Z [160/174] Loaded /opt/hostedtoolcache/CodeQL/2.27.1/x64/codeql/qlpacks/codeql/python-queries/1.8.11/Statements/ModificationOfLocals.qlx.
codeql / Analyze (python)	UNKNOWN STEP	2026-09-26T11:43:40.0897501Z [161/174] Loaded /opt/hostedtoolcache/CodeQL/2.27.1/x64/codeql/qlpacks/codeql/python-queries/1.8.11/Testing/ImpreciseAssert.qlx.
codeql / Analyze (python)	UNKNOWN STEP	2026-09-26T11:43:40.0927410Z [162/174] Loaded /opt/hostedtoolcache/CodeQL/2.27.1/x64/codeql/qlpacks/codeql/python-queries/1.8.11/Statements/ConstantInConditional.qlx.
codeql / Analyze (python)	UNKNOWN STEP	2026-09-26T11:43:40.0957433Z [163/174] Loaded /opt/hostedtoolcache/CodeQL/2.27.1/x64/codeql/qlpacks/codeql/python-queries/1.8.11/Statements/UnusedExceptionObject.qlx.
codeql / Analyze (python)	UNKNOWN STEP	2026-09-26T11:43:40.1018230Z [164/174] Loaded /opt/hostedtoolcache/CodeQL/2.27.1/x64/codeql/qlpacks/codeql/python-queries/1.8.11/Exceptions/IllegalExceptionHandlerType.qlx.
codeql / Analyze (python)	UNKNOWN STEP	2026-09-26T11:43:40.1057899Z [165/174] Loaded /opt/hostedtoolcache/CodeQL/2.27.1/x64/codeql/qlpacks/codeql/python-queries/1.8.11/Statements/ShouldUseWithStatement.qlx.
codeql / Analyze (python)	UNKNOWN STEP	2026-09-26T11:43:40.1127958Z [166/174] Loaded /opt/hostedtoolcache/CodeQL/2.27.1/x64/codeql/qlpacks/codeql/python-queries/1.8.11/Exceptions/IllegalRaise.qlx.
codeql / Analyze (python)	UNKNOWN STEP	2026-09-26T11:43:40.1187543Z [167/174] Loaded /opt/hostedtoolcache/CodeQL/2.27.1/x64/codeql/qlpacks/codeql/python-queries/1.8.11/Numerics/Pythagorean.qlx.
codeql / Analyze (python)	UNKNOWN STEP	2026-09-26T11:43:40.1277591Z [168/174] Loaded /opt/hostedtoolcache/CodeQL/2.27.1/x64/codeql/qlpacks/codeql/python-queries/1.8.11/Exceptions/RaisingTuple.qlx.
codeql / Analyze (python)	UNKNOWN STEP	2026-09-26T11:43:40.1568180Z [169/174] Loaded /opt/hostedtoolcache/CodeQL/2.27.1/x64/codeql/qlpacks/codeql/python-queries/1.8.11/Exceptions/UnguardedNextInGenerator.qlx.
codeql / Analyze (python)	UNKNOWN STEP	2026-09-26T11:43:40.1627702Z [170/174] Loaded /opt/hostedtoolcache/CodeQL/2.27.1/x64/codeql/qlpacks/codeql/python-queries/1.8.11/Exceptions/EmptyExcept.qlx.
codeql / Analyze (python)	UNKNOWN STEP	2026-09-26T11:43:40.1637577Z [171/174] Loaded /opt/hostedtoolcache/CodeQL/2.27.1/x64/codeql/qlpacks/codeql/python-queries/1.8.11/Exceptions/CatchingBaseException.qlx.
codeql / Analyze (python)	UNKNOWN STEP	2026-09-26T11:43:40.1687424Z [172/174] Loaded /opt/hostedtoolcache/CodeQL/2.27.1/x64/codeql/qlpacks/codeql/python-queries/1.8.11/Exceptions/IncorrectExceptOrder.qlx.
codeql / Analyze (python)	UNKNOWN STEP	2026-09-26T11:43:40.1717519Z [173/174] Loaded /opt/hostedtoolcache/CodeQL/2.27.1/x64/codeql/qlpacks/codeql/python-queries/1.8.11/Exceptions/NotImplementedIsNotAnException.qlx.
codeql / Analyze (python)	UNKNOWN STEP	2026-09-26T11:43:40.1757560Z [174/174] Loaded /opt/hostedtoolcache/CodeQL/2.27.1/x64/codeql/qlpacks/codeql/python-queries/1.8.11/Resources/FileNotAlwaysClosed.qlx.
codeql / Analyze (python)	UNKNOWN STEP	2026-09-26T11:43:40.6168296Z Starting evaluation of codeql/python-queries/Classes/CallsToInitDel/MissingCallToInit.ql.
codeql / Analyze (python)	UNKNOWN STEP	2026-09-26T11:43:40.6178409Z Starting evaluation of codeql/python-queries/Classes/CallsToInitDel/MissingCallToDel.ql.
codeql / Analyze (python)	UNKNOWN STEP	2026-09-26T11:43:40.6217787Z Starting evaluation of codeql/python-queries/Classes/CallsToInitDel/SuperclassDelCalledMultipleTimes.ql.
codeql / Analyze (python)	UNKNOWN STEP	2026-09-26T11:43:40.6228832Z Starting evaluation of codeql/python-queries/Classes/CallsToInitDel/SuperclassInitCalledMultipleTimes.ql.
codeql / Analyze (python)	UNKNOWN STEP	2026-09-26T11:43:40.6732554Z Starting evaluation of codeql/python-queries/Classes/Comparisons/EqualsOrHash.ql.
codeql / Analyze (python)	UNKNOWN STEP	2026-09-26T11:43:40.6757612Z Starting evaluation of codeql/python-queries/Classes/Comparisons/EqualsOrNotEquals.ql.
codeql / Analyze (python)	UNKNOWN STEP	2026-09-26T11:43:40.6759119Z Starting evaluation of codeql/python-queries/Classes/Comparisons/IncompleteOrdering.ql.
codeql / Analyze (python)	UNKNOWN STEP	2026-09-26T11:43:40.8417802Z Starting evaluation of codeql/python-queries/Classes/ConflictingAttributesInBaseClasses.ql.
codeql / Analyze (python)	UNKNOWN STEP	2026-09-26T11:43:40.8429332Z Starting evaluation of codeql/python-queries/Classes/DefineEqualsWhenAddingAttributes.ql.
codeql / Analyze (python)	UNKNOWN STEP	2026-09-26T11:43:40.8430225Z Starting evaluation of codeql/python-queries/Classes/InconsistentMRO.ql.
codeql / Analyze (python)	UNKNOWN STEP	2026-09-26T11:43:40.8558162Z [1/174 eval 227ms] Evaluation done; writing results to codeql/python-queries/Classes/CallsToInitDel/MissingCallToDel.bqrs.
codeql / Analyze (python)	UNKNOWN STEP	2026-09-26T11:43:40.8559467Z [2/174 eval 232ms] Evaluation done; writing results to codeql/python-queries/Classes/CallsToInitDel/SuperclassDelCalledMultipleTimes.bqrs.
codeql / Analyze (python)	UNKNOWN STEP	2026-09-26T11:43:40.8560771Z [3/174 eval 232ms] Evaluation done; writing results to codeql/python-queries/Classes/CallsToInitDel/SuperclassInitCalledMultipleTimes.bqrs.
codeql / Analyze (python)	UNKNOWN STEP	2026-09-26T11:43:40.8577446Z [4/174 eval 190ms] Evaluation done; writing results to codeql/python-queries/Classes/Comparisons/EqualsOrHash.bqrs.
codeql / Analyze (python)	UNKNOWN STEP	2026-09-26T11:43:40.8616844Z [5/174 eval 188ms] Evaluation done; writing results to codeql/python-queries/Classes/Comparisons/EqualsOrNotEquals.bqrs.
codeql / Analyze (python)	UNKNOWN STEP	2026-09-26T11:43:40.8647753Z [6/174 eval 243ms] Evaluation done; writing results to codeql/python-queries/Classes/CallsToInitDel/MissingCallToInit.bqrs.
codeql / Analyze (python)	UNKNOWN STEP	2026-09-26T11:43:40.8649790Z [7/174 eval 20ms] Evaluation done; writing results to codeql/python-queries/Classes/DefineEqualsWhenAddingAttributes.bqrs.
codeql / Analyze (python)	UNKNOWN STEP	2026-09-26T11:43:40.8678350Z [8/174 eval 188ms] Evaluation done; writing results to codeql/python-queries/Classes/Comparisons/IncompleteOrdering.bqrs.
codeql / Analyze (python)	UNKNOWN STEP	2026-09-26T11:43:40.9214185Z Starting evaluation of codeql/python-queries/Classes/InitCallsSubclass/InitCallsSubclassMethod.ql.
codeql / Analyze (python)	UNKNOWN STEP	2026-09-26T11:43:40.9302940Z Starting evaluation of codeql/python-queries/Classes/MutatingDescriptor.ql.
codeql / Analyze (python)	UNKNOWN STEP	2026-09-26T11:43:40.9337601Z Starting evaluation of codeql/python-queries/Classes/OverwritingAttributeInSuperClass.ql.
codeql / Analyze (python)	UNKNOWN STEP	2026-09-26T11:43:40.9377303Z [9/174 eval 11ms] Evaluation done; writing results to codeql/python-queries/Classes/InitCallsSubclass/InitCallsSubclassMethod.bqrs.
codeql / Analyze (python)	UNKNOWN STEP	2026-09-26T11:43:40.9378529Z [10/174 eval 4ms] Evaluation done; writing results to codeql/python-queries/Classes/MutatingDescriptor.bqrs.
codeql / Analyze (python)	UNKNOWN STEP	2026-09-26T11:43:40.9477642Z Starting evaluation of codeql/python-queries/Classes/PropertyInOldStyleClass.ql.
codeql / Analyze (python)	UNKNOWN STEP	2026-09-26T11:43:40.9697846Z [11/174 eval 26ms] Evaluation done; writing results to codeql/python-queries/Classes/PropertyInOldStyleClass.bqrs.
codeql / Analyze (python)	UNKNOWN STEP	2026-09-26T11:43:42.4127831Z Starting evaluation of codeql/python-queries/Classes/SlotsInOldStyleClass.ql.
codeql / Analyze (python)	UNKNOWN STEP	2026-09-26T11:43:42.4147444Z Starting evaluation of codeql/python-queries/Classes/SubclassShadowing/SubclassShadowing.ql.
codeql / Analyze (python)	UNKNOWN STEP	2026-09-26T11:43:42.4157414Z Starting evaluation of codeql/python-queries/Classes/SuperInOldStyleClass.ql.
codeql / Analyze (python)	UNKNOWN STEP	2026-09-26T11:43:42.4189128Z Starting evaluation of codeql/python-queries/Classes/WrongNameForArgumentInClassInstantiation.ql.
codeql / Analyze (python)	UNKNOWN STEP	2026-09-26T11:43:42.4217316Z Starting evaluation of codeql/python-queries/Classes/WrongNumberArgumentsInClassInstantiation.ql.
codeql / Analyze (python)	UNKNOWN STEP	2026-09-26T11:43:42.4227655Z Starting evaluation of codeql/python-queries/Diagnostics/ExtractedFiles.ql.
codeql / Analyze (python)	UNKNOWN STEP	2026-09-26T11:43:42.4277269Z [12/174 eval 6ms] Evaluation done; writing results to codeql/python-queries/Classes/SlotsInOldStyleClass.bqrs.
codeql / Analyze (python)	UNKNOWN STEP	2026-09-26T11:43:42.4307379Z [13/174 eval 6ms] Evaluation done; writing results to codeql/python-queries/Classes/SuperInOldStyleClass.bqrs.
codeql / Analyze (python)	UNKNOWN STEP	2026-09-26T11:43:42.4337375Z [14/174 eval 6ms] Evaluation done; writing results to codeql/python-queries/Classes/SubclassShadowing/SubclassShadowing.bqrs.
codeql / Analyze (python)	UNKNOWN STEP	2026-09-26T11:43:42.4347209Z Starting evaluation of codeql/python-queries/Diagnostics/ExtractionWarnings.ql.
codeql / Analyze (python)	UNKNOWN STEP	2026-09-26T11:43:42.4383179Z Starting evaluation of codeql/python-queries/Exceptions/CatchingBaseException.ql.
codeql / Analyze (python)	UNKNOWN STEP	2026-09-26T11:43:42.4397787Z [15/174 eval 5ms] Evaluation done; writing results to codeql/python-queries/Diagnostics/ExtractionWarnings.bqrs.
codeql / Analyze (python)	UNKNOWN STEP	2026-09-26T11:43:42.4427276Z [16/174 eval 23ms] Evaluation done; writing results to codeql/python-queries/Diagnostics/ExtractedFiles.bqrs.
codeql / Analyze (python)	UNKNOWN STEP	2026-09-26T11:43:42.4454236Z Starting evaluation of codeql/python-queries/Exceptions/EmptyExcept.ql.
codeql / Analyze (python)	UNKNOWN STEP	2026-09-26T11:43:42.4465076Z Starting evaluation of codeql/python-queries/Exceptions/IllegalExceptionHandlerType.ql.
codeql / Analyze (python)	UNKNOWN STEP	2026-09-26T11:43:42.7487934Z Starting evaluation of codeql/python-queries/Exceptions/IllegalRaise.ql.
codeql / Analyze (python)	UNKNOWN STEP	2026-09-26T11:43:42.7607581Z Starting evaluation of codeql/python-queries/Exceptions/IncorrectExceptOrder.ql.
codeql / Analyze (python)	UNKNOWN STEP	2026-09-26T11:43:42.7637598Z Starting evaluation of codeql/python-queries/Exceptions/NotImplementedIsNotAnException.ql.
codeql / Analyze (python)	UNKNOWN STEP	2026-09-26T11:43:42.8097715Z Starting evaluation of codeql/python-queries/Exceptions/RaisingTuple.ql.
codeql / Analyze (python)	UNKNOWN STEP	2026-09-26T11:43:42.8098524Z Starting evaluation of codeql/python-queries/Exceptions/UnguardedNextInGenerator.ql.
codeql / Analyze (python)	UNKNOWN STEP	2026-09-26T11:43:42.8207914Z Starting evaluation of codeql/python-queries/Expressions/CallToSuperWrongClass.ql.
codeql / Analyze (python)	UNKNOWN STEP	2026-09-26T11:43:42.8242876Z Starting evaluation of codeql/python-queries/Expressions/CompareConstants.ql.
codeql / Analyze (python)	UNKNOWN STEP	2026-09-26T11:43:42.8302388Z [17/174 eval 7ms] Evaluation done; writing results to codeql/python-queries/Expressions/CallToSuperWrongClass.bqrs.
codeql / Analyze (python)	UNKNOWN STEP	2026-09-26T11:43:42.8350490Z Starting evaluation of codeql/python-queries/Expressions/CompareIdenticalValues.ql.
codeql / Analyze (python)	UNKNOWN STEP	2026-09-26T11:43:42.8478428Z Starting evaluation of codeql/python-queries/Expressions/CompareIdenticalValuesMissingSelf.ql.
codeql / Analyze (python)	UNKNOWN STEP	2026-09-26T11:43:42.8538339Z [18/174 eval 27ms] Evaluation done; writing results to codeql/python-queries/Expressions/CompareConstants.bqrs.
codeql / Analyze (python)	UNKNOWN STEP	2026-09-26T11:43:42.8583434Z Starting evaluation of codeql/python-queries/Expressions/Comparisons/UselessComparisonTest.ql.
codeql / Analyze (python)	UNKNOWN STEP	2026-09-26T11:43:42.8658454Z [19/174 eval 2ms] Evaluation done; writing results to codeql/python-queries/Expressions/CompareIdenticalValuesMissingSelf.bqrs.
codeql / Analyze (python)	UNKNOWN STEP	2026-09-26T11:43:42.9092876Z [20/174 eval 60ms] Evaluation done; writing results to codeql/python-queries/Expressions/Comparisons/UselessComparisonTest.bqrs.
codeql / Analyze (python)	UNKNOWN STEP	2026-09-26T11:43:42.9167448Z Starting evaluation of codeql/python-queries/Expressions/ContainsNonContainer.ql.
codeql / Analyze (python)	UNKNOWN STEP	2026-09-26T11:43:42.9216149Z Starting evaluation of codeql/python-queries/Expressions/DuplicateKeyInDictionaryLiteral.ql.
codeql / Analyze (python)	UNKNOWN STEP	2026-09-26T11:43:42.9413438Z Starting evaluation of codeql/python-queries/Expressions/EqualsNone.ql.
codeql / Analyze (python)	UNKNOWN STEP	2026-09-26T11:43:42.9416250Z [21/174 eval 26ms] Evaluation done; writing results to codeql/python-queries/Expressions/DuplicateKeyInDictionaryLiteral.bqrs.
codeql / Analyze (python)	UNKNOWN STEP	2026-09-26T11:43:42.9468398Z Starting evaluation of codeql/python-queries/Expressions/ExpectedMappingForFormatString.ql.
codeql / Analyze (python)	UNKNOWN STEP	2026-09-26T11:43:42.9537316Z [22/174 eval 4ms] Evaluation done; writing results to codeql/python-queries/Expressions/EqualsNone.bqrs.
codeql / Analyze (python)	UNKNOWN STEP	2026-09-26T11:43:42.9604631Z Starting evaluation of codeql/python-queries/Expressions/ExplicitCallToDel.ql.
codeql / Analyze (python)	UNKNOWN STEP	2026-09-26T11:43:42.9647624Z [23/174 eval 8ms] Evaluation done; writing results to codeql/python-queries/Expressions/ExpectedMappingForFormatString.bqrs.
codeql / Analyze (python)	UNKNOWN STEP	2026-09-26T11:43:42.9678152Z [24/174 eval 116ms] Evaluation done; writing results to codeql/python-queries/Expressions/CompareIdenticalValues.bqrs.
codeql / Analyze (python)	UNKNOWN STEP	2026-09-26T11:43:42.9679217Z [25/174 eval 3ms] Evaluation done; writing results to codeql/python-queries/Expressions/ExplicitCallToDel.bqrs.
codeql / Analyze (python)	UNKNOWN STEP	2026-09-26T11:43:43.1457807Z Starting evaluation of codeql/python-queries/Expressions/Formatting/MixedExplicitImplicitIn3101Format.ql.
codeql / Analyze (python)	UNKNOWN STEP	2026-09-26T11:43:43.1517426Z Starting evaluation of codeql/python-queries/Expressions/Formatting/UnusedArgumentIn3101Format.ql.
codeql / Analyze (python)	UNKNOWN STEP	2026-09-26T11:43:43.1547342Z Starting evaluation of codeql/python-queries/Expressions/Formatting/UnusedNamedArgumentIn3101Format.ql.
codeql / Analyze (python)	UNKNOWN STEP	2026-09-26T11:43:43.4907958Z Starting evaluation of codeql/python-queries/Expressions/Formatting/WrongNameInArgumentsFor3101Format.ql.
codeql / Analyze (python)	UNKNOWN STEP	2026-09-26T11:43:43.4937550Z Starting evaluation of codeql/python-queries/Expressions/Formatting/WrongNumberArgumentsFor3101Format.ql.
codeql / Analyze (python)	UNKNOWN STEP	2026-09-26T11:43:43.4997223Z Starting evaluation of codeql/python-queries/Expressions/HashedButNoHash.ql.
codeql / Analyze (python)	UNKNOWN STEP	2026-09-26T11:43:43.5027295Z Starting evaluation of codeql/python-queries/Expressions/NonCallableCalled.ql.
codeql / Analyze (python)	UNKNOWN STEP	2026-09-26T11:43:43.5057188Z Starting evaluation of codeql/python-queries/Expressions/Regex/BackspaceEscape.ql.
codeql / Analyze (python)	UNKNOWN STEP	2026-09-26T11:43:43.5071565Z Starting evaluation of codeql/python-queries/Expressions/IncorrectComparisonUsingIs.ql.
codeql / Analyze (python)	UNKNOWN STEP	2026-09-26T11:43:43.5072636Z Starting evaluation of codeql/python-queries/Expressions/Regex/DuplicateCharacterInSet.ql.
codeql / Analyze (python)	UNKNOWN STEP	2026-09-26T11:43:43.5189665Z Starting evaluation of codeql/python-queries/Expressions/Regex/MissingPartSpecialGroup.ql.
codeql / Analyze (python)	UNKNOWN STEP	2026-09-26T11:43:43.5219233Z Starting evaluation of codeql/python-queries/Expressions/Regex/UnmatchableCaret.ql.
codeql / Analyze (python)	UNKNOWN STEP	2026-09-26T11:43:43.5245969Z Starting evaluation of codeql/python-queries/Expressions/Regex/UnmatchableDollar.ql.
codeql / Analyze (python)	UNKNOWN STEP	2026-09-26T11:43:43.5281551Z Starting evaluation of codeql/python-queries/Expressions/TruncatedDivision.ql.
codeql / Analyze (python)	UNKNOWN STEP	2026-09-26T11:43:43.5302734Z Starting evaluation of codeql/python-queries/Expressions/UnintentionalImplicitStringConcatenation.ql.
codeql / Analyze (python)	UNKNOWN STEP	2026-09-26T11:43:43.5334690Z [26/174 eval 20ms] Evaluation done; writing results to codeql/python-queries/Expressions/IncorrectComparisonUsingIs.bqrs.
codeql / Analyze (python)	UNKNOWN STEP	2026-09-26T11:43:43.5367236Z Starting evaluation of codeql/python-queries/Expressions/UnnecessaryLambda.ql.
codeql / Analyze (python)	UNKNOWN STEP	2026-09-26T11:43:43.5397465Z [27/174 eval 16ms] Evaluation done; writing results to codeql/python-queries/Expressions/UnintentionalImplicitStringConcatenation.bqrs.
codeql / Analyze (python)	UNKNOWN STEP	2026-09-26T11:43:43.5427317Z [28/174 eval 15ms] Evaluation done; writing results to codeql/python-queries/Expressions/UnnecessaryLambda.bqrs.
codeql / Analyze (python)	UNKNOWN STEP	2026-09-26T11:43:43.5457001Z Starting evaluation of codeql/python-queries/Expressions/UnsupportedFormatCharacter.ql.
codeql / Analyze (python)	UNKNOWN STEP	2026-09-26T11:43:43.5467593Z Starting evaluation of codeql/python-queries/Expressions/UseofApply.ql.
codeql / Analyze (python)	UNKNOWN STEP	2026-09-26T11:43:43.5468452Z Starting evaluation of codeql/python-queries/Expressions/UseofInput.ql.
codeql / Analyze (python)	UNKNOWN STEP	2026-09-26T11:43:43.5469267Z Starting evaluation of codeql/python-queries/Expressions/WrongNameForArgumentInCall.ql.
codeql / Analyze (python)	UNKNOWN STEP	2026-09-26T11:43:43.5470368Z Starting evaluation of codeql/python-queries/Expressions/WrongNumberArgumentsForFormat.ql.
codeql / Analyze (python)	UNKNOWN STEP	2026-09-26T11:43:43.5471369Z Starting evaluation of codeql/python-queries/Expressions/WrongNumberArgumentsInCall.ql.
codeql / Analyze (python)	UNKNOWN STEP	2026-09-26T11:43:43.5472213Z Starting evaluation of codeql/python-queries/Functions/ConsistentReturns.ql.
codeql / Analyze (python)	UNKNOWN STEP	2026-09-26T11:43:43.5473196Z [29/174 eval 4ms] Evaluation done; writing results to codeql/python-queries/Expressions/UnsupportedFormatCharacter.bqrs.
codeql / Analyze (python)	UNKNOWN STEP	2026-09-26T11:43:43.5474372Z [30/174 eval 3ms] Evaluation done; writing results to codeql/python-queries/Expressions/WrongNumberArgumentsForFormat.bqrs.
codeql / Analyze (python)	UNKNOWN STEP	2026-09-26T11:43:43.5667602Z Starting evaluation of codeql/python-queries/Functions/DeprecatedSliceMethod.ql.
codeql / Analyze (python)	UNKNOWN STEP	2026-09-26T11:43:43.5701890Z Starting evaluation of codeql/python-queries/Functions/ExplicitReturnInInit.ql.
codeql / Analyze (python)	UNKNOWN STEP	2026-09-26T11:43:43.5727324Z Starting evaluation of codeql/python-queries/Functions/IncorrectRaiseInSpecialMethod.ql.
codeql / Analyze (python)	UNKNOWN STEP	2026-09-26T11:43:43.5757224Z Starting evaluation of codeql/python-queries/Functions/IncorrectlyOverriddenMethod.ql.
codeql / Analyze (python)	UNKNOWN STEP	2026-09-26T11:43:43.5787235Z Starting evaluation of codeql/python-queries/Functions/IncorrectlySpecifiedOverriddenMethod.ql.
codeql / Analyze (python)	UNKNOWN STEP	2026-09-26T11:43:43.5817301Z [31/174 eval 2ms] Evaluation done; writing results to codeql/python-queries/Functions/DeprecatedSliceMethod.bqrs.
codeql / Analyze (python)	UNKNOWN STEP	2026-09-26T11:43:43.5831164Z [32/174 eval 2ms] Evaluation done; writing results to codeql/python-queries/Functions/IncorrectRaiseInSpecialMethod.bqrs.
codeql / Analyze (python)	UNKNOWN STEP	2026-09-26T11:43:43.5859351Z [33/174 eval 2ms] Evaluation done; writing results to codeql/python-queries/Functions/ExplicitReturnInInit.bqrs.
codeql / Analyze (python)	UNKNOWN STEP	2026-09-26T11:43:43.5877079Z Starting evaluation of codeql/python-queries/Functions/InitIsGenerator.ql.
codeql / Analyze (python)	UNKNOWN STEP	2026-09-26T11:43:43.5909259Z Starting evaluation of codeql/python-queries/Functions/IterReturnsNonIterator.ql.
codeql / Analyze (python)	UNKNOWN STEP	2026-09-26T11:43:43.5937582Z Starting evaluation of codeql/python-queries/Functions/IterReturnsNonSelf.ql.
codeql / Analyze (python)	UNKNOWN STEP	2026-09-26T11:43:43.5941278Z Starting evaluation of codeql/python-queries/Functions/ModificationOfParameterWithDefault.ql.
codeql / Analyze (python)	UNKNOWN STEP	2026-09-26T11:43:43.5974682Z [34/174 eval 4ms] Evaluation done; writing results to codeql/python-queries/Functions/InitIsGenerator.bqrs.
codeql / Analyze (python)	UNKNOWN STEP	2026-09-26T11:43:43.5977812Z [35/174 eval 3ms] Evaluation done; writing results to codeql/python-queries/Functions/IterReturnsNonSelf.bqrs.
codeql / Analyze (python)	UNKNOWN STEP	2026-09-26T11:43:43.7823765Z Starting evaluation of codeql/python-queries/Functions/NonCls.ql.
codeql / Analyze (python)	UNKNOWN STEP	2026-09-26T11:43:43.7907805Z Starting evaluation of codeql/python-queries/Functions/NonSelf.ql.
codeql / Analyze (python)	UNKNOWN STEP	2026-09-26T11:43:43.7977540Z Starting evaluation of codeql/python-queries/Functions/OverlyComplexDelMethod.ql.
codeql / Analyze (python)	UNKNOWN STEP	2026-09-26T11:43:43.7978778Z Starting evaluation of codeql/python-queries/Functions/ReturnConsistentTupleSizes.ql.
codeql / Analyze (python)	UNKNOWN STEP	2026-09-26T11:43:43.8007345Z [36/174 eval 7ms] Evaluation done; writing results to codeql/python-queries/Functions/NonCls.bqrs.
codeql / Analyze (python)	UNKNOWN STEP	2026-09-26T11:43:43.8037636Z [37/174 eval 7ms] Evaluation done; writing results to codeql/python-queries/Functions/NonSelf.bqrs.
codeql / Analyze (python)	UNKNOWN STEP	2026-09-26T11:43:43.8057750Z Starting evaluation of codeql/python-queries/Functions/SignatureOverriddenMethod.ql.
codeql / Analyze (python)	UNKNOWN STEP	2026-09-26T11:43:43.8058709Z Starting evaluation of codeql/python-queries/Functions/SignatureSpecialMethods.ql.
codeql / Analyze (python)	UNKNOWN STEP	2026-09-26T11:43:43.8059588Z Starting evaluation of codeql/python-queries/Functions/UseImplicitNoneReturnValue.ql.
codeql / Analyze (python)	UNKNOWN STEP	2026-09-26T11:43:43.8060533Z [38/174 eval 3ms] Evaluation done; writing results to codeql/python-queries/Functions/SignatureOverriddenMethod.bqrs.
codeql / Analyze (python)	UNKNOWN STEP	2026-09-26T11:43:43.8061566Z [39/174 eval 2ms] Evaluation done; writing results to codeql/python-queries/Functions/SignatureSpecialMethods.bqrs.
codeql / Analyze (python)	UNKNOWN STEP	2026-09-26T11:43:43.8087240Z Starting evaluation of codeql/python-queries/Imports/CyclicImport.ql.
codeql / Analyze (python)	UNKNOWN STEP	2026-09-26T11:43:43.8117244Z Starting evaluation of codeql/python-queries/Imports/DeprecatedModule.ql.
codeql / Analyze (python)	UNKNOWN STEP	2026-09-26T11:43:43.8858023Z [40/174 eval 338ms] Evaluation done; writing results to codeql/python-queries/Expressions/UseofApply.bqrs.
codeql / Analyze (python)	UNKNOWN STEP	2026-09-26T11:43:43.8887603Z [41/174 eval 1.1s] Evaluation done; writing results to codeql/python-queries/Exceptions/NotImplementedIsNotAnException.bqrs.
codeql / Analyze (python)	UNKNOWN STEP	2026-09-26T11:43:43.8917412Z [42/174 eval 1.1s] Evaluation done; writing results to codeql/python-queries/Exceptions/UnguardedNextInGenerator.bqrs.
codeql / Analyze (python)	UNKNOWN STEP	2026-09-26T11:43:43.8930139Z [43/174 eval 342ms] Evaluation done; writing results to codeql/python-queries/Expressions/UseofInput.bqrs.
codeql / Analyze (python)	UNKNOWN STEP	2026-09-26T11:43:43.9020532Z Starting evaluation of codeql/python-queries/Imports/EncodingError.ql.
codeql / Analyze (python)	UNKNOWN STEP	2026-09-26T11:43:43.9079365Z [44/174 eval 4ms] Evaluation done; writing results to codeql/python-queries/Imports/EncodingError.bqrs.
codeql / Analyze (python)	UNKNOWN STEP	2026-09-26T11:43:43.9108696Z Starting evaluation of codeql/python-queries/Imports/FromImportOfMutableAttribute.ql.
codeql / Analyze (python)	UNKNOWN STEP	2026-09-26T11:43:43.9120809Z Starting evaluation of codeql/python-queries/Imports/ImportandImportFrom.ql.
codeql / Analyze (python)	UNKNOWN STEP	2026-09-26T11:43:43.9122212Z Starting evaluation of codeql/python-queries/Imports/ModuleImportsItself.ql.
codeql / Analyze (python)	UNKNOWN STEP	2026-09-26T11:43:43.9123936Z [45/174 eval 2ms] Evaluation done; writing results to codeql/python-queries/Imports/ImportandImportFrom.bqrs.
codeql / Analyze (python)	UNKNOWN STEP	2026-09-26T11:43:43.9218342Z Starting evaluation of codeql/python-queries/Imports/ModuleLevelCyclicImport.ql.
codeql / Analyze (python)	UNKNOWN STEP	2026-09-26T11:43:43.9258410Z Starting evaluation of codeql/python-queries/Imports/MultipleImports.ql.
codeql / Analyze (python)	UNKNOWN STEP	2026-09-26T11:43:43.9491415Z [46/174 eval 376ms] Evaluation done; writing results to codeql/python-queries/Functions/ModificationOfParameterWithDefault.bqrs.
codeql / Analyze (python)	UNKNOWN STEP	2026-09-26T11:43:43.9540878Z Starting evaluation of codeql/python-queries/Imports/SyntaxError.ql.
codeql / Analyze (python)	UNKNOWN STEP	2026-09-26T11:43:43.9567752Z Starting evaluation of codeql/python-queries/Imports/UnintentionalImport.ql.
codeql / Analyze (python)	UNKNOWN STEP	2026-09-26T11:43:43.9619788Z Starting evaluation of codeql/python-queries/Imports/UnusedImport.ql.
codeql / Analyze (python)	UNKNOWN STEP	2026-09-26T11:43:43.9648527Z [47/174 eval 3ms] Evaluation done; writing results to codeql/python-queries/Imports/SyntaxError.bqrs.
codeql / Analyze (python)	UNKNOWN STEP	2026-09-26T11:43:43.9666145Z [48/174 eval 3ms] Evaluation done; writing results to codeql/python-queries/Imports/UnintentionalImport.bqrs.
codeql / Analyze (python)	UNKNOWN STEP	2026-09-26T11:43:43.9687299Z [49/174 eval 1.2s] Evaluation done; writing results to codeql/python-queries/Exceptions/RaisingTuple.bqrs.
codeql / Analyze (python)	UNKNOWN STEP	2026-09-26T11:43:44.0107784Z [50/174 eval 85ms] Evaluation done; writing results to codeql/python-queries/Imports/MultipleImports.bqrs.
codeql / Analyze (python)	UNKNOWN STEP	2026-09-26T11:43:44.3379752Z [51/174 eval 552ms] Evaluation done; writing results to codeql/python-queries/Functions/ReturnConsistentTupleSizes.bqrs.
codeql / Analyze (python)	UNKNOWN STEP	2026-09-26T11:43:44.5122362Z Starting evaluation of codeql/python-queries/Lexical/CommentedOutCode.ql.
codeql / Analyze (python)	UNKNOWN STEP	2026-09-26T11:43:44.5177671Z [52/174 eval 563ms] Evaluation done; writing results to codeql/python-queries/Imports/UnusedImport.bqrs.
codeql / Analyze (python)	UNKNOWN STEP	2026-09-26T11:43:44.5570088Z [53/174 eval 45ms] Evaluation done; writing results to codeql/python-queries/Lexical/CommentedOutCode.bqrs.
codeql / Analyze (python)	UNKNOWN STEP	2026-09-26T11:43:44.5595954Z Starting evaluation of codeql/python-queries/Lexical/OldOctalLiteral.ql.
codeql / Analyze (python)	UNKNOWN STEP	2026-09-26T11:43:44.5629892Z Starting evaluation of codeql/python-queries/Numerics/Pythagorean.ql.
codeql / Analyze (python)	UNKNOWN STEP	2026-09-26T11:43:44.5649900Z Starting evaluation of codeql/python-queries/Resources/FileNotAlwaysClosed.ql.
codeql / Analyze (python)	UNKNOWN STEP	2026-09-26T11:43:44.5688642Z Starting evaluation of codeql/python-queries/Security/CVE-2018-1281/BindToAllInterfaces.ql.
codeql / Analyze (python)	UNKNOWN STEP	2026-09-26T11:43:44.5697254Z Starting evaluation of codeql/python-queries/Security/CWE-020/CookieInjection.ql.
codeql / Analyze (python)	UNKNOWN STEP	2026-09-26T11:43:44.5727340Z Starting evaluation of codeql/python-queries/Security/CWE-020/IncompleteHostnameRegExp.ql.
codeql / Analyze (python)	UNKNOWN STEP	2026-09-26T11:43:44.5749253Z Starting evaluation of codeql/python-queries/Security/CWE-020/IncompleteUrlSubstringSanitization.ql.
codeql / Analyze (python)	UNKNOWN STEP	2026-09-26T11:43:44.5779751Z Starting evaluation of codeql/python-queries/Security/CWE-020/OverlyLargeRange.ql.
codeql / Analyze (python)	UNKNOWN STEP	2026-09-26T11:43:44.5811025Z Starting evaluation of codeql/python-queries/Security/CWE-022/PathInjection.ql.
codeql / Analyze (python)	UNKNOWN STEP	2026-09-26T11:43:44.5840882Z Starting evaluation of codeql/python-queries/Security/CWE-022/TarSlip.ql.
codeql / Analyze (python)	UNKNOWN STEP	2026-09-26T11:43:44.5877308Z Starting evaluation of codeql/python-queries/Security/CWE-074/TemplateInjection.ql.
codeql / Analyze (python)	UNKNOWN STEP	2026-09-26T11:43:44.5901887Z Starting evaluation of codeql/python-queries/Security/CWE-078/CommandInjection.ql.
codeql / Analyze (python)	UNKNOWN STEP	2026-09-26T11:43:44.5930540Z Starting evaluation of codeql/python-queries/Security/CWE-078/UnsafeShellCommandConstruction.ql.
codeql / Analyze (python)	UNKNOWN STEP	2026-09-26T11:43:44.5957305Z Starting evaluation of codeql/python-queries/Security/CWE-079/Jinja2WithoutEscaping.ql.
codeql / Analyze (python)	UNKNOWN STEP	2026-09-26T11:43:44.5983777Z Starting evaluation of codeql/python-queries/Security/CWE-079/ReflectedXss.ql.
codeql / Analyze (python)	UNKNOWN STEP	2026-09-26T11:43:44.6001218Z Starting evaluation of codeql/python-queries/Security/CWE-089/SqlInjection.ql.
codeql / Analyze (python)	UNKNOWN STEP	2026-09-26T11:43:44.6031238Z Starting evaluation of codeql/python-queries/Security/CWE-090/LdapInjection.ql.
codeql / Analyze (python)	UNKNOWN STEP	2026-09-26T11:43:44.6058891Z Starting evaluation of codeql/python-queries/Security/CWE-094/CodeInjection.ql.
codeql / Analyze (python)	UNKNOWN STEP	2026-09-26T11:43:44.6087213Z Starting evaluation of codeql/python-queries/Security/CWE-1004/NonHttpOnlyCookie.ql.
codeql / Analyze (python)	UNKNOWN STEP	2026-09-26T11:43:44.6121298Z Starting evaluation of codeql/python-queries/Security/CWE-113/HeaderInjection.ql.
codeql / Analyze (python)	UNKNOWN STEP	2026-09-26T11:43:44.6147201Z Starting evaluation of codeql/python-queries/Security/CWE-116/BadTagFilter.ql.
codeql / Analyze (python)	UNKNOWN STEP	2026-09-26T11:43:44.6177186Z Starting evaluation of codeql/python-queries/Security/CWE-117/LogInjection.ql.
codeql / Analyze (python)	UNKNOWN STEP	2026-09-26T11:43:44.6206869Z Starting evaluation of codeql/python-queries/Security/CWE-1275/SameSiteNoneCookie.ql.
codeql / Analyze (python)	UNKNOWN STEP	2026-09-26T11:43:44.6237262Z Starting evaluation of codeql/python-queries/Security/CWE-209/StackTraceExposure.ql.
codeql / Analyze (python)	UNKNOWN STEP	2026-09-26T11:43:44.6250121Z Starting evaluation of codeql/python-queries/Security/CWE-215/FlaskDebug.ql.
codeql / Analyze (python)	UNKNOWN STEP	2026-09-26T11:43:44.6279435Z Starting evaluation of codeql/python-queries/Security/CWE-285/PamAuthorization.ql.
codeql / Analyze (python)	UNKNOWN STEP	2026-09-26T11:43:44.6310290Z Starting evaluation of codeql/python-queries/Security/CWE-295/MissingHostKeyValidation.ql.
codeql / Analyze (python)	UNKNOWN STEP	2026-09-26T11:43:44.6327160Z Starting evaluation of codeql/python-queries/Security/CWE-295/RequestWithoutValidation.ql.
codeql / Analyze (python)	UNKNOWN STEP	2026-09-26T11:43:44.6357191Z Starting evaluation of codeql/python-queries/Security/CWE-312/CleartextLogging.ql.
codeql / Analyze (python)	UNKNOWN STEP	2026-09-26T11:43:44.6398542Z Starting evaluation of codeql/python-queries/Security/CWE-312/CleartextStorage.ql.
codeql / Analyze (python)	UNKNOWN STEP	2026-09-26T11:43:44.6416924Z Starting evaluation of codeql/python-queries/Security/CWE-326/WeakCryptoKey.ql.
codeql / Analyze (python)	UNKNOWN STEP	2026-09-26T11:43:44.6436881Z Starting evaluation of codeql/python-queries/Security/CWE-327/BrokenCryptoAlgorithm.ql.
codeql / Analyze (python)	UNKNOWN STEP	2026-09-26T11:43:44.6471475Z Starting evaluation of codeql/python-queries/Security/CWE-327/InsecureDefaultProtocol.ql.
codeql / Analyze (python)	UNKNOWN STEP	2026-09-26T11:43:44.6498208Z Starting evaluation of codeql/python-queries/Security/CWE-327/InsecureProtocol.ql.
codeql / Analyze (python)	UNKNOWN STEP	2026-09-26T11:43:44.6526951Z Starting evaluation of codeql/python-queries/Security/CWE-327/WeakSensitiveDataHashing.ql.
codeql / Analyze (python)	UNKNOWN STEP	2026-09-26T11:43:44.6557278Z Starting evaluation of codeql/python-queries/Security/CWE-352/CSRFProtectionDisabled.ql.
codeql / Analyze (python)	UNKNOWN STEP	2026-09-26T11:43:44.6579571Z Starting evaluation of codeql/python-queries/Security/CWE-377/InsecureTemporaryFile.ql.
codeql / Analyze (python)	UNKNOWN STEP	2026-09-26T11:43:44.6607960Z Starting evaluation of codeql/python-queries/Security/CWE-502/UnsafeDeserialization.ql.
codeql / Analyze (python)	UNKNOWN STEP	2026-09-26T11:43:44.6609587Z Starting evaluation of codeql/python-queries/Security/CWE-601/UrlRedirect.ql.
codeql / Analyze (python)	UNKNOWN STEP	2026-09-26T11:43:44.6611529Z Starting evaluation of codeql/python-queries/Security/CWE-611/Xxe.ql.
codeql / Analyze (python)	UNKNOWN STEP	2026-09-26T11:43:44.6613153Z Starting evaluation of codeql/python-queries/Security/CWE-614/InsecureCookie.ql.
codeql / Analyze (python)	UNKNOWN STEP	2026-09-26T11:43:44.6615334Z Starting evaluation of codeql/python-queries/Security/CWE-643/XpathInjection.ql.
codeql / Analyze (python)	UNKNOWN STEP	2026-09-26T11:43:44.6650813Z Starting evaluation of codeql/python-queries/Security/CWE-730/PolynomialReDoS.ql.
codeql / Analyze (python)	UNKNOWN STEP	2026-09-26T11:43:44.6669041Z Starting evaluation of codeql/python-queries/Security/CWE-730/ReDoS.ql.
codeql / Analyze (python)	UNKNOWN STEP	2026-09-26T11:43:44.6707154Z Starting evaluation of codeql/python-queries/Security/CWE-730/RegexInjection.ql.
codeql / Analyze (python)	UNKNOWN STEP	2026-09-26T11:43:44.6730123Z Starting evaluation of codeql/python-queries/Security/CWE-732/WeakFilePermissions.ql.
codeql / Analyze (python)	UNKNOWN STEP	2026-09-26T11:43:44.6759069Z Starting evaluation of codeql/python-queries/Security/CWE-776/XmlBomb.ql.
codeql / Analyze (python)	UNKNOWN STEP	2026-09-26T11:43:44.6774054Z Starting evaluation of codeql/python-queries/Security/CWE-918/FullServerSideRequestForgery.ql.
codeql / Analyze (python)	UNKNOWN STEP	2026-09-26T11:43:44.6801534Z Starting evaluation of codeql/python-queries/Security/CWE-918/PartialServerSideRequestForgery.ql.
codeql / Analyze (python)	UNKNOWN STEP	2026-09-26T11:43:44.6828881Z [54/174 eval 3ms] Evaluation done; writing results to codeql/python-queries/Lexical/OldOctalLiteral.bqrs.
codeql / Analyze (python)	UNKNOWN STEP	2026-09-26T11:43:44.7512138Z [55/174 eval 191ms] Evaluation done; writing results to codeql/python-queries/Security/CWE-078/UnsafeShellCommandConstruction.bqrs.
codeql / Analyze (python)	UNKNOWN STEP	2026-09-26T11:43:44.7570813Z [56/174 eval 2.3s] Evaluation done; writing results to codeql/python-queries/Exceptions/CatchingBaseException.bqrs.
codeql / Analyze (python)	UNKNOWN STEP	2026-09-26T11:43:44.7772868Z [57/174 eval 217ms] Evaluation done; writing results to codeql/python-queries/Security/CWE-020/IncompleteUrlSubstringSanitization.bqrs.
codeql / Analyze (python)	UNKNOWN STEP	2026-09-26T11:43:44.8042773Z [58/174 eval 2s] Evaluation done; writing results to codeql/python-queries/Exceptions/IncorrectExceptOrder.bqrs.
codeql / Analyze (python)	UNKNOWN STEP	2026-09-26T11:43:44.8377808Z [59/174 eval 2.4s] Evaluation done; writing results to codeql/python-queries/Exceptions/EmptyExcept.bqrs.
codeql / Analyze (python)	UNKNOWN STEP	2026-09-26T11:43:44.8395169Z [60/174 eval 278ms] Evaluation done; writing results to codeql/python-queries/Numerics/Pythagorean.bqrs.
codeql / Analyze (python)	UNKNOWN STEP	2026-09-26T11:43:44.8457540Z [61/174 eval 1s] Evaluation done; writing results to codeql/python-queries/Imports/DeprecatedModule.bqrs.
codeql / Analyze (python)	UNKNOWN STEP	2026-09-26T11:43:44.8817906Z [62/174 eval 1.4s] Evaluation done; writing results to codeql/python-queries/Expressions/Regex/MissingPartSpecialGroup.bqrs.
codeql / Analyze (python)	UNKNOWN STEP	2026-09-26T11:43:44.9087833Z [63/174 eval 1.4s] Evaluation done; writing results to codeql/python-queries/Expressions/Regex/BackspaceEscape.bqrs.
codeql / Analyze (python)	UNKNOWN STEP	2026-09-26T11:43:44.9357955Z [64/174 eval 1.4s] Evaluation done; writing results to codeql/python-queries/Expressions/Regex/DuplicateCharacterInSet.bqrs.
codeql / Analyze (python)	UNKNOWN STEP	2026-09-26T11:43:44.9587816Z [65/174 eval 1.4s] Evaluation done; writing results to codeql/python-queries/Expressions/Regex/UnmatchableCaret.bqrs.
codeql / Analyze (python)	UNKNOWN STEP	2026-09-26T11:43:44.9617450Z [66/174 eval 1.4s] Evaluation done; writing results to codeql/python-queries/Expressions/Regex/UnmatchableDollar.bqrs.
codeql / Analyze (python)	UNKNOWN STEP	2026-09-26T11:43:44.9677439Z [67/174 eval 410ms] Evaluation done; writing results to codeql/python-queries/Resources/FileNotAlwaysClosed.bqrs.
codeql / Analyze (python)	UNKNOWN STEP	2026-09-26T11:43:45.0108084Z [68/174 eval 451ms] Evaluation done; writing results to codeql/python-queries/Security/CVE-2018-1281/BindToAllInterfaces.bqrs.
codeql / Analyze (python)	UNKNOWN STEP	2026-09-26T11:43:45.2394600Z [69/174 eval 678ms] Evaluation done; writing results to codeql/python-queries/Security/CWE-020/IncompleteHostnameRegExp.bqrs.
codeql / Analyze (python)	UNKNOWN STEP	2026-09-26T11:43:45.2531033Z [70/174 eval 694ms] Evaluation done; writing results to codeql/python-queries/Security/CWE-020/CookieInjection.bqrs.
codeql / Analyze (python)	UNKNOWN STEP	2026-09-26T11:43:45.2655604Z [71/174 eval 707ms] Evaluation done; writing results to codeql/python-queries/Security/CWE-020/OverlyLargeRange.bqrs.
codeql / Analyze (python)	UNKNOWN STEP	2026-09-26T11:43:45.2902066Z [72/174 eval 731ms] Evaluation done; writing results to codeql/python-queries/Security/CWE-022/TarSlip.bqrs.
codeql / Analyze (python)	UNKNOWN STEP	2026-09-26T11:43:45.3043484Z [73/174 eval 740ms] Evaluation done; writing results to codeql/python-queries/Security/CWE-074/TemplateInjection.bqrs.
codeql / Analyze (python)	UNKNOWN STEP	2026-09-26T11:43:45.3257362Z [74/174 eval 767ms] Evaluation done; writing results to codeql/python-queries/Security/CWE-079/Jinja2WithoutEscaping.bqrs.
codeql / Analyze (python)	UNKNOWN STEP	2026-09-26T11:43:45.4188716Z [75/174 eval 860ms] Evaluation done; writing results to codeql/python-queries/Security/CWE-022/PathInjection.bqrs.
codeql / Analyze (python)	UNKNOWN STEP	2026-09-26T11:43:45.4257859Z [76/174 eval 864ms] Evaluation done; writing results to codeql/python-queries/Security/CWE-078/CommandInjection.bqrs.
codeql / Analyze (python)	UNKNOWN STEP	2026-09-26T11:43:45.4372434Z [77/174 eval 876ms] Evaluation done; writing results to codeql/python-queries/Security/CWE-079/ReflectedXss.bqrs.
codeql / Analyze (python)	UNKNOWN STEP	2026-09-26T11:43:45.5578806Z [78/174 eval 997ms] Evaluation done; writing results to codeql/python-queries/Security/CWE-089/SqlInjection.bqrs.
codeql / Analyze (python)	UNKNOWN STEP	2026-09-26T11:43:45.6446035Z [79/174 eval 1.1s] Evaluation done; writing results to codeql/python-queries/Security/CWE-094/CodeInjection.bqrs.
codeql / Analyze (python)	UNKNOWN STEP	2026-09-26T11:43:45.6487712Z [80/174 eval 1.1s] Evaluation done; writing results to codeql/python-queries/Security/CWE-1004/NonHttpOnlyCookie.bqrs.
codeql / Analyze (python)	UNKNOWN STEP	2026-09-26T11:43:45.6488785Z [81/174 eval 1.1s] Evaluation done; writing results to codeql/python-queries/Security/CWE-614/InsecureCookie.bqrs.
codeql / Analyze (python)	UNKNOWN STEP	2026-09-26T11:43:45.8809723Z [82/174 eval 1.3s] Evaluation done; writing results to codeql/python-queries/Security/CWE-113/HeaderInjection.bqrs.
codeql / Analyze (python)	UNKNOWN STEP	2026-09-26T11:43:45.8933738Z [83/174 eval 1.3s] Evaluation done; writing results to codeql/python-queries/Security/CWE-090/LdapInjection.bqrs.
codeql / Analyze (python)	UNKNOWN STEP	2026-09-26T11:43:45.9190128Z [84/174 eval 1.4s] Evaluation done; writing results to codeql/python-queries/Security/CWE-117/LogInjection.bqrs.
codeql / Analyze (python)	UNKNOWN STEP	2026-09-26T11:43:45.9253990Z [85/174 eval 1.4s] Evaluation done; writing results to codeql/python-queries/Security/CWE-1275/SameSiteNoneCookie.bqrs.
codeql / Analyze (python)	UNKNOWN STEP	2026-09-26T11:43:45.9669193Z [86/174 eval 1.4s] Evaluation done; writing results to codeql/python-queries/Security/CWE-215/FlaskDebug.bqrs.
codeql / Analyze (python)	UNKNOWN STEP	2026-09-26T11:43:45.9866957Z [87/174 eval 1.4s] Evaluation done; writing results to codeql/python-queries/Security/CWE-285/PamAuthorization.bqrs.
codeql / Analyze (python)	UNKNOWN STEP	2026-09-26T11:43:45.9902214Z [88/174 eval 1.4s] Evaluation done; writing results to codeql/python-queries/Security/CWE-209/StackTraceExposure.bqrs.
codeql / Analyze (python)	UNKNOWN STEP	2026-09-26T11:43:45.9927401Z [89/174 eval 1.4s] Evaluation done; writing results to codeql/python-queries/Security/CWE-295/MissingHostKeyValidation.bqrs.
codeql / Analyze (python)	UNKNOWN STEP	2026-09-26T11:43:45.9957395Z [90/174 eval 1.4s] Evaluation done; writing results to codeql/python-queries/Security/CWE-295/RequestWithoutValidation.bqrs.
codeql / Analyze (python)	UNKNOWN STEP	2026-09-26T11:43:46.0077113Z [91/174 eval 1.4s] Evaluation done; writing results to codeql/python-queries/Security/CWE-116/BadTagFilter.bqrs.
codeql / Analyze (python)	UNKNOWN STEP	2026-09-26T11:43:46.1091314Z [92/174 eval 1.6s] Evaluation done; writing results to codeql/python-queries/Security/CWE-312/CleartextLogging.bqrs.
codeql / Analyze (python)	UNKNOWN STEP	2026-09-26T11:43:46.1117440Z [93/174 eval 1.6s] Evaluation done; writing results to codeql/python-queries/Security/CWE-326/WeakCryptoKey.bqrs.
codeql / Analyze (python)	UNKNOWN STEP	2026-09-26T11:43:46.1149521Z [94/174 eval 1.6s] Evaluation done; writing results to codeql/python-queries/Security/CWE-327/BrokenCryptoAlgorithm.bqrs.
codeql / Analyze (python)	UNKNOWN STEP	2026-09-26T11:43:46.1178369Z [95/174 eval 1.6s] Evaluation done; writing results to codeql/python-queries/Security/CWE-327/InsecureDefaultProtocol.bqrs.
codeql / Analyze (python)	UNKNOWN STEP	2026-09-26T11:43:46.1998103Z [96/174 eval 1.6s] Evaluation done; writing results to codeql/python-queries/Security/CWE-312/CleartextStorage.bqrs.
codeql / Analyze (python)	UNKNOWN STEP	2026-09-26T11:43:46.2087673Z [97/174 eval 1.6s] Evaluation done; writing results to codeql/python-queries/Security/CWE-327/WeakSensitiveDataHashing.bqrs.
codeql / Analyze (python)	UNKNOWN STEP	2026-09-26T11:43:46.2237701Z [98/174 eval 1.7s] Evaluation done; writing results to codeql/python-queries/Security/CWE-327/InsecureProtocol.bqrs.
codeql / Analyze (python)	UNKNOWN STEP	2026-09-26T11:43:46.2267375Z [99/174 eval 1.7s] Evaluation done; writing results to codeql/python-queries/Security/CWE-352/CSRFProtectionDisabled.bqrs.
codeql / Analyze (python)	UNKNOWN STEP	2026-09-26T11:43:46.2327432Z [100/174 eval 1.7s] Evaluation done; writing results to codeql/python-queries/Security/CWE-377/InsecureTemporaryFile.bqrs.
codeql / Analyze (python)	UNKNOWN STEP	2026-09-26T11:43:46.2568223Z [101/174 eval 1.7s] Evaluation done; writing results to codeql/python-queries/Security/CWE-611/Xxe.bqrs.
codeql / Analyze (python)	UNKNOWN STEP	2026-09-26T11:43:46.2777804Z [102/174 eval 1.7s] Evaluation done; writing results to codeql/python-queries/Security/CWE-601/UrlRedirect.bqrs.
codeql / Analyze (python)	UNKNOWN STEP	2026-09-26T11:43:46.2927668Z [103/174 eval 1.7s] Evaluation done; writing results to codeql/python-queries/Security/CWE-502/UnsafeDeserialization.bqrs.
codeql / Analyze (python)	UNKNOWN STEP	2026-09-26T11:43:46.3077940Z [104/174 eval 1.7s] Evaluation done; writing results to codeql/python-queries/Security/CWE-643/XpathInjection.bqrs.
codeql / Analyze (python)	UNKNOWN STEP	2026-09-26T11:43:46.3171112Z [105/174 eval 1.8s] Evaluation done; writing results to codeql/python-queries/Security/CWE-730/ReDoS.bqrs.
codeql / Analyze (python)	UNKNOWN STEP	2026-09-26T11:43:46.3285688Z [106/174 eval 1.8s] Evaluation done; writing results to codeql/python-queries/Security/CWE-730/RegexInjection.bqrs.
codeql / Analyze (python)	UNKNOWN STEP	2026-09-26T11:43:46.3407741Z [107/174 eval 1.8s] Evaluation done; writing results to codeql/python-queries/Security/CWE-732/WeakFilePermissions.bqrs.
codeql / Analyze (python)	UNKNOWN STEP	2026-09-26T11:43:46.4261858Z [108/174 eval 1.9s] Evaluation done; writing results to codeql/python-queries/Security/CWE-776/XmlBomb.bqrs.
codeql / Analyze (python)	UNKNOWN STEP	2026-09-26T11:43:46.5113796Z Starting evaluation of codeql/python-queries/Security/CWE-943/NoSqlInjection.ql.
codeql / Analyze (python)	UNKNOWN STEP	2026-09-26T11:43:46.5157560Z [109/174 eval 2s] Evaluation done; writing results to codeql/python-queries/Security/CWE-918/PartialServerSideRequestForgery.bqrs.
codeql / Analyze (python)	UNKNOWN STEP	2026-09-26T11:43:46.5516505Z [110/174 eval 45ms] Evaluation done; writing results to codeql/python-queries/Security/CWE-943/NoSqlInjection.bqrs.
codeql / Analyze (python)	UNKNOWN STEP	2026-09-26T11:43:46.6310075Z Starting evaluation of codeql/python-queries/Statements/AssertOnTuple.ql.
codeql / Analyze (python)	UNKNOWN STEP	2026-09-26T11:43:46.6343776Z Starting evaluation of codeql/python-queries/Statements/BreakOrReturnInFinally.ql.
codeql / Analyze (python)	UNKNOWN STEP	2026-09-26T11:43:46.6372071Z [111/174 eval 2ms] Evaluation done; writing results to codeql/python-queries/Statements/AssertOnTuple.bqrs.
codeql / Analyze (python)	UNKNOWN STEP	2026-09-26T11:43:46.6448626Z Starting evaluation of codeql/python-queries/Statements/ConstantInConditional.ql.
codeql / Analyze (python)	UNKNOWN STEP	2026-09-26T11:43:46.6477518Z [112/174 eval 14ms] Evaluation done; writing results to codeql/python-queries/Statements/BreakOrReturnInFinally.bqrs.
codeql / Analyze (python)	UNKNOWN STEP	2026-09-26T11:43:46.7462317Z [113/174 eval 2.2s] Evaluation done; writing results to codeql/python-queries/Security/CWE-730/PolynomialReDoS.bqrs.
codeql / Analyze (python)	UNKNOWN STEP	2026-09-26T11:43:46.7553027Z Starting evaluation of codeql/python-queries/Statements/IterableStringOrSequence.ql.
codeql / Analyze (python)	UNKNOWN STEP	2026-09-26T11:43:46.7578624Z Starting evaluation of codeql/python-queries/Statements/MismatchInMultipleAssignment.ql.
codeql / Analyze (python)	UNKNOWN STEP	2026-09-26T11:43:46.7635218Z Starting evaluation of codeql/python-queries/Statements/ModificationOfLocals.ql.
codeql / Analyze (python)	UNKNOWN STEP	2026-09-26T11:43:46.7727436Z [114/174 eval 7ms] Evaluation done; writing results to codeql/python-queries/Statements/ModificationOfLocals.bqrs.
codeql / Analyze (python)	UNKNOWN STEP	2026-09-26T11:43:46.7728714Z Starting evaluation of codeql/python-queries/Statements/NestedLoopsSameVariable.ql.
codeql / Analyze (python)	UNKNOWN STEP	2026-09-26T11:43:46.7758155Z [115/174 eval 130ms] Evaluation done; writing results to codeql/python-queries/Statements/ConstantInConditional.bqrs.
codeql / Analyze (python)	UNKNOWN STEP	2026-09-26T11:43:46.7848818Z Starting evaluation of codeql/python-queries/Statements/NestedLoopsSameVariableWithReuse.ql.
codeql / Analyze (python)	UNKNOWN STEP	2026-09-26T11:43:46.7867400Z [116/174 eval 13ms] Evaluation done; writing results to codeql/python-queries/Statements/NestedLoopsSameVariable.bqrs.
codeql / Analyze (python)	UNKNOWN STEP	2026-09-26T11:43:46.7884233Z Starting evaluation of codeql/python-queries/Statements/NonIteratorInForLoop.ql.
codeql / Analyze (python)	UNKNOWN STEP	2026-09-26T11:43:46.7907218Z Starting evaluation of codeql/python-queries/Statements/RedundantAssignment.ql.
codeql / Analyze (python)	UNKNOWN STEP	2026-09-26T11:43:46.7937567Z [117/174 eval 6ms] Evaluation done; writing results to codeql/python-queries/Statements/NestedLoopsSameVariableWithReuse.bqrs.
codeql / Analyze (python)	UNKNOWN STEP	2026-09-26T11:43:46.8077486Z Starting evaluation of codeql/python-queries/Statements/ReturnOrYieldOutsideFunction.ql.
codeql / Analyze (python)	UNKNOWN STEP	2026-09-26T11:43:46.8107382Z Starting evaluation of codeql/python-queries/Statements/ShouldUseWithStatement.ql.
codeql / Analyze (python)	UNKNOWN STEP	2026-09-26T11:43:46.8169028Z [118/174 eval 7ms] Evaluation done; writing results to codeql/python-queries/Statements/ReturnOrYieldOutsideFunction.bqrs.
codeql / Analyze (python)	UNKNOWN STEP	2026-09-26T11:43:46.8198562Z [119/174 eval 6ms] Evaluation done; writing results to codeql/python-queries/Statements/ShouldUseWithStatement.bqrs.
codeql / Analyze (python)	UNKNOWN STEP	2026-09-26T11:43:46.8227164Z Starting evaluation of codeql/python-queries/Statements/SideEffectInAssert.ql.
codeql / Analyze (python)	UNKNOWN STEP	2026-09-26T11:43:46.8227928Z Starting evaluation of codeql/python-queries/Statements/StatementNoEffect.ql.
codeql / Analyze (python)	UNKNOWN STEP	2026-09-26T11:43:46.8306766Z Starting evaluation of codeql/python-queries/Statements/TopLevelPrint.ql.
codeql / Analyze (python)	UNKNOWN STEP	2026-09-26T11:43:46.8317344Z [120/174 eval 10ms] Evaluation done; writing results to codeql/python-queries/Statements/StatementNoEffect.bqrs.
codeql / Analyze (python)	UNKNOWN STEP	2026-09-26T11:43:46.8347199Z Starting evaluation of codeql/python-queries/Statements/UnnecessaryDelete.ql.
codeql / Analyze (python)	UNKNOWN STEP	2026-09-26T11:43:46.8377411Z [121/174 eval 3ms] Evaluation done; writing results to codeql/python-queries/Statements/TopLevelPrint.bqrs.
codeql / Analyze (python)	UNKNOWN STEP	2026-09-26T11:43:46.8379896Z [122/174 eval 2ms] Evaluation done; writing results to codeql/python-queries/Statements/UnnecessaryDelete.bqrs.
codeql / Analyze (python)	UNKNOWN STEP	2026-09-26T11:43:46.8407609Z Starting evaluation of codeql/python-queries/Statements/UnnecessaryElseClause.ql.
codeql / Analyze (python)	UNKNOWN STEP	2026-09-26T11:43:46.8437239Z Starting evaluation of codeql/python-queries/Statements/UnnecessaryPass.ql.
codeql / Analyze (python)	UNKNOWN STEP	2026-09-26T11:43:46.8467399Z [123/174 eval 4ms] Evaluation done; writing results to codeql/python-queries/Statements/UnnecessaryElseClause.bqrs.
codeql / Analyze (python)	UNKNOWN STEP	2026-09-26T11:43:46.8477214Z Starting evaluation of codeql/python-queries/Statements/UnreachableCode.ql.
codeql / Analyze (python)	UNKNOWN STEP	2026-09-26T11:43:46.8497346Z [124/174 eval 6ms] Evaluation done; writing results to codeql/python-queries/Statements/UnnecessaryPass.bqrs.
codeql / Analyze (python)	UNKNOWN STEP	2026-09-26T11:43:46.8748946Z [125/174 eval 29ms] Evaluation done; writing results to codeql/python-queries/Statements/UnreachableCode.bqrs.
codeql / Analyze (python)	UNKNOWN STEP	2026-09-26T11:43:46.8777455Z [126/174 eval 3s] Evaluation done; writing results to codeql/python-queries/Imports/ModuleImportsItself.bqrs.
codeql / Analyze (python)	UNKNOWN STEP	2026-09-26T11:43:46.8837597Z [127/174 eval 127ms] Evaluation done; writing results to codeql/python-queries/Statements/MismatchInMultipleAssignment.bqrs.
codeql / Analyze (python)	UNKNOWN STEP	2026-09-26T11:43:46.8920375Z [128/174 eval 6.1s] Evaluation done; writing results to codeql/python-queries/Classes/InconsistentMRO.bqrs.
codeql / Analyze (python)	UNKNOWN STEP	2026-09-26T11:43:46.8947509Z [129/174 eval 6s] Evaluation done; writing results to codeql/python-queries/Classes/OverwritingAttributeInSuperClass.bqrs.
codeql / Analyze (python)	UNKNOWN STEP	2026-09-26T11:43:46.8995462Z [130/174 eval 4.5s] Evaluation done; writing results to codeql/python-queries/Classes/WrongNameForArgumentInClassInstantiation.bqrs.
codeql / Analyze (python)	UNKNOWN STEP	2026-09-26T11:43:46.9187667Z [131/174 eval 4.5s] Evaluation done; writing results to codeql/python-queries/Exceptions/IllegalExceptionHandlerType.bqrs.
codeql / Analyze (python)	UNKNOWN STEP	2026-09-26T11:43:46.9247418Z [132/174 eval 4.2s] Evaluation done; writing results to codeql/python-queries/Exceptions/IllegalRaise.bqrs.
codeql / Analyze (python)	UNKNOWN STEP	2026-09-26T11:43:46.9307483Z [133/174 eval 4.5s] Evaluation done; writing results to codeql/python-queries/Classes/WrongNumberArgumentsInClassInstantiation.bqrs.
codeql / Analyze (python)	UNKNOWN STEP	2026-09-26T11:43:46.9337325Z [134/174 eval 4s] Evaluation done; writing results to codeql/python-queries/Expressions/ContainsNonContainer.bqrs.
codeql / Analyze (python)	UNKNOWN STEP	2026-09-26T11:43:46.9397392Z [135/174 eval 134ms] Evaluation done; writing results to codeql/python-queries/Statements/NonIteratorInForLoop.bqrs.
codeql / Analyze (python)	UNKNOWN STEP	2026-09-26T11:43:46.9427583Z [136/174 eval 3.8s] Evaluation done; writing results to codeql/python-queries/Expressions/Formatting/MixedExplicitImplicitIn3101Format.bqrs.
codeql / Analyze (python)	UNKNOWN STEP	2026-09-26T11:43:46.9447958Z [137/174 eval 3.4s] Evaluation done; writing results to codeql/python-queries/Expressions/Formatting/WrongNameInArgumentsFor3101Format.bqrs.
codeql / Analyze (python)	UNKNOWN STEP	2026-09-26T11:43:46.9457501Z [138/174 eval 3.8s] Evaluation done; writing results to codeql/python-queries/Expressions/Formatting/UnusedNamedArgumentIn3101Format.bqrs.
codeql / Analyze (python)	UNKNOWN STEP	2026-09-26T11:43:46.9486145Z [139/174 eval 177ms] Evaluation done; writing results to codeql/python-queries/Statements/IterableStringOrSequence.bqrs.
codeql / Analyze (python)	UNKNOWN STEP	2026-09-26T11:43:46.9517382Z [140/174 eval 3.4s] Evaluation done; writing results to codeql/python-queries/Expressions/NonCallableCalled.bqrs.
codeql / Analyze (python)	UNKNOWN STEP	2026-09-26T11:43:46.9518915Z [141/174 eval 3.4s] Evaluation done; writing results to codeql/python-queries/Expressions/Formatting/WrongNumberArgumentsFor3101Format.bqrs.
codeql / Analyze (python)	UNKNOWN STEP	2026-09-26T11:43:46.9520156Z [142/174 eval 3.8s] Evaluation done; writing results to codeql/python-queries/Expressions/Formatting/UnusedArgumentIn3101Format.bqrs.
codeql / Analyze (python)	UNKNOWN STEP	2026-09-26T11:43:46.9521495Z [143/174 eval 6.1s] Evaluation done; writing results to codeql/python-queries/Classes/ConflictingAttributesInBaseClasses.bqrs.
codeql / Analyze (python)	UNKNOWN STEP	2026-09-26T11:43:46.9522593Z [144/174 eval 3.4s] Evaluation done; writing results to codeql/python-queries/Expressions/WrongNameForArgumentInCall.bqrs.
codeql / Analyze (python)	UNKNOWN STEP	2026-09-26T11:43:46.9523619Z [145/174 eval 3.4s] Evaluation done; writing results to codeql/python-queries/Expressions/TruncatedDivision.bqrs.
codeql / Analyze (python)	UNKNOWN STEP	2026-09-26T11:43:46.9524573Z [146/174 eval 3.4s] Evaluation done; writing results to codeql/python-queries/Expressions/HashedButNoHash.bqrs.
codeql / Analyze (python)	UNKNOWN STEP	2026-09-26T11:43:46.9668677Z [147/174 eval 3.4s] Evaluation done; writing results to codeql/python-queries/Functions/IncorrectlyOverriddenMethod.bqrs.
codeql / Analyze (python)	UNKNOWN STEP	2026-09-26T11:43:46.9670028Z [148/174 eval 3.4s] Evaluation done; writing results to codeql/python-queries/Functions/IncorrectlySpecifiedOverriddenMethod.bqrs.
codeql / Analyze (python)	UNKNOWN STEP	2026-09-26T11:43:46.9697347Z [149/174 eval 3.2s] Evaluation done; writing results to codeql/python-queries/Functions/OverlyComplexDelMethod.bqrs.
codeql / Analyze (python)	UNKNOWN STEP	2026-09-26T11:43:46.9724708Z [150/174 eval 3.4s] Evaluation done; writing results to codeql/python-queries/Expressions/WrongNumberArgumentsInCall.bqrs.
codeql / Analyze (python)	UNKNOWN STEP	2026-09-26T11:43:46.9757295Z [151/174 eval 3.4s] Evaluation done; writing results to codeql/python-queries/Functions/IterReturnsNonIterator.bqrs.
codeql / Analyze (python)	UNKNOWN STEP	2026-09-26T11:43:46.9777369Z [152/174 eval 3.4s] Evaluation done; writing results to codeql/python-queries/Functions/ConsistentReturns.bqrs.
codeql / Analyze (python)	UNKNOWN STEP	2026-09-26T11:43:46.9861291Z [153/174 eval 3.2s] Evaluation done; writing results to codeql/python-queries/Functions/UseImplicitNoneReturnValue.bqrs.
codeql / Analyze (python)	UNKNOWN STEP	2026-09-26T11:43:46.9907320Z [154/174 eval 3.1s] Evaluation done; writing results to codeql/python-queries/Imports/FromImportOfMutableAttribute.bqrs.
codeql / Analyze (python)	UNKNOWN STEP	2026-09-26T11:43:46.9928017Z [155/174 eval 3.2s] Evaluation done; writing results to codeql/python-queries/Imports/CyclicImport.bqrs.
codeql / Analyze (python)	UNKNOWN STEP	2026-09-26T11:43:47.0028924Z Starting evaluation of codeql/python-queries/Statements/UnusedExceptionObject.ql.
codeql / Analyze (python)	UNKNOWN STEP	2026-09-26T11:43:47.0057428Z [156/174 eval 3.1s] Evaluation done; writing results to codeql/python-queries/Imports/ModuleLevelCyclicImport.bqrs.
codeql / Analyze (python)	UNKNOWN STEP	2026-09-26T11:43:47.0058433Z [157/174 eval 220ms] Evaluation done; writing results to codeql/python-queries/Statements/RedundantAssignment.bqrs.
codeql / Analyze (python)	UNKNOWN STEP	2026-09-26T11:43:47.0111217Z [158/174 eval 191ms] Evaluation done; writing results to codeql/python-queries/Statements/SideEffectInAssert.bqrs.
codeql / Analyze (python)	UNKNOWN STEP	2026-09-26T11:43:47.0157170Z Starting evaluation of codeql/python-queries/Statements/UseOfExit.ql.
codeql / Analyze (python)	UNKNOWN STEP	2026-09-26T11:43:47.0168334Z Starting evaluation of codeql/python-queries/Summary/LinesOfCode.ql.
codeql / Analyze (python)	UNKNOWN STEP	2026-09-26T11:43:47.0169044Z Starting evaluation of codeql/python-queries/Summary/LinesOfUserCode.ql.
codeql / Analyze (python)	UNKNOWN STEP	2026-09-26T11:43:47.0217286Z [159/174 eval 2ms] Evaluation done; writing results to codeql/python-queries/Statements/UseOfExit.bqrs.
codeql / Analyze (python)	UNKNOWN STEP	2026-09-26T11:43:47.0267404Z [160/174 eval 2ms] Evaluation done; writing results to codeql/python-queries/Summary/LinesOfCode.bqrs.
codeql / Analyze (python)	UNKNOWN STEP	2026-09-26T11:43:47.0297452Z [161/174 eval 14ms] Evaluation done; writing results to codeql/python-queries/Statements/UnusedExceptionObject.bqrs.
codeql / Analyze (python)	UNKNOWN STEP	2026-09-26T11:43:47.0298317Z Starting evaluation of codeql/python-queries/Testing/ImpreciseAssert.ql.
codeql / Analyze (python)	UNKNOWN STEP	2026-09-26T11:43:47.0298976Z Starting evaluation of codeql/python-queries/Variables/GlobalAtModuleLevel.ql.
codeql / Analyze (python)	UNKNOWN STEP	2026-09-26T11:43:47.0299720Z Starting evaluation of codeql/python-queries/Variables/LeakingListComprehension.ql.
codeql / Analyze (python)	UNKNOWN STEP	2026-09-26T11:43:47.0352136Z [162/174 eval 1ms] Evaluation done; writing results to codeql/python-queries/Variables/GlobalAtModuleLevel.bqrs.
codeql / Analyze (python)	UNKNOWN STEP	2026-09-26T11:43:47.0377291Z Starting evaluation of codeql/python-queries/Variables/LoopVariableCapture/LoopVariableCapture.ql.
codeql / Analyze (python)	UNKNOWN STEP	2026-09-26T11:43:47.0407623Z [163/174 eval 19ms] Evaluation done; writing results to codeql/python-queries/Summary/LinesOfUserCode.bqrs.
codeql / Analyze (python)	UNKNOWN STEP	2026-09-26T11:43:47.0437251Z [164/174 eval 8ms] Evaluation done; writing results to codeql/python-queries/Testing/ImpreciseAssert.bqrs.
codeql / Analyze (python)	UNKNOWN STEP	2026-09-26T11:43:47.0457430Z [165/174 eval 10ms] Evaluation done; writing results to codeql/python-queries/Variables/LeakingListComprehension.bqrs.
codeql / Analyze (python)	UNKNOWN STEP	2026-09-26T11:43:47.0497236Z Starting evaluation of codeql/python-queries/Variables/MultiplyDefined.ql.
codeql / Analyze (python)	UNKNOWN STEP	2026-09-26T11:43:47.0555739Z Starting evaluation of codeql/python-queries/Variables/UndefinedExport.ql.
codeql / Analyze (python)	UNKNOWN STEP	2026-09-26T11:43:47.0556892Z Starting evaluation of codeql/python-queries/Variables/SuspiciousUnusedLoopIterationVariable.ql.
codeql / Analyze (python)	UNKNOWN STEP	2026-09-26T11:43:47.0587398Z [166/174 eval 20ms] Evaluation done; writing results to codeql/python-queries/Variables/MultiplyDefined.bqrs.
codeql / Analyze (python)	UNKNOWN STEP	2026-09-26T11:43:47.0875592Z [167/174 eval 32ms] Evaluation done; writing results to codeql/python-queries/Variables/SuspiciousUnusedLoopIterationVariable.bqrs.
codeql / Analyze (python)	UNKNOWN STEP	2026-09-26T11:43:47.0898701Z Starting evaluation of codeql/python-queries/Variables/UndefinedPlaceHolder.ql.
codeql / Analyze (python)	UNKNOWN STEP	2026-09-26T11:43:47.0937278Z Starting evaluation of codeql/python-queries/Variables/UninitializedLocal.ql.
codeql / Analyze (python)	UNKNOWN STEP	2026-09-26T11:43:47.0938242Z [168/174 eval 2ms] Evaluation done; writing results to codeql/python-queries/Variables/UndefinedPlaceHolder.bqrs.
codeql / Analyze (python)	UNKNOWN STEP	2026-09-26T11:43:47.1061601Z [169/174 eval 78ms] Evaluation done; writing results to codeql/python-queries/Variables/LoopVariableCapture/LoopVariableCapture.bqrs.
codeql / Analyze (python)	UNKNOWN STEP	2026-09-26T11:43:47.1079297Z Starting evaluation of codeql/python-queries/Variables/UnusedLocalVariable.ql.
codeql / Analyze (python)	UNKNOWN STEP	2026-09-26T11:43:47.1118163Z [170/174 eval 54ms] Evaluation done; writing results to codeql/python-queries/Variables/UndefinedExport.bqrs.
codeql / Analyze (python)	UNKNOWN STEP	2026-09-26T11:43:47.1119273Z Starting evaluation of codeql/python-queries/Variables/UnusedModuleVariable.ql.
codeql / Analyze (python)	UNKNOWN STEP	2026-09-26T11:43:47.1407977Z [171/174 eval 31ms] Evaluation done; writing results to codeql/python-queries/Variables/UnusedLocalVariable.bqrs.
codeql / Analyze (python)	UNKNOWN STEP	2026-09-26T11:43:47.1610539Z [172/174 eval 51ms] Evaluation done; writing results to codeql/python-queries/Variables/UnusedModuleVariable.bqrs.
codeql / Analyze (python)	UNKNOWN STEP	2026-09-26T11:43:47.1748458Z [173/174 eval 83ms] Evaluation done; writing results to codeql/python-queries/Variables/UninitializedLocal.bqrs.
codeql / Analyze (python)	UNKNOWN STEP	2026-09-26T11:43:47.2177583Z [174/174 eval 2.7s] Evaluation done; writing results to codeql/python-queries/Security/CWE-918/FullServerSideRequestForgery.bqrs.
codeql / Analyze (python)	UNKNOWN STEP	2026-09-26T11:43:47.2198221Z Shutting down query evaluator.
codeql / Analyze (python)	UNKNOWN STEP	2026-09-26T11:43:47.2894998Z Interpreting code scanning results for python
codeql / Analyze (python)	UNKNOWN STEP	2026-09-26T11:43:47.8568180Z Writing logs to /home/runner/work/_temp/codeql_databases/python/log/database-interpret-results-20260926.114347.854.log.
codeql / Analyze (python)	UNKNOWN STEP	2026-09-26T11:43:47.9748000Z Recording pack reference codeql/python-queries at /opt/hostedtoolcache/CodeQL/2.27.1/x64/codeql/qlpacks/codeql/python-queries/1.8.11.
codeql / Analyze (python)	UNKNOWN STEP	2026-09-26T11:43:48.0519508Z Resolving extensions
codeql / Analyze (python)	UNKNOWN STEP	2026-09-26T11:43:49.0630841Z Interpreting /opt/hostedtoolcache/CodeQL/2.27.1/x64/codeql/qlpacks/codeql/python-queries/1.8.11/Expressions/UseofInput.ql...
codeql / Analyze (python)	UNKNOWN STEP	2026-09-26T11:43:49.0878801Z  ... found results file at /home/runner/work/_temp/codeql_databases/python/results/codeql/python-queries/Expressions/UseofInput.bqrs.
codeql / Analyze (python)	UNKNOWN STEP	2026-09-26T11:43:49.1009995Z Interpreting /opt/hostedtoolcache/CodeQL/2.27.1/x64/codeql/qlpacks/codeql/python-queries/1.8.11/Security/CWE-918/FullServerSideRequestForgery.ql...
codeql / Analyze (python)	UNKNOWN STEP	2026-09-26T11:43:49.1108164Z  ... found results file at /home/runner/work/_temp/codeql_databases/python/results/codeql/python-queries/Security/CWE-918/FullServerSideRequestForgery.bqrs.
codeql / Analyze (python)	UNKNOWN STEP	2026-09-26T11:43:49.1115633Z Interpreting /opt/hostedtoolcache/CodeQL/2.27.1/x64/codeql/qlpacks/codeql/python-queries/1.8.11/Security/CWE-079/ReflectedXss.ql...
codeql / Analyze (python)	UNKNOWN STEP	2026-09-26T11:43:49.1207122Z  ... found results file at /home/runner/work/_temp/codeql_databases/python/results/codeql/python-queries/Security/CWE-079/ReflectedXss.bqrs.
codeql / Analyze (python)	UNKNOWN STEP	2026-09-26T11:43:49.1218123Z Interpreting /opt/hostedtoolcache/CodeQL/2.27.1/x64/codeql/qlpacks/codeql/python-queries/1.8.11/Security/CWE-326/WeakCryptoKey.ql...
codeql / Analyze (python)	UNKNOWN STEP	2026-09-26T11:43:49.1295876Z  ... found results file at /home/runner/work/_temp/codeql_databases/python/results/codeql/python-queries/Security/CWE-326/WeakCryptoKey.bqrs.
codeql / Analyze (python)	UNKNOWN STEP	2026-09-26T11:43:49.1327628Z Interpreting /opt/hostedtoolcache/CodeQL/2.27.1/x64/codeql/qlpacks/codeql/python-queries/1.8.11/Security/CWE-022/PathInjection.ql...
codeql / Analyze (python)	UNKNOWN STEP	2026-09-26T11:43:49.1357494Z  ... found results file at /home/runner/work/_temp/codeql_databases/python/results/codeql/python-queries/Security/CWE-022/PathInjection.bqrs.
codeql / Analyze (python)	UNKNOWN STEP	2026-09-26T11:43:49.1376871Z Interpreting /opt/hostedtoolcache/CodeQL/2.27.1/x64/codeql/qlpacks/codeql/python-queries/1.8.11/Security/CWE-116/BadTagFilter.ql...
codeql / Analyze (python)	UNKNOWN STEP	2026-09-26T11:43:49.1417547Z  ... found results file at /home/runner/work/_temp/codeql_databases/python/results/codeql/python-queries/Security/CWE-116/BadTagFilter.bqrs.
codeql / Analyze (python)	UNKNOWN STEP	2026-09-26T11:43:49.1447635Z Interpreting /opt/hostedtoolcache/CodeQL/2.27.1/x64/codeql/qlpacks/codeql/python-queries/1.8.11/Security/CWE-943/NoSqlInjection.ql...
codeql / Analyze (python)	UNKNOWN STEP	2026-09-26T11:43:49.1489587Z  ... found results file at /home/runner/work/_temp/codeql_databases/python/results/codeql/python-queries/Security/CWE-943/NoSqlInjection.bqrs.
codeql / Analyze (python)	UNKNOWN STEP	2026-09-26T11:43:49.1498492Z Interpreting /opt/hostedtoolcache/CodeQL/2.27.1/x64/codeql/qlpacks/codeql/python-queries/1.8.11/Security/CWE-209/StackTraceExposure.ql...
codeql / Analyze (python)	UNKNOWN STEP	2026-09-26T11:43:49.1607642Z  ... found results file at /home/runner/work/_temp/codeql_databases/python/results/codeql/python-queries/Security/CWE-209/StackTraceExposure.bqrs.
codeql / Analyze (python)	UNKNOWN STEP	2026-09-26T11:43:49.1617617Z Interpreting /opt/hostedtoolcache/CodeQL/2.27.1/x64/codeql/qlpacks/codeql/python-queries/1.8.11/Security/CWE-643/XpathInjection.ql...
codeql / Analyze (python)	UNKNOWN STEP	2026-09-26T11:43:49.1634843Z  ... found results file at /home/runner/work/_temp/codeql_databases/python/results/codeql/python-queries/Security/CWE-643/XpathInjection.bqrs.
codeql / Analyze (python)	UNKNOWN STEP	2026-09-26T11:43:49.1639013Z Interpreting /opt/hostedtoolcache/CodeQL/2.27.1/x64/codeql/qlpacks/codeql/python-queries/1.8.11/Security/CWE-094/CodeInjection.ql...
codeql / Analyze (python)	UNKNOWN STEP	2026-09-26T11:43:49.1702133Z  ... found results file at /home/runner/work/_temp/codeql_databases/python/results/codeql/python-queries/Security/CWE-094/CodeInjection.bqrs.
codeql / Analyze (python)	UNKNOWN STEP	2026-09-26T11:43:49.1727468Z Interpreting /opt/hostedtoolcache/CodeQL/2.27.1/x64/codeql/qlpacks/codeql/python-queries/1.8.11/Security/CWE-377/InsecureTemporaryFile.ql...
codeql / Analyze (python)	UNKNOWN STEP	2026-09-26T11:43:49.1754405Z  ... found results file at /home/runner/work/_temp/codeql_databases/python/results/codeql/python-queries/Security/CWE-377/InsecureTemporaryFile.bqrs.
codeql / Analyze (python)	UNKNOWN STEP	2026-09-26T11:43:49.1787535Z Interpreting /opt/hostedtoolcache/CodeQL/2.27.1/x64/codeql/qlpacks/codeql/python-queries/1.8.11/Security/CWE-730/PolynomialReDoS.ql...
codeql / Analyze (python)	UNKNOWN STEP	2026-09-26T11:43:49.1811913Z  ... found results file at /home/runner/work/_temp/codeql_databases/python/results/codeql/python-queries/Security/CWE-730/PolynomialReDoS.bqrs.
codeql / Analyze (python)	UNKNOWN STEP	2026-09-26T11:43:49.1814605Z Interpreting /opt/hostedtoolcache/CodeQL/2.27.1/x64/codeql/qlpacks/codeql/python-queries/1.8.11/Security/CWE-730/ReDoS.ql...
codeql / Analyze (python)	UNKNOWN STEP	2026-09-26T11:43:49.1857848Z  ... found results file at /home/runner/work/_temp/codeql_databases/python/results/codeql/python-queries/Security/CWE-730/ReDoS.bqrs.
codeql / Analyze (python)	UNKNOWN STEP	2026-09-26T11:43:49.1859541Z Interpreting /opt/hostedtoolcache/CodeQL/2.27.1/x64/codeql/qlpacks/codeql/python-queries/1.8.11/Security/CWE-730/RegexInjection.ql...
codeql / Analyze (python)	UNKNOWN STEP	2026-09-26T11:43:49.1912353Z  ... found results file at /home/runner/work/_temp/codeql_databases/python/results/codeql/python-queries/Security/CWE-730/RegexInjection.bqrs.
codeql / Analyze (python)	UNKNOWN STEP	2026-09-26T11:43:49.1927957Z Interpreting /opt/hostedtoolcache/CodeQL/2.27.1/x64/codeql/qlpacks/codeql/python-queries/1.8.11/Security/CWE-295/MissingHostKeyValidation.ql...
codeql / Analyze (python)	UNKNOWN STEP	2026-09-26T11:43:49.1965166Z  ... found results file at /home/runner/work/_temp/codeql_databases/python/results/codeql/python-queries/Security/CWE-295/MissingHostKeyValidation.bqrs.
codeql / Analyze (python)	UNKNOWN STEP	2026-09-26T11:43:49.1974625Z Interpreting /opt/hostedtoolcache/CodeQL/2.27.1/x64/codeql/qlpacks/codeql/python-queries/1.8.11/Security/CWE-601/UrlRedirect.ql...
codeql / Analyze (python)	UNKNOWN STEP	2026-09-26T11:43:49.2037305Z  ... found results file at /home/runner/work/_temp/codeql_databases/python/results/codeql/python-queries/Security/CWE-601/UrlRedirect.bqrs.
codeql / Analyze (python)	UNKNOWN STEP	2026-09-26T11:43:49.2038726Z Interpreting /opt/hostedtoolcache/CodeQL/2.27.1/x64/codeql/qlpacks/codeql/python-queries/1.8.11/Security/CWE-611/Xxe.ql...
codeql / Analyze (python)	UNKNOWN STEP	2026-09-26T11:43:49.2097679Z  ... found results file at /home/runner/work/_temp/codeql_databases/python/results/codeql/python-queries/Security/CWE-611/Xxe.bqrs.
codeql / Analyze (python)	UNKNOWN STEP	2026-09-26T11:43:49.2127617Z Interpreting /opt/hostedtoolcache/CodeQL/2.27.1/x64/codeql/qlpacks/codeql/python-queries/1.8.11/Security/CWE-1275/SameSiteNoneCookie.ql...
codeql / Analyze (python)	UNKNOWN STEP	2026-09-26T11:43:49.2133312Z  ... found results file at /home/runner/work/_temp/codeql_databases/python/results/codeql/python-queries/Security/CWE-1275/SameSiteNoneCookie.bqrs.
codeql / Analyze (python)	UNKNOWN STEP	2026-09-26T11:43:49.2155399Z Interpreting /opt/hostedtoolcache/CodeQL/2.27.1/x64/codeql/qlpacks/codeql/python-queries/1.8.11/Security/CWE-352/CSRFProtectionDisabled.ql...
codeql / Analyze (python)	UNKNOWN STEP	2026-09-26T11:43:49.2217861Z  ... found results file at /home/runner/work/_temp/codeql_databases/python/results/codeql/python-queries/Security/CWE-352/CSRFProtectionDisabled.bqrs.
codeql / Analyze (python)	UNKNOWN STEP	2026-09-26T11:43:49.2227664Z Interpreting /opt/hostedtoolcache/CodeQL/2.27.1/x64/codeql/qlpacks/codeql/python-queries/1.8.11/Security/CWE-312/CleartextStorage.ql...
codeql / Analyze (python)	UNKNOWN STEP	2026-09-26T11:43:49.2247659Z  ... found results file at /home/runner/work/_temp/codeql_databases/python/results/codeql/python-queries/Security/CWE-312/CleartextStorage.bqrs.
codeql / Analyze (python)	UNKNOWN STEP	2026-09-26T11:43:49.2277525Z Interpreting /opt/hostedtoolcache/CodeQL/2.27.1/x64/codeql/qlpacks/codeql/python-queries/1.8.11/Security/CWE-312/CleartextLogging.ql...
codeql / Analyze (python)	UNKNOWN STEP	2026-09-26T11:43:49.2279586Z  ... found results file at /home/runner/work/_temp/codeql_databases/python/results/codeql/python-queries/Security/CWE-312/CleartextLogging.bqrs.
codeql / Analyze (python)	UNKNOWN STEP	2026-09-26T11:43:49.2307667Z Interpreting /opt/hostedtoolcache/CodeQL/2.27.1/x64/codeql/qlpacks/codeql/python-queries/1.8.11/Security/CWE-776/XmlBomb.ql...
codeql / Analyze (python)	UNKNOWN STEP	2026-09-26T11:43:49.2327822Z  ... found results file at /home/runner/work/_temp/codeql_databases/python/results/codeql/python-queries/Security/CWE-776/XmlBomb.bqrs.
codeql / Analyze (python)	UNKNOWN STEP	2026-09-26T11:43:49.2330209Z Interpreting /opt/hostedtoolcache/CodeQL/2.27.1/x64/codeql/qlpacks/codeql/python-queries/1.8.11/Security/CWE-1004/NonHttpOnlyCookie.ql...
codeql / Analyze (python)	UNKNOWN STEP	2026-09-26T11:43:49.2373620Z  ... found results file at /home/runner/work/_temp/codeql_databases/python/results/codeql/python-queries/Security/CWE-1004/NonHttpOnlyCookie.bqrs.
codeql / Analyze (python)	UNKNOWN STEP	2026-09-26T11:43:49.2384474Z Interpreting /opt/hostedtoolcache/CodeQL/2.27.1/x64/codeql/qlpacks/codeql/python-queries/1.8.11/Security/CWE-502/UnsafeDeserialization.ql...
codeql / Analyze (python)	UNKNOWN STEP	2026-09-26T11:43:49.2425035Z  ... found results file at /home/runner/work/_temp/codeql_databases/python/results/codeql/python-queries/Security/CWE-502/UnsafeDeserialization.bqrs.
codeql / Analyze (python)	UNKNOWN STEP	2026-09-26T11:43:49.2427321Z Interpreting /opt/hostedtoolcache/CodeQL/2.27.1/x64/codeql/qlpacks/codeql/python-queries/1.8.11/Security/CWE-089/SqlInjection.ql...
codeql / Analyze (python)	UNKNOWN STEP	2026-09-26T11:43:49.2468006Z  ... found results file at /home/runner/work/_temp/codeql_databases/python/results/codeql/python-queries/Security/CWE-089/SqlInjection.bqrs.
codeql / Analyze (python)	UNKNOWN STEP	2026-09-26T11:43:49.2478847Z Interpreting /opt/hostedtoolcache/CodeQL/2.27.1/x64/codeql/qlpacks/codeql/python-queries/1.8.11/Security/CVE-2018-1281/BindToAllInterfaces.ql...
codeql / Analyze (python)	UNKNOWN STEP	2026-09-26T11:43:49.2538019Z  ... found results file at /home/runner/work/_temp/codeql_databases/python/results/codeql/python-queries/Security/CVE-2018-1281/BindToAllInterfaces.bqrs.
codeql / Analyze (python)	UNKNOWN STEP	2026-09-26T11:43:49.2563996Z Interpreting /opt/hostedtoolcache/CodeQL/2.27.1/x64/codeql/qlpacks/codeql/python-queries/1.8.11/Security/CWE-078/CommandInjection.ql...
codeql / Analyze (python)	UNKNOWN STEP	2026-09-26T11:43:49.2579052Z  ... found results file at /home/runner/work/_temp/codeql_databases/python/results/codeql/python-queries/Security/CWE-078/CommandInjection.bqrs.
codeql / Analyze (python)	UNKNOWN STEP	2026-09-26T11:43:49.2584504Z Interpreting /opt/hostedtoolcache/CodeQL/2.27.1/x64/codeql/qlpacks/codeql/python-queries/1.8.11/Security/CWE-074/TemplateInjection.ql...
codeql / Analyze (python)	UNKNOWN STEP	2026-09-26T11:43:49.2640254Z  ... found results file at /home/runner/work/_temp/codeql_databases/python/results/codeql/python-queries/Security/CWE-074/TemplateInjection.bqrs.
codeql / Analyze (python)	UNKNOWN STEP	2026-09-26T11:43:49.2668972Z Interpreting /opt/hostedtoolcache/CodeQL/2.27.1/x64/codeql/qlpacks/codeql/python-queries/1.8.11/Security/CWE-215/FlaskDebug.ql...
codeql / Analyze (python)	UNKNOWN STEP	2026-09-26T11:43:49.2697478Z  ... found results file at /home/runner/work/_temp/codeql_databases/python/results/codeql/python-queries/Security/CWE-215/FlaskDebug.bqrs.
codeql / Analyze (python)	UNKNOWN STEP	2026-09-26T11:43:49.2717675Z Interpreting /opt/hostedtoolcache/CodeQL/2.27.1/x64/codeql/qlpacks/codeql/python-queries/1.8.11/Security/CWE-090/LdapInjection.ql...
codeql / Analyze (python)	UNKNOWN STEP	2026-09-26T11:43:49.2757633Z  ... found results file at /home/runner/work/_temp/codeql_databases/python/results/codeql/python-queries/Security/CWE-090/LdapInjection.bqrs.
codeql / Analyze (python)	UNKNOWN STEP	2026-09-26T11:43:49.2759296Z Interpreting /opt/hostedtoolcache/CodeQL/2.27.1/x64/codeql/qlpacks/codeql/python-queries/1.8.11/Security/CWE-327/WeakSensitiveDataHashing.ql...
codeql / Analyze (python)	UNKNOWN STEP	2026-09-26T11:43:49.2805224Z  ... found results file at /home/runner/work/_temp/codeql_databases/python/results/codeql/python-queries/Security/CWE-327/WeakSensitiveDataHashing.bqrs.
codeql / Analyze (python)	UNKNOWN STEP	2026-09-26T11:43:49.2816780Z Interpreting /opt/hostedtoolcache/CodeQL/2.27.1/x64/codeql/qlpacks/codeql/python-queries/1.8.11/Security/CWE-327/InsecureProtocol.ql...
codeql / Analyze (python)	UNKNOWN STEP	2026-09-26T11:43:49.2892950Z  ... found results file at /home/runner/work/_temp/codeql_databases/python/results/codeql/python-queries/Security/CWE-327/InsecureProtocol.bqrs.
codeql / Analyze (python)	UNKNOWN STEP	2026-09-26T11:43:49.2903420Z Interpreting /opt/hostedtoolcache/CodeQL/2.27.1/x64/codeql/qlpacks/codeql/python-queries/1.8.11/Security/CWE-327/BrokenCryptoAlgorithm.ql...
codeql / Analyze (python)	UNKNOWN STEP	2026-09-26T11:43:49.2946201Z  ... found results file at /home/runner/work/_temp/codeql_databases/python/results/codeql/python-queries/Security/CWE-327/BrokenCryptoAlgorithm.bqrs.
codeql / Analyze (python)	UNKNOWN STEP	2026-09-26T11:43:49.2955521Z Interpreting /opt/hostedtoolcache/CodeQL/2.27.1/x64/codeql/qlpacks/codeql/python-queries/1.8.11/Security/CWE-327/InsecureDefaultProtocol.ql...
codeql / Analyze (python)	UNKNOWN STEP	2026-09-26T11:43:49.2994022Z  ... found results file at /home/runner/work/_temp/codeql_databases/python/results/codeql/python-queries/Security/CWE-327/InsecureDefaultProtocol.bqrs.
codeql / Analyze (python)	UNKNOWN STEP	2026-09-26T11:43:49.2999805Z Interpreting /opt/hostedtoolcache/CodeQL/2.27.1/x64/codeql/qlpacks/codeql/python-queries/1.8.11/Security/CWE-614/InsecureCookie.ql...
codeql / Analyze (python)	UNKNOWN STEP	2026-09-26T11:43:49.3045771Z  ... found results file at /home/runner/work/_temp/codeql_databases/python/results/codeql/python-queries/Security/CWE-614/InsecureCookie.bqrs.
codeql / Analyze (python)	UNKNOWN STEP	2026-09-26T11:43:49.3051716Z Interpreting /opt/hostedtoolcache/CodeQL/2.27.1/x64/codeql/qlpacks/codeql/python-queries/1.8.11/Security/CWE-285/PamAuthorization.ql...
codeql / Analyze (python)	UNKNOWN STEP	2026-09-26T11:43:49.3098398Z  ... found results file at /home/runner/work/_temp/codeql_databases/python/results/codeql/python-queries/Security/CWE-285/PamAuthorization.bqrs.
codeql / Analyze (python)	UNKNOWN STEP	2026-09-26T11:43:49.3107617Z Interpreting /opt/hostedtoolcache/CodeQL/2.27.1/x64/codeql/qlpacks/codeql/python-queries/1.8.11/Security/CWE-020/IncompleteUrlSubstringSanitization.ql...
codeql / Analyze (python)	UNKNOWN STEP	2026-09-26T11:43:49.3156507Z  ... found results file at /home/runner/work/_temp/codeql_databases/python/results/codeql/python-queries/Security/CWE-020/IncompleteUrlSubstringSanitization.bqrs.
codeql / Analyze (python)	UNKNOWN STEP	2026-09-26T11:43:49.3159621Z Interpreting /opt/hostedtoolcache/CodeQL/2.27.1/x64/codeql/qlpacks/codeql/python-queries/1.8.11/Security/CWE-020/IncompleteHostnameRegExp.ql...
codeql / Analyze (python)	UNKNOWN STEP	2026-09-26T11:43:49.3217515Z  ... found results file at /home/runner/work/_temp/codeql_databases/python/results/codeql/python-queries/Security/CWE-020/IncompleteHostnameRegExp.bqrs.
codeql / Analyze (python)	UNKNOWN STEP	2026-09-26T11:43:49.3219570Z Interpreting /opt/hostedtoolcache/CodeQL/2.27.1/x64/codeql/qlpacks/codeql/python-queries/1.8.11/Security/CWE-020/OverlyLargeRange.ql...
codeql / Analyze (python)	UNKNOWN STEP	2026-09-26T11:43:49.3266147Z  ... found results file at /home/runner/work/_temp/codeql_databases/python/results/codeql/python-queries/Security/CWE-020/OverlyLargeRange.bqrs.
codeql / Analyze (python)	UNKNOWN STEP	2026-09-26T11:43:49.3271677Z Interpreting /opt/hostedtoolcache/CodeQL/2.27.1/x64/codeql/qlpacks/codeql/python-queries/1.8.11/Security/CWE-020/CookieInjection.ql...
codeql / Analyze (python)	UNKNOWN STEP	2026-09-26T11:43:49.3321673Z  ... found results file at /home/runner/work/_temp/codeql_databases/python/results/codeql/python-queries/Security/CWE-020/CookieInjection.bqrs.
codeql / Analyze (python)	UNKNOWN STEP	2026-09-26T11:43:49.3326433Z Interpreting /opt/hostedtoolcache/CodeQL/2.27.1/x64/codeql/qlpacks/codeql/python-queries/1.8.11/Security/CWE-113/HeaderInjection.ql...
codeql / Analyze (python)	UNKNOWN STEP	2026-09-26T11:43:49.3374432Z  ... found results file at /home/runner/work/_temp/codeql_databases/python/results/codeql/python-queries/Security/CWE-113/HeaderInjection.bqrs.
codeql / Analyze (python)	UNKNOWN STEP	2026-09-26T11:43:49.3380788Z Interpreting /opt/hostedtoolcache/CodeQL/2.27.1/x64/codeql/qlpacks/codeql/python-queries/1.8.11/Security/CWE-918/PartialServerSideRequestForgery.ql...
codeql / Analyze (python)	UNKNOWN STEP	2026-09-26T11:43:49.3421430Z  ... found results file at /home/runner/work/_temp/codeql_databases/python/results/codeql/python-queries/Security/CWE-918/PartialServerSideRequestForgery.bqrs.
codeql / Analyze (python)	UNKNOWN STEP	2026-09-26T11:43:49.3426337Z Interpreting /opt/hostedtoolcache/CodeQL/2.27.1/x64/codeql/qlpacks/codeql/python-queries/1.8.11/Security/CWE-079/Jinja2WithoutEscaping.ql...
codeql / Analyze (python)	UNKNOWN STEP	2026-09-26T11:43:49.3481298Z  ... found results file at /home/runner/work/_temp/codeql_databases/python/results/codeql/python-queries/Security/CWE-079/Jinja2WithoutEscaping.bqrs.
codeql / Analyze (python)	UNKNOWN STEP	2026-09-26T11:43:49.3483402Z Interpreting /opt/hostedtoolcache/CodeQL/2.27.1/x64/codeql/qlpacks/codeql/python-queries/1.8.11/Security/CWE-022/TarSlip.ql...
codeql / Analyze (python)	UNKNOWN STEP	2026-09-26T11:43:49.3522420Z  ... found results file at /home/runner/work/_temp/codeql_databases/python/results/codeql/python-queries/Security/CWE-022/TarSlip.bqrs.
codeql / Analyze (python)	UNKNOWN STEP	2026-09-26T11:43:49.3526189Z Interpreting /opt/hostedtoolcache/CodeQL/2.27.1/x64/codeql/qlpacks/codeql/python-queries/1.8.11/Security/CWE-295/RequestWithoutValidation.ql...
codeql / Analyze (python)	UNKNOWN STEP	2026-09-26T11:43:49.3573611Z  ... found results file at /home/runner/work/_temp/codeql_databases/python/results/codeql/python-queries/Security/CWE-295/RequestWithoutValidation.bqrs.
codeql / Analyze (python)	UNKNOWN STEP	2026-09-26T11:43:49.3583733Z Interpreting /opt/hostedtoolcache/CodeQL/2.27.1/x64/codeql/qlpacks/codeql/python-queries/1.8.11/Security/CWE-732/WeakFilePermissions.ql...
codeql / Analyze (python)	UNKNOWN STEP	2026-09-26T11:43:49.3608947Z  ... found results file at /home/runner/work/_temp/codeql_databases/python/results/codeql/python-queries/Security/CWE-732/WeakFilePermissions.bqrs.
codeql / Analyze (python)	UNKNOWN STEP	2026-09-26T11:43:49.3616964Z Interpreting /opt/hostedtoolcache/CodeQL/2.27.1/x64/codeql/qlpacks/codeql/python-queries/1.8.11/Security/CWE-078/UnsafeShellCommandConstruction.ql...
codeql / Analyze (python)	UNKNOWN STEP	2026-09-26T11:43:49.3652646Z  ... found results file at /home/runner/work/_temp/codeql_databases/python/results/codeql/python-queries/Security/CWE-078/UnsafeShellCommandConstruction.bqrs.
codeql / Analyze (python)	UNKNOWN STEP	2026-09-26T11:43:49.3668090Z Interpreting /opt/hostedtoolcache/CodeQL/2.27.1/x64/codeql/qlpacks/codeql/python-queries/1.8.11/Security/CWE-117/LogInjection.ql...
codeql / Analyze (python)	UNKNOWN STEP	2026-09-26T11:43:49.3695592Z  ... found results file at /home/runner/work/_temp/codeql_databases/python/results/codeql/python-queries/Security/CWE-117/LogInjection.bqrs.
codeql / Analyze (python)	UNKNOWN STEP	2026-09-26T11:43:49.3705959Z Interpreting /opt/hostedtoolcache/CodeQL/2.27.1/x64/codeql/qlpacks/codeql/python-queries/1.8.11/Diagnostics/ExtractionWarnings.ql...
codeql / Analyze (python)	UNKNOWN STEP	2026-09-26T11:43:49.3738101Z  ... found results file at /home/runner/work/_temp/codeql_databases/python/results/codeql/python-queries/Diagnostics/ExtractionWarnings.bqrs.
codeql / Analyze (python)	UNKNOWN STEP	2026-09-26T11:43:49.3741984Z Interpreting /opt/hostedtoolcache/CodeQL/2.27.1/x64/codeql/qlpacks/codeql/python-queries/1.8.11/Diagnostics/ExtractedFiles.ql...
codeql / Analyze (python)	UNKNOWN STEP	2026-09-26T11:43:49.3779152Z  ... found results file at /home/runner/work/_temp/codeql_databases/python/results/codeql/python-queries/Diagnostics/ExtractedFiles.bqrs.
codeql / Analyze (python)	UNKNOWN STEP	2026-09-26T11:43:49.3798057Z Interpreting /opt/hostedtoolcache/CodeQL/2.27.1/x64/codeql/qlpacks/codeql/python-queries/1.8.11/Summary/LinesOfUserCode.ql...
codeql / Analyze (python)	UNKNOWN STEP	2026-09-26T11:43:49.3821430Z  ... found results file at /home/runner/work/_temp/codeql_databases/python/results/codeql/python-queries/Summary/LinesOfUserCode.bqrs.
codeql / Analyze (python)	UNKNOWN STEP	2026-09-26T11:43:49.3825345Z Interpreting /opt/hostedtoolcache/CodeQL/2.27.1/x64/codeql/qlpacks/codeql/python-queries/1.8.11/Summary/LinesOfCode.ql...
codeql / Analyze (python)	UNKNOWN STEP	2026-09-26T11:43:49.3864481Z  ... found results file at /home/runner/work/_temp/codeql_databases/python/results/codeql/python-queries/Summary/LinesOfCode.bqrs.
codeql / Analyze (python)	UNKNOWN STEP	2026-09-26T11:43:49.3884254Z Interpreting /opt/hostedtoolcache/CodeQL/2.27.1/x64/codeql/qlpacks/codeql/python-queries/1.8.11/Lexical/CommentedOutCode.ql...
codeql / Analyze (python)	UNKNOWN STEP	2026-09-26T11:43:49.3907705Z  ... found results file at /home/runner/work/_temp/codeql_databases/python/results/codeql/python-queries/Lexical/CommentedOutCode.bqrs.
codeql / Analyze (python)	UNKNOWN STEP	2026-09-26T11:43:49.3918886Z Interpreting /opt/hostedtoolcache/CodeQL/2.27.1/x64/codeql/qlpacks/codeql/python-queries/1.8.11/Lexical/OldOctalLiteral.ql...
codeql / Analyze (python)	UNKNOWN STEP	2026-09-26T11:43:49.3953752Z  ... found results file at /home/runner/work/_temp/codeql_databases/python/results/codeql/python-queries/Lexical/OldOctalLiteral.bqrs.
codeql / Analyze (python)	UNKNOWN STEP	2026-09-26T11:43:49.3977575Z Interpreting /opt/hostedtoolcache/CodeQL/2.27.1/x64/codeql/qlpacks/codeql/python-queries/1.8.11/Variables/UnusedLocalVariable.ql...
codeql / Analyze (python)	UNKNOWN STEP	2026-09-26T11:43:49.4001920Z  ... found results file at /home/runner/work/_temp/codeql_databases/python/results/codeql/python-queries/Variables/UnusedLocalVariable.bqrs.
codeql / Analyze (python)	UNKNOWN STEP	2026-09-26T11:43:49.4027684Z Interpreting /opt/hostedtoolcache/CodeQL/2.27.1/x64/codeql/qlpacks/codeql/python-queries/1.8.11/Variables/GlobalAtModuleLevel.ql...
codeql / Analyze (python)	UNKNOWN STEP	2026-09-26T11:43:49.4045715Z  ... found results file at /home/runner/work/_temp/codeql_databases/python/results/codeql/python-queries/Variables/GlobalAtModuleLevel.bqrs.
codeql / Analyze (python)	UNKNOWN STEP	2026-09-26T11:43:49.4055397Z Interpreting /opt/hostedtoolcache/CodeQL/2.27.1/x64/codeql/qlpacks/codeql/python-queries/1.8.11/Variables/UndefinedPlaceHolder.ql...
codeql / Analyze (python)	UNKNOWN STEP	2026-09-26T11:43:49.4102332Z  ... found results file at /home/runner/work/_temp/codeql_databases/python/results/codeql/python-queries/Variables/UndefinedPlaceHolder.bqrs.
codeql / Analyze (python)	UNKNOWN STEP	2026-09-26T11:43:49.4112081Z Interpreting /opt/hostedtoolcache/CodeQL/2.27.1/x64/codeql/qlpacks/codeql/python-queries/1.8.11/Variables/UninitializedLocal.ql...
codeql / Analyze (python)	UNKNOWN STEP	2026-09-26T11:43:49.4148878Z  ... found results file at /home/runner/work/_temp/codeql_databases/python/results/codeql/python-queries/Variables/UninitializedLocal.bqrs.
codeql / Analyze (python)	UNKNOWN STEP	2026-09-26T11:43:49.4153933Z Interpreting /opt/hostedtoolcache/CodeQL/2.27.1/x64/codeql/qlpacks/codeql/python-queries/1.8.11/Variables/SuspiciousUnusedLoopIterationVariable.ql...
codeql / Analyze (python)	UNKNOWN STEP	2026-09-26T11:43:49.4211027Z  ... found results file at /home/runner/work/_temp/codeql_databases/python/results/codeql/python-queries/Variables/SuspiciousUnusedLoopIterationVariable.bqrs.
codeql / Analyze (python)	UNKNOWN STEP	2026-09-26T11:43:49.4214609Z Interpreting /opt/hostedtoolcache/CodeQL/2.27.1/x64/codeql/qlpacks/codeql/python-queries/1.8.11/Variables/LeakingListComprehension.ql...
codeql / Analyze (python)	UNKNOWN STEP	2026-09-26T11:43:49.4250802Z  ... found results file at /home/runner/work/_temp/codeql_databases/python/results/codeql/python-queries/Variables/LeakingListComprehension.bqrs.
codeql / Analyze (python)	UNKNOWN STEP	2026-09-26T11:43:49.4254575Z Interpreting /opt/hostedtoolcache/CodeQL/2.27.1/x64/codeql/qlpacks/codeql/python-queries/1.8.11/Variables/LoopVariableCapture/LoopVariableCapture.ql...
codeql / Analyze (python)	UNKNOWN STEP	2026-09-26T11:43:49.4291111Z  ... found results file at /home/runner/work/_temp/codeql_databases/python/results/codeql/python-queries/Variables/LoopVariableCapture/LoopVariableCapture.bqrs.
codeql / Analyze (python)	UNKNOWN STEP	2026-09-26T11:43:49.4297596Z Interpreting /opt/hostedtoolcache/CodeQL/2.27.1/x64/codeql/qlpacks/codeql/python-queries/1.8.11/Variables/UnusedModuleVariable.ql...
codeql / Analyze (python)	UNKNOWN STEP	2026-09-26T11:43:49.4331211Z  ... found results file at /home/runner/work/_temp/codeql_databases/python/results/codeql/python-queries/Variables/UnusedModuleVariable.bqrs.
codeql / Analyze (python)	UNKNOWN STEP	2026-09-26T11:43:49.4345119Z Interpreting /opt/hostedtoolcache/CodeQL/2.27.1/x64/codeql/qlpacks/codeql/python-queries/1.8.11/Variables/MultiplyDefined.ql...
codeql / Analyze (python)	UNKNOWN STEP	2026-09-26T11:43:49.4370134Z  ... found results file at /home/runner/work/_temp/codeql_databases/python/results/codeql/python-queries/Variables/MultiplyDefined.bqrs.
codeql / Analyze (python)	UNKNOWN STEP	2026-09-26T11:43:49.4373630Z Interpreting /opt/hostedtoolcache/CodeQL/2.27.1/x64/codeql/qlpacks/codeql/python-queries/1.8.11/Variables/UndefinedExport.ql...
codeql / Analyze (python)	UNKNOWN STEP	2026-09-26T11:43:49.4435182Z  ... found results file at /home/runner/work/_temp/codeql_databases/python/results/codeql/python-queries/Variables/UndefinedExport.bqrs.
codeql / Analyze (python)	UNKNOWN STEP	2026-09-26T11:43:49.4442795Z Interpreting /opt/hostedtoolcache/CodeQL/2.27.1/x64/codeql/qlpacks/codeql/python-queries/1.8.11/Imports/ImportandImportFrom.ql...
codeql / Analyze (python)	UNKNOWN STEP	2026-09-26T11:43:49.4474391Z  ... found results file at /home/runner/work/_temp/codeql_databases/python/results/codeql/python-queries/Imports/ImportandImportFrom.bqrs.
codeql / Analyze (python)	UNKNOWN STEP	2026-09-26T11:43:49.4488161Z Interpreting /opt/hostedtoolcache/CodeQL/2.27.1/x64/codeql/qlpacks/codeql/python-queries/1.8.11/Imports/ModuleLevelCyclicImport.ql...
codeql / Analyze (python)	UNKNOWN STEP	2026-09-26T11:43:49.4514013Z  ... found results file at /home/runner/work/_temp/codeql_databases/python/results/codeql/python-queries/Imports/ModuleLevelCyclicImport.bqrs.
codeql / Analyze (python)	UNKNOWN STEP	2026-09-26T11:43:49.4537983Z Interpreting /opt/hostedtoolcache/CodeQL/2.27.1/x64/codeql/qlpacks/codeql/python-queries/1.8.11/Imports/CyclicImport.ql...
codeql / Analyze (python)	UNKNOWN STEP	2026-09-26T11:43:49.4567497Z  ... found results file at /home/runner/work/_temp/codeql_databases/python/results/codeql/python-queries/Imports/CyclicImport.bqrs.
codeql / Analyze (python)	UNKNOWN STEP	2026-09-26T11:43:49.4592897Z Interpreting /opt/hostedtoolcache/CodeQL/2.27.1/x64/codeql/qlpacks/codeql/python-queries/1.8.11/Imports/ModuleImportsItself.ql...
codeql / Analyze (python)	UNKNOWN STEP	2026-09-26T11:43:49.4611715Z  ... found results file at /home/runner/work/_temp/codeql_databases/python/results/codeql/python-queries/Imports/ModuleImportsItself.bqrs.
codeql / Analyze (python)	UNKNOWN STEP	2026-09-26T11:43:49.4633141Z Interpreting /opt/hostedtoolcache/CodeQL/2.27.1/x64/codeql/qlpacks/codeql/python-queries/1.8.11/Imports/DeprecatedModule.ql...
codeql / Analyze (python)	UNKNOWN STEP	2026-09-26T11:43:49.4648753Z  ... found results file at /home/runner/work/_temp/codeql_databases/python/results/codeql/python-queries/Imports/DeprecatedModule.bqrs.
codeql / Analyze (python)	UNKNOWN STEP	2026-09-26T11:43:49.4650105Z Interpreting /opt/hostedtoolcache/CodeQL/2.27.1/x64/codeql/qlpacks/codeql/python-queries/1.8.11/Imports/SyntaxError.ql...
codeql / Analyze (python)	UNKNOWN STEP	2026-09-26T11:43:49.4668509Z  ... found results file at /home/runner/work/_temp/codeql_databases/python/results/codeql/python-queries/Imports/SyntaxError.bqrs.
codeql / Analyze (python)	UNKNOWN STEP	2026-09-26T11:43:49.4677179Z Interpreting /opt/hostedtoolcache/CodeQL/2.27.1/x64/codeql/qlpacks/codeql/python-queries/1.8.11/Imports/MultipleImports.ql...
codeql / Analyze (python)	UNKNOWN STEP	2026-09-26T11:43:49.4712107Z  ... found results file at /home/runner/work/_temp/codeql_databases/python/results/codeql/python-queries/Imports/MultipleImports.bqrs.
codeql / Analyze (python)	UNKNOWN STEP	2026-09-26T11:43:49.4734967Z Interpreting /opt/hostedtoolcache/CodeQL/2.27.1/x64/codeql/qlpacks/codeql/python-queries/1.8.11/Imports/UnintentionalImport.ql...
codeql / Analyze (python)	UNKNOWN STEP	2026-09-26T11:43:49.4760791Z  ... found results file at /home/runner/work/_temp/codeql_databases/python/results/codeql/python-queries/Imports/UnintentionalImport.bqrs.
codeql / Analyze (python)	UNKNOWN STEP	2026-09-26T11:43:49.4762263Z Interpreting /opt/hostedtoolcache/CodeQL/2.27.1/x64/codeql/qlpacks/codeql/python-queries/1.8.11/Imports/FromImportOfMutableAttribute.ql...
codeql / Analyze (python)	UNKNOWN STEP	2026-09-26T11:43:49.4788568Z  ... found results file at /home/runner/work/_temp/codeql_databases/python/results/codeql/python-queries/Imports/FromImportOfMutableAttribute.bqrs.
codeql / Analyze (python)	UNKNOWN STEP	2026-09-26T11:43:49.4806727Z Interpreting /opt/hostedtoolcache/CodeQL/2.27.1/x64/codeql/qlpacks/codeql/python-queries/1.8.11/Imports/UnusedImport.ql...
codeql / Analyze (python)	UNKNOWN STEP	2026-09-26T11:43:49.4827645Z  ... found results file at /home/runner/work/_temp/codeql_databases/python/results/codeql/python-queries/Imports/UnusedImport.bqrs.
codeql / Analyze (python)	UNKNOWN STEP	2026-09-26T11:43:49.4829601Z Interpreting /opt/hostedtoolcache/CodeQL/2.27.1/x64/codeql/qlpacks/codeql/python-queries/1.8.11/Imports/EncodingError.ql...
codeql / Analyze (python)	UNKNOWN STEP	2026-09-26T11:43:49.4865393Z  ... found results file at /home/runner/work/_temp/codeql_databases/python/results/codeql/python-queries/Imports/EncodingError.bqrs.
codeql / Analyze (python)	UNKNOWN STEP	2026-09-26T11:43:49.4867710Z Interpreting /opt/hostedtoolcache/CodeQL/2.27.1/x64/codeql/qlpacks/codeql/python-queries/1.8.11/Classes/CallsToInitDel/SuperclassInitCalledMultipleTimes.ql...
codeql / Analyze (python)	UNKNOWN STEP	2026-09-26T11:43:49.4920195Z  ... found results file at /home/runner/work/_temp/codeql_databases/python/results/codeql/python-queries/Classes/CallsToInitDel/SuperclassInitCalledMultipleTimes.bqrs.
codeql / Analyze (python)	UNKNOWN STEP	2026-09-26T11:43:49.4922149Z Interpreting /opt/hostedtoolcache/CodeQL/2.27.1/x64/codeql/qlpacks/codeql/python-queries/1.8.11/Classes/CallsToInitDel/MissingCallToDel.ql...
codeql / Analyze (python)	UNKNOWN STEP	2026-09-26T11:43:49.4938282Z  ... found results file at /home/runner/work/_temp/codeql_databases/python/results/codeql/python-queries/Classes/CallsToInitDel/MissingCallToDel.bqrs.
codeql / Analyze (python)	UNKNOWN STEP	2026-09-26T11:43:49.4949337Z Interpreting /opt/hostedtoolcache/CodeQL/2.27.1/x64/codeql/qlpacks/codeql/python-queries/1.8.11/Classes/CallsToInitDel/MissingCallToInit.ql...
codeql / Analyze (python)	UNKNOWN STEP	2026-09-26T11:43:49.4974306Z  ... found results file at /home/runner/work/_temp/codeql_databases/python/results/codeql/python-queries/Classes/CallsToInitDel/MissingCallToInit.bqrs.
codeql / Analyze (python)	UNKNOWN STEP	2026-09-26T11:43:49.4990045Z Interpreting /opt/hostedtoolcache/CodeQL/2.27.1/x64/codeql/qlpacks/codeql/python-queries/1.8.11/Classes/CallsToInitDel/SuperclassDelCalledMultipleTimes.ql...
codeql / Analyze (python)	UNKNOWN STEP	2026-09-26T11:43:49.5014638Z  ... found results file at /home/runner/work/_temp/codeql_databases/python/results/codeql/python-queries/Classes/CallsToInitDel/SuperclassDelCalledMultipleTimes.bqrs.
codeql / Analyze (python)	UNKNOWN STEP	2026-09-26T11:43:49.5017029Z Interpreting /opt/hostedtoolcache/CodeQL/2.27.1/x64/codeql/qlpacks/codeql/python-queries/1.8.11/Classes/WrongNumberArgumentsInClassInstantiation.ql...
codeql / Analyze (python)	UNKNOWN STEP	2026-09-26T11:43:49.5048186Z  ... found results file at /home/runner/work/_temp/codeql_databases/python/results/codeql/python-queries/Classes/WrongNumberArgumentsInClassInstantiation.bqrs.
codeql / Analyze (python)	UNKNOWN STEP	2026-09-26T11:43:49.5052928Z Interpreting /opt/hostedtoolcache/CodeQL/2.27.1/x64/codeql/qlpacks/codeql/python-queries/1.8.11/Classes/DefineEqualsWhenAddingAttributes.ql...
codeql / Analyze (python)	UNKNOWN STEP	2026-09-26T11:43:49.5087718Z  ... found results file at /home/runner/work/_temp/codeql_databases/python/results/codeql/python-queries/Classes/DefineEqualsWhenAddingAttributes.bqrs.
codeql / Analyze (python)	UNKNOWN STEP	2026-09-26T11:43:49.5092905Z Interpreting /opt/hostedtoolcache/CodeQL/2.27.1/x64/codeql/qlpacks/codeql/python-queries/1.8.11/Classes/SubclassShadowing/SubclassShadowing.ql...
codeql / Analyze (python)	UNKNOWN STEP	2026-09-26T11:43:49.5122230Z  ... found results file at /home/runner/work/_temp/codeql_databases/python/results/codeql/python-queries/Classes/SubclassShadowing/SubclassShadowing.bqrs.
codeql / Analyze (python)	UNKNOWN STEP	2026-09-26T11:43:49.5130501Z Interpreting /opt/hostedtoolcache/CodeQL/2.27.1/x64/codeql/qlpacks/codeql/python-queries/1.8.11/Classes/OverwritingAttributeInSuperClass.ql...
codeql / Analyze (python)	UNKNOWN STEP	2026-09-26T11:43:49.5156782Z  ... found results file at /home/runner/work/_temp/codeql_databases/python/results/codeql/python-queries/Classes/OverwritingAttributeInSuperClass.bqrs.
codeql / Analyze (python)	UNKNOWN STEP	2026-09-26T11:43:49.5170928Z Interpreting /opt/hostedtoolcache/CodeQL/2.27.1/x64/codeql/qlpacks/codeql/python-queries/1.8.11/Classes/MutatingDescriptor.ql...
codeql / Analyze (python)	UNKNOWN STEP	2026-09-26T11:43:49.5191566Z  ... found results file at /home/runner/work/_temp/codeql_databases/python/results/codeql/python-queries/Classes/MutatingDescriptor.bqrs.
codeql / Analyze (python)	UNKNOWN STEP	2026-09-26T11:43:49.5214842Z Interpreting /opt/hostedtoolcache/CodeQL/2.27.1/x64/codeql/qlpacks/codeql/python-queries/1.8.11/Classes/InitCallsSubclass/InitCallsSubclassMethod.ql...
codeql / Analyze (python)	UNKNOWN STEP	2026-09-26T11:43:49.5224946Z  ... found results file at /home/runner/work/_temp/codeql_databases/python/results/codeql/python-queries/Classes/InitCallsSubclass/InitCallsSubclassMethod.bqrs.
codeql / Analyze (python)	UNKNOWN STEP	2026-09-26T11:43:49.5240037Z Interpreting /opt/hostedtoolcache/CodeQL/2.27.1/x64/codeql/qlpacks/codeql/python-queries/1.8.11/Classes/InconsistentMRO.ql...
codeql / Analyze (python)	UNKNOWN STEP	2026-09-26T11:43:49.5262509Z  ... found results file at /home/runner/work/_temp/codeql_databases/python/results/codeql/python-queries/Classes/InconsistentMRO.bqrs.
codeql / Analyze (python)	UNKNOWN STEP	2026-09-26T11:43:49.5269812Z Interpreting /opt/hostedtoolcache/CodeQL/2.27.1/x64/codeql/qlpacks/codeql/python-queries/1.8.11/Classes/PropertyInOldStyleClass.ql...
codeql / Analyze (python)	UNKNOWN STEP	2026-09-26T11:43:49.5312211Z  ... found results file at /home/runner/work/_temp/codeql_databases/python/results/codeql/python-queries/Classes/PropertyInOldStyleClass.bqrs.
codeql / Analyze (python)	UNKNOWN STEP	2026-09-26T11:43:49.5317508Z Interpreting /opt/hostedtoolcache/CodeQL/2.27.1/x64/codeql/qlpacks/codeql/python-queries/1.8.11/Classes/SuperInOldStyleClass.ql...
codeql / Analyze (python)	UNKNOWN STEP	2026-09-26T11:43:49.5332392Z  ... found results file at /home/runner/work/_temp/codeql_databases/python/results/codeql/python-queries/Classes/SuperInOldStyleClass.bqrs.
codeql / Analyze (python)	UNKNOWN STEP	2026-09-26T11:43:49.5335887Z Interpreting /opt/hostedtoolcache/CodeQL/2.27.1/x64/codeql/qlpacks/codeql/python-queries/1.8.11/Classes/Comparisons/EqualsOrNotEquals.ql...
codeql / Analyze (python)	UNKNOWN STEP	2026-09-26T11:43:49.5370426Z  ... found results file at /home/runner/work/_temp/codeql_databases/python/results/codeql/python-queries/Classes/Comparisons/EqualsOrNotEquals.bqrs.
codeql / Analyze (python)	UNKNOWN STEP	2026-09-26T11:43:49.5397576Z Interpreting /opt/hostedtoolcache/CodeQL/2.27.1/x64/codeql/qlpacks/codeql/python-queries/1.8.11/Classes/Comparisons/EqualsOrHash.ql...
codeql / Analyze (python)	UNKNOWN STEP	2026-09-26T11:43:49.5410174Z  ... found results file at /home/runner/work/_temp/codeql_databases/python/results/codeql/python-queries/Classes/Comparisons/EqualsOrHash.bqrs.
codeql / Analyze (python)	UNKNOWN STEP	2026-09-26T11:43:49.5413664Z Interpreting /opt/hostedtoolcache/CodeQL/2.27.1/x64/codeql/qlpacks/codeql/python-queries/1.8.11/Classes/Comparisons/IncompleteOrdering.ql...
codeql / Analyze (python)	UNKNOWN STEP	2026-09-26T11:43:49.5448628Z  ... found results file at /home/runner/work/_temp/codeql_databases/python/results/codeql/python-queries/Classes/Comparisons/IncompleteOrdering.bqrs.
codeql / Analyze (python)	UNKNOWN STEP	2026-09-26T11:43:49.5456195Z Interpreting /opt/hostedtoolcache/CodeQL/2.27.1/x64/codeql/qlpacks/codeql/python-queries/1.8.11/Classes/SlotsInOldStyleClass.ql...
codeql / Analyze (python)	UNKNOWN STEP	2026-09-26T11:43:49.5490672Z  ... found results file at /home/runner/work/_temp/codeql_databases/python/results/codeql/python-queries/Classes/SlotsInOldStyleClass.bqrs.
codeql / Analyze (python)	UNKNOWN STEP	2026-09-26T11:43:49.5506063Z Interpreting /opt/hostedtoolcache/CodeQL/2.27.1/x64/codeql/qlpacks/codeql/python-queries/1.8.11/Classes/ConflictingAttributesInBaseClasses.ql...
codeql / Analyze (python)	UNKNOWN STEP	2026-09-26T11:43:49.5523830Z  ... found results file at /home/runner/work/_temp/codeql_databases/python/results/codeql/python-queries/Classes/ConflictingAttributesInBaseClasses.bqrs.
codeql / Analyze (python)	UNKNOWN STEP	2026-09-26T11:43:49.5528331Z Interpreting /opt/hostedtoolcache/CodeQL/2.27.1/x64/codeql/qlpacks/codeql/python-queries/1.8.11/Classes/WrongNameForArgumentInClassInstantiation.ql...
codeql / Analyze (python)	UNKNOWN STEP	2026-09-26T11:43:49.5561707Z  ... found results file at /home/runner/work/_temp/codeql_databases/python/results/codeql/python-queries/Classes/WrongNameForArgumentInClassInstantiation.bqrs.
codeql / Analyze (python)	UNKNOWN STEP	2026-09-26T11:43:49.5576128Z Interpreting /opt/hostedtoolcache/CodeQL/2.27.1/x64/codeql/qlpacks/codeql/python-queries/1.8.11/Expressions/ExpectedMappingForFormatString.ql...
codeql / Analyze (python)	UNKNOWN STEP	2026-09-26T11:43:49.5602095Z  ... found results file at /home/runner/work/_temp/codeql_databases/python/results/codeql/python-queries/Expressions/ExpectedMappingForFormatString.bqrs.
codeql / Analyze (python)	UNKNOWN STEP	2026-09-26T11:43:49.5605568Z Interpreting /opt/hostedtoolcache/CodeQL/2.27.1/x64/codeql/qlpacks/codeql/python-queries/1.8.11/Expressions/HashedButNoHash.ql...
codeql / Analyze (python)	UNKNOWN STEP	2026-09-26T11:43:49.5640006Z  ... found results file at /home/runner/work/_temp/codeql_databases/python/results/codeql/python-queries/Expressions/HashedButNoHash.bqrs.
codeql / Analyze (python)	UNKNOWN STEP	2026-09-26T11:43:49.5654018Z Interpreting /opt/hostedtoolcache/CodeQL/2.27.1/x64/codeql/qlpacks/codeql/python-queries/1.8.11/Expressions/UseofApply.ql...
codeql / Analyze (python)	UNKNOWN STEP	2026-09-26T11:43:49.5675033Z  ... found results file at /home/runner/work/_temp/codeql_databases/python/results/codeql/python-queries/Expressions/UseofApply.bqrs.
codeql / Analyze (python)	UNKNOWN STEP	2026-09-26T11:43:49.5698018Z Interpreting /opt/hostedtoolcache/CodeQL/2.27.1/x64/codeql/qlpacks/codeql/python-queries/1.8.11/Expressions/EqualsNone.ql...
codeql / Analyze (python)	UNKNOWN STEP	2026-09-26T11:43:49.5727455Z  ... found results file at /home/runner/work/_temp/codeql_databases/python/results/codeql/python-queries/Expressions/EqualsNone.bqrs.
codeql / Analyze (python)	UNKNOWN STEP	2026-09-26T11:43:49.5745105Z Interpreting /opt/hostedtoolcache/CodeQL/2.27.1/x64/codeql/qlpacks/codeql/python-queries/1.8.11/Expressions/UnintentionalImplicitStringConcatenation.ql...
codeql / Analyze (python)	UNKNOWN STEP	2026-09-26T11:43:49.5752435Z  ... found results file at /home/runner/work/_temp/codeql_databases/python/results/codeql/python-queries/Expressions/UnintentionalImplicitStringConcatenation.bqrs.
codeql / Analyze (python)	UNKNOWN STEP	2026-09-26T11:43:49.5754694Z Interpreting /opt/hostedtoolcache/CodeQL/2.27.1/x64/codeql/qlpacks/codeql/python-queries/1.8.11/Expressions/WrongNameForArgumentInCall.ql...
codeql / Analyze (python)	UNKNOWN STEP	2026-09-26T11:43:49.5783496Z  ... found results file at /home/runner/work/_temp/codeql_databases/python/results/codeql/python-queries/Expressions/WrongNameForArgumentInCall.bqrs.
codeql / Analyze (python)	UNKNOWN STEP	2026-09-26T11:43:49.5808244Z Interpreting /opt/hostedtoolcache/CodeQL/2.27.1/x64/codeql/qlpacks/codeql/python-queries/1.8.11/Expressions/WrongNumberArgumentsInCall.ql...
codeql / Analyze (python)	UNKNOWN STEP	2026-09-26T11:43:49.5829657Z  ... found results file at /home/runner/work/_temp/codeql_databases/python/results/codeql/python-queries/Expressions/WrongNumberArgumentsInCall.bqrs.
codeql / Analyze (python)	UNKNOWN STEP	2026-09-26T11:43:49.5831297Z Interpreting /opt/hostedtoolcache/CodeQL/2.27.1/x64/codeql/qlpacks/codeql/python-queries/1.8.11/Expressions/ContainsNonContainer.ql...
codeql / Analyze (python)	UNKNOWN STEP	2026-09-26T11:43:49.5852598Z  ... found results file at /home/runner/work/_temp/codeql_databases/python/results/codeql/python-queries/Expressions/ContainsNonContainer.bqrs.
codeql / Analyze (python)	UNKNOWN STEP	2026-09-26T11:43:49.5857187Z Interpreting /opt/hostedtoolcache/CodeQL/2.27.1/x64/codeql/qlpacks/codeql/python-queries/1.8.11/Expressions/TruncatedDivision.ql...
codeql / Analyze (python)	UNKNOWN STEP	2026-09-26T11:43:49.5888126Z  ... found results file at /home/runner/work/_temp/codeql_databases/python/results/codeql/python-queries/Expressions/TruncatedDivision.bqrs.
codeql / Analyze (python)	UNKNOWN STEP	2026-09-26T11:43:49.5892150Z Interpreting /opt/hostedtoolcache/CodeQL/2.27.1/x64/codeql/qlpacks/codeql/python-queries/1.8.11/Expressions/WrongNumberArgumentsForFormat.ql...
codeql / Analyze (python)	UNKNOWN STEP	2026-09-26T11:43:49.5921763Z  ... found results file at /home/runner/work/_temp/codeql_databases/python/results/codeql/python-queries/Expressions/WrongNumberArgumentsForFormat.bqrs.
codeql / Analyze (python)	UNKNOWN STEP	2026-09-26T11:43:49.5934611Z Interpreting /opt/hostedtoolcache/CodeQL/2.27.1/x64/codeql/qlpacks/codeql/python-queries/1.8.11/Expressions/Formatting/UnusedArgumentIn3101Format.ql...
codeql / Analyze (python)	UNKNOWN STEP	2026-09-26T11:43:49.5954882Z  ... found results file at /home/runner/work/_temp/codeql_databases/python/results/codeql/python-queries/Expressions/Formatting/UnusedArgumentIn3101Format.bqrs.
codeql / Analyze (python)	UNKNOWN STEP	2026-09-26T11:43:49.5957528Z Interpreting /opt/hostedtoolcache/CodeQL/2.27.1/x64/codeql/qlpacks/codeql/python-queries/1.8.11/Expressions/Formatting/MixedExplicitImplicitIn3101Format.ql...
codeql / Analyze (python)	UNKNOWN STEP	2026-09-26T11:43:49.5991806Z  ... found results file at /home/runner/work/_temp/codeql_databases/python/results/codeql/python-queries/Expressions/Formatting/MixedExplicitImplicitIn3101Format.bqrs.
codeql / Analyze (python)	UNKNOWN STEP	2026-09-26T11:43:49.5994136Z Interpreting /opt/hostedtoolcache/CodeQL/2.27.1/x64/codeql/qlpacks/codeql/python-queries/1.8.11/Expressions/Formatting/WrongNumberArgumentsFor3101Format.ql...
codeql / Analyze (python)	UNKNOWN STEP	2026-09-26T11:43:49.6020514Z  ... found results file at /home/runner/work/_temp/codeql_databases/python/results/codeql/python-queries/Expressions/Formatting/WrongNumberArgumentsFor3101Format.bqrs.
codeql / Analyze (python)	UNKNOWN STEP	2026-09-26T11:43:49.6023242Z Interpreting /opt/hostedtoolcache/CodeQL/2.27.1/x64/codeql/qlpacks/codeql/python-queries/1.8.11/Expressions/Formatting/UnusedNamedArgumentIn3101Format.ql...
codeql / Analyze (python)	UNKNOWN STEP	2026-09-26T11:43:49.6053356Z  ... found results file at /home/runner/work/_temp/codeql_databases/python/results/codeql/python-queries/Expressions/Formatting/UnusedNamedArgumentIn3101Format.bqrs.
codeql / Analyze (python)	UNKNOWN STEP	2026-09-26T11:43:49.6055982Z Interpreting /opt/hostedtoolcache/CodeQL/2.27.1/x64/codeql/qlpacks/codeql/python-queries/1.8.11/Expressions/Formatting/WrongNameInArgumentsFor3101Format.ql...
codeql / Analyze (python)	UNKNOWN STEP	2026-09-26T11:43:49.6107917Z  ... found results file at /home/runner/work/_temp/codeql_databases/python/results/codeql/python-queries/Expressions/Formatting/WrongNameInArgumentsFor3101Format.bqrs.
codeql / Analyze (python)	UNKNOWN STEP	2026-09-26T11:43:49.6118917Z Interpreting /opt/hostedtoolcache/CodeQL/2.27.1/x64/codeql/qlpacks/codeql/python-queries/1.8.11/Expressions/IncorrectComparisonUsingIs.ql...
codeql / Analyze (python)	UNKNOWN STEP	2026-09-26T11:43:49.6120514Z  ... found results file at /home/runner/work/_temp/codeql_databases/python/results/codeql/python-queries/Expressions/IncorrectComparisonUsingIs.bqrs.
codeql / Analyze (python)	UNKNOWN STEP	2026-09-26T11:43:49.6122494Z Interpreting /opt/hostedtoolcache/CodeQL/2.27.1/x64/codeql/qlpacks/codeql/python-queries/1.8.11/Expressions/CompareIdenticalValuesMissingSelf.ql...
codeql / Analyze (python)	UNKNOWN STEP	2026-09-26T11:43:49.6158767Z  ... found results file at /home/runner/work/_temp/codeql_databases/python/results/codeql/python-queries/Expressions/CompareIdenticalValuesMissingSelf.bqrs.
codeql / Analyze (python)	UNKNOWN STEP	2026-09-26T11:43:49.6160716Z Interpreting /opt/hostedtoolcache/CodeQL/2.27.1/x64/codeql/qlpacks/codeql/python-queries/1.8.11/Expressions/Comparisons/UselessComparisonTest.ql...
codeql / Analyze (python)	UNKNOWN STEP	2026-09-26T11:43:49.6186960Z  ... found results file at /home/runner/work/_temp/codeql_databases/python/results/codeql/python-queries/Expressions/Comparisons/UselessComparisonTest.bqrs.
codeql / Analyze (python)	UNKNOWN STEP	2026-09-26T11:43:49.6188842Z Interpreting /opt/hostedtoolcache/CodeQL/2.27.1/x64/codeql/qlpacks/codeql/python-queries/1.8.11/Expressions/CallToSuperWrongClass.ql...
codeql / Analyze (python)	UNKNOWN STEP	2026-09-26T11:43:49.6223441Z  ... found results file at /home/runner/work/_temp/codeql_databases/python/results/codeql/python-queries/Expressions/CallToSuperWrongClass.bqrs.
codeql / Analyze (python)	UNKNOWN STEP	2026-09-26T11:43:49.6224977Z Interpreting /opt/hostedtoolcache/CodeQL/2.27.1/x64/codeql/qlpacks/codeql/python-queries/1.8.11/Expressions/CompareConstants.ql...
codeql / Analyze (python)	UNKNOWN STEP	2026-09-26T11:43:49.6250722Z  ... found results file at /home/runner/work/_temp/codeql_databases/python/results/codeql/python-queries/Expressions/CompareConstants.bqrs.
codeql / Analyze (python)	UNKNOWN STEP	2026-09-26T11:43:49.6257847Z Interpreting /opt/hostedtoolcache/CodeQL/2.27.1/x64/codeql/qlpacks/codeql/python-queries/1.8.11/Expressions/UnsupportedFormatCharacter.ql...
codeql / Analyze (python)	UNKNOWN STEP	2026-09-26T11:43:49.6283964Z  ... found results file at /home/runner/work/_temp/codeql_databases/python/results/codeql/python-queries/Expressions/UnsupportedFormatCharacter.bqrs.
codeql / Analyze (python)	UNKNOWN STEP	2026-09-26T11:43:49.6293858Z Interpreting /opt/hostedtoolcache/CodeQL/2.27.1/x64/codeql/qlpacks/codeql/python-queries/1.8.11/Expressions/CompareIdenticalValues.ql...
codeql / Analyze (python)	UNKNOWN STEP	2026-09-26T11:43:49.6320591Z  ... found results file at /home/runner/work/_temp/codeql_databases/python/results/codeql/python-queries/Expressions/CompareIdenticalValues.bqrs.
codeql / Analyze (python)	UNKNOWN STEP	2026-09-26T11:43:49.6322156Z Interpreting /opt/hostedtoolcache/CodeQL/2.27.1/x64/codeql/qlpacks/codeql/python-queries/1.8.11/Expressions/Regex/UnmatchableDollar.ql...
codeql / Analyze (python)	UNKNOWN STEP	2026-09-26T11:43:49.6353828Z  ... found results file at /home/runner/work/_temp/codeql_databases/python/results/codeql/python-queries/Expressions/Regex/UnmatchableDollar.bqrs.
codeql / Analyze (python)	UNKNOWN STEP	2026-09-26T11:43:49.6360678Z Interpreting /opt/hostedtoolcache/CodeQL/2.27.1/x64/codeql/qlpacks/codeql/python-queries/1.8.11/Expressions/Regex/BackspaceEscape.ql...
codeql / Analyze (python)	UNKNOWN STEP	2026-09-26T11:43:49.6387986Z  ... found results file at /home/runner/work/_temp/codeql_databases/python/results/codeql/python-queries/Expressions/Regex/BackspaceEscape.bqrs.
codeql / Analyze (python)	UNKNOWN STEP	2026-09-26T11:43:49.6417799Z Interpreting /opt/hostedtoolcache/CodeQL/2.27.1/x64/codeql/qlpacks/codeql/python-queries/1.8.11/Expressions/Regex/UnmatchableCaret.ql...
codeql / Analyze (python)	UNKNOWN STEP	2026-09-26T11:43:49.6447663Z  ... found results file at /home/runner/work/_temp/codeql_databases/python/results/codeql/python-queries/Expressions/Regex/UnmatchableCaret.bqrs.
codeql / Analyze (python)	UNKNOWN STEP	2026-09-26T11:43:49.6458823Z Interpreting /opt/hostedtoolcache/CodeQL/2.27.1/x64/codeql/qlpacks/codeql/python-queries/1.8.11/Expressions/Regex/MissingPartSpecialGroup.ql...
codeql / Analyze (python)	UNKNOWN STEP	2026-09-26T11:43:49.6460467Z  ... found results file at /home/runner/work/_temp/codeql_databases/python/results/codeql/python-queries/Expressions/Regex/MissingPartSpecialGroup.bqrs.
codeql / Analyze (python)	UNKNOWN STEP	2026-09-26T11:43:49.6462000Z Interpreting /opt/hostedtoolcache/CodeQL/2.27.1/x64/codeql/qlpacks/codeql/python-queries/1.8.11/Expressions/Regex/DuplicateCharacterInSet.ql...
codeql / Analyze (python)	UNKNOWN STEP	2026-09-26T11:43:49.6502289Z  ... found results file at /home/runner/work/_temp/codeql_databases/python/results/codeql/python-queries/Expressions/Regex/DuplicateCharacterInSet.bqrs.
codeql / Analyze (python)	UNKNOWN STEP	2026-09-26T11:43:49.6504411Z Interpreting /opt/hostedtoolcache/CodeQL/2.27.1/x64/codeql/qlpacks/codeql/python-queries/1.8.11/Expressions/UnnecessaryLambda.ql...
codeql / Analyze (python)	UNKNOWN STEP	2026-09-26T11:43:49.6542245Z  ... found results file at /home/runner/work/_temp/codeql_databases/python/results/codeql/python-queries/Expressions/UnnecessaryLambda.bqrs.
codeql / Analyze (python)	UNKNOWN STEP	2026-09-26T11:43:49.6545224Z Interpreting /opt/hostedtoolcache/CodeQL/2.27.1/x64/codeql/qlpacks/codeql/python-queries/1.8.11/Expressions/DuplicateKeyInDictionaryLiteral.ql...
codeql / Analyze (python)	UNKNOWN STEP	2026-09-26T11:43:49.6657962Z  ... found results file at /home/runner/work/_temp/codeql_databases/python/results/codeql/python-queries/Expressions/DuplicateKeyInDictionaryLiteral.bqrs.
codeql / Analyze (python)	UNKNOWN STEP	2026-09-26T11:43:49.6660821Z Interpreting /opt/hostedtoolcache/CodeQL/2.27.1/x64/codeql/qlpacks/codeql/python-queries/1.8.11/Expressions/ExplicitCallToDel.ql...
codeql / Analyze (python)	UNKNOWN STEP	2026-09-26T11:43:49.6709839Z  ... found results file at /home/runner/work/_temp/codeql_databases/python/results/codeql/python-queries/Expressions/ExplicitCallToDel.bqrs.
codeql / Analyze (python)	UNKNOWN STEP	2026-09-26T11:43:49.6716250Z Interpreting /opt/hostedtoolcache/CodeQL/2.27.1/x64/codeql/qlpacks/codeql/python-queries/1.8.11/Expressions/NonCallableCalled.ql...
codeql / Analyze (python)	UNKNOWN STEP	2026-09-26T11:43:49.6752701Z  ... found results file at /home/runner/work/_temp/codeql_databases/python/results/codeql/python-queries/Expressions/NonCallableCalled.bqrs.
codeql / Analyze (python)	UNKNOWN STEP	2026-09-26T11:43:49.6758725Z Interpreting /opt/hostedtoolcache/CodeQL/2.27.1/x64/codeql/qlpacks/codeql/python-queries/1.8.11/Functions/IncorrectlyOverriddenMethod.ql...
codeql / Analyze (python)	UNKNOWN STEP	2026-09-26T11:43:49.6806749Z  ... found results file at /home/runner/work/_temp/codeql_databases/python/results/codeql/python-queries/Functions/IncorrectlyOverriddenMethod.bqrs.
codeql / Analyze (python)	UNKNOWN STEP	2026-09-26T11:43:49.6809637Z Interpreting /opt/hostedtoolcache/CodeQL/2.27.1/x64/codeql/qlpacks/codeql/python-queries/1.8.11/Functions/IterReturnsNonSelf.ql...
codeql / Analyze (python)	UNKNOWN STEP	2026-09-26T11:43:49.6859478Z  ... found results file at /home/runner/work/_temp/codeql_databases/python/results/codeql/python-queries/Functions/IterReturnsNonSelf.bqrs.
codeql / Analyze (python)	UNKNOWN STEP	2026-09-26T11:43:49.6867950Z Interpreting /opt/hostedtoolcache/CodeQL/2.27.1/x64/codeql/qlpacks/codeql/python-queries/1.8.11/Functions/IncorrectlySpecifiedOverriddenMethod.ql...
codeql / Analyze (python)	UNKNOWN STEP	2026-09-26T11:43:49.6963200Z  ... found results file at /home/runner/work/_temp/codeql_databases/python/results/codeql/python-queries/Functions/IncorrectlySpecifiedOverriddenMethod.bqrs.
codeql / Analyze (python)	UNKNOWN STEP	2026-09-26T11:43:49.6974815Z Interpreting /opt/hostedtoolcache/CodeQL/2.27.1/x64/codeql/qlpacks/codeql/python-queries/1.8.11/Functions/DeprecatedSliceMethod.ql...
codeql / Analyze (python)	UNKNOWN STEP	2026-09-26T11:43:49.7038369Z  ... found results file at /home/runner/work/_temp/codeql_databases/python/results/codeql/python-queries/Functions/DeprecatedSliceMethod.bqrs.
codeql / Analyze (python)	UNKNOWN STEP	2026-09-26T11:43:49.7042641Z Interpreting /opt/hostedtoolcache/CodeQL/2.27.1/x64/codeql/qlpacks/codeql/python-queries/1.8.11/Functions/InitIsGenerator.ql...
codeql / Analyze (python)	UNKNOWN STEP	2026-09-26T11:43:49.7075868Z  ... found results file at /home/runner/work/_temp/codeql_databases/python/results/codeql/python-queries/Functions/InitIsGenerator.bqrs.
codeql / Analyze (python)	UNKNOWN STEP	2026-09-26T11:43:49.7078208Z Interpreting /opt/hostedtoolcache/CodeQL/2.27.1/x64/codeql/qlpacks/codeql/python-queries/1.8.11/Functions/NonSelf.ql...
codeql / Analyze (python)	UNKNOWN STEP	2026-09-26T11:43:49.7112013Z  ... found results file at /home/runner/work/_temp/codeql_databases/python/results/codeql/python-queries/Functions/NonSelf.bqrs.
codeql / Analyze (python)	UNKNOWN STEP	2026-09-26T11:43:49.7115948Z Interpreting /opt/hostedtoolcache/CodeQL/2.27.1/x64/codeql/qlpacks/codeql/python-queries/1.8.11/Functions/IterReturnsNonIterator.ql...
codeql / Analyze (python)	UNKNOWN STEP	2026-09-26T11:43:49.7143506Z  ... found results file at /home/runner/work/_temp/codeql_databases/python/results/codeql/python-queries/Functions/IterReturnsNonIterator.bqrs.
codeql / Analyze (python)	UNKNOWN STEP	2026-09-26T11:43:49.7155812Z Interpreting /opt/hostedtoolcache/CodeQL/2.27.1/x64/codeql/qlpacks/codeql/python-queries/1.8.11/Functions/IncorrectRaiseInSpecialMethod.ql...
codeql / Analyze (python)	UNKNOWN STEP	2026-09-26T11:43:49.7178772Z  ... found results file at /home/runner/work/_temp/codeql_databases/python/results/codeql/python-queries/Functions/IncorrectRaiseInSpecialMethod.bqrs.
codeql / Analyze (python)	UNKNOWN STEP	2026-09-26T11:43:49.7182691Z Interpreting /opt/hostedtoolcache/CodeQL/2.27.1/x64/codeql/qlpacks/codeql/python-queries/1.8.11/Functions/UseImplicitNoneReturnValue.ql...
codeql / Analyze (python)	UNKNOWN STEP	2026-09-26T11:43:49.7215056Z  ... found results file at /home/runner/work/_temp/codeql_databases/python/results/codeql/python-queries/Functions/UseImplicitNoneReturnValue.bqrs.
codeql / Analyze (python)	UNKNOWN STEP	2026-09-26T11:43:49.7218746Z Interpreting /opt/hostedtoolcache/CodeQL/2.27.1/x64/codeql/qlpacks/codeql/python-queries/1.8.11/Functions/OverlyComplexDelMethod.ql...
codeql / Analyze (python)	UNKNOWN STEP	2026-09-26T11:43:49.7249266Z  ... found results file at /home/runner/work/_temp/codeql_databases/python/results/codeql/python-queries/Functions/OverlyComplexDelMethod.bqrs.
codeql / Analyze (python)	UNKNOWN STEP	2026-09-26T11:43:49.7252949Z Interpreting /opt/hostedtoolcache/CodeQL/2.27.1/x64/codeql/qlpacks/codeql/python-queries/1.8.11/Functions/ModificationOfParameterWithDefault.ql...
codeql / Analyze (python)	UNKNOWN STEP	2026-09-26T11:43:49.7281338Z  ... found results file at /home/runner/work/_temp/codeql_databases/python/results/codeql/python-queries/Functions/ModificationOfParameterWithDefault.bqrs.
codeql / Analyze (python)	UNKNOWN STEP	2026-09-26T11:43:49.7284330Z Interpreting /opt/hostedtoolcache/CodeQL/2.27.1/x64/codeql/qlpacks/codeql/python-queries/1.8.11/Functions/SignatureOverriddenMethod.ql...
codeql / Analyze (python)	UNKNOWN STEP	2026-09-26T11:43:49.7312479Z  ... found results file at /home/runner/work/_temp/codeql_databases/python/results/codeql/python-queries/Functions/SignatureOverriddenMethod.bqrs.
codeql / Analyze (python)	UNKNOWN STEP	2026-09-26T11:43:49.7315235Z Interpreting /opt/hostedtoolcache/CodeQL/2.27.1/x64/codeql/qlpacks/codeql/python-queries/1.8.11/Functions/ExplicitReturnInInit.ql...
codeql / Analyze (python)	UNKNOWN STEP	2026-09-26T11:43:49.7342817Z  ... found results file at /home/runner/work/_temp/codeql_databases/python/results/codeql/python-queries/Functions/ExplicitReturnInInit.bqrs.
codeql / Analyze (python)	UNKNOWN STEP	2026-09-26T11:43:49.7345618Z Interpreting /opt/hostedtoolcache/CodeQL/2.27.1/x64/codeql/qlpacks/codeql/python-queries/1.8.11/Functions/SignatureSpecialMethods.ql...
codeql / Analyze (python)	UNKNOWN STEP	2026-09-26T11:43:49.7373675Z  ... found results file at /home/runner/work/_temp/codeql_databases/python/results/codeql/python-queries/Functions/SignatureSpecialMethods.bqrs.
codeql / Analyze (python)	UNKNOWN STEP	2026-09-26T11:43:49.7376957Z Interpreting /opt/hostedtoolcache/CodeQL/2.27.1/x64/codeql/qlpacks/codeql/python-queries/1.8.11/Functions/ReturnConsistentTupleSizes.ql...
codeql / Analyze (python)	UNKNOWN STEP	2026-09-26T11:43:49.7404261Z  ... found results file at /home/runner/work/_temp/codeql_databases/python/results/codeql/python-queries/Functions/ReturnConsistentTupleSizes.bqrs.
codeql / Analyze (python)	UNKNOWN STEP	2026-09-26T11:43:49.7411634Z Interpreting /opt/hostedtoolcache/CodeQL/2.27.1/x64/codeql/qlpacks/codeql/python-queries/1.8.11/Functions/ConsistentReturns.ql...
codeql / Analyze (python)	UNKNOWN STEP	2026-09-26T11:43:49.7434948Z  ... found results file at /home/runner/work/_temp/codeql_databases/python/results/codeql/python-queries/Functions/ConsistentReturns.bqrs.
codeql / Analyze (python)	UNKNOWN STEP	2026-09-26T11:43:49.7437979Z Interpreting /opt/hostedtoolcache/CodeQL/2.27.1/x64/codeql/qlpacks/codeql/python-queries/1.8.11/Functions/NonCls.ql...
codeql / Analyze (python)	UNKNOWN STEP	2026-09-26T11:43:49.7463847Z  ... found results file at /home/runner/work/_temp/codeql_databases/python/results/codeql/python-queries/Functions/NonCls.bqrs.
codeql / Analyze (python)	UNKNOWN STEP	2026-09-26T11:43:49.7466391Z Interpreting /opt/hostedtoolcache/CodeQL/2.27.1/x64/codeql/qlpacks/codeql/python-queries/1.8.11/Statements/SideEffectInAssert.ql...
codeql / Analyze (python)	UNKNOWN STEP	2026-09-26T11:43:49.7507740Z  ... found results file at /home/runner/work/_temp/codeql_databases/python/results/codeql/python-queries/Statements/SideEffectInAssert.bqrs.
codeql / Analyze (python)	UNKNOWN STEP	2026-09-26T11:43:49.7512524Z Interpreting /opt/hostedtoolcache/CodeQL/2.27.1/x64/codeql/qlpacks/codeql/python-queries/1.8.11/Statements/TopLevelPrint.ql...
codeql / Analyze (python)	UNKNOWN STEP	2026-09-26T11:43:49.7521874Z  ... found results file at /home/runner/work/_temp/codeql_databases/python/results/codeql/python-queries/Statements/TopLevelPrint.bqrs.
codeql / Analyze (python)	UNKNOWN STEP	2026-09-26T11:43:49.7524406Z Interpreting /opt/hostedtoolcache/CodeQL/2.27.1/x64/codeql/qlpacks/codeql/python-queries/1.8.11/Statements/NonIteratorInForLoop.ql...
codeql / Analyze (python)	UNKNOWN STEP	2026-09-26T11:43:49.7551599Z  ... found results file at /home/runner/work/_temp/codeql_databases/python/results/codeql/python-queries/Statements/NonIteratorInForLoop.bqrs.
codeql / Analyze (python)	UNKNOWN STEP	2026-09-26T11:43:49.7575047Z Interpreting /opt/hostedtoolcache/CodeQL/2.27.1/x64/codeql/qlpacks/codeql/python-queries/1.8.11/Statements/AssertOnTuple.ql...
codeql / Analyze (python)	UNKNOWN STEP	2026-09-26T11:43:49.7587551Z  ... found results file at /home/runner/work/_temp/codeql_databases/python/results/codeql/python-queries/Statements/AssertOnTuple.bqrs.
codeql / Analyze (python)	UNKNOWN STEP	2026-09-26T11:43:49.7589275Z Interpreting /opt/hostedtoolcache/CodeQL/2.27.1/x64/codeql/qlpacks/codeql/python-queries/1.8.11/Statements/StatementNoEffect.ql...
codeql / Analyze (python)	UNKNOWN STEP	2026-09-26T11:43:49.7617407Z  ... found results file at /home/runner/work/_temp/codeql_databases/python/results/codeql/python-queries/Statements/StatementNoEffect.bqrs.
codeql / Analyze (python)	UNKNOWN STEP	2026-09-26T11:43:49.7625663Z Interpreting /opt/hostedtoolcache/CodeQL/2.27.1/x64/codeql/qlpacks/codeql/python-queries/1.8.11/Statements/NestedLoopsSameVariableWithReuse.ql...
codeql / Analyze (python)	UNKNOWN STEP	2026-09-26T11:43:49.7651094Z  ... found results file at /home/runner/work/_temp/codeql_databases/python/results/codeql/python-queries/Statements/NestedLoopsSameVariableWithReuse.bqrs.
codeql / Analyze (python)	UNKNOWN STEP	2026-09-26T11:43:49.7653926Z Interpreting /opt/hostedtoolcache/CodeQL/2.27.1/x64/codeql/qlpacks/codeql/python-queries/1.8.11/Statements/UseOfExit.ql...
codeql / Analyze (python)	UNKNOWN STEP	2026-09-26T11:43:49.7708273Z  ... found results file at /home/runner/work/_temp/codeql_databases/python/results/codeql/python-queries/Statements/UseOfExit.bqrs.
codeql / Analyze (python)	UNKNOWN STEP	2026-09-26T11:43:49.7709650Z Interpreting /opt/hostedtoolcache/CodeQL/2.27.1/x64/codeql/qlpacks/codeql/python-queries/1.8.11/Statements/BreakOrReturnInFinally.ql...
codeql / Analyze (python)	UNKNOWN STEP	2026-09-26T11:43:49.7723470Z  ... found results file at /home/runner/work/_temp/codeql_databases/python/results/codeql/python-queries/Statements/BreakOrReturnInFinally.bqrs.
codeql / Analyze (python)	UNKNOWN STEP	2026-09-26T11:43:49.7726546Z Interpreting /opt/hostedtoolcache/CodeQL/2.27.1/x64/codeql/qlpacks/codeql/python-queries/1.8.11/Statements/IterableStringOrSequence.ql...
codeql / Analyze (python)	UNKNOWN STEP	2026-09-26T11:43:49.7757385Z  ... found results file at /home/runner/work/_temp/codeql_databases/python/results/codeql/python-queries/Statements/IterableStringOrSequence.bqrs.
codeql / Analyze (python)	UNKNOWN STEP	2026-09-26T11:43:49.7760299Z Interpreting /opt/hostedtoolcache/CodeQL/2.27.1/x64/codeql/qlpacks/codeql/python-queries/1.8.11/Statements/ReturnOrYieldOutsideFunction.ql...
codeql / Analyze (python)	UNKNOWN STEP	2026-09-26T11:43:49.7799724Z  ... found results file at /home/runner/work/_temp/codeql_databases/python/results/codeql/python-queries/Statements/ReturnOrYieldOutsideFunction.bqrs.
codeql / Analyze (python)	UNKNOWN STEP	2026-09-26T11:43:49.7802559Z Interpreting /opt/hostedtoolcache/CodeQL/2.27.1/x64/codeql/qlpacks/codeql/python-queries/1.8.11/Statements/UnreachableCode.ql...
codeql / Analyze (python)	UNKNOWN STEP	2026-09-26T11:43:49.7848370Z  ... found results file at /home/runner/work/_temp/codeql_databases/python/results/codeql/python-queries/Statements/UnreachableCode.bqrs.
codeql / Analyze (python)	UNKNOWN STEP	2026-09-26T11:43:49.7871178Z Interpreting /opt/hostedtoolcache/CodeQL/2.27.1/x64/codeql/qlpacks/codeql/python-queries/1.8.11/Statements/NestedLoopsSameVariable.ql...
codeql / Analyze (python)	UNKNOWN STEP	2026-09-26T11:43:49.7914556Z  ... found results file at /home/runner/work/_temp/codeql_databases/python/results/codeql/python-queries/Statements/NestedLoopsSameVariable.bqrs.
codeql / Analyze (python)	UNKNOWN STEP	2026-09-26T11:43:49.7920103Z Interpreting /opt/hostedtoolcache/CodeQL/2.27.1/x64/codeql/qlpacks/codeql/python-queries/1.8.11/Statements/UnnecessaryDelete.ql...
codeql / Analyze (python)	UNKNOWN STEP	2026-09-26T11:43:49.7949727Z  ... found results file at /home/runner/work/_temp/codeql_databases/python/results/codeql/python-queries/Statements/UnnecessaryDelete.bqrs.
codeql / Analyze (python)	UNKNOWN STEP	2026-09-26T11:43:49.7953703Z Interpreting /opt/hostedtoolcache/CodeQL/2.27.1/x64/codeql/qlpacks/codeql/python-queries/1.8.11/Statements/UnnecessaryElseClause.ql...
codeql / Analyze (python)	UNKNOWN STEP	2026-09-26T11:43:49.7983380Z  ... found results file at /home/runner/work/_temp/codeql_databases/python/results/codeql/python-queries/Statements/UnnecessaryElseClause.bqrs.
codeql / Analyze (python)	UNKNOWN STEP	2026-09-26T11:43:49.7987058Z Interpreting /opt/hostedtoolcache/CodeQL/2.27.1/x64/codeql/qlpacks/codeql/python-queries/1.8.11/Statements/ModificationOfLocals.ql...
codeql / Analyze (python)	UNKNOWN STEP	2026-09-26T11:43:49.8016021Z  ... found results file at /home/runner/work/_temp/codeql_databases/python/results/codeql/python-queries/Statements/ModificationOfLocals.bqrs.
codeql / Analyze (python)	UNKNOWN STEP	2026-09-26T11:43:49.8019373Z Interpreting /opt/hostedtoolcache/CodeQL/2.27.1/x64/codeql/qlpacks/codeql/python-queries/1.8.11/Statements/MismatchInMultipleAssignment.ql...
codeql / Analyze (python)	UNKNOWN STEP	2026-09-26T11:43:49.8051410Z  ... found results file at /home/runner/work/_temp/codeql_databases/python/results/codeql/python-queries/Statements/MismatchInMultipleAssignment.bqrs.
codeql / Analyze (python)	UNKNOWN STEP	2026-09-26T11:43:49.8054251Z Interpreting /opt/hostedtoolcache/CodeQL/2.27.1/x64/codeql/qlpacks/codeql/python-queries/1.8.11/Statements/RedundantAssignment.ql...
codeql / Analyze (python)	UNKNOWN STEP	2026-09-26T11:43:49.8079780Z  ... found results file at /home/runner/work/_temp/codeql_databases/python/results/codeql/python-queries/Statements/RedundantAssignment.bqrs.
codeql / Analyze (python)	UNKNOWN STEP	2026-09-26T11:43:49.8082624Z Interpreting /opt/hostedtoolcache/CodeQL/2.27.1/x64/codeql/qlpacks/codeql/python-queries/1.8.11/Statements/UnnecessaryPass.ql...
codeql / Analyze (python)	UNKNOWN STEP	2026-09-26T11:43:49.8139490Z  ... found results file at /home/runner/work/_temp/codeql_databases/python/results/codeql/python-queries/Statements/UnnecessaryPass.bqrs.
codeql / Analyze (python)	UNKNOWN STEP	2026-09-26T11:43:49.8140983Z Interpreting /opt/hostedtoolcache/CodeQL/2.27.1/x64/codeql/qlpacks/codeql/python-queries/1.8.11/Statements/UnusedExceptionObject.ql...
codeql / Analyze (python)	UNKNOWN STEP	2026-09-26T11:43:49.8199151Z  ... found results file at /home/runner/work/_temp/codeql_databases/python/results/codeql/python-queries/Statements/UnusedExceptionObject.bqrs.
codeql / Analyze (python)	UNKNOWN STEP	2026-09-26T11:43:49.8200964Z Interpreting /opt/hostedtoolcache/CodeQL/2.27.1/x64/codeql/qlpacks/codeql/python-queries/1.8.11/Statements/ShouldUseWithStatement.ql...
codeql / Analyze (python)	UNKNOWN STEP	2026-09-26T11:43:49.8237659Z  ... found results file at /home/runner/work/_temp/codeql_databases/python/results/codeql/python-queries/Statements/ShouldUseWithStatement.bqrs.
codeql / Analyze (python)	UNKNOWN STEP	2026-09-26T11:43:49.8267495Z Interpreting /opt/hostedtoolcache/CodeQL/2.27.1/x64/codeql/qlpacks/codeql/python-queries/1.8.11/Statements/ConstantInConditional.ql...
codeql / Analyze (python)	UNKNOWN STEP	2026-09-26T11:43:49.8279940Z  ... found results file at /home/runner/work/_temp/codeql_databases/python/results/codeql/python-queries/Statements/ConstantInConditional.bqrs.
codeql / Analyze (python)	UNKNOWN STEP	2026-09-26T11:43:49.8281247Z Interpreting /opt/hostedtoolcache/CodeQL/2.27.1/x64/codeql/qlpacks/codeql/python-queries/1.8.11/Testing/ImpreciseAssert.ql...
codeql / Analyze (python)	UNKNOWN STEP	2026-09-26T11:43:49.8282358Z  ... found results file at /home/runner/work/_temp/codeql_databases/python/results/codeql/python-queries/Testing/ImpreciseAssert.bqrs.
codeql / Analyze (python)	UNKNOWN STEP	2026-09-26T11:43:49.8283527Z Interpreting /opt/hostedtoolcache/CodeQL/2.27.1/x64/codeql/qlpacks/codeql/python-queries/1.8.11/Numerics/Pythagorean.ql...
codeql / Analyze (python)	UNKNOWN STEP	2026-09-26T11:43:49.8337580Z  ... found results file at /home/runner/work/_temp/codeql_databases/python/results/codeql/python-queries/Numerics/Pythagorean.bqrs.
codeql / Analyze (python)	UNKNOWN STEP	2026-09-26T11:43:49.8338806Z Interpreting /opt/hostedtoolcache/CodeQL/2.27.1/x64/codeql/qlpacks/codeql/python-queries/1.8.11/Exceptions/RaisingTuple.ql...
codeql / Analyze (python)	UNKNOWN STEP	2026-09-26T11:43:49.8347624Z  ... found results file at /home/runner/work/_temp/codeql_databases/python/results/codeql/python-queries/Exceptions/RaisingTuple.bqrs.
codeql / Analyze (python)	UNKNOWN STEP	2026-09-26T11:43:49.8349322Z Interpreting /opt/hostedtoolcache/CodeQL/2.27.1/x64/codeql/qlpacks/codeql/python-queries/1.8.11/Exceptions/IllegalExceptionHandlerType.ql...
codeql / Analyze (python)	UNKNOWN STEP	2026-09-26T11:43:49.8367656Z  ... found results file at /home/runner/work/_temp/codeql_databases/python/results/codeql/python-queries/Exceptions/IllegalExceptionHandlerType.bqrs.
codeql / Analyze (python)	UNKNOWN STEP	2026-09-26T11:43:49.8368943Z Interpreting /opt/hostedtoolcache/CodeQL/2.27.1/x64/codeql/qlpacks/codeql/python-queries/1.8.11/Exceptions/IllegalRaise.ql...
codeql / Analyze (python)	UNKNOWN STEP	2026-09-26T11:43:49.8403004Z  ... found results file at /home/runner/work/_temp/codeql_databases/python/results/codeql/python-queries/Exceptions/IllegalRaise.bqrs.
codeql / Analyze (python)	UNKNOWN STEP	2026-09-26T11:43:49.8404512Z Interpreting /opt/hostedtoolcache/CodeQL/2.27.1/x64/codeql/qlpacks/codeql/python-queries/1.8.11/Exceptions/UnguardedNextInGenerator.ql...
codeql / Analyze (python)	UNKNOWN STEP	2026-09-26T11:43:49.8417315Z  ... found results file at /home/runner/work/_temp/codeql_databases/python/results/codeql/python-queries/Exceptions/UnguardedNextInGenerator.bqrs.
codeql / Analyze (python)	UNKNOWN STEP	2026-09-26T11:43:49.8419930Z Interpreting /opt/hostedtoolcache/CodeQL/2.27.1/x64/codeql/qlpacks/codeql/python-queries/1.8.11/Exceptions/IncorrectExceptOrder.ql...
codeql / Analyze (python)	UNKNOWN STEP	2026-09-26T11:43:49.8442520Z  ... found results file at /home/runner/work/_temp/codeql_databases/python/results/codeql/python-queries/Exceptions/IncorrectExceptOrder.bqrs.
codeql / Analyze (python)	UNKNOWN STEP	2026-09-26T11:43:49.8444858Z Interpreting /opt/hostedtoolcache/CodeQL/2.27.1/x64/codeql/qlpacks/codeql/python-queries/1.8.11/Exceptions/CatchingBaseException.ql...
codeql / Analyze (python)	UNKNOWN STEP	2026-09-26T11:43:49.8468849Z  ... found results file at /home/runner/work/_temp/codeql_databases/python/results/codeql/python-queries/Exceptions/CatchingBaseException.bqrs.
codeql / Analyze (python)	UNKNOWN STEP	2026-09-26T11:43:49.8471194Z Interpreting /opt/hostedtoolcache/CodeQL/2.27.1/x64/codeql/qlpacks/codeql/python-queries/1.8.11/Exceptions/EmptyExcept.ql...
codeql / Analyze (python)	UNKNOWN STEP	2026-09-26T11:43:49.8494470Z  ... found results file at /home/runner/work/_temp/codeql_databases/python/results/codeql/python-queries/Exceptions/EmptyExcept.bqrs.
codeql / Analyze (python)	UNKNOWN STEP	2026-09-26T11:43:49.8501561Z Interpreting /opt/hostedtoolcache/CodeQL/2.27.1/x64/codeql/qlpacks/codeql/python-queries/1.8.11/Exceptions/NotImplementedIsNotAnException.ql...
codeql / Analyze (python)	UNKNOWN STEP	2026-09-26T11:43:49.8521389Z  ... found results file at /home/runner/work/_temp/codeql_databases/python/results/codeql/python-queries/Exceptions/NotImplementedIsNotAnException.bqrs.
codeql / Analyze (python)	UNKNOWN STEP	2026-09-26T11:43:49.8525673Z Interpreting /opt/hostedtoolcache/CodeQL/2.27.1/x64/codeql/qlpacks/codeql/python-queries/1.8.11/Resources/FileNotAlwaysClosed.ql...
codeql / Analyze (python)	UNKNOWN STEP	2026-09-26T11:43:49.8548625Z  ... found results file at /home/runner/work/_temp/codeql_databases/python/results/codeql/python-queries/Resources/FileNotAlwaysClosed.bqrs.
codeql / Analyze (python)	UNKNOWN STEP	2026-09-26T11:43:49.9255321Z Interpreted problem query "'input' function used in Python 2" (py/use-of-input) at path /home/runner/work/_temp/codeql_databases/python/results/codeql/python-queries/Expressions/UseofInput.bqrs.
codeql / Analyze (python)	UNKNOWN STEP	2026-09-26T11:43:49.9264957Z Interpreted pathproblem query "Full server-side request forgery" (py/full-ssrf) at path /home/runner/work/_temp/codeql_databases/python/results/codeql/python-queries/Security/CWE-918/FullServerSideRequestForgery.bqrs.
codeql / Analyze (python)	UNKNOWN STEP	2026-09-26T11:43:49.9305658Z Interpreted pathproblem query "Reflected server-side cross-site scripting" (py/reflective-xss) at path /home/runner/work/_temp/codeql_databases/python/results/codeql/python-queries/Security/CWE-079/ReflectedXss.bqrs.
codeql / Analyze (python)	UNKNOWN STEP	2026-09-26T11:43:49.9308551Z Interpreted problem query "Use of weak cryptographic key" (py/weak-crypto-key) at path /home/runner/work/_temp/codeql_databases/python/results/codeql/python-queries/Security/CWE-326/WeakCryptoKey.bqrs.
codeql / Analyze (python)	UNKNOWN STEP	2026-09-26T11:43:49.9314450Z Interpreted pathproblem query "Uncontrolled data used in path expression" (py/path-injection) at path /home/runner/work/_temp/codeql_databases/python/results/codeql/python-queries/Security/CWE-022/PathInjection.bqrs.
codeql / Analyze (python)	UNKNOWN STEP	2026-09-26T11:43:49.9316476Z Interpreted problem query "Bad HTML filtering regexp" (py/bad-tag-filter) at path /home/runner/work/_temp/codeql_databases/python/results/codeql/python-queries/Security/CWE-116/BadTagFilter.bqrs.
codeql / Analyze (python)	UNKNOWN STEP	2026-09-26T11:43:49.9318557Z Interpreted pathproblem query "NoSQL Injection" (py/nosql-injection) at path /home/runner/work/_temp/codeql_databases/python/results/codeql/python-queries/Security/CWE-943/NoSqlInjection.bqrs.
codeql / Analyze (python)	UNKNOWN STEP	2026-09-26T11:43:49.9320610Z Interpreted pathproblem query "Information exposure through an exception" (py/stack-trace-exposure) at path /home/runner/work/_temp/codeql_databases/python/results/codeql/python-queries/Security/CWE-209/StackTraceExposure.bqrs.
codeql / Analyze (python)	UNKNOWN STEP	2026-09-26T11:43:49.9331442Z Interpreted pathproblem query "XPath query built from user-controlled sources" (py/xpath-injection) at path /home/runner/work/_temp/codeql_databases/python/results/codeql/python-queries/Security/CWE-643/XpathInjection.bqrs.
codeql / Analyze (python)	UNKNOWN STEP	2026-09-26T11:43:49.9334540Z Interpreted pathproblem query "Code injection" (py/code-injection) at path /home/runner/work/_temp/codeql_databases/python/results/codeql/python-queries/Security/CWE-094/CodeInjection.bqrs.
codeql / Analyze (python)	UNKNOWN STEP	2026-09-26T11:43:49.9337166Z Interpreted problem query "Insecure temporary file" (py/insecure-temporary-file) at path /home/runner/work/_temp/codeql_databases/python/results/codeql/python-queries/Security/CWE-377/InsecureTemporaryFile.bqrs.
codeql / Analyze (python)	UNKNOWN STEP	2026-09-26T11:43:49.9341176Z Interpreted pathproblem query "Polynomial regular expression used on uncontrolled data" (py/polynomial-redos) at path /home/runner/work/_temp/codeql_databases/python/results/codeql/python-queries/Security/CWE-730/PolynomialReDoS.bqrs.
codeql / Analyze (python)	UNKNOWN STEP	2026-09-26T11:43:49.9359846Z Interpreted problem query "Inefficient regular expression" (py/redos) at path /home/runner/work/_temp/codeql_databases/python/results/codeql/python-queries/Security/CWE-730/ReDoS.bqrs.
codeql / Analyze (python)	UNKNOWN STEP	2026-09-26T11:43:49.9370417Z Interpreted pathproblem query "Regular expression injection" (py/regex-injection) at path /home/runner/work/_temp/codeql_databases/python/results/codeql/python-queries/Security/CWE-730/RegexInjection.bqrs.
codeql / Analyze (python)	UNKNOWN STEP	2026-09-26T11:43:49.9379959Z Interpreted problem query "Accepting unknown SSH host keys when using Paramiko" (py/paramiko-missing-host-key-validation) at path /home/runner/work/_temp/codeql_databases/python/results/codeql/python-queries/Security/CWE-295/MissingHostKeyValidation.bqrs.
codeql / Analyze (python)	UNKNOWN STEP	2026-09-26T11:43:49.9382458Z Interpreted pathproblem query "URL redirection from remote source" (py/url-redirection) at path /home/runner/work/_temp/codeql_databases/python/results/codeql/python-queries/Security/CWE-601/UrlRedirect.bqrs.
codeql / Analyze (python)	UNKNOWN STEP	2026-09-26T11:43:49.9384375Z Interpreted pathproblem query "XML external entity expansion" (py/xxe) at path /home/runner/work/_temp/codeql_databases/python/results/codeql/python-queries/Security/CWE-611/Xxe.bqrs.
codeql / Analyze (python)	UNKNOWN STEP	2026-09-26T11:43:49.9387084Z Interpreted problem query "Sensitive cookie with `SameSite` attribute set to `None`" (py/samesite-none-cookie) at path /home/runner/work/_temp/codeql_databases/python/results/codeql/python-queries/Security/CWE-1275/SameSiteNoneCookie.bqrs.
codeql / Analyze (python)	UNKNOWN STEP	2026-09-26T11:43:49.9391979Z Interpreted problem query "CSRF protection weakened or disabled" (py/csrf-protection-disabled) at path /home/runner/work/_temp/codeql_databases/python/results/codeql/python-queries/Security/CWE-352/CSRFProtectionDisabled.bqrs.
codeql / Analyze (python)	UNKNOWN STEP	2026-09-26T11:43:49.9398128Z Interpreted pathproblem query "Clear-text storage of sensitive information" (py/clear-text-storage-sensitive-data) at path /home/runner/work/_temp/codeql_databases/python/results/codeql/python-queries/Security/CWE-312/CleartextStorage.bqrs.
codeql / Analyze (python)	UNKNOWN STEP	2026-09-26T11:43:49.9401195Z Interpreted pathproblem query "Clear-text logging of sensitive information" (py/clear-text-logging-sensitive-data) at path /home/runner/work/_temp/codeql_databases/python/results/codeql/python-queries/Security/CWE-312/CleartextLogging.bqrs.
codeql / Analyze (python)	UNKNOWN STEP	2026-09-26T11:43:49.9414343Z Interpreted pathproblem query "XML internal entity expansion" (py/xml-bomb) at path /home/runner/work/_temp/codeql_databases/python/results/codeql/python-queries/Security/CWE-776/XmlBomb.bqrs.
codeql / Analyze (python)	UNKNOWN STEP	2026-09-26T11:43:49.9416941Z Interpreted problem query "Sensitive cookie missing `HttpOnly` attribute" (py/client-exposed-cookie) at path /home/runner/work/_temp/codeql_databases/python/results/codeql/python-queries/Security/CWE-1004/NonHttpOnlyCookie.bqrs.
codeql / Analyze (python)	UNKNOWN STEP	2026-09-26T11:43:49.9427349Z Interpreted pathproblem query "Deserialization of user-controlled data" (py/unsafe-deserialization) at path /home/runner/work/_temp/codeql_databases/python/results/codeql/python-queries/Security/CWE-502/UnsafeDeserialization.bqrs.
codeql / Analyze (python)	UNKNOWN STEP	2026-09-26T11:43:49.9430393Z Interpreted pathproblem query "SQL query built from user-controlled sources" (py/sql-injection) at path /home/runner/work/_temp/codeql_databases/python/results/codeql/python-queries/Security/CWE-089/SqlInjection.bqrs.
codeql / Analyze (python)	UNKNOWN STEP	2026-09-26T11:43:49.9432702Z Interpreted pathproblem query "Binding a socket to all network interfaces" (py/bind-socket-all-network-interfaces) at path /home/runner/work/_temp/codeql_databases/python/results/codeql/python-queries/Security/CVE-2018-1281/BindToAllInterfaces.bqrs.
codeql / Analyze (python)	UNKNOWN STEP	2026-09-26T11:43:49.9438182Z Interpreted pathproblem query "Uncontrolled command line" (py/command-line-injection) at path /home/runner/work/_temp/codeql_databases/python/results/codeql/python-queries/Security/CWE-078/CommandInjection.bqrs.
codeql / Analyze (python)	UNKNOWN STEP	2026-09-26T11:43:49.9441502Z Interpreted pathproblem query "Server Side Template Injection" (py/template-injection) at path /home/runner/work/_temp/codeql_databases/python/results/codeql/python-queries/Security/CWE-074/TemplateInjection.bqrs.
codeql / Analyze (python)	UNKNOWN STEP	2026-09-26T11:43:49.9446049Z Interpreted problem query "Flask app is run in debug mode" (py/flask-debug) at path /home/runner/work/_temp/codeql_databases/python/results/codeql/python-queries/Security/CWE-215/FlaskDebug.bqrs.
codeql / Analyze (python)	UNKNOWN STEP	2026-09-26T11:43:49.9448485Z Interpreted pathproblem query "LDAP query built from user-controlled sources" (py/ldap-injection) at path /home/runner/work/_temp/codeql_databases/python/results/codeql/python-queries/Security/CWE-090/LdapInjection.bqrs.
codeql / Analyze (python)	UNKNOWN STEP	2026-09-26T11:43:49.9470783Z Interpreted pathproblem query "Use of a broken or weak cryptographic hashing algorithm on sensitive data" (py/weak-sensitive-data-hashing) at path /home/runner/work/_temp/codeql_databases/python/results/codeql/python-queries/Security/CWE-327/WeakSensitiveDataHashing.bqrs.
codeql / Analyze (python)	UNKNOWN STEP	2026-09-26T11:43:49.9473406Z Interpreted problem query "Use of insecure SSL/TLS version" (py/insecure-protocol) at path /home/runner/work/_temp/codeql_databases/python/results/codeql/python-queries/Security/CWE-327/InsecureProtocol.bqrs.
codeql / Analyze (python)	UNKNOWN STEP	2026-09-26T11:43:49.9476395Z Interpreted problem query "Use of a broken or weak cryptographic algorithm" (py/weak-cryptographic-algorithm) at path /home/runner/work/_temp/codeql_databases/python/results/codeql/python-queries/Security/CWE-327/BrokenCryptoAlgorithm.bqrs.
codeql / Analyze (python)	UNKNOWN STEP	2026-09-26T11:43:49.9479188Z Interpreted problem query "Default version of SSL/TLS may be insecure" (py/insecure-default-protocol) at path /home/runner/work/_temp/codeql_databases/python/results/codeql/python-queries/Security/CWE-327/InsecureDefaultProtocol.bqrs.
codeql / Analyze (python)	UNKNOWN STEP	2026-09-26T11:43:49.9481957Z Interpreted problem query "Failure to use secure cookies" (py/insecure-cookie) at path /home/runner/work/_temp/codeql_databases/python/results/codeql/python-queries/Security/CWE-614/InsecureCookie.bqrs.
codeql / Analyze (python)	UNKNOWN STEP	2026-09-26T11:43:49.9484400Z Interpreted pathproblem query "PAM authorization bypass due to incorrect usage" (py/pam-auth-bypass) at path /home/runner/work/_temp/codeql_databases/python/results/codeql/python-queries/Security/CWE-285/PamAuthorization.bqrs.
codeql / Analyze (python)	UNKNOWN STEP	2026-09-26T11:43:49.9487517Z Interpreted problem query "Incomplete URL substring sanitization" (py/incomplete-url-substring-sanitization) at path /home/runner/work/_temp/codeql_databases/python/results/codeql/python-queries/Security/CWE-020/IncompleteUrlSubstringSanitization.bqrs.
codeql / Analyze (python)	UNKNOWN STEP	2026-09-26T11:43:49.9494916Z Interpreted problem query "Incomplete regular expression for hostnames" (py/incomplete-hostname-regexp) at path /home/runner/work/_temp/codeql_databases/python/results/codeql/python-queries/Security/CWE-020/IncompleteHostnameRegExp.bqrs.
codeql / Analyze (python)	UNKNOWN STEP	2026-09-26T11:43:49.9497719Z Interpreted problem query "Overly permissive regular expression range" (py/overly-large-range) at path /home/runner/work/_temp/codeql_databases/python/results/codeql/python-queries/Security/CWE-020/OverlyLargeRange.bqrs.
codeql / Analyze (python)	UNKNOWN STEP	2026-09-26T11:43:49.9513820Z Interpreted pathproblem query "Construction of a cookie using user-supplied input" (py/cookie-injection) at path /home/runner/work/_temp/codeql_databases/python/results/codeql/python-queries/Security/CWE-020/CookieInjection.bqrs.
codeql / Analyze (python)	UNKNOWN STEP	2026-09-26T11:43:49.9516350Z Interpreted pathproblem query "HTTP Response Splitting" (py/http-response-splitting) at path /home/runner/work/_temp/codeql_databases/python/results/codeql/python-queries/Security/CWE-113/HeaderInjection.bqrs.
codeql / Analyze (python)	UNKNOWN STEP	2026-09-26T11:43:49.9519295Z Interpreted pathproblem query "Partial server-side request forgery" (py/partial-ssrf) at path /home/runner/work/_temp/codeql_databases/python/results/codeql/python-queries/Security/CWE-918/PartialServerSideRequestForgery.bqrs.
codeql / Analyze (python)	UNKNOWN STEP	2026-09-26T11:43:49.9522135Z Interpreted problem query "Jinja2 templating with autoescape=False" (py/jinja2/autoescape-false) at path /home/runner/work/_temp/codeql_databases/python/results/codeql/python-queries/Security/CWE-079/Jinja2WithoutEscaping.bqrs.
codeql / Analyze (python)	UNKNOWN STEP	2026-09-26T11:43:49.9524585Z Interpreted pathproblem query "Arbitrary file write during tarfile extraction" (py/tarslip) at path /home/runner/work/_temp/codeql_databases/python/results/codeql/python-queries/Security/CWE-022/TarSlip.bqrs.
codeql / Analyze (python)	UNKNOWN STEP	2026-09-26T11:43:49.9527132Z Interpreted problem query "Request without certificate validation" (py/request-without-cert-validation) at path /home/runner/work/_temp/codeql_databases/python/results/codeql/python-queries/Security/CWE-295/RequestWithoutValidation.bqrs.
codeql / Analyze (python)	UNKNOWN STEP	2026-09-26T11:43:49.9529747Z Interpreted problem query "Overly permissive file permissions" (py/overly-permissive-file) at path /home/runner/work/_temp/codeql_databases/python/results/codeql/python-queries/Security/CWE-732/WeakFilePermissions.bqrs.
codeql / Analyze (python)	UNKNOWN STEP	2026-09-26T11:43:49.9538508Z Interpreted pathproblem query "Unsafe shell command constructed from library input" (py/shell-command-constructed-from-input) at path /home/runner/work/_temp/codeql_databases/python/results/codeql/python-queries/Security/CWE-078/UnsafeShellCommandConstruction.bqrs.
codeql / Analyze (python)	UNKNOWN STEP	2026-09-26T11:43:49.9582588Z Interpreted pathproblem query "Log Injection" (py/log-injection) at path /home/runner/work/_temp/codeql_databases/python/results/codeql/python-queries/Security/CWE-117/LogInjection.bqrs.
codeql / Analyze (python)	UNKNOWN STEP	2026-09-26T11:43:49.9585360Z Interpreted diagnostic query "Python extraction warnings" (py/diagnostics/extraction-warnings) at path /home/runner/work/_temp/codeql_databases/python/results/codeql/python-queries/Diagnostics/ExtractionWarnings.bqrs.
codeql / Analyze (python)	UNKNOWN STEP	2026-09-26T11:43:49.9587994Z Interpreted diagnostic query "Extracted Python files" (py/diagnostics/successfully-extracted-files) at path /home/runner/work/_temp/codeql_databases/python/results/codeql/python-queries/Diagnostics/ExtractedFiles.bqrs.
codeql / Analyze (python)	UNKNOWN STEP	2026-09-26T11:43:49.9590496Z Interpreted metric query "Total lines of user written Python code in the database" (py/summary/lines-of-user-code) at path /home/runner/work/_temp/codeql_databases/python/results/codeql/python-queries/Summary/LinesOfUserCode.bqrs.
codeql / Analyze (python)	UNKNOWN STEP	2026-09-26T11:43:49.9593185Z Interpreted metric query "Total lines of Python code in the database" (py/summary/lines-of-code) at path /home/runner/work/_temp/codeql_databases/python/results/codeql/python-queries/Summary/LinesOfCode.bqrs.
codeql / Analyze (python)	UNKNOWN STEP	2026-09-26T11:43:49.9595408Z Interpreted problem query "Commented-out code" (py/commented-out-code) at path /home/runner/work/_temp/codeql_databases/python/results/codeql/python-queries/Lexical/CommentedOutCode.bqrs.
codeql / Analyze (python)	UNKNOWN STEP	2026-09-26T11:43:49.9597701Z Interpreted problem query "Confusing octal literal" (py/old-style-octal-literal) at path /home/runner/work/_temp/codeql_databases/python/results/codeql/python-queries/Lexical/OldOctalLiteral.bqrs.
codeql / Analyze (python)	UNKNOWN STEP	2026-09-26T11:43:49.9599641Z Interpreted problem query "Unused local variable" (py/unused-local-variable) at path /home/runner/work/_temp/codeql_databases/python/results/codeql/python-queries/Variables/UnusedLocalVariable.bqrs.
codeql / Analyze (python)	UNKNOWN STEP	2026-09-26T11:43:49.9602316Z Interpreted problem query "Use of 'global' at module level" (py/redundant-global-declaration) at path /home/runner/work/_temp/codeql_databases/python/results/codeql/python-queries/Variables/GlobalAtModuleLevel.bqrs.
codeql / Analyze (python)	UNKNOWN STEP	2026-09-26T11:43:49.9605284Z Interpreted problem query "Use of an undefined placeholder variable" (py/undefined-placeholder-variable) at path /home/runner/work/_temp/codeql_databases/python/results/codeql/python-queries/Variables/UndefinedPlaceHolder.bqrs.
codeql / Analyze (python)	UNKNOWN STEP	2026-09-26T11:43:49.9611883Z Interpreted problem query "Potentially uninitialized local variable" (py/uninitialized-local-variable) at path /home/runner/work/_temp/codeql_databases/python/results/codeql/python-queries/Variables/UninitializedLocal.bqrs.
codeql / Analyze (python)	UNKNOWN STEP	2026-09-26T11:43:49.9636041Z Interpreted problem query "Suspicious unused loop iteration variable" (py/unused-loop-variable) at path /home/runner/work/_temp/codeql_databases/python/results/codeql/python-queries/Variables/SuspiciousUnusedLoopIterationVariable.bqrs.
codeql / Analyze (python)	UNKNOWN STEP	2026-09-26T11:43:49.9651099Z Interpreted problem query "List comprehension variable used in enclosing scope" (py/leaking-list-comprehension) at path /home/runner/work/_temp/codeql_databases/python/results/codeql/python-queries/Variables/LeakingListComprehension.bqrs.
codeql / Analyze (python)	UNKNOWN STEP	2026-09-26T11:43:49.9658330Z Interpreted pathproblem query "Loop variable capture" (py/loop-variable-capture) at path /home/runner/work/_temp/codeql_databases/python/results/codeql/python-queries/Variables/LoopVariableCapture/LoopVariableCapture.bqrs.
codeql / Analyze (python)	UNKNOWN STEP	2026-09-26T11:43:49.9660455Z Interpreted problem query "Unused global variable" (py/unused-global-variable) at path /home/runner/work/_temp/codeql_databases/python/results/codeql/python-queries/Variables/UnusedModuleVariable.bqrs.
codeql / Analyze (python)	UNKNOWN STEP	2026-09-26T11:43:49.9662491Z Interpreted problem query "Variable defined multiple times" (py/multiple-definition) at path /home/runner/work/_temp/codeql_databases/python/results/codeql/python-queries/Variables/MultiplyDefined.bqrs.
codeql / Analyze (python)	UNKNOWN STEP	2026-09-26T11:43:49.9664729Z Interpreted problem query "Explicit export is not defined" (py/undefined-export) at path /home/runner/work/_temp/codeql_databases/python/results/codeql/python-queries/Variables/UndefinedExport.bqrs.
codeql / Analyze (python)	UNKNOWN STEP	2026-09-26T11:43:49.9667097Z Interpreted problem query "Module is imported with 'import' and 'import from'" (py/import-and-import-from) at path /home/runner/work/_temp/codeql_databases/python/results/codeql/python-queries/Imports/ImportandImportFrom.bqrs.
codeql / Analyze (python)	UNKNOWN STEP	2026-09-26T11:43:49.9669233Z Interpreted problem query "Module-level cyclic import" (py/unsafe-cyclic-import) at path /home/runner/work/_temp/codeql_databases/python/results/codeql/python-queries/Imports/ModuleLevelCyclicImport.bqrs.
codeql / Analyze (python)	UNKNOWN STEP	2026-09-26T11:43:49.9671132Z Interpreted problem query "Cyclic import" (py/cyclic-import) at path /home/runner/work/_temp/codeql_databases/python/results/codeql/python-queries/Imports/CyclicImport.bqrs.
codeql / Analyze (python)	UNKNOWN STEP	2026-09-26T11:43:49.9672936Z Interpreted problem query "Module imports itself" (py/import-own-module) at path /home/runner/work/_temp/codeql_databases/python/results/codeql/python-queries/Imports/ModuleImportsItself.bqrs.
codeql / Analyze (python)	UNKNOWN STEP	2026-09-26T11:43:49.9674878Z Interpreted problem query "Import of deprecated module" (py/import-deprecated-module) at path /home/runner/work/_temp/codeql_databases/python/results/codeql/python-queries/Imports/DeprecatedModule.bqrs.
codeql / Analyze (python)	UNKNOWN STEP	2026-09-26T11:43:49.9676843Z Interpreted problem query "Syntax error" (py/syntax-error) at path /home/runner/work/_temp/codeql_databases/python/results/codeql/python-queries/Imports/SyntaxError.bqrs.
codeql / Analyze (python)	UNKNOWN STEP	2026-09-26T11:43:49.9678661Z Interpreted problem query "Module is imported more than once" (py/repeated-import) at path /home/runner/work/_temp/codeql_databases/python/results/codeql/python-queries/Imports/MultipleImports.bqrs.
codeql / Analyze (python)	UNKNOWN STEP	2026-09-26T11:43:49.9682773Z Interpreted problem query "'import *' may pollute namespace" (py/polluting-import) at path /home/runner/work/_temp/codeql_databases/python/results/codeql/python-queries/Imports/UnintentionalImport.bqrs.
codeql / Analyze (python)	UNKNOWN STEP	2026-09-26T11:43:49.9684923Z Interpreted problem query "Importing value of mutable attribute" (py/import-of-mutable-attribute) at path /home/runner/work/_temp/codeql_databases/python/results/codeql/python-queries/Imports/FromImportOfMutableAttribute.bqrs.
codeql / Analyze (python)	UNKNOWN STEP	2026-09-26T11:43:49.9689565Z Interpreted problem query "Unused import" (py/unused-import) at path /home/runner/work/_temp/codeql_databases/python/results/codeql/python-queries/Imports/UnusedImport.bqrs.
codeql / Analyze (python)	UNKNOWN STEP	2026-09-26T11:43:49.9691345Z Interpreted problem query "Encoding error" (py/encoding-error) at path /home/runner/work/_temp/codeql_databases/python/results/codeql/python-queries/Imports/EncodingError.bqrs.
codeql / Analyze (python)	UNKNOWN STEP	2026-09-26T11:43:49.9693530Z Interpreted problem query "Multiple calls to `__init__` during object initialization" (py/multiple-calls-to-init) at path /home/runner/work/_temp/codeql_databases/python/results/codeql/python-queries/Classes/CallsToInitDel/SuperclassInitCalledMultipleTimes.bqrs.
codeql / Analyze (python)	UNKNOWN STEP	2026-09-26T11:43:49.9696039Z Interpreted problem query "Missing call to superclass `__del__` during object destruction" (py/missing-call-to-delete) at path /home/runner/work/_temp/codeql_databases/python/results/codeql/python-queries/Classes/CallsToInitDel/MissingCallToDel.bqrs.
codeql / Analyze (python)	UNKNOWN STEP	2026-09-26T11:43:49.9699770Z Interpreted problem query "Missing call to superclass `__init__` during object initialization" (py/missing-call-to-init) at path /home/runner/work/_temp/codeql_databases/python/results/codeql/python-queries/Classes/CallsToInitDel/MissingCallToInit.bqrs.
codeql / Analyze (python)	UNKNOWN STEP	2026-09-26T11:43:49.9702302Z Interpreted problem query "Multiple calls to `__del__` during object destruction" (py/multiple-calls-to-delete) at path /home/runner/work/_temp/codeql_databases/python/results/codeql/python-queries/Classes/CallsToInitDel/SuperclassDelCalledMultipleTimes.bqrs.
codeql / Analyze (python)	UNKNOWN STEP	2026-09-26T11:43:49.9704900Z Interpreted problem query "Wrong number of arguments in a class instantiation" (py/call/wrong-number-class-arguments) at path /home/runner/work/_temp/codeql_databases/python/results/codeql/python-queries/Classes/WrongNumberArgumentsInClassInstantiation.bqrs.
codeql / Analyze (python)	UNKNOWN STEP	2026-09-26T11:43:49.9707567Z Interpreted problem query "`__eq__` not overridden when adding attributes" (py/missing-equals) at path /home/runner/work/_temp/codeql_databases/python/results/codeql/python-queries/Classes/DefineEqualsWhenAddingAttributes.bqrs.
codeql / Analyze (python)	UNKNOWN STEP	2026-09-26T11:43:49.9711498Z Interpreted problem query "Superclass attribute shadows subclass method" (py/attribute-shadows-method) at path /home/runner/work/_temp/codeql_databases/python/results/codeql/python-queries/Classes/SubclassShadowing/SubclassShadowing.bqrs.
codeql / Analyze (python)	UNKNOWN STEP	2026-09-26T11:43:49.9714069Z Interpreted problem query "Overwriting attribute in super-class or sub-class" (py/overwritten-inherited-attribute) at path /home/runner/work/_temp/codeql_databases/python/results/codeql/python-queries/Classes/OverwritingAttributeInSuperClass.bqrs.
codeql / Analyze (python)	UNKNOWN STEP	2026-09-26T11:43:49.9716466Z Interpreted problem query "Mutation of descriptor in `__get__` or `__set__` method" (py/mutable-descriptor) at path /home/runner/work/_temp/codeql_databases/python/results/codeql/python-queries/Classes/MutatingDescriptor.bqrs.
codeql / Analyze (python)	UNKNOWN STEP	2026-09-26T11:43:49.9719669Z Interpreted problem query "`__init__` method calls overridden method" (py/init-calls-subclass) at path /home/runner/work/_temp/codeql_databases/python/results/codeql/python-queries/Classes/InitCallsSubclass/InitCallsSubclassMethod.bqrs.
codeql / Analyze (python)	UNKNOWN STEP	2026-09-26T11:43:49.9721912Z Interpreted problem query "Inconsistent method resolution order" (py/inconsistent-mro) at path /home/runner/work/_temp/codeql_databases/python/results/codeql/python-queries/Classes/InconsistentMRO.bqrs.
codeql / Analyze (python)	UNKNOWN STEP	2026-09-26T11:43:49.9724032Z Interpreted problem query "Property in old-style class" (py/property-in-old-style-class) at path /home/runner/work/_temp/codeql_databases/python/results/codeql/python-queries/Classes/PropertyInOldStyleClass.bqrs.
codeql / Analyze (python)	UNKNOWN STEP	2026-09-26T11:43:49.9726118Z Interpreted problem query "'super' in old style class" (py/super-in-old-style) at path /home/runner/work/_temp/codeql_databases/python/results/codeql/python-queries/Classes/SuperInOldStyleClass.bqrs.
codeql / Analyze (python)	UNKNOWN STEP	2026-09-26T11:43:49.9728358Z Interpreted problem query "Inconsistent equality and inequality" (py/inconsistent-equality) at path /home/runner/work/_temp/codeql_databases/python/results/codeql/python-queries/Classes/Comparisons/EqualsOrNotEquals.bqrs.
codeql / Analyze (python)	UNKNOWN STEP	2026-09-26T11:43:49.9730553Z Interpreted problem query "Inconsistent equality and hashing" (py/equals-hash-mismatch) at path /home/runner/work/_temp/codeql_databases/python/results/codeql/python-queries/Classes/Comparisons/EqualsOrHash.bqrs.
codeql / Analyze (python)	UNKNOWN STEP	2026-09-26T11:43:49.9732607Z Interpreted problem query "Incomplete ordering" (py/incomplete-ordering) at path /home/runner/work/_temp/codeql_databases/python/results/codeql/python-queries/Classes/Comparisons/IncompleteOrdering.bqrs.
codeql / Analyze (python)	UNKNOWN STEP	2026-09-26T11:43:49.9734619Z Interpreted problem query "`__slots__` in old-style class" (py/slots-in-old-style-class) at path /home/runner/work/_temp/codeql_databases/python/results/codeql/python-queries/Classes/SlotsInOldStyleClass.bqrs.
codeql / Analyze (python)	UNKNOWN STEP	2026-09-26T11:43:49.9736916Z Interpreted problem query "Conflicting attributes in base classes" (py/conflicting-attributes) at path /home/runner/work/_temp/codeql_databases/python/results/codeql/python-queries/Classes/ConflictingAttributesInBaseClasses.bqrs.
codeql / Analyze (python)	UNKNOWN STEP	2026-09-26T11:43:49.9739342Z Interpreted problem query "Wrong name for an argument in a class instantiation" (py/call/wrong-named-class-argument) at path /home/runner/work/_temp/codeql_databases/python/results/codeql/python-queries/Classes/WrongNameForArgumentInClassInstantiation.bqrs.
codeql / Analyze (python)	UNKNOWN STEP	2026-09-26T11:43:49.9741807Z Interpreted problem query "Formatted object is not a mapping" (py/percent-format/not-mapping) at path /home/runner/work/_temp/codeql_databases/python/results/codeql/python-queries/Expressions/ExpectedMappingForFormatString.bqrs.
codeql / Analyze (python)	UNKNOWN STEP	2026-09-26T11:43:49.9743914Z Interpreted problem query "Unhashable object hashed" (py/hash-unhashable-value) at path /home/runner/work/_temp/codeql_databases/python/results/codeql/python-queries/Expressions/HashedButNoHash.bqrs.
codeql / Analyze (python)	UNKNOWN STEP	2026-09-26T11:43:49.9745970Z Interpreted problem query "'apply' function used" (py/use-of-apply) at path /home/runner/work/_temp/codeql_databases/python/results/codeql/python-queries/Expressions/UseofApply.bqrs.
codeql / Analyze (python)	UNKNOWN STEP	2026-09-26T11:43:49.9747882Z Interpreted problem query "Testing equality to None" (py/test-equals-none) at path /home/runner/work/_temp/codeql_databases/python/results/codeql/python-queries/Expressions/EqualsNone.bqrs.
codeql / Analyze (python)	UNKNOWN STEP	2026-09-26T11:43:49.9750266Z Interpreted problem query "Implicit string concatenation in a list" (py/implicit-string-concatenation-in-list) at path /home/runner/work/_temp/codeql_databases/python/results/codeql/python-queries/Expressions/UnintentionalImplicitStringConcatenation.bqrs.
codeql / Analyze (python)	UNKNOWN STEP	2026-09-26T11:43:49.9763364Z Interpreted problem query "Wrong name for an argument in a call" (py/call/wrong-named-argument) at path /home/runner/work/_temp/codeql_databases/python/results/codeql/python-queries/Expressions/WrongNameForArgumentInCall.bqrs.
codeql / Analyze (python)	UNKNOWN STEP	2026-09-26T11:43:49.9775768Z Interpreted problem query "Wrong number of arguments in a call" (py/call/wrong-arguments) at path /home/runner/work/_temp/codeql_databases/python/results/codeql/python-queries/Expressions/WrongNumberArgumentsInCall.bqrs.
codeql / Analyze (python)	UNKNOWN STEP	2026-09-26T11:43:49.9778297Z Interpreted problem query "Membership test with a non-container" (py/member-test-non-container) at path /home/runner/work/_temp/codeql_databases/python/results/codeql/python-queries/Expressions/ContainsNonContainer.bqrs.
codeql / Analyze (python)	UNKNOWN STEP	2026-09-26T11:43:49.9780450Z Interpreted problem query "Result of integer division may be truncated" (py/truncated-division) at path /home/runner/work/_temp/codeql_databases/python/results/codeql/python-queries/Expressions/TruncatedDivision.bqrs.
codeql / Analyze (python)	UNKNOWN STEP	2026-09-26T11:43:49.9782677Z Interpreted problem query "Wrong number of arguments for format" (py/percent-format/wrong-arguments) at path /home/runner/work/_temp/codeql_databases/python/results/codeql/python-queries/Expressions/WrongNumberArgumentsForFormat.bqrs.
codeql / Analyze (python)	UNKNOWN STEP	2026-09-26T11:43:49.9786932Z Interpreted problem query "Unused argument in a formatting call" (py/str-format/surplus-argument) at path /home/runner/work/_temp/codeql_databases/python/results/codeql/python-queries/Expressions/Formatting/UnusedArgumentIn3101Format.bqrs.
codeql / Analyze (python)	UNKNOWN STEP	2026-09-26T11:43:49.9789520Z Interpreted problem query "Formatting string mixes implicitly and explicitly numbered fields" (py/str-format/mixed-fields) at path /home/runner/work/_temp/codeql_databases/python/results/codeql/python-queries/Expressions/Formatting/MixedExplicitImplicitIn3101Format.bqrs.
codeql / Analyze (python)	UNKNOWN STEP	2026-09-26T11:43:49.9792059Z Interpreted problem query "Too few arguments in formatting call" (py/str-format/missing-argument) at path /home/runner/work/_temp/codeql_databases/python/results/codeql/python-queries/Expressions/Formatting/WrongNumberArgumentsFor3101Format.bqrs.
codeql / Analyze (python)	UNKNOWN STEP	2026-09-26T11:43:49.9794546Z Interpreted problem query "Unused named argument in formatting call" (py/str-format/surplus-named-argument) at path /home/runner/work/_temp/codeql_databases/python/results/codeql/python-queries/Expressions/Formatting/UnusedNamedArgumentIn3101Format.bqrs.
codeql / Analyze (python)	UNKNOWN STEP	2026-09-26T11:43:49.9797251Z Interpreted problem query "Missing named arguments in formatting call" (py/str-format/missing-named-argument) at path /home/runner/work/_temp/codeql_databases/python/results/codeql/python-queries/Expressions/Formatting/WrongNameInArgumentsFor3101Format.bqrs.
codeql / Analyze (python)	UNKNOWN STEP	2026-09-26T11:43:49.9799795Z Interpreted problem query "Comparison using is when operands support `__eq__`" (py/comparison-using-is) at path /home/runner/work/_temp/codeql_databases/python/results/codeql/python-queries/Expressions/IncorrectComparisonUsingIs.bqrs.
codeql / Analyze (python)	UNKNOWN STEP	2026-09-26T11:43:49.9802103Z Interpreted problem query "Maybe missing 'self' in comparison" (py/comparison-missing-self) at path /home/runner/work/_temp/codeql_databases/python/results/codeql/python-queries/Expressions/CompareIdenticalValuesMissingSelf.bqrs.
codeql / Analyze (python)	UNKNOWN STEP	2026-09-26T11:43:49.9804237Z Interpreted problem query "Redundant comparison" (py/redundant-comparison) at path /home/runner/work/_temp/codeql_databases/python/results/codeql/python-queries/Expressions/Comparisons/UselessComparisonTest.bqrs.
codeql / Analyze (python)	UNKNOWN STEP	2026-09-26T11:43:49.9806829Z Interpreted problem query "First argument to super() is not enclosing class" (py/super-not-enclosing-class) at path /home/runner/work/_temp/codeql_databases/python/results/codeql/python-queries/Expressions/CallToSuperWrongClass.bqrs.
codeql / Analyze (python)	UNKNOWN STEP	2026-09-26T11:43:49.9809133Z Interpreted problem query "Comparison of constants" (py/comparison-of-constants) at path /home/runner/work/_temp/codeql_databases/python/results/codeql/python-queries/Expressions/CompareConstants.bqrs.
codeql / Analyze (python)	UNKNOWN STEP	2026-09-26T11:43:49.9811390Z Interpreted problem query "Unsupported format character" (py/percent-format/unsupported-character) at path /home/runner/work/_temp/codeql_databases/python/results/codeql/python-queries/Expressions/UnsupportedFormatCharacter.bqrs.
codeql / Analyze (python)	UNKNOWN STEP	2026-09-26T11:43:49.9813699Z Interpreted problem query "Comparison of identical values" (py/comparison-of-identical-expressions) at path /home/runner/work/_temp/codeql_databases/python/results/codeql/python-queries/Expressions/CompareIdenticalValues.bqrs.
codeql / Analyze (python)	UNKNOWN STEP	2026-09-26T11:43:49.9815967Z Interpreted problem query "Unmatchable dollar in regular expression" (py/regex/unmatchable-dollar) at path /home/runner/work/_temp/codeql_databases/python/results/codeql/python-queries/Expressions/Regex/UnmatchableDollar.bqrs.
codeql / Analyze (python)	UNKNOWN STEP	2026-09-26T11:43:49.9818306Z Interpreted problem query "Backspace escape in regular expression" (py/regex/backspace-escape) at path /home/runner/work/_temp/codeql_databases/python/results/codeql/python-queries/Expressions/Regex/BackspaceEscape.bqrs.
codeql / Analyze (python)	UNKNOWN STEP	2026-09-26T11:43:49.9820501Z Interpreted problem query "Unmatchable caret in regular expression" (py/regex/unmatchable-caret) at path /home/runner/work/_temp/codeql_databases/python/results/codeql/python-queries/Expressions/Regex/UnmatchableCaret.bqrs.
codeql / Analyze (python)	UNKNOWN STEP	2026-09-26T11:43:49.9822886Z Interpreted problem query "Missing part of special group in regular expression" (py/regex/incomplete-special-group) at path /home/runner/work/_temp/codeql_databases/python/results/codeql/python-queries/Expressions/Regex/MissingPartSpecialGroup.bqrs.
codeql / Analyze (python)	UNKNOWN STEP	2026-09-26T11:43:49.9825401Z Interpreted problem query "Duplication in regular expression character class" (py/regex/duplicate-in-character-class) at path /home/runner/work/_temp/codeql_databases/python/results/codeql/python-queries/Expressions/Regex/DuplicateCharacterInSet.bqrs.
codeql / Analyze (python)	UNKNOWN STEP	2026-09-26T11:43:49.9827719Z Interpreted problem query "Unnecessary lambda" (py/unnecessary-lambda) at path /home/runner/work/_temp/codeql_databases/python/results/codeql/python-queries/Expressions/UnnecessaryLambda.bqrs.
codeql / Analyze (python)	UNKNOWN STEP	2026-09-26T11:43:49.9829775Z Interpreted problem query "Duplicate key in dict literal" (py/duplicate-key-dict-literal) at path /home/runner/work/_temp/codeql_databases/python/results/codeql/python-queries/Expressions/DuplicateKeyInDictionaryLiteral.bqrs.
codeql / Analyze (python)	UNKNOWN STEP	2026-09-26T11:43:49.9831883Z Interpreted problem query "`__del__` is called explicitly" (py/explicit-call-to-delete) at path /home/runner/work/_temp/codeql_databases/python/results/codeql/python-queries/Expressions/ExplicitCallToDel.bqrs.
codeql / Analyze (python)	UNKNOWN STEP	2026-09-26T11:43:49.9833845Z Interpreted problem query "Non-callable called" (py/call-to-non-callable) at path /home/runner/work/_temp/codeql_databases/python/results/codeql/python-queries/Expressions/NonCallableCalled.bqrs.
codeql / Analyze (python)	UNKNOWN STEP	2026-09-26T11:43:49.9836099Z Interpreted problem query "Mismatch between signature and use of an overriding method" (py/inheritance/incorrect-overriding-signature) at path /home/runner/work/_temp/codeql_databases/python/results/codeql/python-queries/Functions/IncorrectlyOverriddenMethod.bqrs.
codeql / Analyze (python)	UNKNOWN STEP	2026-09-26T11:43:49.9838627Z Interpreted problem query "Iterator does not return self from `__iter__` method" (py/iter-returns-non-self) at path /home/runner/work/_temp/codeql_databases/python/results/codeql/python-queries/Functions/IterReturnsNonSelf.bqrs.
codeql / Analyze (python)	UNKNOWN STEP	2026-09-26T11:43:49.9841059Z Interpreted problem query "Mismatch between signature and use of an overridden method" (py/inheritance/incorrect-overridden-signature) at path /home/runner/work/_temp/codeql_databases/python/results/codeql/python-queries/Functions/IncorrectlySpecifiedOverriddenMethod.bqrs.
codeql / Analyze (python)	UNKNOWN STEP	2026-09-26T11:43:49.9843567Z Interpreted problem query "Deprecated slice method" (py/deprecated-slice-method) at path /home/runner/work/_temp/codeql_databases/python/results/codeql/python-queries/Functions/DeprecatedSliceMethod.bqrs.
codeql / Analyze (python)	UNKNOWN STEP	2026-09-26T11:43:49.9845675Z Interpreted problem query "`__init__` method is a generator" (py/init-method-is-generator) at path /home/runner/work/_temp/codeql_databases/python/results/codeql/python-queries/Functions/InitIsGenerator.bqrs.
codeql / Analyze (python)	UNKNOWN STEP	2026-09-26T11:43:49.9847774Z Interpreted problem query "First parameter of a method is not named 'self'" (py/not-named-self) at path /home/runner/work/_temp/codeql_databases/python/results/codeql/python-queries/Functions/NonSelf.bqrs.
codeql / Analyze (python)	UNKNOWN STEP	2026-09-26T11:43:49.9849802Z Interpreted problem query "`__iter__` method returns a non-iterator" (py/iter-returns-non-iterator) at path /home/runner/work/_temp/codeql_databases/python/results/codeql/python-queries/Functions/IterReturnsNonIterator.bqrs.
codeql / Analyze (python)	UNKNOWN STEP	2026-09-26T11:43:49.9852115Z Interpreted problem query "Non-standard exception raised in special method" (py/unexpected-raise-in-special-method) at path /home/runner/work/_temp/codeql_databases/python/results/codeql/python-queries/Functions/IncorrectRaiseInSpecialMethod.bqrs.
codeql / Analyze (python)	UNKNOWN STEP	2026-09-26T11:43:49.9854479Z Interpreted problem query "Use of the return value of a procedure" (py/procedure-return-value-used) at path /home/runner/work/_temp/codeql_databases/python/results/codeql/python-queries/Functions/UseImplicitNoneReturnValue.bqrs.
codeql / Analyze (python)	UNKNOWN STEP	2026-09-26T11:43:49.9856776Z Interpreted problem query "Overly complex `__del__` method" (py/overly-complex-delete) at path /home/runner/work/_temp/codeql_databases/python/results/codeql/python-queries/Functions/OverlyComplexDelMethod.bqrs.
codeql / Analyze (python)	UNKNOWN STEP	2026-09-26T11:43:49.9858996Z Interpreted pathproblem query "Modification of parameter with default" (py/modification-of-default-value) at path /home/runner/work/_temp/codeql_databases/python/results/codeql/python-queries/Functions/ModificationOfParameterWithDefault.bqrs.
codeql / Analyze (python)	UNKNOWN STEP	2026-09-26T11:43:49.9861327Z Interpreted problem query "Signature mismatch in overriding method" (py/inheritance/signature-mismatch) at path /home/runner/work/_temp/codeql_databases/python/results/codeql/python-queries/Functions/SignatureOverriddenMethod.bqrs.
codeql / Analyze (python)	UNKNOWN STEP	2026-09-26T11:43:49.9863515Z Interpreted problem query "`__init__` method returns a value" (py/explicit-return-in-init) at path /home/runner/work/_temp/codeql_databases/python/results/codeql/python-queries/Functions/ExplicitReturnInInit.bqrs.
codeql / Analyze (python)	UNKNOWN STEP	2026-09-26T11:43:49.9865640Z Interpreted problem query "Special method has incorrect signature" (py/special-method-wrong-signature) at path /home/runner/work/_temp/codeql_databases/python/results/codeql/python-queries/Functions/SignatureSpecialMethods.bqrs.
codeql / Analyze (python)	UNKNOWN STEP	2026-09-26T11:43:49.9867926Z Interpreted problem query "Returning tuples with varying lengths" (py/mixed-tuple-returns) at path /home/runner/work/_temp/codeql_databases/python/results/codeql/python-queries/Functions/ReturnConsistentTupleSizes.bqrs.
codeql / Analyze (python)	UNKNOWN STEP	2026-09-26T11:43:49.9870062Z Interpreted problem query "Explicit returns mixed with implicit (fall through) returns" (py/mixed-returns) at path /home/runner/work/_temp/codeql_databases/python/results/codeql/python-queries/Functions/ConsistentReturns.bqrs.
codeql / Analyze (python)	UNKNOWN STEP	2026-09-26T11:43:49.9872120Z Interpreted problem query "First parameter of a class method is not named 'cls'" (py/not-named-cls) at path /home/runner/work/_temp/codeql_databases/python/results/codeql/python-queries/Functions/NonCls.bqrs.
codeql / Analyze (python)	UNKNOWN STEP	2026-09-26T11:43:49.9874110Z Interpreted problem query "An assert statement has a side-effect" (py/side-effect-in-assert) at path /home/runner/work/_temp/codeql_databases/python/results/codeql/python-queries/Statements/SideEffectInAssert.bqrs.
codeql / Analyze (python)	UNKNOWN STEP	2026-09-26T11:43:49.9876131Z Interpreted problem query "Use of a print statement at module level" (py/print-during-import) at path /home/runner/work/_temp/codeql_databases/python/results/codeql/python-queries/Statements/TopLevelPrint.bqrs.
codeql / Analyze (python)	UNKNOWN STEP	2026-09-26T11:43:49.9878449Z Interpreted problem query "Non-iterable used in for loop" (py/non-iterable-in-for-loop) at path /home/runner/work/_temp/codeql_databases/python/results/codeql/python-queries/Statements/NonIteratorInForLoop.bqrs.
codeql / Analyze (python)	UNKNOWN STEP	2026-09-26T11:43:49.9880339Z Interpreted problem query "Asserting a tuple" (py/asserts-tuple) at path /home/runner/work/_temp/codeql_databases/python/results/codeql/python-queries/Statements/AssertOnTuple.bqrs.
codeql / Analyze (python)	UNKNOWN STEP	2026-09-26T11:43:49.9882248Z Interpreted problem query "Statement has no effect" (py/ineffectual-statement) at path /home/runner/work/_temp/codeql_databases/python/results/codeql/python-queries/Statements/StatementNoEffect.bqrs.
codeql / Analyze (python)	UNKNOWN STEP	2026-09-26T11:43:49.9884520Z Interpreted problem query "Nested loops with same variable reused after inner loop body" (py/nested-loops-with-same-variable-reused) at path /home/runner/work/_temp/codeql_databases/python/results/codeql/python-queries/Statements/NestedLoopsSameVariableWithReuse.bqrs.
codeql / Analyze (python)	UNKNOWN STEP	2026-09-26T11:43:49.9886885Z Interpreted problem query "Use of exit() or quit()" (py/use-of-exit-or-quit) at path /home/runner/work/_temp/codeql_databases/python/results/codeql/python-queries/Statements/UseOfExit.bqrs.
codeql / Analyze (python)	UNKNOWN STEP	2026-09-26T11:43:49.9888720Z Interpreted problem query "'break' or 'return' statement in finally" (py/exit-from-finally) at path /home/runner/work/_temp/codeql_databases/python/results/codeql/python-queries/Statements/BreakOrReturnInFinally.bqrs.
codeql / Analyze (python)	UNKNOWN STEP	2026-09-26T11:43:49.9890805Z Interpreted problem query "Iterable can be either a string or a sequence" (py/iteration-string-and-sequence) at path /home/runner/work/_temp/codeql_databases/python/results/codeql/python-queries/Statements/IterableStringOrSequence.bqrs.
codeql / Analyze (python)	UNKNOWN STEP	2026-09-26T11:43:49.9893100Z Interpreted problem query "Use of 'return' or 'yield' outside a function" (py/return-or-yield-outside-function) at path /home/runner/work/_temp/codeql_databases/python/results/codeql/python-queries/Statements/ReturnOrYieldOutsideFunction.bqrs.
codeql / Analyze (python)	UNKNOWN STEP	2026-09-26T11:43:49.9895211Z Interpreted problem query "Unreachable code" (py/unreachable-statement) at path /home/runner/work/_temp/codeql_databases/python/results/codeql/python-queries/Statements/UnreachableCode.bqrs.
codeql / Analyze (python)	UNKNOWN STEP	2026-09-26T11:43:49.9897352Z Interpreted problem query "Nested loops with same variable" (py/nested-loops-with-same-variable) at path /home/runner/work/_temp/codeql_databases/python/results/codeql/python-queries/Statements/NestedLoopsSameVariable.bqrs.
codeql / Analyze (python)	UNKNOWN STEP	2026-09-26T11:43:49.9899482Z Interpreted problem query "Unnecessary delete statement in function" (py/unnecessary-delete) at path /home/runner/work/_temp/codeql_databases/python/results/codeql/python-queries/Statements/UnnecessaryDelete.bqrs.
codeql / Analyze (python)	UNKNOWN STEP	2026-09-26T11:43:49.9901505Z Interpreted problem query "Unnecessary 'else' clause in loop" (py/redundant-else) at path /home/runner/work/_temp/codeql_databases/python/results/codeql/python-queries/Statements/UnnecessaryElseClause.bqrs.
codeql / Analyze (python)	UNKNOWN STEP	2026-09-26T11:43:49.9903649Z Interpreted problem query "Modification of dictionary returned by locals()" (py/modification-of-locals) at path /home/runner/work/_temp/codeql_databases/python/results/codeql/python-queries/Statements/ModificationOfLocals.bqrs.
codeql / Analyze (python)	UNKNOWN STEP	2026-09-26T11:43:49.9905904Z Interpreted problem query "Mismatch in multiple assignment" (py/mismatched-multiple-assignment) at path /home/runner/work/_temp/codeql_databases/python/results/codeql/python-queries/Statements/MismatchInMultipleAssignment.bqrs.
codeql / Analyze (python)	UNKNOWN STEP	2026-09-26T11:43:49.9908151Z Interpreted problem query "Redundant assignment" (py/redundant-assignment) at path /home/runner/work/_temp/codeql_databases/python/results/codeql/python-queries/Statements/RedundantAssignment.bqrs.
codeql / Analyze (python)	UNKNOWN STEP	2026-09-26T11:43:49.9910061Z Interpreted problem query "Unnecessary pass" (py/unnecessary-pass) at path /home/runner/work/_temp/codeql_databases/python/results/codeql/python-queries/Statements/UnnecessaryPass.bqrs.
codeql / Analyze (python)	UNKNOWN STEP	2026-09-26T11:43:49.9912082Z Interpreted problem query "Unused exception object" (py/unused-exception-object) at path /home/runner/work/_temp/codeql_databases/python/results/codeql/python-queries/Statements/UnusedExceptionObject.bqrs.
codeql / Analyze (python)	UNKNOWN STEP	2026-09-26T11:43:49.9914313Z Interpreted problem query "Should use a 'with' statement" (py/should-use-with) at path /home/runner/work/_temp/codeql_databases/python/results/codeql/python-queries/Statements/ShouldUseWithStatement.bqrs.
codeql / Analyze (python)	UNKNOWN STEP	2026-09-26T11:43:49.9916704Z Interpreted problem query "Constant in conditional expression or statement" (py/constant-conditional-expression) at path /home/runner/work/_temp/codeql_databases/python/results/codeql/python-queries/Statements/ConstantInConditional.bqrs.
codeql / Analyze (python)	UNKNOWN STEP	2026-09-26T11:43:49.9918798Z Interpreted problem query "Imprecise assert" (py/imprecise-assert) at path /home/runner/work/_temp/codeql_databases/python/results/codeql/python-queries/Testing/ImpreciseAssert.bqrs.
codeql / Analyze (python)	UNKNOWN STEP	2026-09-26T11:43:49.9920706Z Interpreted problem query "Pythagorean calculation with sub-optimal numerics" (py/pythagorean) at path /home/runner/work/_temp/codeql_databases/python/results/codeql/python-queries/Numerics/Pythagorean.bqrs.
codeql / Analyze (python)	UNKNOWN STEP	2026-09-26T11:43:49.9922594Z Interpreted problem query "Raising a tuple" (py/raises-tuple) at path /home/runner/work/_temp/codeql_databases/python/results/codeql/python-queries/Exceptions/RaisingTuple.bqrs.
codeql / Analyze (python)	UNKNOWN STEP	2026-09-26T11:43:49.9924417Z Interpreted problem query "Non-exception in 'except' clause" (py/useless-except) at path /home/runner/work/_temp/codeql_databases/python/results/codeql/python-queries/Exceptions/IllegalExceptionHandlerType.bqrs.
codeql / Analyze (python)	UNKNOWN STEP	2026-09-26T11:43:49.9926436Z Interpreted problem query "Illegal raise" (py/illegal-raise) at path /home/runner/work/_temp/codeql_databases/python/results/codeql/python-queries/Exceptions/IllegalRaise.bqrs.
codeql / Analyze (python)	UNKNOWN STEP	2026-09-26T11:43:49.9928367Z Interpreted problem query "Unguarded next in generator" (py/unguarded-next-in-generator) at path /home/runner/work/_temp/codeql_databases/python/results/codeql/python-queries/Exceptions/UnguardedNextInGenerator.bqrs.
codeql / Analyze (python)	UNKNOWN STEP	2026-09-26T11:43:49.9930550Z Interpreted problem query "Unreachable `except` block" (py/unreachable-except) at path /home/runner/work/_temp/codeql_databases/python/results/codeql/python-queries/Exceptions/IncorrectExceptOrder.bqrs.
codeql / Analyze (python)	UNKNOWN STEP	2026-09-26T11:43:49.9932620Z Interpreted problem query "Except block handles 'BaseException'" (py/catch-base-exception) at path /home/runner/work/_temp/codeql_databases/python/results/codeql/python-queries/Exceptions/CatchingBaseException.bqrs.
codeql / Analyze (python)	UNKNOWN STEP	2026-09-26T11:43:49.9934561Z Interpreted problem query "Empty except" (py/empty-except) at path /home/runner/work/_temp/codeql_databases/python/results/codeql/python-queries/Exceptions/EmptyExcept.bqrs.
codeql / Analyze (python)	UNKNOWN STEP	2026-09-26T11:43:49.9936527Z Interpreted problem query "Raising `NotImplemented`" (py/raise-not-implemented) at path /home/runner/work/_temp/codeql_databases/python/results/codeql/python-queries/Exceptions/NotImplementedIsNotAnException.bqrs.
codeql / Analyze (python)	UNKNOWN STEP	2026-09-26T11:43:49.9938724Z Interpreted problem query "File is not always closed" (py/file-not-closed) at path /home/runner/work/_temp/codeql_databases/python/results/codeql/python-queries/Resources/FileNotAlwaysClosed.bqrs.
codeql / Analyze (python)	UNKNOWN STEP	2026-09-26T11:43:49.9940134Z Reading source archive /home/runner/work/_temp/codeql_databases/python/src.zip
codeql / Analyze (python)	UNKNOWN STEP	2026-09-26T11:43:50.0367307Z Interpreting diagnostic messages...
codeql / Analyze (python)	UNKNOWN STEP	2026-09-26T11:43:50.0694081Z Found 7 raw diagnostic messages.
codeql / Analyze (python)	UNKNOWN STEP	2026-09-26T11:43:50.0816836Z Processed diagnostic messages (removed 0 due to limits, created 0 summary diagnostics for status page).
codeql / Analyze (python)	UNKNOWN STEP	2026-09-26T11:43:50.0827056Z Interpreted diagnostic messages (44ms).
codeql / Analyze (python)	UNKNOWN STEP	2026-09-26T11:43:50.1910675Z Exporting results to SARIF...
codeql / Analyze (python)	UNKNOWN STEP	2026-09-26T11:43:50.3642963Z Exported results to SARIF (173ms).
codeql / Analyze (python)	UNKNOWN STEP	2026-09-26T11:43:50.3960330Z ##[endgroup]
codeql / Analyze (python)	UNKNOWN STEP	2026-09-26T11:43:50.3961873Z To speed up pull request analysis, file coverage information is only enabled when analyzing the default branch and protected branches.
codeql / Analyze (python)	UNKNOWN STEP	2026-09-26T11:43:50.3998676Z Post-processing sarif files: ["/home/runner/work/deepseek-review-probe/results/python.sarif"]
codeql / Analyze (python)	UNKNOWN STEP	2026-09-26T11:43:50.4062266Z Adding fingerprints to SARIF file. See https://docs.github.com/en/code-security/reference/code-scanning/sarif-support-for-code-scanning#data-for-preventing-duplicated-alerts for more information.
codeql / Analyze (python)	UNKNOWN STEP	2026-09-26T11:43:50.4066133Z ##[group]Uploading code scanning results
codeql / Analyze (python)	UNKNOWN STEP	2026-09-26T11:43:50.4363446Z Uploading results
codeql / Analyze (python)	UNKNOWN STEP	2026-09-26T11:43:51.5474741Z Successfully uploaded results
codeql / Analyze (python)	UNKNOWN STEP	2026-09-26T11:43:51.5475272Z ##[endgroup]
codeql / Analyze (python)	UNKNOWN STEP	2026-09-26T11:43:51.5562792Z ##[group]Waiting for processing to finish
codeql / Analyze (python)	UNKNOWN STEP	2026-09-26T11:43:56.8578255Z Analysis upload status is complete.
codeql / Analyze (python)	UNKNOWN STEP	2026-09-26T11:43:56.8578954Z ##[endgroup]
codeql / Analyze (python)	UNKNOWN STEP	2026-09-26T11:43:57.1643851Z Post job cleanup.
codeql / Analyze (python)	UNKNOWN STEP	2026-09-26T11:43:57.3710512Z Post job cleanup.
codeql / Analyze (python)	UNKNOWN STEP	2026-09-26T11:43:57.5742713Z CodeQL job status was success.
codeql / Analyze (python)	UNKNOWN STEP	2026-09-26T11:43:57.5792220Z Sending status report for init-post step.
codeql / Analyze (python)	UNKNOWN STEP	2026-09-26T11:43:58.1187868Z Status report sent for init-post step.
codeql / Analyze (python)	UNKNOWN STEP	2026-09-26T11:43:58.1552360Z Post job cleanup.
codeql / Analyze (python)	UNKNOWN STEP	2026-09-26T11:43:58.2246987Z [command]/usr/bin/git version
codeql / Analyze (python)	UNKNOWN STEP	2026-09-26T11:43:58.2286895Z git version 2.55.0
codeql / Analyze (python)	UNKNOWN STEP	2026-09-26T11:43:58.2317064Z Temporarily overriding HOME='/home/runner/work/_temp/56c2462f-7389-4f0e-8b2f-38f75d8ea32b' before making global git config changes
codeql / Analyze (python)	UNKNOWN STEP	2026-09-26T11:43:58.2318081Z Adding repository directory to the temporary git global config as a safe directory
codeql / Analyze (python)	UNKNOWN STEP	2026-09-26T11:43:58.2321860Z [command]/usr/bin/git config --global --add safe.directory /home/runner/work/deepseek-review-probe/deepseek-review-probe/.kit
codeql / Analyze (python)	UNKNOWN STEP	2026-09-26T11:43:58.2347960Z Removing SSH command configuration
codeql / Analyze (python)	UNKNOWN STEP	2026-09-26T11:43:58.2353307Z [command]/usr/bin/git config --local --name-only --get-regexp core\.sshCommand
codeql / Analyze (python)	UNKNOWN STEP	2026-09-26T11:43:58.2382309Z [command]/usr/bin/git submodule foreach --recursive sh -c "git config --local --name-only --get-regexp 'core\.sshCommand' && git config --local --unset-all 'core.sshCommand' || :"
codeql / Analyze (python)	UNKNOWN STEP	2026-09-26T11:43:58.2587097Z Removing HTTP extra header
codeql / Analyze (python)	UNKNOWN STEP	2026-09-26T11:43:58.2593869Z [command]/usr/bin/git config --local --name-only --get-regexp http\.https\:\/\/github\.com\/\.extraheader
codeql / Analyze (python)	UNKNOWN STEP	2026-09-26T11:43:58.2623081Z [command]/usr/bin/git submodule foreach --recursive sh -c "git config --local --name-only --get-regexp 'http\.https\:\/\/github\.com\/\.extraheader' && git config --local --unset-all 'http.https://github.com/.extraheader' || :"
codeql / Analyze (python)	UNKNOWN STEP	2026-09-26T11:43:58.2825034Z Removing includeIf entries pointing to credentials config files
codeql / Analyze (python)	UNKNOWN STEP	2026-09-26T11:43:58.2833056Z [command]/usr/bin/git config --local --name-only --get-regexp ^includeIf\.gitdir:
codeql / Analyze (python)	UNKNOWN STEP	2026-09-26T11:43:58.2864935Z [command]/usr/bin/git submodule foreach --recursive git config --local --show-origin --name-only --get-regexp remote.origin.url
codeql / Analyze (python)	UNKNOWN STEP	2026-09-26T11:43:58.3203869Z Post job cleanup.
codeql / Analyze (python)	UNKNOWN STEP	2026-09-26T11:43:58.3853888Z [command]/usr/bin/git version
codeql / Analyze (python)	UNKNOWN STEP	2026-09-26T11:43:58.3889143Z git version 2.55.0
codeql / Analyze (python)	UNKNOWN STEP	2026-09-26T11:43:58.3915275Z Temporarily overriding HOME='/home/runner/work/_temp/3902dcd0-f92c-415c-b317-9a28ef4eb257' before making global git config changes
codeql / Analyze (python)	UNKNOWN STEP	2026-09-26T11:43:58.3916334Z Adding repository directory to the temporary git global config as a safe directory
codeql / Analyze (python)	UNKNOWN STEP	2026-09-26T11:43:58.3919138Z [command]/usr/bin/git config --global --add safe.directory /home/runner/work/deepseek-review-probe/deepseek-review-probe
codeql / Analyze (python)	UNKNOWN STEP	2026-09-26T11:43:58.3946556Z Removing SSH command configuration
codeql / Analyze (python)	UNKNOWN STEP	2026-09-26T11:43:58.3952028Z [command]/usr/bin/git config --local --name-only --get-regexp core\.sshCommand
codeql / Analyze (python)	UNKNOWN STEP	2026-09-26T11:43:58.3980361Z [command]/usr/bin/git submodule foreach --recursive sh -c "git config --local --name-only --get-regexp 'core\.sshCommand' && git config --local --unset-all 'core.sshCommand' || :"
codeql / Analyze (python)	UNKNOWN STEP	2026-09-26T11:43:58.4197998Z Removing HTTP extra header
codeql / Analyze (python)	UNKNOWN STEP	2026-09-26T11:43:58.4198927Z [command]/usr/bin/git config --local --name-only --get-regexp http\.https\:\/\/github\.com\/\.extraheader
codeql / Analyze (python)	UNKNOWN STEP	2026-09-26T11:43:58.4237305Z [command]/usr/bin/git submodule foreach --recursive sh -c "git config --local --name-only --get-regexp 'http\.https\:\/\/github\.com\/\.extraheader' && git config --local --unset-all 'http.https://github.com/.extraheader' || :"
codeql / Analyze (python)	UNKNOWN STEP	2026-09-26T11:43:58.4449151Z Removing includeIf entries pointing to credentials config files
codeql / Analyze (python)	UNKNOWN STEP	2026-09-26T11:43:58.4455852Z [command]/usr/bin/git config --local --name-only --get-regexp ^includeIf\.gitdir:
codeql / Analyze (python)	UNKNOWN STEP	2026-09-26T11:43:58.4487250Z [command]/usr/bin/git submodule foreach --recursive git config --local --show-origin --name-only --get-regexp remote.origin.url
codeql / Analyze (python)	UNKNOWN STEP	2026-09-26T11:43:58.4809944Z Cleaning up orphan processes
