codeql / Trivy (filesystem)	UNKNOWN STEP	﻿2026-09-26T11:37:51.2252199Z Current runner version: '2.337.0'
codeql / Trivy (filesystem)	UNKNOWN STEP	2026-09-26T11:37:51.2270634Z ##[group]Runner Image Provisioner
codeql / Trivy (filesystem)	UNKNOWN STEP	2026-09-26T11:37:51.2271305Z Hosted Compute Agent
codeql / Trivy (filesystem)	UNKNOWN STEP	2026-09-26T11:37:51.2271716Z Version: 20260828.587
codeql / Trivy (filesystem)	UNKNOWN STEP	2026-09-26T11:37:51.2272144Z Commit: abac92662cab4cc7352de4f9f9d2e2419aad9c29
codeql / Trivy (filesystem)	UNKNOWN STEP	2026-09-26T11:37:51.2272674Z Build Date: 2026-08-28T16:44:25Z
codeql / Trivy (filesystem)	UNKNOWN STEP	2026-09-26T11:37:51.2273449Z Worker ID: {478ff3be-e968-4764-bc0b-8b83947445e7}
codeql / Trivy (filesystem)	UNKNOWN STEP	2026-09-26T11:37:51.2273939Z Azure Region: centralus
codeql / Trivy (filesystem)	UNKNOWN STEP	2026-09-26T11:37:51.2274314Z ##[endgroup]
codeql / Trivy (filesystem)	UNKNOWN STEP	2026-09-26T11:37:51.2275308Z ##[group]Operating System
codeql / Trivy (filesystem)	UNKNOWN STEP	2026-09-26T11:37:51.2275723Z Ubuntu
codeql / Trivy (filesystem)	UNKNOWN STEP	2026-09-26T11:37:51.2276095Z 24.04.5
codeql / Trivy (filesystem)	UNKNOWN STEP	2026-09-26T11:37:51.2276443Z LTS
codeql / Trivy (filesystem)	UNKNOWN STEP	2026-09-26T11:37:51.2276808Z ##[endgroup]
codeql / Trivy (filesystem)	UNKNOWN STEP	2026-09-26T11:37:51.2277186Z ##[group]Runner Image
codeql / Trivy (filesystem)	UNKNOWN STEP	2026-09-26T11:37:51.2277579Z Image: ubuntu-24.04
codeql / Trivy (filesystem)	UNKNOWN STEP	2026-09-26T11:37:51.2277979Z Version: 20260920.314.1
codeql / Trivy (filesystem)	UNKNOWN STEP	2026-09-26T11:37:51.2278856Z Included Software: https://github.com/actions/runner-images/blob/ubuntu24/20260920.314/images/ubuntu/Ubuntu2404-Readme.md
codeql / Trivy (filesystem)	UNKNOWN STEP	2026-09-26T11:37:51.2279881Z Image Release: https://github.com/actions/runner-images/releases/tag/ubuntu24%2F20260920.314
codeql / Trivy (filesystem)	UNKNOWN STEP	2026-09-26T11:37:51.2280537Z ##[endgroup]
codeql / Trivy (filesystem)	UNKNOWN STEP	2026-09-26T11:37:51.2281435Z ##[group]GITHUB_TOKEN Permissions
codeql / Trivy (filesystem)	UNKNOWN STEP	2026-09-26T11:37:51.2283358Z Actions: read
codeql / Trivy (filesystem)	UNKNOWN STEP	2026-09-26T11:37:51.2283759Z Contents: read
codeql / Trivy (filesystem)	UNKNOWN STEP	2026-09-26T11:37:51.2284135Z Metadata: read
codeql / Trivy (filesystem)	UNKNOWN STEP	2026-09-26T11:37:51.2284531Z SecurityEvents: write
codeql / Trivy (filesystem)	UNKNOWN STEP	2026-09-26T11:37:51.2284932Z ##[endgroup]
codeql / Trivy (filesystem)	UNKNOWN STEP	2026-09-26T11:37:51.2286464Z Secret source: Actions
codeql / Trivy (filesystem)	UNKNOWN STEP	2026-09-26T11:37:51.2287059Z Cache mode: write
codeql / Trivy (filesystem)	UNKNOWN STEP	2026-09-26T11:37:51.2287527Z Prepare workflow directory
codeql / Trivy (filesystem)	UNKNOWN STEP	2026-09-26T11:37:51.2567639Z Prepare all required actions
codeql / Trivy (filesystem)	UNKNOWN STEP	2026-09-26T11:37:51.2616424Z Getting action download info
codeql / Trivy (filesystem)	UNKNOWN STEP	2026-09-26T11:37:51.4952232Z Download action repository 'actions/checkout@3d3c42e5aac5ba805825da76410c181273ba90b1' (SHA:3d3c42e5aac5ba805825da76410c181273ba90b1)
codeql / Trivy (filesystem)	UNKNOWN STEP	2026-09-26T11:37:53.5795575Z Download action repository 'aquasecurity/trivy-action@ed142fd0673e97e23eac54620cfb913e5ce36c25' (SHA:ed142fd0673e97e23eac54620cfb913e5ce36c25)
codeql / Trivy (filesystem)	UNKNOWN STEP	2026-09-26T11:37:53.9421544Z Download action repository 'github/codeql-action@2892aa5e19bbd11bc0cff5427e3b750a04d9e3c2' (SHA:2892aa5e19bbd11bc0cff5427e3b750a04d9e3c2)
codeql / Trivy (filesystem)	UNKNOWN STEP	2026-09-26T11:37:54.7170731Z Getting action download info
codeql / Trivy (filesystem)	UNKNOWN STEP	2026-09-26T11:37:54.8520877Z Download action repository 'aquasecurity/setup-trivy@3fb12ec12f41e471780db15c232d5dd185dcb514' (SHA:3fb12ec12f41e471780db15c232d5dd185dcb514)
codeql / Trivy (filesystem)	UNKNOWN STEP	2026-09-26T11:37:54.9926288Z Download action repository 'actions/cache@27d5ce7f107fe9357f9df03efb73ab90386fccae' (SHA:27d5ce7f107fe9357f9df03efb73ab90386fccae)
codeql / Trivy (filesystem)	UNKNOWN STEP	2026-09-26T11:37:55.4490140Z Getting action download info
codeql / Trivy (filesystem)	UNKNOWN STEP	2026-09-26T11:37:55.6125792Z Download action repository 'actions/cache@9255dc7a253b0ccc959486e2bca901246202afeb' (SHA:9255dc7a253b0ccc959486e2bca901246202afeb)
codeql / Trivy (filesystem)	UNKNOWN STEP	2026-09-26T11:37:56.0959894Z Download action repository 'actions/checkout@8e8c483db84b4bee98b60c0593521ed34d9990e8' (SHA:8e8c483db84b4bee98b60c0593521ed34d9990e8)
codeql / Trivy (filesystem)	UNKNOWN STEP	2026-09-26T11:37:56.2716168Z Uses: tznthou/deepseek-code-review/.github/workflows/reusable-codeql.yml@refs/tags/v1.4.1 (96c5bf9822857caf775cca0072511042d6fd3de1)
codeql / Trivy (filesystem)	UNKNOWN STEP	2026-09-26T11:37:56.2719021Z ##[group] Inputs
codeql / Trivy (filesystem)	UNKNOWN STEP	2026-09-26T11:37:56.2719318Z   languages: ["python"]
codeql / Trivy (filesystem)	UNKNOWN STEP	2026-09-26T11:37:56.2719598Z   build-mode: none
codeql / Trivy (filesystem)	UNKNOWN STEP	2026-09-26T11:37:56.2719815Z   kit-ref: v1.4.1
codeql / Trivy (filesystem)	UNKNOWN STEP	2026-09-26T11:37:56.2720053Z   config-file: 
codeql / Trivy (filesystem)	UNKNOWN STEP	2026-09-26T11:37:56.2720502Z   skip-trivy: false
codeql / Trivy (filesystem)	UNKNOWN STEP	2026-09-26T11:37:56.2720739Z ##[endgroup]
codeql / Trivy (filesystem)	UNKNOWN STEP	2026-09-26T11:37:56.2720990Z Complete job name: codeql / Trivy (filesystem)
codeql / Trivy (filesystem)	UNKNOWN STEP	2026-09-26T11:37:56.3237488Z ##[group]Run actions/checkout@3d3c42e5aac5ba805825da76410c181273ba90b1
codeql / Trivy (filesystem)	UNKNOWN STEP	2026-09-26T11:37:56.3238034Z with:
codeql / Trivy (filesystem)	UNKNOWN STEP	2026-09-26T11:37:56.3238276Z   persist-credentials: false
codeql / Trivy (filesystem)	UNKNOWN STEP	2026-09-26T11:37:56.3238544Z   repository: tznthou/deepseek-review-probe
codeql / Trivy (filesystem)	UNKNOWN STEP	2026-09-26T11:37:56.3240284Z   token: ***
codeql / Trivy (filesystem)	UNKNOWN STEP	2026-09-26T11:37:56.3240509Z   ssh-strict: true
codeql / Trivy (filesystem)	UNKNOWN STEP	2026-09-26T11:37:56.3240733Z   ssh-user: git
codeql / Trivy (filesystem)	UNKNOWN STEP	2026-09-26T11:37:56.3240954Z   clean: true
codeql / Trivy (filesystem)	UNKNOWN STEP	2026-09-26T11:37:56.3241190Z   sparse-checkout-cone-mode: true
codeql / Trivy (filesystem)	UNKNOWN STEP	2026-09-26T11:37:56.3241620Z   fetch-depth: 1
codeql / Trivy (filesystem)	UNKNOWN STEP	2026-09-26T11:37:56.3241831Z   fetch-tags: false
codeql / Trivy (filesystem)	UNKNOWN STEP	2026-09-26T11:37:56.3242075Z   show-progress: true
codeql / Trivy (filesystem)	UNKNOWN STEP	2026-09-26T11:37:56.3242303Z   lfs: false
codeql / Trivy (filesystem)	UNKNOWN STEP	2026-09-26T11:37:56.3242544Z   submodules: false
codeql / Trivy (filesystem)	UNKNOWN STEP	2026-09-26T11:37:56.3242770Z   set-safe-directory: true
codeql / Trivy (filesystem)	UNKNOWN STEP	2026-09-26T11:37:56.3243285Z   allow-unsafe-pr-checkout: false
codeql / Trivy (filesystem)	UNKNOWN STEP	2026-09-26T11:37:56.3243731Z ##[endgroup]
codeql / Trivy (filesystem)	UNKNOWN STEP	2026-09-26T11:37:56.3993347Z Syncing repository: tznthou/deepseek-review-probe
codeql / Trivy (filesystem)	UNKNOWN STEP	2026-09-26T11:37:56.3995238Z ##[group]Getting Git version info
codeql / Trivy (filesystem)	UNKNOWN STEP	2026-09-26T11:37:56.3995821Z Working directory is '/home/runner/work/deepseek-review-probe/deepseek-review-probe'
codeql / Trivy (filesystem)	UNKNOWN STEP	2026-09-26T11:37:56.4014462Z [command]/usr/bin/git version
codeql / Trivy (filesystem)	UNKNOWN STEP	2026-09-26T11:37:56.5908885Z git version 2.55.0
codeql / Trivy (filesystem)	UNKNOWN STEP	2026-09-26T11:37:56.5924470Z ##[endgroup]
codeql / Trivy (filesystem)	UNKNOWN STEP	2026-09-26T11:37:56.5933370Z Temporarily overriding HOME='/home/runner/work/_temp/e0efbd63-ce90-49c9-949d-0f3e0d15c643' before making global git config changes
codeql / Trivy (filesystem)	UNKNOWN STEP	2026-09-26T11:37:56.5934521Z Adding repository directory to the temporary git global config as a safe directory
codeql / Trivy (filesystem)	UNKNOWN STEP	2026-09-26T11:37:56.5938715Z [command]/usr/bin/git config --global --add safe.directory /home/runner/work/deepseek-review-probe/deepseek-review-probe
codeql / Trivy (filesystem)	UNKNOWN STEP	2026-09-26T11:37:56.6183829Z Deleting the contents of '/home/runner/work/deepseek-review-probe/deepseek-review-probe'
codeql / Trivy (filesystem)	UNKNOWN STEP	2026-09-26T11:37:56.6186583Z ##[group]Determining repository object format
codeql / Trivy (filesystem)	UNKNOWN STEP	2026-09-26T11:37:56.6187882Z ##[endgroup]
codeql / Trivy (filesystem)	UNKNOWN STEP	2026-09-26T11:37:56.6188333Z ##[group]Initializing the repository
codeql / Trivy (filesystem)	UNKNOWN STEP	2026-09-26T11:37:56.6191414Z [command]/usr/bin/git init /home/runner/work/deepseek-review-probe/deepseek-review-probe
codeql / Trivy (filesystem)	UNKNOWN STEP	2026-09-26T11:37:56.6863384Z hint: Using 'master' as the name for the initial branch. This default branch name
codeql / Trivy (filesystem)	UNKNOWN STEP	2026-09-26T11:37:56.6864081Z hint: will change to "main" in Git 3.0. To configure the initial branch name
codeql / Trivy (filesystem)	UNKNOWN STEP	2026-09-26T11:37:56.6864495Z hint: to use in all of your new repositories, which will suppress this warning,
codeql / Trivy (filesystem)	UNKNOWN STEP	2026-09-26T11:37:56.6864827Z hint: call:
codeql / Trivy (filesystem)	UNKNOWN STEP	2026-09-26T11:37:56.6865066Z hint:
codeql / Trivy (filesystem)	UNKNOWN STEP	2026-09-26T11:37:56.6865437Z hint: 	git config --global init.defaultBranch <name>
codeql / Trivy (filesystem)	UNKNOWN STEP	2026-09-26T11:37:56.6865742Z hint:
codeql / Trivy (filesystem)	UNKNOWN STEP	2026-09-26T11:37:56.6866019Z hint: Names commonly chosen instead of 'master' are 'main', 'trunk' and
codeql / Trivy (filesystem)	UNKNOWN STEP	2026-09-26T11:37:56.6866853Z hint: 'development'. The just-created branch can be renamed via this command:
codeql / Trivy (filesystem)	UNKNOWN STEP	2026-09-26T11:37:56.6867353Z hint:
codeql / Trivy (filesystem)	UNKNOWN STEP	2026-09-26T11:37:56.6867604Z hint: 	git branch -m <name>
codeql / Trivy (filesystem)	UNKNOWN STEP	2026-09-26T11:37:56.6867839Z hint:
codeql / Trivy (filesystem)	UNKNOWN STEP	2026-09-26T11:37:56.6868134Z hint: Disable this message with "git config set advice.defaultBranchName false"
codeql / Trivy (filesystem)	UNKNOWN STEP	2026-09-26T11:37:56.6870366Z Initialized empty Git repository in /home/runner/work/deepseek-review-probe/deepseek-review-probe/.git/
codeql / Trivy (filesystem)	UNKNOWN STEP	2026-09-26T11:37:56.6879649Z [command]/usr/bin/git remote add origin https://github.com/tznthou/deepseek-review-probe
codeql / Trivy (filesystem)	UNKNOWN STEP	2026-09-26T11:37:56.7540714Z ##[endgroup]
codeql / Trivy (filesystem)	UNKNOWN STEP	2026-09-26T11:37:56.7541479Z ##[group]Disabling automatic garbage collection
codeql / Trivy (filesystem)	UNKNOWN STEP	2026-09-26T11:37:56.7545118Z [command]/usr/bin/git config --local gc.auto 0
codeql / Trivy (filesystem)	UNKNOWN STEP	2026-09-26T11:37:56.7584151Z ##[endgroup]
codeql / Trivy (filesystem)	UNKNOWN STEP	2026-09-26T11:37:56.7584694Z ##[group]Setting up auth
codeql / Trivy (filesystem)	UNKNOWN STEP	2026-09-26T11:37:56.7585238Z Removing SSH command configuration
codeql / Trivy (filesystem)	UNKNOWN STEP	2026-09-26T11:37:56.7589559Z [command]/usr/bin/git config --local --name-only --get-regexp core\.sshCommand
codeql / Trivy (filesystem)	UNKNOWN STEP	2026-09-26T11:37:56.7615476Z [command]/usr/bin/git submodule foreach --recursive sh -c "git config --local --name-only --get-regexp 'core\.sshCommand' && git config --local --unset-all 'core.sshCommand' || :"
codeql / Trivy (filesystem)	UNKNOWN STEP	2026-09-26T11:37:57.2714023Z Removing HTTP extra header
codeql / Trivy (filesystem)	UNKNOWN STEP	2026-09-26T11:37:57.2719935Z [command]/usr/bin/git config --local --name-only --get-regexp http\.https\:\/\/github\.com\/\.extraheader
codeql / Trivy (filesystem)	UNKNOWN STEP	2026-09-26T11:37:57.2744277Z [command]/usr/bin/git submodule foreach --recursive sh -c "git config --local --name-only --get-regexp 'http\.https\:\/\/github\.com\/\.extraheader' && git config --local --unset-all 'http.https://github.com/.extraheader' || :"
codeql / Trivy (filesystem)	UNKNOWN STEP	2026-09-26T11:37:57.2901781Z Removing includeIf entries pointing to credentials config files
codeql / Trivy (filesystem)	UNKNOWN STEP	2026-09-26T11:37:57.2907006Z [command]/usr/bin/git config --local --name-only --get-regexp ^includeIf\.gitdir:
codeql / Trivy (filesystem)	UNKNOWN STEP	2026-09-26T11:37:57.2930839Z [command]/usr/bin/git submodule foreach --recursive git config --local --show-origin --name-only --get-regexp remote.origin.url
codeql / Trivy (filesystem)	UNKNOWN STEP	2026-09-26T11:37:57.3081664Z [command]/usr/bin/git config --file /home/runner/work/_temp/git-credentials-7ac9f539-2edc-426a-a16b-7a8f6d249297.config http.https://github.com/.extraheader AUTHORIZATION: basic ***
codeql / Trivy (filesystem)	UNKNOWN STEP	2026-09-26T11:37:57.3108926Z [command]/usr/bin/git config --local includeIf.gitdir:/home/runner/work/deepseek-review-probe/deepseek-review-probe/.git.path /home/runner/work/_temp/git-credentials-7ac9f539-2edc-426a-a16b-7a8f6d249297.config
codeql / Trivy (filesystem)	UNKNOWN STEP	2026-09-26T11:37:57.3137742Z [command]/usr/bin/git config --local includeIf.gitdir:/home/runner/work/deepseek-review-probe/deepseek-review-probe/.git/worktrees/*.path /home/runner/work/_temp/git-credentials-7ac9f539-2edc-426a-a16b-7a8f6d249297.config
codeql / Trivy (filesystem)	UNKNOWN STEP	2026-09-26T11:37:57.3164249Z [command]/usr/bin/git config --local includeIf.gitdir:/github/workspace/.git.path /github/runner_temp/git-credentials-7ac9f539-2edc-426a-a16b-7a8f6d249297.config
codeql / Trivy (filesystem)	UNKNOWN STEP	2026-09-26T11:37:57.3189415Z [command]/usr/bin/git config --local includeIf.gitdir:/github/workspace/.git/worktrees/*.path /github/runner_temp/git-credentials-7ac9f539-2edc-426a-a16b-7a8f6d249297.config
codeql / Trivy (filesystem)	UNKNOWN STEP	2026-09-26T11:37:57.3212741Z ##[endgroup]
codeql / Trivy (filesystem)	UNKNOWN STEP	2026-09-26T11:37:57.3213311Z ##[group]Fetching the repository
codeql / Trivy (filesystem)	UNKNOWN STEP	2026-09-26T11:37:57.3218950Z [command]/usr/bin/git -c protocol.version=2 fetch --no-tags --prune --no-recurse-submodules --depth=1 origin +68a7162b45ae91dcba6dca8be19315754c5aa0f1:refs/remotes/pull/1/merge
codeql / Trivy (filesystem)	UNKNOWN STEP	2026-09-26T11:37:57.8791967Z From https://github.com/tznthou/deepseek-review-probe
codeql / Trivy (filesystem)	UNKNOWN STEP	2026-09-26T11:37:57.8792518Z  * [new ref]         68a7162b45ae91dcba6dca8be19315754c5aa0f1 -> pull/1/merge
codeql / Trivy (filesystem)	UNKNOWN STEP	2026-09-26T11:37:57.8796871Z ##[endgroup]
codeql / Trivy (filesystem)	UNKNOWN STEP	2026-09-26T11:37:57.8797252Z ##[group]Determining the checkout info
codeql / Trivy (filesystem)	UNKNOWN STEP	2026-09-26T11:37:57.8797781Z ##[endgroup]
codeql / Trivy (filesystem)	UNKNOWN STEP	2026-09-26T11:37:57.8802760Z [command]/usr/bin/git sparse-checkout disable
codeql / Trivy (filesystem)	UNKNOWN STEP	2026-09-26T11:37:57.9008313Z [command]/usr/bin/git config --local --unset-all extensions.worktreeConfig
codeql / Trivy (filesystem)	UNKNOWN STEP	2026-09-26T11:37:57.9035389Z ##[group]Checking out the ref
codeql / Trivy (filesystem)	UNKNOWN STEP	2026-09-26T11:37:57.9039800Z [command]/usr/bin/git checkout --progress --force refs/remotes/pull/1/merge
codeql / Trivy (filesystem)	UNKNOWN STEP	2026-09-26T11:37:57.9074304Z Note: switching to 'refs/remotes/pull/1/merge'.
codeql / Trivy (filesystem)	UNKNOWN STEP	2026-09-26T11:37:57.9074537Z 
codeql / Trivy (filesystem)	UNKNOWN STEP	2026-09-26T11:37:57.9074680Z You are in 'detached HEAD' state. You can look around, make experimental
codeql / Trivy (filesystem)	UNKNOWN STEP	2026-09-26T11:37:57.9075093Z changes and commit them, and you can discard any commits you make in this
codeql / Trivy (filesystem)	UNKNOWN STEP	2026-09-26T11:37:57.9075409Z state without impacting any branches by switching back to a branch.
codeql / Trivy (filesystem)	UNKNOWN STEP	2026-09-26T11:37:57.9075584Z 
codeql / Trivy (filesystem)	UNKNOWN STEP	2026-09-26T11:37:57.9075737Z If you want to create a new branch to retain commits you create, you may
codeql / Trivy (filesystem)	UNKNOWN STEP	2026-09-26T11:37:57.9076043Z do so (now or later) by using -c with the switch command. Example:
codeql / Trivy (filesystem)	UNKNOWN STEP	2026-09-26T11:37:57.9076213Z 
codeql / Trivy (filesystem)	UNKNOWN STEP	2026-09-26T11:37:57.9076294Z   git switch -c <new-branch-name>
codeql / Trivy (filesystem)	UNKNOWN STEP	2026-09-26T11:37:57.9076477Z 
codeql / Trivy (filesystem)	UNKNOWN STEP	2026-09-26T11:37:57.9076550Z Or undo this operation with:
codeql / Trivy (filesystem)	UNKNOWN STEP	2026-09-26T11:37:57.9076670Z 
codeql / Trivy (filesystem)	UNKNOWN STEP	2026-09-26T11:37:57.9076733Z   git switch -
codeql / Trivy (filesystem)	UNKNOWN STEP	2026-09-26T11:37:57.9076858Z 
codeql / Trivy (filesystem)	UNKNOWN STEP	2026-09-26T11:37:57.9077051Z Turn off this advice by setting config variable advice.detachedHead to false
codeql / Trivy (filesystem)	UNKNOWN STEP	2026-09-26T11:37:57.9077303Z 
codeql / Trivy (filesystem)	UNKNOWN STEP	2026-09-26T11:37:57.9077638Z HEAD is now at 68a7162 Merge d7ace96e6a18ba10b01ae100b19d08e3c19bbe86 into cb6d6dde2fdd4be8037bc2bbc91fcf474976d784
codeql / Trivy (filesystem)	UNKNOWN STEP	2026-09-26T11:37:57.9080390Z ##[endgroup]
codeql / Trivy (filesystem)	UNKNOWN STEP	2026-09-26T11:37:57.9111809Z [command]/usr/bin/git log -1 --format=%H
codeql / Trivy (filesystem)	UNKNOWN STEP	2026-09-26T11:37:57.9129114Z 68a7162b45ae91dcba6dca8be19315754c5aa0f1
codeql / Trivy (filesystem)	UNKNOWN STEP	2026-09-26T11:37:57.9136831Z ##[group]Removing auth
codeql / Trivy (filesystem)	UNKNOWN STEP	2026-09-26T11:37:57.9137150Z Removing SSH command configuration
codeql / Trivy (filesystem)	UNKNOWN STEP	2026-09-26T11:37:57.9139596Z [command]/usr/bin/git config --local --name-only --get-regexp core\.sshCommand
codeql / Trivy (filesystem)	UNKNOWN STEP	2026-09-26T11:37:57.9162421Z [command]/usr/bin/git submodule foreach --recursive sh -c "git config --local --name-only --get-regexp 'core\.sshCommand' && git config --local --unset-all 'core.sshCommand' || :"
codeql / Trivy (filesystem)	UNKNOWN STEP	2026-09-26T11:37:57.9313451Z Removing HTTP extra header
codeql / Trivy (filesystem)	UNKNOWN STEP	2026-09-26T11:37:57.9315515Z [command]/usr/bin/git config --local --name-only --get-regexp http\.https\:\/\/github\.com\/\.extraheader
codeql / Trivy (filesystem)	UNKNOWN STEP	2026-09-26T11:37:57.9339082Z [command]/usr/bin/git submodule foreach --recursive sh -c "git config --local --name-only --get-regexp 'http\.https\:\/\/github\.com\/\.extraheader' && git config --local --unset-all 'http.https://github.com/.extraheader' || :"
codeql / Trivy (filesystem)	UNKNOWN STEP	2026-09-26T11:37:57.9490341Z Removing includeIf entries pointing to credentials config files
codeql / Trivy (filesystem)	UNKNOWN STEP	2026-09-26T11:37:57.9493318Z [command]/usr/bin/git config --local --name-only --get-regexp ^includeIf\.gitdir:
codeql / Trivy (filesystem)	UNKNOWN STEP	2026-09-26T11:37:57.9512188Z includeif.gitdir:/home/runner/work/deepseek-review-probe/deepseek-review-probe/.git.path
codeql / Trivy (filesystem)	UNKNOWN STEP	2026-09-26T11:37:57.9512978Z includeif.gitdir:/home/runner/work/deepseek-review-probe/deepseek-review-probe/.git/worktrees/*.path
codeql / Trivy (filesystem)	UNKNOWN STEP	2026-09-26T11:37:57.9513764Z includeif.gitdir:/github/workspace/.git.path
codeql / Trivy (filesystem)	UNKNOWN STEP	2026-09-26T11:37:57.9514106Z includeif.gitdir:/github/workspace/.git/worktrees/*.path
codeql / Trivy (filesystem)	UNKNOWN STEP	2026-09-26T11:37:57.9518791Z [command]/usr/bin/git config --local --get-all includeif.gitdir:/home/runner/work/deepseek-review-probe/deepseek-review-probe/.git.path
codeql / Trivy (filesystem)	UNKNOWN STEP	2026-09-26T11:37:57.9535556Z /home/runner/work/_temp/git-credentials-7ac9f539-2edc-426a-a16b-7a8f6d249297.config
codeql / Trivy (filesystem)	UNKNOWN STEP	2026-09-26T11:37:57.9542844Z [command]/usr/bin/git config --local --unset includeif.gitdir:/home/runner/work/deepseek-review-probe/deepseek-review-probe/.git.path \/home\/runner\/work\/_temp\/git\-credentials\-7ac9f539\-2edc\-426a\-a16b\-7a8f6d249297\.config
codeql / Trivy (filesystem)	UNKNOWN STEP	2026-09-26T11:37:57.9610973Z [command]/usr/bin/git config --local --get-all includeif.gitdir:/home/runner/work/deepseek-review-probe/deepseek-review-probe/.git/worktrees/*.path
codeql / Trivy (filesystem)	UNKNOWN STEP	2026-09-26T11:37:57.9630090Z /home/runner/work/_temp/git-credentials-7ac9f539-2edc-426a-a16b-7a8f6d249297.config
codeql / Trivy (filesystem)	UNKNOWN STEP	2026-09-26T11:37:57.9636583Z [command]/usr/bin/git config --local --unset includeif.gitdir:/home/runner/work/deepseek-review-probe/deepseek-review-probe/.git/worktrees/*.path \/home\/runner\/work\/_temp\/git\-credentials\-7ac9f539\-2edc\-426a\-a16b\-7a8f6d249297\.config
codeql / Trivy (filesystem)	UNKNOWN STEP	2026-09-26T11:37:57.9662013Z [command]/usr/bin/git config --local --get-all includeif.gitdir:/github/workspace/.git.path
codeql / Trivy (filesystem)	UNKNOWN STEP	2026-09-26T11:37:57.9678694Z /github/runner_temp/git-credentials-7ac9f539-2edc-426a-a16b-7a8f6d249297.config
codeql / Trivy (filesystem)	UNKNOWN STEP	2026-09-26T11:37:57.9684373Z [command]/usr/bin/git config --local --unset includeif.gitdir:/github/workspace/.git.path \/github\/runner_temp\/git\-credentials\-7ac9f539\-2edc\-426a\-a16b\-7a8f6d249297\.config
codeql / Trivy (filesystem)	UNKNOWN STEP	2026-09-26T11:37:57.9710928Z [command]/usr/bin/git config --local --get-all includeif.gitdir:/github/workspace/.git/worktrees/*.path
codeql / Trivy (filesystem)	UNKNOWN STEP	2026-09-26T11:37:57.9728331Z /github/runner_temp/git-credentials-7ac9f539-2edc-426a-a16b-7a8f6d249297.config
codeql / Trivy (filesystem)	UNKNOWN STEP	2026-09-26T11:37:57.9744103Z [command]/usr/bin/git config --local --unset includeif.gitdir:/github/workspace/.git/worktrees/*.path \/github\/runner_temp\/git\-credentials\-7ac9f539\-2edc\-426a\-a16b\-7a8f6d249297\.config
codeql / Trivy (filesystem)	UNKNOWN STEP	2026-09-26T11:37:57.9773982Z [command]/usr/bin/git submodule foreach --recursive git config --local --show-origin --name-only --get-regexp remote.origin.url
codeql / Trivy (filesystem)	UNKNOWN STEP	2026-09-26T11:37:57.9951970Z Removing credentials config '/home/runner/work/_temp/git-credentials-7ac9f539-2edc-426a-a16b-7a8f6d249297.config'
codeql / Trivy (filesystem)	UNKNOWN STEP	2026-09-26T11:37:57.9960041Z ##[endgroup]
codeql / Trivy (filesystem)	UNKNOWN STEP	2026-09-26T11:37:58.0244195Z ##[group]Run aquasecurity/trivy-action@ed142fd0673e97e23eac54620cfb913e5ce36c25
codeql / Trivy (filesystem)	UNKNOWN STEP	2026-09-26T11:37:58.0244545Z with:
codeql / Trivy (filesystem)	UNKNOWN STEP	2026-09-26T11:37:58.0244718Z   scan-type: fs
codeql / Trivy (filesystem)	UNKNOWN STEP	2026-09-26T11:37:58.0244886Z   scan-ref: .
codeql / Trivy (filesystem)	UNKNOWN STEP	2026-09-26T11:37:58.0245058Z   format: sarif
codeql / Trivy (filesystem)	UNKNOWN STEP	2026-09-26T11:37:58.0245250Z   output: trivy-results.sarif
codeql / Trivy (filesystem)	UNKNOWN STEP	2026-09-26T11:37:58.0245456Z   severity: CRITICAL,HIGH
codeql / Trivy (filesystem)	UNKNOWN STEP	2026-09-26T11:37:58.0245648Z   ignore-unfixed: false
codeql / Trivy (filesystem)	UNKNOWN STEP	2026-09-26T11:37:58.0245844Z   vuln-type: os,library
codeql / Trivy (filesystem)	UNKNOWN STEP	2026-09-26T11:37:58.0246166Z   cache-dir: /home/runner/work/deepseek-review-probe/deepseek-review-probe/.cache/trivy
codeql / Trivy (filesystem)	UNKNOWN STEP	2026-09-26T11:37:58.0246520Z   list-all-pkgs: false
codeql / Trivy (filesystem)	UNKNOWN STEP	2026-09-26T11:37:58.0246837Z   version: v0.70.0
codeql / Trivy (filesystem)	UNKNOWN STEP	2026-09-26T11:37:58.0247014Z   cache: true
codeql / Trivy (filesystem)	UNKNOWN STEP	2026-09-26T11:37:58.0247199Z   skip-setup-trivy: false
codeql / Trivy (filesystem)	UNKNOWN STEP	2026-09-26T11:37:58.0249051Z   token-setup-trivy: ***
codeql / Trivy (filesystem)	UNKNOWN STEP	2026-09-26T11:37:58.0249244Z ##[endgroup]
codeql / Trivy (filesystem)	UNKNOWN STEP	2026-09-26T11:37:58.0302161Z ##[start-action display=Install Trivy;id=__aquasecurity_trivy-action.__aquasecurity_setup-trivy]
codeql / Trivy (filesystem)	UNKNOWN STEP	2026-09-26T11:37:58.0390788Z ##[group]Run aquasecurity/setup-trivy@3fb12ec12f41e471780db15c232d5dd185dcb514
codeql / Trivy (filesystem)	UNKNOWN STEP	2026-09-26T11:37:58.0391150Z with:
codeql / Trivy (filesystem)	UNKNOWN STEP	2026-09-26T11:37:58.0391326Z   version: v0.70.0
codeql / Trivy (filesystem)	UNKNOWN STEP	2026-09-26T11:37:58.0391494Z   cache: true
codeql / Trivy (filesystem)	UNKNOWN STEP	2026-09-26T11:37:58.0393536Z   token: ***
codeql / Trivy (filesystem)	UNKNOWN STEP	2026-09-26T11:37:58.0393724Z   path: $HOME/.local/bin
codeql / Trivy (filesystem)	UNKNOWN STEP	2026-09-26T11:37:58.0393946Z   github-server-url: https://github.com
codeql / Trivy (filesystem)	UNKNOWN STEP	2026-09-26T11:37:58.0394182Z ##[endgroup]
codeql / Trivy (filesystem)	UNKNOWN STEP	2026-09-26T11:37:58.0399461Z ##[start-action display=Binary dir;id=__aquasecurity_trivy-action.__aquasecurity_setup-trivy.binary-dir]
codeql / Trivy (filesystem)	UNKNOWN STEP	2026-09-26T11:37:58.0426558Z ##[group]Run echo "dir=$HOME/.local/bin/trivy-bin" >> $GITHUB_OUTPUT
codeql / Trivy (filesystem)	UNKNOWN STEP	2026-09-26T11:37:58.0427010Z ^[[36;1mecho "dir=$HOME/.local/bin/trivy-bin" >> $GITHUB_OUTPUT^[[0m
codeql / Trivy (filesystem)	UNKNOWN STEP	2026-09-26T11:37:58.4899966Z shell: /usr/bin/bash --noprofile --norc -e -o pipefail {0}
codeql / Trivy (filesystem)	UNKNOWN STEP	2026-09-26T11:37:58.4900228Z ##[endgroup]
codeql / Trivy (filesystem)	UNKNOWN STEP	2026-09-26T11:37:58.4997637Z ##[end-action id=__aquasecurity_trivy-action.__aquasecurity_setup-trivy.binary-dir;outcome=success;conclusion=success;duration_ms=459]
codeql / Trivy (filesystem)	UNKNOWN STEP	2026-09-26T11:37:58.5001451Z ##[start-action display=Check the version for caching;id=__aquasecurity_trivy-action.__aquasecurity_setup-trivy.__run]
codeql / Trivy (filesystem)	UNKNOWN STEP	2026-09-26T11:37:58.5006823Z ##[end-action id=__aquasecurity_trivy-action.__aquasecurity_setup-trivy.__run;outcome=skipped;conclusion=skipped;duration_ms=0]
codeql / Trivy (filesystem)	UNKNOWN STEP	2026-09-26T11:37:58.5008381Z ##[start-action display=Restore Trivy binary from cache;id=__aquasecurity_trivy-action.__aquasecurity_setup-trivy.cache]
codeql / Trivy (filesystem)	UNKNOWN STEP	2026-09-26T11:37:58.5040209Z ##[group]Run actions/cache/restore@9255dc7a253b0ccc959486e2bca901246202afeb
codeql / Trivy (filesystem)	UNKNOWN STEP	2026-09-26T11:37:58.5040487Z with:
codeql / Trivy (filesystem)	UNKNOWN STEP	2026-09-26T11:37:58.5040671Z   path: /home/runner/.local/bin/trivy-bin
codeql / Trivy (filesystem)	UNKNOWN STEP	2026-09-26T11:37:58.5040887Z   key: trivy-binary-v0.70.0-Linux-X64
codeql / Trivy (filesystem)	UNKNOWN STEP	2026-09-26T11:37:58.5041102Z   enableCrossOsArchive: false
codeql / Trivy (filesystem)	UNKNOWN STEP	2026-09-26T11:37:58.5041296Z   fail-on-cache-miss: false
codeql / Trivy (filesystem)	UNKNOWN STEP	2026-09-26T11:37:58.5041481Z   lookup-only: false
codeql / Trivy (filesystem)	UNKNOWN STEP	2026-09-26T11:37:58.5041653Z ##[endgroup]
codeql / Trivy (filesystem)	UNKNOWN STEP	2026-09-26T11:37:58.7764854Z Cache hit for: trivy-binary-v0.70.0-Linux-X64
codeql / Trivy (filesystem)	UNKNOWN STEP	2026-09-26T11:37:59.6374969Z Received 43751258 of 43751258 (100.0%), 58.7 MBs/sec
codeql / Trivy (filesystem)	UNKNOWN STEP	2026-09-26T11:37:59.6375337Z Cache Size: ~42 MB (43751258 B)
codeql / Trivy (filesystem)	UNKNOWN STEP	2026-09-26T11:37:59.6469466Z [command]/usr/bin/tar -xf /home/runner/work/_temp/09b07f6d-f57e-4a7d-abe7-3f56114789c2/cache.tzst -P -C /home/runner/work/deepseek-review-probe/deepseek-review-probe --use-compress-program unzstd
codeql / Trivy (filesystem)	UNKNOWN STEP	2026-09-26T11:37:59.8725992Z Cache restored successfully
codeql / Trivy (filesystem)	UNKNOWN STEP	2026-09-26T11:37:59.8794875Z Cache restored from key: trivy-binary-v0.70.0-Linux-X64
codeql / Trivy (filesystem)	UNKNOWN STEP	2026-09-26T11:37:59.8835642Z ##[end-action id=__aquasecurity_trivy-action.__aquasecurity_setup-trivy.cache;outcome=success;conclusion=success;duration_ms=1382]
codeql / Trivy (filesystem)	UNKNOWN STEP	2026-09-26T11:37:59.8838105Z ##[start-action display=Checkout install script;id=__aquasecurity_trivy-action.__aquasecurity_setup-trivy.__actions_checkout]
codeql / Trivy (filesystem)	UNKNOWN STEP	2026-09-26T11:37:59.8843908Z ##[end-action id=__aquasecurity_trivy-action.__aquasecurity_setup-trivy.__actions_checkout;outcome=skipped;conclusion=skipped;duration_ms=0]
codeql / Trivy (filesystem)	UNKNOWN STEP	2026-09-26T11:37:59.8845648Z ##[start-action display=Install Trivy;id=__aquasecurity_trivy-action.__aquasecurity_setup-trivy.__run_2]
codeql / Trivy (filesystem)	UNKNOWN STEP	2026-09-26T11:37:59.8848898Z ##[end-action id=__aquasecurity_trivy-action.__aquasecurity_setup-trivy.__run_2;outcome=skipped;conclusion=skipped;duration_ms=0]
codeql / Trivy (filesystem)	UNKNOWN STEP	2026-09-26T11:37:59.8850207Z ##[start-action display=Add Trivy binary to $GITHUB_PATH;id=__aquasecurity_trivy-action.__aquasecurity_setup-trivy.__run_3]
codeql / Trivy (filesystem)	UNKNOWN STEP	2026-09-26T11:37:59.8868314Z ##[group]Run echo /home/runner/.local/bin/trivy-bin >> $GITHUB_PATH
codeql / Trivy (filesystem)	UNKNOWN STEP	2026-09-26T11:37:59.8868659Z ^[[36;1mecho /home/runner/.local/bin/trivy-bin >> $GITHUB_PATH^[[0m
codeql / Trivy (filesystem)	UNKNOWN STEP	2026-09-26T11:37:59.8903426Z shell: /usr/bin/bash --noprofile --norc -e -o pipefail {0}
codeql / Trivy (filesystem)	UNKNOWN STEP	2026-09-26T11:37:59.8903678Z ##[endgroup]
codeql / Trivy (filesystem)	UNKNOWN STEP	2026-09-26T11:37:59.9910411Z ##[end-action id=__aquasecurity_trivy-action.__aquasecurity_setup-trivy.__run_3;outcome=success;conclusion=success;duration_ms=105]
codeql / Trivy (filesystem)	UNKNOWN STEP	2026-09-26T11:37:59.9912291Z ##[start-action display=Save Trivy binary to cache;id=__aquasecurity_trivy-action.__aquasecurity_setup-trivy.__actions_cache]
codeql / Trivy (filesystem)	UNKNOWN STEP	2026-09-26T11:37:59.9917839Z ##[end-action id=__aquasecurity_trivy-action.__aquasecurity_setup-trivy.__actions_cache;outcome=skipped;conclusion=skipped;duration_ms=0]
codeql / Trivy (filesystem)	UNKNOWN STEP	2026-09-26T11:37:59.9928604Z ##[end-action id=__aquasecurity_trivy-action.__aquasecurity_setup-trivy;outcome=success;conclusion=success;duration_ms=1962]
codeql / Trivy (filesystem)	UNKNOWN STEP	2026-09-26T11:37:59.9930152Z ##[start-action display=Get current date;id=__aquasecurity_trivy-action.date]
codeql / Trivy (filesystem)	UNKNOWN STEP	2026-09-26T11:38:00.0158887Z ##[group]Run echo "date=$(date +'%Y-%m-%d')" >> $GITHUB_OUTPUT
codeql / Trivy (filesystem)	UNKNOWN STEP	2026-09-26T11:38:00.0159174Z ^[[36;1mecho "date=$(date +'%Y-%m-%d')" >> $GITHUB_OUTPUT^[[0m
codeql / Trivy (filesystem)	UNKNOWN STEP	2026-09-26T11:38:00.0194091Z shell: /usr/bin/bash --noprofile --norc -e -o pipefail {0}
codeql / Trivy (filesystem)	UNKNOWN STEP	2026-09-26T11:38:00.0194347Z ##[endgroup]
codeql / Trivy (filesystem)	UNKNOWN STEP	2026-09-26T11:38:00.0960421Z ##[end-action id=__aquasecurity_trivy-action.date;outcome=success;conclusion=success;duration_ms=102]
codeql / Trivy (filesystem)	UNKNOWN STEP	2026-09-26T11:38:00.0962173Z ##[start-action display=Restore DB from cache;id=__aquasecurity_trivy-action.__actions_cache]
codeql / Trivy (filesystem)	UNKNOWN STEP	2026-09-26T11:38:00.1548220Z ##[group]Run actions/cache@27d5ce7f107fe9357f9df03efb73ab90386fccae
codeql / Trivy (filesystem)	UNKNOWN STEP	2026-09-26T11:38:00.1548468Z with:
codeql / Trivy (filesystem)	UNKNOWN STEP	2026-09-26T11:38:00.1548765Z   path: /home/runner/work/deepseek-review-probe/deepseek-review-probe/.cache/trivy
codeql / Trivy (filesystem)	UNKNOWN STEP	2026-09-26T11:38:00.1549061Z   key: cache-trivy-2026-09-26
codeql / Trivy (filesystem)	UNKNOWN STEP	2026-09-26T11:38:00.1549243Z   restore-keys: cache-trivy-
codeql / Trivy (filesystem)	UNKNOWN STEP	2026-09-26T11:38:00.1549420Z   enableCrossOsArchive: false
codeql / Trivy (filesystem)	UNKNOWN STEP	2026-09-26T11:38:00.1549602Z   fail-on-cache-miss: false
codeql / Trivy (filesystem)	UNKNOWN STEP	2026-09-26T11:38:00.1549767Z   lookup-only: false
codeql / Trivy (filesystem)	UNKNOWN STEP	2026-09-26T11:38:00.1549916Z   save-always: false
codeql / Trivy (filesystem)	UNKNOWN STEP	2026-09-26T11:38:00.1550075Z ##[endgroup]
codeql / Trivy (filesystem)	UNKNOWN STEP	2026-09-26T11:38:00.3794163Z Cache hit for restore-key: cache-trivy-2026-09-24
codeql / Trivy (filesystem)	UNKNOWN STEP	2026-09-26T11:38:01.5460916Z Received 86670696 of 86670696 (100.0%), 82.5 MBs/sec
codeql / Trivy (filesystem)	UNKNOWN STEP	2026-09-26T11:38:01.5461305Z Cache Size: ~83 MB (86670696 B)
codeql / Trivy (filesystem)	UNKNOWN STEP	2026-09-26T11:38:01.5538199Z [command]/usr/bin/tar -xf /home/runner/work/_temp/5c3c285f-f99e-49a5-b974-c760932a2c3c/cache.tzst -P -C /home/runner/work/deepseek-review-probe/deepseek-review-probe --use-compress-program unzstd
codeql / Trivy (filesystem)	UNKNOWN STEP	2026-09-26T11:38:02.4595837Z Cache restored successfully
codeql / Trivy (filesystem)	UNKNOWN STEP	2026-09-26T11:38:02.4684022Z Cache restored from key: cache-trivy-2026-09-24
codeql / Trivy (filesystem)	UNKNOWN STEP	2026-09-26T11:38:02.4729888Z ##[end-action id=__aquasecurity_trivy-action.__actions_cache;outcome=success;conclusion=success;duration_ms=2376]
codeql / Trivy (filesystem)	UNKNOWN STEP	2026-09-26T11:38:02.4738386Z ##[start-action display=Set GitHub Path;id=__aquasecurity_trivy-action.__run]
codeql / Trivy (filesystem)	UNKNOWN STEP	2026-09-26T11:38:02.4758521Z ##[group]Run echo "$GITHUB_ACTION_PATH" >> $GITHUB_PATH
codeql / Trivy (filesystem)	UNKNOWN STEP	2026-09-26T11:38:02.4758820Z ^[[36;1mecho "$GITHUB_ACTION_PATH" >> $GITHUB_PATH^[[0m
codeql / Trivy (filesystem)	UNKNOWN STEP	2026-09-26T11:38:02.4791337Z shell: /usr/bin/bash --noprofile --norc -e -o pipefail {0}
codeql / Trivy (filesystem)	UNKNOWN STEP	2026-09-26T11:38:02.4791601Z env:
codeql / Trivy (filesystem)	UNKNOWN STEP	2026-09-26T11:38:02.4792210Z   GITHUB_ACTION_PATH: /home/runner/work/_actions/aquasecurity/trivy-action/ed142fd0673e97e23eac54620cfb913e5ce36c25
codeql / Trivy (filesystem)	UNKNOWN STEP	2026-09-26T11:38:02.4792578Z ##[endgroup]
codeql / Trivy (filesystem)	UNKNOWN STEP	2026-09-26T11:38:02.5552615Z ##[end-action id=__aquasecurity_trivy-action.__run;outcome=success;conclusion=success;duration_ms=81]
codeql / Trivy (filesystem)	UNKNOWN STEP	2026-09-26T11:38:02.5554678Z ##[start-action display=Clear Trivy Envs file;id=__aquasecurity_trivy-action.__run_2]
codeql / Trivy (filesystem)	UNKNOWN STEP	2026-09-26T11:38:02.5834841Z ##[group]Run rm -f trivy_envs.txt
codeql / Trivy (filesystem)	UNKNOWN STEP	2026-09-26T11:38:02.5835096Z ^[[36;1mrm -f trivy_envs.txt^[[0m
codeql / Trivy (filesystem)	UNKNOWN STEP	2026-09-26T11:38:02.5835278Z ^[[36;1mtouch trivy_envs.txt^[[0m
codeql / Trivy (filesystem)	UNKNOWN STEP	2026-09-26T11:38:02.5869802Z shell: /usr/bin/bash --noprofile --norc -e -o pipefail {0}
codeql / Trivy (filesystem)	UNKNOWN STEP	2026-09-26T11:38:02.5870049Z ##[endgroup]
codeql / Trivy (filesystem)	UNKNOWN STEP	2026-09-26T11:38:02.6697869Z ##[end-action id=__aquasecurity_trivy-action.__run_2;outcome=success;conclusion=success;duration_ms=114]
codeql / Trivy (filesystem)	UNKNOWN STEP	2026-09-26T11:38:02.6702220Z ##[start-action display=Set Trivy environment variables;id=__aquasecurity_trivy-action.__run_3]
codeql / Trivy (filesystem)	UNKNOWN STEP	2026-09-26T11:38:02.7341719Z ##[group]Run # Note: There is currently no way to distinguish between undefined variables and empty strings in GitHub Actions.
codeql / Trivy (filesystem)	UNKNOWN STEP	2026-09-26T11:38:02.7342422Z ^[[36;1m# Note: There is currently no way to distinguish between undefined variables and empty strings in GitHub Actions.^[[0m
codeql / Trivy (filesystem)	UNKNOWN STEP	2026-09-26T11:38:02.7342873Z ^[[36;1m# This limitation affects how we handle default values and empty inputs.^[[0m
codeql / Trivy (filesystem)	UNKNOWN STEP	2026-09-26T11:38:02.7343400Z ^[[36;1m# For more information, see: https://github.com/actions/runner/issues/924^[[0m
codeql / Trivy (filesystem)	UNKNOWN STEP	2026-09-26T11:38:02.7343676Z ^[[36;1m^[[0m
codeql / Trivy (filesystem)	UNKNOWN STEP	2026-09-26T11:38:02.7343986Z ^[[36;1m# The following logic implements the configuration priority described in the README:^[[0m
codeql / Trivy (filesystem)	UNKNOWN STEP	2026-09-26T11:38:02.7344287Z ^[[36;1m#^[[0m
codeql / Trivy (filesystem)	UNKNOWN STEP	2026-09-26T11:38:02.7344433Z ^[[36;1m# Inputs^[[0m
codeql / Trivy (filesystem)	UNKNOWN STEP	2026-09-26T11:38:02.7344596Z ^[[36;1m# Environment Variables^[[0m
codeql / Trivy (filesystem)	UNKNOWN STEP	2026-09-26T11:38:02.7344786Z ^[[36;1m# Config File^[[0m
codeql / Trivy (filesystem)	UNKNOWN STEP	2026-09-26T11:38:02.7344960Z ^[[36;1m# Defaults^[[0m
codeql / Trivy (filesystem)	UNKNOWN STEP	2026-09-26T11:38:02.7345117Z ^[[36;1m#^[[0m
codeql / Trivy (filesystem)	UNKNOWN STEP	2026-09-26T11:38:02.7345394Z ^[[36;1m# As noted above defaults are awkward to handle as GitHub Actions will inject those values as the input^[[0m
codeql / Trivy (filesystem)	UNKNOWN STEP	2026-09-26T11:38:02.7345836Z ^[[36;1m# if the caller doesn't provide them, thus if the input matches the default we don't set it as we^[[0m
codeql / Trivy (filesystem)	UNKNOWN STEP	2026-09-26T11:38:02.7346294Z ^[[36;1m# can't tell the difference.  Plus if we did set it when it was the default value then it could potentially^[[0m
codeql / Trivy (filesystem)	UNKNOWN STEP	2026-09-26T11:38:02.7346769Z ^[[36;1m# override an external environment variable, or something in the callers configuration file, which then wouldn't^[[0m
codeql / Trivy (filesystem)	UNKNOWN STEP	2026-09-26T11:38:02.7347191Z ^[[36;1m# match the configuration priority that is documented.^[[0m
codeql / Trivy (filesystem)	UNKNOWN STEP	2026-09-26T11:38:02.7347437Z ^[[36;1mset_env_var_if_provided() {^[[0m
codeql / Trivy (filesystem)	UNKNOWN STEP	2026-09-26T11:38:02.7347635Z ^[[36;1m  local var_name="$1"^[[0m
codeql / Trivy (filesystem)	UNKNOWN STEP	2026-09-26T11:38:02.7347816Z ^[[36;1m  local input_value="$2"^[[0m
codeql / Trivy (filesystem)	UNKNOWN STEP	2026-09-26T11:38:02.7348005Z ^[[36;1m  local default_value="$3"^[[0m
codeql / Trivy (filesystem)	UNKNOWN STEP	2026-09-26T11:38:02.7348196Z ^[[36;1m^[[0m
codeql / Trivy (filesystem)	UNKNOWN STEP	2026-09-26T11:38:02.7348417Z ^[[36;1m  if [ -n "$input_value" ] && [ "$input_value" != "$default_value" ]; then^[[0m
codeql / Trivy (filesystem)	UNKNOWN STEP	2026-09-26T11:38:02.7348746Z ^[[36;1m    # If action was provided with explicit input by the caller set that^[[0m
codeql / Trivy (filesystem)	UNKNOWN STEP	2026-09-26T11:38:02.7349113Z ^[[36;1m    # Use printf %q to safely escape special characters and prevent command injection^[[0m
codeql / Trivy (filesystem)	UNKNOWN STEP	2026-09-26T11:38:02.7349469Z ^[[36;1m    printf 'export %s=%q\n' "$var_name" "$input_value" >> trivy_envs.txt^[[0m
codeql / Trivy (filesystem)	UNKNOWN STEP	2026-09-26T11:38:02.7349727Z ^[[36;1m  fi^[[0m
codeql / Trivy (filesystem)	UNKNOWN STEP	2026-09-26T11:38:02.7349870Z ^[[36;1m}^[[0m
codeql / Trivy (filesystem)	UNKNOWN STEP	2026-09-26T11:38:02.7350014Z ^[[36;1m^[[0m
codeql / Trivy (filesystem)	UNKNOWN STEP	2026-09-26T11:38:02.7350220Z ^[[36;1m# Set environment variables, handling those with default values^[[0m
codeql / Trivy (filesystem)	UNKNOWN STEP	2026-09-26T11:38:02.7350606Z ^[[36;1m# cf. https://aquasecurity.github.io/trivy/latest/docs/configuration/#environment-variables^[[0m
codeql / Trivy (filesystem)	UNKNOWN STEP	2026-09-26T11:38:02.7350987Z ^[[36;1mset_env_var_if_provided "TRIVY_INPUT" "$INPUT_INPUT" ""^[[0m
codeql / Trivy (filesystem)	UNKNOWN STEP	2026-09-26T11:38:02.7351276Z ^[[36;1mset_env_var_if_provided "TRIVY_EXIT_CODE" "$INPUT_EXIT_CODE" ""^[[0m
codeql / Trivy (filesystem)	UNKNOWN STEP	2026-09-26T11:38:02.7351621Z ^[[36;1mset_env_var_if_provided "TRIVY_IGNORE_UNFIXED" "$INPUT_IGNORE_UNFIXED" "false"^[[0m
codeql / Trivy (filesystem)	UNKNOWN STEP	2026-09-26T11:38:02.7351975Z ^[[36;1mset_env_var_if_provided "TRIVY_PKG_TYPES" "$INPUT_VULN_TYPE" "os,library"^[[0m
codeql / Trivy (filesystem)	UNKNOWN STEP	2026-09-26T11:38:02.7352509Z ^[[36;1mset_env_var_if_provided "TRIVY_SEVERITY" "$INPUT_SEVERITY" "UNKNOWN,LOW,MEDIUM,HIGH,CRITICAL"^[[0m
codeql / Trivy (filesystem)	UNKNOWN STEP	2026-09-26T11:38:02.7352878Z ^[[36;1mset_env_var_if_provided "TRIVY_FORMAT" "$INPUT_FORMAT" "table"^[[0m
codeql / Trivy (filesystem)	UNKNOWN STEP	2026-09-26T11:38:02.7353264Z ^[[36;1mset_env_var_if_provided "TRIVY_TEMPLATE" "$INPUT_TEMPLATE" ""^[[0m
codeql / Trivy (filesystem)	UNKNOWN STEP	2026-09-26T11:38:02.7353609Z ^[[36;1mset_env_var_if_provided "TRIVY_OUTPUT" "$INPUT_OUTPUT" ""^[[0m
codeql / Trivy (filesystem)	UNKNOWN STEP	2026-09-26T11:38:02.7353900Z ^[[36;1mset_env_var_if_provided "TRIVY_SKIP_DIRS" "$INPUT_SKIP_DIRS" ""^[[0m
codeql / Trivy (filesystem)	UNKNOWN STEP	2026-09-26T11:38:02.7354204Z ^[[36;1mset_env_var_if_provided "TRIVY_SKIP_FILES" "$INPUT_SKIP_FILES" ""^[[0m
codeql / Trivy (filesystem)	UNKNOWN STEP	2026-09-26T11:38:02.7354609Z ^[[36;1mset_env_var_if_provided "TRIVY_TIMEOUT" "$INPUT_TIMEOUT" ""^[[0m
codeql / Trivy (filesystem)	UNKNOWN STEP	2026-09-26T11:38:02.7355016Z ^[[36;1mset_env_var_if_provided "TRIVY_IGNORE_POLICY" "$INPUT_IGNORE_POLICY" ""^[[0m
codeql / Trivy (filesystem)	UNKNOWN STEP	2026-09-26T11:38:02.7355340Z ^[[36;1mset_env_var_if_provided "TRIVY_QUIET" "$INPUT_HIDE_PROGRESS" ""^[[0m
codeql / Trivy (filesystem)	UNKNOWN STEP	2026-09-26T11:38:02.7355670Z ^[[36;1mset_env_var_if_provided "TRIVY_LIST_ALL_PKGS" "$INPUT_LIST_ALL_PKGS" "false"^[[0m
codeql / Trivy (filesystem)	UNKNOWN STEP	2026-09-26T11:38:02.7356003Z ^[[36;1mset_env_var_if_provided "TRIVY_SCANNERS" "$INPUT_SCANNERS" ""^[[0m
codeql / Trivy (filesystem)	UNKNOWN STEP	2026-09-26T11:38:02.7356303Z ^[[36;1mset_env_var_if_provided "TRIVY_CONFIG" "$INPUT_TRIVY_CONFIG" ""^[[0m
codeql / Trivy (filesystem)	UNKNOWN STEP	2026-09-26T11:38:02.7356597Z ^[[36;1mset_env_var_if_provided "TRIVY_TF_VARS" "$INPUT_TF_VARS" ""^[[0m
codeql / Trivy (filesystem)	UNKNOWN STEP	2026-09-26T11:38:02.7356897Z ^[[36;1mset_env_var_if_provided "TRIVY_DOCKER_HOST" "$INPUT_DOCKER_HOST" ""^[[0m
codeql / Trivy (filesystem)	UNKNOWN STEP	2026-09-26T11:38:02.7391942Z shell: /usr/bin/bash --noprofile --norc -e -o pipefail {0}
codeql / Trivy (filesystem)	UNKNOWN STEP	2026-09-26T11:38:02.7392195Z env:
codeql / Trivy (filesystem)	UNKNOWN STEP	2026-09-26T11:38:02.7392361Z   INPUT_INPUT: 
codeql / Trivy (filesystem)	UNKNOWN STEP	2026-09-26T11:38:02.7392521Z   INPUT_EXIT_CODE: 
codeql / Trivy (filesystem)	UNKNOWN STEP	2026-09-26T11:38:02.7392693Z   INPUT_IGNORE_UNFIXED: false
codeql / Trivy (filesystem)	UNKNOWN STEP	2026-09-26T11:38:02.7392893Z   INPUT_VULN_TYPE: os,library
codeql / Trivy (filesystem)	UNKNOWN STEP	2026-09-26T11:38:02.7393165Z   INPUT_SEVERITY: CRITICAL,HIGH
codeql / Trivy (filesystem)	UNKNOWN STEP	2026-09-26T11:38:02.7393358Z   INPUT_FORMAT: sarif
codeql / Trivy (filesystem)	UNKNOWN STEP	2026-09-26T11:38:02.7393525Z   INPUT_TEMPLATE: 
codeql / Trivy (filesystem)	UNKNOWN STEP	2026-09-26T11:38:02.7393698Z   INPUT_OUTPUT: trivy-results.sarif
codeql / Trivy (filesystem)	UNKNOWN STEP	2026-09-26T11:38:02.7393895Z   INPUT_SKIP_DIRS: 
codeql / Trivy (filesystem)	UNKNOWN STEP	2026-09-26T11:38:02.7394049Z   INPUT_SKIP_FILES: 
codeql / Trivy (filesystem)	UNKNOWN STEP	2026-09-26T11:38:02.7394217Z   INPUT_TIMEOUT: 
codeql / Trivy (filesystem)	UNKNOWN STEP	2026-09-26T11:38:02.7394378Z   INPUT_IGNORE_POLICY: 
codeql / Trivy (filesystem)	UNKNOWN STEP	2026-09-26T11:38:02.7394544Z   INPUT_HIDE_PROGRESS: 
codeql / Trivy (filesystem)	UNKNOWN STEP	2026-09-26T11:38:02.7394717Z   INPUT_LIST_ALL_PKGS: false
codeql / Trivy (filesystem)	UNKNOWN STEP	2026-09-26T11:38:02.7395057Z   INPUT_SCANNERS: 
codeql / Trivy (filesystem)	UNKNOWN STEP	2026-09-26T11:38:02.7395233Z   INPUT_TRIVY_CONFIG: 
codeql / Trivy (filesystem)	UNKNOWN STEP	2026-09-26T11:38:02.7395398Z   INPUT_TF_VARS: 
codeql / Trivy (filesystem)	UNKNOWN STEP	2026-09-26T11:38:02.7395551Z   INPUT_DOCKER_HOST: 
codeql / Trivy (filesystem)	UNKNOWN STEP	2026-09-26T11:38:02.7395712Z ##[endgroup]
codeql / Trivy (filesystem)	UNKNOWN STEP	2026-09-26T11:38:02.7646564Z ##[end-action id=__aquasecurity_trivy-action.__run_3;outcome=success;conclusion=success;duration_ms=94]
codeql / Trivy (filesystem)	UNKNOWN STEP	2026-09-26T11:38:02.7651162Z ##[start-action display=Run Trivy;id=__aquasecurity_trivy-action.__run_4]
codeql / Trivy (filesystem)	UNKNOWN STEP	2026-09-26T11:38:02.8251310Z ##[group]Run entrypoint.sh
codeql / Trivy (filesystem)	UNKNOWN STEP	2026-09-26T11:38:02.8251565Z ^[[36;1mentrypoint.sh^[[0m
codeql / Trivy (filesystem)	UNKNOWN STEP	2026-09-26T11:38:02.8286308Z shell: /usr/bin/bash --noprofile --norc -e -o pipefail {0}
codeql / Trivy (filesystem)	UNKNOWN STEP	2026-09-26T11:38:02.8286576Z env:
codeql / Trivy (filesystem)	UNKNOWN STEP	2026-09-26T11:38:02.8286744Z   INPUT_SCAN_TYPE: fs
codeql / Trivy (filesystem)	UNKNOWN STEP	2026-09-26T11:38:02.8286922Z   INPUT_IMAGE_REF: 
codeql / Trivy (filesystem)	UNKNOWN STEP	2026-09-26T11:38:02.8287099Z   INPUT_SCAN_REF: .
codeql / Trivy (filesystem)	UNKNOWN STEP	2026-09-26T11:38:02.8287260Z   INPUT_TRIVYIGNORES: 
codeql / Trivy (filesystem)	UNKNOWN STEP	2026-09-26T11:38:02.8287435Z   INPUT_GITHUB_PAT: 
codeql / Trivy (filesystem)	UNKNOWN STEP	2026-09-26T11:38:02.8287605Z   INPUT_LIMIT_SEVERITIES_FOR_SARIF: 
codeql / Trivy (filesystem)	UNKNOWN STEP	2026-09-26T11:38:02.8287936Z   TRIVY_CACHE_DIR: /home/runner/work/deepseek-review-probe/deepseek-review-probe/.cache/trivy
codeql / Trivy (filesystem)	UNKNOWN STEP	2026-09-26T11:38:02.8288256Z ##[endgroup]
codeql / Trivy (filesystem)	UNKNOWN STEP	2026-09-26T11:38:02.9079464Z Building SARIF report with all severities
codeql / Trivy (filesystem)	UNKNOWN STEP	2026-09-26T11:38:02.9079850Z Running Trivy with options: trivy fs .
codeql / Trivy (filesystem)	UNKNOWN STEP	2026-09-26T11:38:03.1042166Z 2026-09-26T11:38:03Z	INFO	[vulndb] Need to update DB
codeql / Trivy (filesystem)	UNKNOWN STEP	2026-09-26T11:38:03.1042526Z 2026-09-26T11:38:03Z	INFO	[vulndb] Downloading vulnerability DB...
codeql / Trivy (filesystem)	UNKNOWN STEP	2026-09-26T11:38:03.1042945Z 2026-09-26T11:38:03Z	INFO	[vulndb] Downloading artifact...	repo="mirror.gcr.io/aquasec/trivy-db:2"
codeql / Trivy (filesystem)	UNKNOWN STEP	2026-09-26T11:38:07.1714211Z 4.03 MiB / 117.63 MiB [-->___________________________________________________________] 3.43% ? p/s ?36.33 MiB / 117.63 MiB [------------------>_________________________________________] 30.88% ? p/s ?74.39 MiB / 117.63 MiB [------------------------------------->______________________] 63.24% ? p/s ?114.61 MiB / 117.63 MiB [------------------------------------------->_] 97.44% 184.30 MiB p/s ETA 0s117.63 MiB / 117.63 MiB [------------------------------------------->] 100.00% 184.30 MiB p/s ETA 0s117.63 MiB / 117.63 MiB [------------------------------------------->] 100.00% 184.30 MiB p/s ETA 0s117.63 MiB / 117.63 MiB [------------------------------------------->] 100.00% 172.73 MiB p/s ETA 0s117.63 MiB / 117.63 MiB [------------------------------------------->] 100.00% 172.73 MiB p/s ETA 0s117.63 MiB / 117.63 MiB [------------------------------------------->] 100.00% 172.73 MiB p/s ETA 0s117.63 MiB / 117.63 MiB [------------------------------------------->] 100.00% 161.59 MiB p/s ETA 0s117.63 MiB / 117.63 MiB [------------------------------------------->] 100.00% 161.59 MiB p/s ETA 0s117.63 MiB / 117.63 MiB [------------------------------------------->] 100.00% 161.59 MiB p/s ETA 0s117.63 MiB / 117.63 MiB [------------------------------------------->] 100.00% 151.16 MiB p/s ETA 0s117.63 MiB / 117.63 MiB [------------------------------------------->] 100.00% 151.16 MiB p/s ETA 0s117.63 MiB / 117.63 MiB [------------------------------------------->] 100.00% 151.16 MiB p/s ETA 0s117.63 MiB / 117.63 MiB [------------------------------------------->] 100.00% 141.41 MiB p/s ETA 0s117.63 MiB / 117.63 MiB [------------------------------------------->] 100.00% 141.41 MiB p/s ETA 0s117.63 MiB / 117.63 MiB [-----------------------------------------------] 100.00% 34.59 MiB p/s 3.6s2026-09-26T11:38:07Z	INFO	[vulndb] Artifact successfully downloaded	repo="mirror.gcr.io/aquasec/trivy-db:2"
codeql / Trivy (filesystem)	UNKNOWN STEP	2026-09-26T11:38:07.2456133Z 2026-09-26T11:38:07Z	INFO	[vuln] Vulnerability scanning is enabled
codeql / Trivy (filesystem)	UNKNOWN STEP	2026-09-26T11:38:07.2460209Z 2026-09-26T11:38:07Z	INFO	[secret] Secret scanning is enabled
codeql / Trivy (filesystem)	UNKNOWN STEP	2026-09-26T11:38:07.2461634Z 2026-09-26T11:38:07Z	INFO	[secret] If your scanning is slow, please try '--scanners vuln' to disable secret scanning
codeql / Trivy (filesystem)	UNKNOWN STEP	2026-09-26T11:38:07.2462727Z 2026-09-26T11:38:07Z	INFO	[secret] Please see https://trivy.dev/docs/v0.70/guide/scanner/secret#recommendation for faster secret detection
codeql / Trivy (filesystem)	UNKNOWN STEP	2026-09-26T11:38:07.2476539Z 2026-09-26T11:38:07Z	INFO	Number of language-specific files	num=0
codeql / Trivy (filesystem)	UNKNOWN STEP	2026-09-26T11:38:07.2540845Z ##[end-action id=__aquasecurity_trivy-action.__run_4;outcome=success;conclusion=success;duration_ms=4488]
codeql / Trivy (filesystem)	UNKNOWN STEP	2026-09-26T11:38:07.2543794Z ##[start-action display=Remove Trivy Envs file;id=__aquasecurity_trivy-action.__run_5]
codeql / Trivy (filesystem)	UNKNOWN STEP	2026-09-26T11:38:07.2981224Z ##[group]Run rm -f trivy_envs.txt
codeql / Trivy (filesystem)	UNKNOWN STEP	2026-09-26T11:38:07.2981493Z ^[[36;1mrm -f trivy_envs.txt^[[0m
codeql / Trivy (filesystem)	UNKNOWN STEP	2026-09-26T11:38:07.3014571Z shell: /usr/bin/bash --noprofile --norc -e -o pipefail {0}
codeql / Trivy (filesystem)	UNKNOWN STEP	2026-09-26T11:38:07.3014826Z ##[endgroup]
codeql / Trivy (filesystem)	UNKNOWN STEP	2026-09-26T11:38:07.4077114Z ##[end-action id=__aquasecurity_trivy-action.__run_5;outcome=success;conclusion=success;duration_ms=153]
codeql / Trivy (filesystem)	UNKNOWN STEP	2026-09-26T11:38:07.4136904Z ##[group]Run github/codeql-action/upload-sarif@2892aa5e19bbd11bc0cff5427e3b750a04d9e3c2
codeql / Trivy (filesystem)	UNKNOWN STEP	2026-09-26T11:38:07.4137323Z with:
codeql / Trivy (filesystem)	UNKNOWN STEP	2026-09-26T11:38:07.4137562Z   sarif_file: trivy-results.sarif
codeql / Trivy (filesystem)	UNKNOWN STEP	2026-09-26T11:38:07.4137848Z   category: trivy-fs
codeql / Trivy (filesystem)	UNKNOWN STEP	2026-09-26T11:38:07.4138183Z   checkout_path: /home/runner/work/deepseek-review-probe/deepseek-review-probe
codeql / Trivy (filesystem)	UNKNOWN STEP	2026-09-26T11:38:07.4139998Z   token: ***
codeql / Trivy (filesystem)	UNKNOWN STEP	2026-09-26T11:38:07.4140210Z   matrix: null
codeql / Trivy (filesystem)	UNKNOWN STEP	2026-09-26T11:38:07.4140507Z   wait-for-processing: true
codeql / Trivy (filesystem)	UNKNOWN STEP	2026-09-26T11:38:07.4140834Z ##[endgroup]
codeql / Trivy (filesystem)	UNKNOWN STEP	2026-09-26T11:38:07.5837093Z Job run UUID is e5433375-cbbb-46fa-86ef-b28a46063dce.
codeql / Trivy (filesystem)	UNKNOWN STEP	2026-09-26T11:38:08.3114672Z Post-processing sarif files: ["trivy-results.sarif"]
codeql / Trivy (filesystem)	UNKNOWN STEP	2026-09-26T11:38:08.3117551Z Validating trivy-results.sarif
codeql / Trivy (filesystem)	UNKNOWN STEP	2026-09-26T11:38:08.3206962Z Adding fingerprints to SARIF file. See https://docs.github.com/en/code-security/reference/code-scanning/sarif-support-for-code-scanning#data-for-preventing-duplicated-alerts for more information.
codeql / Trivy (filesystem)	UNKNOWN STEP	2026-09-26T11:38:08.3209449Z ##[group]Uploading code scanning results
codeql / Trivy (filesystem)	UNKNOWN STEP	2026-09-26T11:38:08.3341767Z Uploading results
codeql / Trivy (filesystem)	UNKNOWN STEP	2026-09-26T11:38:08.8364798Z Successfully uploaded results
codeql / Trivy (filesystem)	UNKNOWN STEP	2026-09-26T11:38:08.8365782Z ##[endgroup]
codeql / Trivy (filesystem)	UNKNOWN STEP	2026-09-26T11:38:08.8367620Z ##[group]Waiting for processing to finish
codeql / Trivy (filesystem)	UNKNOWN STEP	2026-09-26T11:38:14.0441969Z Analysis upload status is complete.
codeql / Trivy (filesystem)	UNKNOWN STEP	2026-09-26T11:38:14.0443277Z ##[endgroup]
codeql / Trivy (filesystem)	UNKNOWN STEP	2026-09-26T11:38:14.4006972Z Post job cleanup.
codeql / Trivy (filesystem)	UNKNOWN STEP	2026-09-26T11:38:14.5657970Z ##[group]Uploading combined SARIF debug artifact
codeql / Trivy (filesystem)	UNKNOWN STEP	2026-09-26T11:38:14.5658664Z ##[endgroup]
codeql / Trivy (filesystem)	UNKNOWN STEP	2026-09-26T11:38:14.5913513Z Post job cleanup.
codeql / Trivy (filesystem)	UNKNOWN STEP	2026-09-26T11:38:14.5919734Z ##[start-action display=Restore DB from cache;id=__bc93d012-dd25-4de5-9f92-de9b3e72c113.__actions_cache]
codeql / Trivy (filesystem)	UNKNOWN STEP	2026-09-26T11:38:14.5958778Z Post job cleanup.
codeql / Trivy (filesystem)	UNKNOWN STEP	2026-09-26T11:38:14.7074607Z [command]/usr/bin/tar --posix -cf cache.tzst --exclude cache.tzst -P -C /home/runner/work/deepseek-review-probe/deepseek-review-probe --files-from manifest.txt --use-compress-program zstdmt
codeql / Trivy (filesystem)	UNKNOWN STEP	2026-09-26T11:38:16.8576756Z Sent 69140480 of 87406235 (79.1%), 65.9 MBs/sec
codeql / Trivy (filesystem)	UNKNOWN STEP	2026-09-26T11:38:17.1629177Z Sent 87406235 of 87406235 (100.0%), 63.9 MBs/sec
codeql / Trivy (filesystem)	UNKNOWN STEP	2026-09-26T11:38:17.3340163Z Cache saved with key: cache-trivy-2026-09-26
codeql / Trivy (filesystem)	UNKNOWN STEP	2026-09-26T11:38:17.3384158Z ##[end-action id=__bc93d012-dd25-4de5-9f92-de9b3e72c113.__actions_cache;outcome=success;conclusion=success;duration_ms=2746]
codeql / Trivy (filesystem)	UNKNOWN STEP	2026-09-26T11:38:17.3387371Z ##[start-action display=Install Trivy;id=__bc93d012-dd25-4de5-9f92-de9b3e72c113.__aquasecurity_setup-trivy]
codeql / Trivy (filesystem)	UNKNOWN STEP	2026-09-26T11:38:17.3480724Z Post job cleanup.
codeql / Trivy (filesystem)	UNKNOWN STEP	2026-09-26T11:38:17.3485556Z ##[end-action id=__bc93d012-dd25-4de5-9f92-de9b3e72c113.__aquasecurity_setup-trivy;outcome=success;conclusion=success;duration_ms=9]
codeql / Trivy (filesystem)	UNKNOWN STEP	2026-09-26T11:38:17.3564591Z Post job cleanup.
codeql / Trivy (filesystem)	UNKNOWN STEP	2026-09-26T11:38:17.4184137Z [command]/usr/bin/git version
codeql / Trivy (filesystem)	UNKNOWN STEP	2026-09-26T11:38:17.4248367Z git version 2.55.0
codeql / Trivy (filesystem)	UNKNOWN STEP	2026-09-26T11:38:17.4275620Z Temporarily overriding HOME='/home/runner/work/_temp/17bb9a9a-aec7-4691-9659-91af6e8e90f8' before making global git config changes
codeql / Trivy (filesystem)	UNKNOWN STEP	2026-09-26T11:38:17.4276739Z Adding repository directory to the temporary git global config as a safe directory
codeql / Trivy (filesystem)	UNKNOWN STEP	2026-09-26T11:38:17.4281105Z [command]/usr/bin/git config --global --add safe.directory /home/runner/work/deepseek-review-probe/deepseek-review-probe
codeql / Trivy (filesystem)	UNKNOWN STEP	2026-09-26T11:38:17.4304511Z Removing SSH command configuration
codeql / Trivy (filesystem)	UNKNOWN STEP	2026-09-26T11:38:17.4308863Z [command]/usr/bin/git config --local --name-only --get-regexp core\.sshCommand
codeql / Trivy (filesystem)	UNKNOWN STEP	2026-09-26T11:38:17.4338697Z [command]/usr/bin/git submodule foreach --recursive sh -c "git config --local --name-only --get-regexp 'core\.sshCommand' && git config --local --unset-all 'core.sshCommand' || :"
codeql / Trivy (filesystem)	UNKNOWN STEP	2026-09-26T11:38:17.4495695Z Removing HTTP extra header
codeql / Trivy (filesystem)	UNKNOWN STEP	2026-09-26T11:38:17.4496691Z [command]/usr/bin/git config --local --name-only --get-regexp http\.https\:\/\/github\.com\/\.extraheader
codeql / Trivy (filesystem)	UNKNOWN STEP	2026-09-26T11:38:17.4519927Z [command]/usr/bin/git submodule foreach --recursive sh -c "git config --local --name-only --get-regexp 'http\.https\:\/\/github\.com\/\.extraheader' && git config --local --unset-all 'http.https://github.com/.extraheader' || :"
codeql / Trivy (filesystem)	UNKNOWN STEP	2026-09-26T11:38:17.4666349Z Removing includeIf entries pointing to credentials config files
codeql / Trivy (filesystem)	UNKNOWN STEP	2026-09-26T11:38:17.4675183Z [command]/usr/bin/git config --local --name-only --get-regexp ^includeIf\.gitdir:
codeql / Trivy (filesystem)	UNKNOWN STEP	2026-09-26T11:38:17.4697028Z [command]/usr/bin/git submodule foreach --recursive git config --local --show-origin --name-only --get-regexp remote.origin.url
codeql / Trivy (filesystem)	UNKNOWN STEP	2026-09-26T11:38:17.4942905Z Cleaning up orphan processes
static / gitleaks	UNKNOWN STEP	﻿2026-09-26T11:37:47.5315737Z Current runner version: '2.337.0'
static / gitleaks	UNKNOWN STEP	2026-09-26T11:37:47.5350660Z ##[group]Runner Image Provisioner
static / gitleaks	UNKNOWN STEP	2026-09-26T11:37:47.5352034Z Hosted Compute Agent
static / gitleaks	UNKNOWN STEP	2026-09-26T11:37:47.5352978Z Version: 20260828.587
static / gitleaks	UNKNOWN STEP	2026-09-26T11:37:47.5354168Z Commit: abac92662cab4cc7352de4f9f9d2e2419aad9c29
static / gitleaks	UNKNOWN STEP	2026-09-26T11:37:47.5355371Z Build Date: 2026-08-28T16:44:25Z
static / gitleaks	UNKNOWN STEP	2026-09-26T11:37:47.5356448Z Worker ID: {20e7b2f1-f9e1-4a4d-912c-8bef07a2373c}
static / gitleaks	UNKNOWN STEP	2026-09-26T11:37:47.5357699Z Azure Region: centralus
static / gitleaks	UNKNOWN STEP	2026-09-26T11:37:47.5358655Z ##[endgroup]
static / gitleaks	UNKNOWN STEP	2026-09-26T11:37:47.5361142Z ##[group]Operating System
static / gitleaks	UNKNOWN STEP	2026-09-26T11:37:47.5362226Z Ubuntu
static / gitleaks	UNKNOWN STEP	2026-09-26T11:37:47.5363162Z 24.04.5
static / gitleaks	UNKNOWN STEP	2026-09-26T11:37:47.5364195Z LTS
static / gitleaks	UNKNOWN STEP	2026-09-26T11:37:47.5365145Z ##[endgroup]
static / gitleaks	UNKNOWN STEP	2026-09-26T11:37:47.5366239Z ##[group]Runner Image
static / gitleaks	UNKNOWN STEP	2026-09-26T11:37:47.5367352Z Image: ubuntu-24.04
static / gitleaks	UNKNOWN STEP	2026-09-26T11:37:47.5368429Z Version: 20260920.314.1
static / gitleaks	UNKNOWN STEP	2026-09-26T11:37:47.5370946Z Included Software: https://github.com/actions/runner-images/blob/ubuntu24/20260920.314/images/ubuntu/Ubuntu2404-Readme.md
static / gitleaks	UNKNOWN STEP	2026-09-26T11:37:47.5373827Z Image Release: https://github.com/actions/runner-images/releases/tag/ubuntu24%2F20260920.314
static / gitleaks	UNKNOWN STEP	2026-09-26T11:37:47.5375662Z ##[endgroup]
static / gitleaks	UNKNOWN STEP	2026-09-26T11:37:47.5377786Z ##[group]GITHUB_TOKEN Permissions
static / gitleaks	UNKNOWN STEP	2026-09-26T11:37:47.5381271Z Contents: read
static / gitleaks	UNKNOWN STEP	2026-09-26T11:37:47.5382315Z Metadata: read
static / gitleaks	UNKNOWN STEP	2026-09-26T11:37:47.5383540Z PullRequests: write
static / gitleaks	UNKNOWN STEP	2026-09-26T11:37:47.5384607Z ##[endgroup]
static / gitleaks	UNKNOWN STEP	2026-09-26T11:37:47.5387484Z Secret source: Actions
static / gitleaks	UNKNOWN STEP	2026-09-26T11:37:47.5389087Z Cache mode: write
static / gitleaks	UNKNOWN STEP	2026-09-26T11:37:47.5390849Z Prepare workflow directory
static / gitleaks	UNKNOWN STEP	2026-09-26T11:37:47.5766402Z Prepare all required actions
static / gitleaks	UNKNOWN STEP	2026-09-26T11:37:47.5838719Z Getting action download info
static / gitleaks	UNKNOWN STEP	2026-09-26T11:37:47.8473340Z Download action repository 'actions/checkout@3d3c42e5aac5ba805825da76410c181273ba90b1' (SHA:3d3c42e5aac5ba805825da76410c181273ba90b1)
static / gitleaks	UNKNOWN STEP	2026-09-26T11:37:47.9340454Z Download action repository 'gitleaks/gitleaks-action@e0c47f4f8be36e29cdc102c57e68cb5cbf0e8d1e' (SHA:e0c47f4f8be36e29cdc102c57e68cb5cbf0e8d1e)
static / gitleaks	UNKNOWN STEP	2026-09-26T11:37:48.4614531Z Uses: tznthou/deepseek-code-review/.github/workflows/reusable-static-review.yml@refs/tags/v1.4.1 (96c5bf9822857caf775cca0072511042d6fd3de1)
static / gitleaks	UNKNOWN STEP	2026-09-26T11:37:48.4619898Z ##[group] Inputs
static / gitleaks	UNKNOWN STEP	2026-09-26T11:37:48.4620637Z   lint-command: shellcheck -f gcc $(git ls-files '*.sh')
static / gitleaks	UNKNOWN STEP	2026-09-26T11:37:48.4621417Z   lint-name: shellcheck
static / gitleaks	UNKNOWN STEP	2026-09-26T11:37:48.4621995Z   lint-errorformat: %f:%l:%c: %m
static / gitleaks	UNKNOWN STEP	2026-09-26T11:37:48.4622605Z   fail-level: error
static / gitleaks	UNKNOWN STEP	2026-09-26T11:37:48.4623574Z   skip-dependency-review: true
static / gitleaks	UNKNOWN STEP	2026-09-26T11:37:48.4624237Z   dependency-fail-on-severity: high
static / gitleaks	UNKNOWN STEP	2026-09-26T11:37:48.4624871Z   skip-draft: true
static / gitleaks	UNKNOWN STEP	2026-09-26T11:37:48.4625399Z ##[endgroup]
static / gitleaks	UNKNOWN STEP	2026-09-26T11:37:48.4625935Z Complete job name: static / gitleaks
static / gitleaks	UNKNOWN STEP	2026-09-26T11:37:48.5472749Z ##[group]Run actions/checkout@3d3c42e5aac5ba805825da76410c181273ba90b1
static / gitleaks	UNKNOWN STEP	2026-09-26T11:37:48.5473970Z with:
static / gitleaks	UNKNOWN STEP	2026-09-26T11:37:48.5474490Z   fetch-depth: 0
static / gitleaks	UNKNOWN STEP	2026-09-26T11:37:48.5475041Z   persist-credentials: false
static / gitleaks	UNKNOWN STEP	2026-09-26T11:37:48.5475704Z   repository: tznthou/deepseek-review-probe
static / gitleaks	UNKNOWN STEP	2026-09-26T11:37:48.5480540Z   token: ***
static / gitleaks	UNKNOWN STEP	2026-09-26T11:37:48.5481084Z   ssh-strict: true
static / gitleaks	UNKNOWN STEP	2026-09-26T11:37:48.5481600Z   ssh-user: git
static / gitleaks	UNKNOWN STEP	2026-09-26T11:37:48.5482093Z   clean: true
static / gitleaks	UNKNOWN STEP	2026-09-26T11:37:48.5482614Z   sparse-checkout-cone-mode: true
static / gitleaks	UNKNOWN STEP	2026-09-26T11:37:48.5483228Z   fetch-tags: false
static / gitleaks	UNKNOWN STEP	2026-09-26T11:37:48.5483758Z   show-progress: true
static / gitleaks	UNKNOWN STEP	2026-09-26T11:37:48.5484287Z   lfs: false
static / gitleaks	UNKNOWN STEP	2026-09-26T11:37:48.5484776Z   submodules: false
static / gitleaks	UNKNOWN STEP	2026-09-26T11:37:48.5485306Z   set-safe-directory: true
static / gitleaks	UNKNOWN STEP	2026-09-26T11:37:48.5485898Z   allow-unsafe-pr-checkout: false
static / gitleaks	UNKNOWN STEP	2026-09-26T11:37:48.5486786Z ##[endgroup]
static / gitleaks	UNKNOWN STEP	2026-09-26T11:37:48.6510222Z Syncing repository: tznthou/deepseek-review-probe
static / gitleaks	UNKNOWN STEP	2026-09-26T11:37:48.6513406Z ##[group]Getting Git version info
static / gitleaks	UNKNOWN STEP	2026-09-26T11:37:48.6515000Z Working directory is '/home/runner/work/deepseek-review-probe/deepseek-review-probe'
static / gitleaks	UNKNOWN STEP	2026-09-26T11:37:48.6517166Z [command]/usr/bin/git version
static / gitleaks	UNKNOWN STEP	2026-09-26T11:37:48.6565993Z git version 2.55.0
static / gitleaks	UNKNOWN STEP	2026-09-26T11:37:48.6588515Z ##[endgroup]
static / gitleaks	UNKNOWN STEP	2026-09-26T11:37:48.6599876Z Temporarily overriding HOME='/home/runner/work/_temp/af293679-b57a-450a-8303-1b5bcef45329' before making global git config changes
static / gitleaks	UNKNOWN STEP	2026-09-26T11:37:48.6602585Z Adding repository directory to the temporary git global config as a safe directory
static / gitleaks	UNKNOWN STEP	2026-09-26T11:37:48.6605837Z [command]/usr/bin/git config --global --add safe.directory /home/runner/work/deepseek-review-probe/deepseek-review-probe
static / gitleaks	UNKNOWN STEP	2026-09-26T11:37:48.6661382Z Deleting the contents of '/home/runner/work/deepseek-review-probe/deepseek-review-probe'
static / gitleaks	UNKNOWN STEP	2026-09-26T11:37:48.6670663Z ##[group]Determining repository object format
static / gitleaks	UNKNOWN STEP	2026-09-26T11:37:48.6672824Z ##[endgroup]
static / gitleaks	UNKNOWN STEP	2026-09-26T11:37:48.6673876Z ##[group]Initializing the repository
static / gitleaks	UNKNOWN STEP	2026-09-26T11:37:48.6675025Z [command]/usr/bin/git init /home/runner/work/deepseek-review-probe/deepseek-review-probe
static / gitleaks	UNKNOWN STEP	2026-09-26T11:37:48.6760602Z hint: Using 'master' as the name for the initial branch. This default branch name
static / gitleaks	UNKNOWN STEP	2026-09-26T11:37:48.6762508Z hint: will change to "main" in Git 3.0. To configure the initial branch name
static / gitleaks	UNKNOWN STEP	2026-09-26T11:37:48.6764519Z hint: to use in all of your new repositories, which will suppress this warning,
static / gitleaks	UNKNOWN STEP	2026-09-26T11:37:48.6765909Z hint: call:
static / gitleaks	UNKNOWN STEP	2026-09-26T11:37:48.6766657Z hint:
static / gitleaks	UNKNOWN STEP	2026-09-26T11:37:48.6767584Z hint: 	git config --global init.defaultBranch <name>
static / gitleaks	UNKNOWN STEP	2026-09-26T11:37:48.6768722Z hint:
static / gitleaks	UNKNOWN STEP	2026-09-26T11:37:48.6770751Z hint: Names commonly chosen instead of 'master' are 'main', 'trunk' and
static / gitleaks	UNKNOWN STEP	2026-09-26T11:37:48.6772506Z hint: 'development'. The just-created branch can be renamed via this command:
static / gitleaks	UNKNOWN STEP	2026-09-26T11:37:48.6774106Z hint:
static / gitleaks	UNKNOWN STEP	2026-09-26T11:37:48.6775029Z hint: 	git branch -m <name>
static / gitleaks	UNKNOWN STEP	2026-09-26T11:37:48.6776254Z hint:
static / gitleaks	UNKNOWN STEP	2026-09-26T11:37:48.6777579Z hint: Disable this message with "git config set advice.defaultBranchName false"
static / gitleaks	UNKNOWN STEP	2026-09-26T11:37:48.6780835Z Initialized empty Git repository in /home/runner/work/deepseek-review-probe/deepseek-review-probe/.git/
static / gitleaks	UNKNOWN STEP	2026-09-26T11:37:48.6786840Z [command]/usr/bin/git remote add origin https://github.com/tznthou/deepseek-review-probe
static / gitleaks	UNKNOWN STEP	2026-09-26T11:37:48.6835588Z ##[endgroup]
static / gitleaks	UNKNOWN STEP	2026-09-26T11:37:48.6837006Z ##[group]Disabling automatic garbage collection
static / gitleaks	UNKNOWN STEP	2026-09-26T11:37:48.6838440Z [command]/usr/bin/git config --local gc.auto 0
static / gitleaks	UNKNOWN STEP	2026-09-26T11:37:48.6871147Z ##[endgroup]
static / gitleaks	UNKNOWN STEP	2026-09-26T11:37:48.6872555Z ##[group]Setting up auth
static / gitleaks	UNKNOWN STEP	2026-09-26T11:37:48.6873588Z Removing SSH command configuration
static / gitleaks	UNKNOWN STEP	2026-09-26T11:37:48.6876763Z [command]/usr/bin/git config --local --name-only --get-regexp core\.sshCommand
static / gitleaks	UNKNOWN STEP	2026-09-26T11:37:48.6912544Z [command]/usr/bin/git submodule foreach --recursive sh -c "git config --local --name-only --get-regexp 'core\.sshCommand' && git config --local --unset-all 'core.sshCommand' || :"
static / gitleaks	UNKNOWN STEP	2026-09-26T11:37:48.7293420Z Removing HTTP extra header
static / gitleaks	UNKNOWN STEP	2026-09-26T11:37:48.7300211Z [command]/usr/bin/git config --local --name-only --get-regexp http\.https\:\/\/github\.com\/\.extraheader
static / gitleaks	UNKNOWN STEP	2026-09-26T11:37:48.7338902Z [command]/usr/bin/git submodule foreach --recursive sh -c "git config --local --name-only --get-regexp 'http\.https\:\/\/github\.com\/\.extraheader' && git config --local --unset-all 'http.https://github.com/.extraheader' || :"
static / gitleaks	UNKNOWN STEP	2026-09-26T11:37:48.7579749Z Removing includeIf entries pointing to credentials config files
static / gitleaks	UNKNOWN STEP	2026-09-26T11:37:48.7584842Z [command]/usr/bin/git config --local --name-only --get-regexp ^includeIf\.gitdir:
static / gitleaks	UNKNOWN STEP	2026-09-26T11:37:48.7632314Z [command]/usr/bin/git submodule foreach --recursive git config --local --show-origin --name-only --get-regexp remote.origin.url
static / gitleaks	UNKNOWN STEP	2026-09-26T11:37:48.7865348Z [command]/usr/bin/git config --file /home/runner/work/_temp/git-credentials-07becd6e-8d82-4149-81c1-5a99fd23fb40.config http.https://github.com/.extraheader AUTHORIZATION: basic ***
static / gitleaks	UNKNOWN STEP	2026-09-26T11:37:48.7905972Z [command]/usr/bin/git config --local includeIf.gitdir:/home/runner/work/deepseek-review-probe/deepseek-review-probe/.git.path /home/runner/work/_temp/git-credentials-07becd6e-8d82-4149-81c1-5a99fd23fb40.config
static / gitleaks	UNKNOWN STEP	2026-09-26T11:37:48.7939862Z [command]/usr/bin/git config --local includeIf.gitdir:/home/runner/work/deepseek-review-probe/deepseek-review-probe/.git/worktrees/*.path /home/runner/work/_temp/git-credentials-07becd6e-8d82-4149-81c1-5a99fd23fb40.config
static / gitleaks	UNKNOWN STEP	2026-09-26T11:37:48.7976771Z [command]/usr/bin/git config --local includeIf.gitdir:/github/workspace/.git.path /github/runner_temp/git-credentials-07becd6e-8d82-4149-81c1-5a99fd23fb40.config
static / gitleaks	UNKNOWN STEP	2026-09-26T11:37:48.8013989Z [command]/usr/bin/git config --local includeIf.gitdir:/github/workspace/.git/worktrees/*.path /github/runner_temp/git-credentials-07becd6e-8d82-4149-81c1-5a99fd23fb40.config
static / gitleaks	UNKNOWN STEP	2026-09-26T11:37:48.8045862Z ##[endgroup]
static / gitleaks	UNKNOWN STEP	2026-09-26T11:37:48.8046800Z ##[group]Fetching the repository
static / gitleaks	UNKNOWN STEP	2026-09-26T11:37:48.8054492Z [command]/usr/bin/git -c protocol.version=2 fetch --no-tags --prune --no-recurse-submodules origin +refs/heads/*:refs/remotes/origin/* +refs/tags/*:refs/tags/* +68a7162b45ae91dcba6dca8be19315754c5aa0f1:refs/remotes/pull/1/merge
static / gitleaks	UNKNOWN STEP	2026-09-26T11:37:49.2603117Z From https://github.com/tznthou/deepseek-review-probe
static / gitleaks	UNKNOWN STEP	2026-09-26T11:37:49.2604884Z  * [new branch]      main                                     -> origin/main
static / gitleaks	UNKNOWN STEP	2026-09-26T11:37:49.2606879Z  * [new branch]      trigger                                  -> origin/trigger
static / gitleaks	UNKNOWN STEP	2026-09-26T11:37:49.2608268Z  * [new ref]         68a7162b45ae91dcba6dca8be19315754c5aa0f1 -> pull/1/merge
static / gitleaks	UNKNOWN STEP	2026-09-26T11:37:49.2611821Z ##[endgroup]
static / gitleaks	UNKNOWN STEP	2026-09-26T11:37:49.2613012Z ##[group]Determining the checkout info
static / gitleaks	UNKNOWN STEP	2026-09-26T11:37:49.2614790Z ##[endgroup]
static / gitleaks	UNKNOWN STEP	2026-09-26T11:37:49.2615589Z [command]/usr/bin/git sparse-checkout disable
static / gitleaks	UNKNOWN STEP	2026-09-26T11:37:49.2669869Z [command]/usr/bin/git config --local --unset-all extensions.worktreeConfig
static / gitleaks	UNKNOWN STEP	2026-09-26T11:37:49.2706485Z ##[group]Checking out the ref
static / gitleaks	UNKNOWN STEP	2026-09-26T11:37:49.2708017Z [command]/usr/bin/git checkout --progress --force refs/remotes/pull/1/merge
static / gitleaks	UNKNOWN STEP	2026-09-26T11:37:49.2755539Z Note: switching to 'refs/remotes/pull/1/merge'.
static / gitleaks	UNKNOWN STEP	2026-09-26T11:37:49.2756728Z 
static / gitleaks	UNKNOWN STEP	2026-09-26T11:37:49.2757462Z You are in 'detached HEAD' state. You can look around, make experimental
static / gitleaks	UNKNOWN STEP	2026-09-26T11:37:49.2759999Z changes and commit them, and you can discard any commits you make in this
static / gitleaks	UNKNOWN STEP	2026-09-26T11:37:49.2762201Z state without impacting any branches by switching back to a branch.
static / gitleaks	UNKNOWN STEP	2026-09-26T11:37:49.2763291Z 
static / gitleaks	UNKNOWN STEP	2026-09-26T11:37:49.2763999Z If you want to create a new branch to retain commits you create, you may
static / gitleaks	UNKNOWN STEP	2026-09-26T11:37:49.2766647Z do so (now or later) by using -c with the switch command. Example:
static / gitleaks	UNKNOWN STEP	2026-09-26T11:37:49.2767884Z 
static / gitleaks	UNKNOWN STEP	2026-09-26T11:37:49.2768450Z   git switch -c <new-branch-name>
static / gitleaks	UNKNOWN STEP	2026-09-26T11:37:49.2769846Z 
static / gitleaks	UNKNOWN STEP	2026-09-26T11:37:49.2770514Z Or undo this operation with:
static / gitleaks	UNKNOWN STEP	2026-09-26T11:37:49.2771424Z 
static / gitleaks	UNKNOWN STEP	2026-09-26T11:37:49.2771928Z   git switch -
static / gitleaks	UNKNOWN STEP	2026-09-26T11:37:49.2772555Z 
static / gitleaks	UNKNOWN STEP	2026-09-26T11:37:49.2773739Z Turn off this advice by setting config variable advice.detachedHead to false
static / gitleaks	UNKNOWN STEP	2026-09-26T11:37:49.2775165Z 
static / gitleaks	UNKNOWN STEP	2026-09-26T11:37:49.2776840Z HEAD is now at 68a7162 Merge d7ace96e6a18ba10b01ae100b19d08e3c19bbe86 into cb6d6dde2fdd4be8037bc2bbc91fcf474976d784
static / gitleaks	UNKNOWN STEP	2026-09-26T11:37:49.2782302Z ##[endgroup]
static / gitleaks	UNKNOWN STEP	2026-09-26T11:37:49.2812575Z [command]/usr/bin/git log -1 --format=%H
static / gitleaks	UNKNOWN STEP	2026-09-26T11:37:49.2840474Z 68a7162b45ae91dcba6dca8be19315754c5aa0f1
static / gitleaks	UNKNOWN STEP	2026-09-26T11:37:49.2852170Z ##[group]Removing auth
static / gitleaks	UNKNOWN STEP	2026-09-26T11:37:49.2853552Z Removing SSH command configuration
static / gitleaks	UNKNOWN STEP	2026-09-26T11:37:49.2855979Z [command]/usr/bin/git config --local --name-only --get-regexp core\.sshCommand
static / gitleaks	UNKNOWN STEP	2026-09-26T11:37:49.2892189Z [command]/usr/bin/git submodule foreach --recursive sh -c "git config --local --name-only --get-regexp 'core\.sshCommand' && git config --local --unset-all 'core.sshCommand' || :"
static / gitleaks	UNKNOWN STEP	2026-09-26T11:37:49.3114711Z Removing HTTP extra header
static / gitleaks	UNKNOWN STEP	2026-09-26T11:37:49.3117826Z [command]/usr/bin/git config --local --name-only --get-regexp http\.https\:\/\/github\.com\/\.extraheader
static / gitleaks	UNKNOWN STEP	2026-09-26T11:37:49.3158587Z [command]/usr/bin/git submodule foreach --recursive sh -c "git config --local --name-only --get-regexp 'http\.https\:\/\/github\.com\/\.extraheader' && git config --local --unset-all 'http.https://github.com/.extraheader' || :"
static / gitleaks	UNKNOWN STEP	2026-09-26T11:37:49.3379063Z Removing includeIf entries pointing to credentials config files
static / gitleaks	UNKNOWN STEP	2026-09-26T11:37:49.3383468Z [command]/usr/bin/git config --local --name-only --get-regexp ^includeIf\.gitdir:
static / gitleaks	UNKNOWN STEP	2026-09-26T11:37:49.3413428Z includeif.gitdir:/home/runner/work/deepseek-review-probe/deepseek-review-probe/.git.path
static / gitleaks	UNKNOWN STEP	2026-09-26T11:37:49.3416684Z includeif.gitdir:/home/runner/work/deepseek-review-probe/deepseek-review-probe/.git/worktrees/*.path
static / gitleaks	UNKNOWN STEP	2026-09-26T11:37:49.3419442Z includeif.gitdir:/github/workspace/.git.path
static / gitleaks	UNKNOWN STEP	2026-09-26T11:37:49.3421828Z includeif.gitdir:/github/workspace/.git/worktrees/*.path
static / gitleaks	UNKNOWN STEP	2026-09-26T11:37:49.3426445Z [command]/usr/bin/git config --local --get-all includeif.gitdir:/home/runner/work/deepseek-review-probe/deepseek-review-probe/.git.path
static / gitleaks	UNKNOWN STEP	2026-09-26T11:37:49.3448827Z /home/runner/work/_temp/git-credentials-07becd6e-8d82-4149-81c1-5a99fd23fb40.config
static / gitleaks	UNKNOWN STEP	2026-09-26T11:37:49.3460127Z [command]/usr/bin/git config --local --unset includeif.gitdir:/home/runner/work/deepseek-review-probe/deepseek-review-probe/.git.path \/home\/runner\/work\/_temp\/git\-credentials\-07becd6e\-8d82\-4149\-81c1\-5a99fd23fb40\.config
static / gitleaks	UNKNOWN STEP	2026-09-26T11:37:49.3496101Z [command]/usr/bin/git config --local --get-all includeif.gitdir:/home/runner/work/deepseek-review-probe/deepseek-review-probe/.git/worktrees/*.path
static / gitleaks	UNKNOWN STEP	2026-09-26T11:37:49.3522944Z /home/runner/work/_temp/git-credentials-07becd6e-8d82-4149-81c1-5a99fd23fb40.config
static / gitleaks	UNKNOWN STEP	2026-09-26T11:37:49.3532280Z [command]/usr/bin/git config --local --unset includeif.gitdir:/home/runner/work/deepseek-review-probe/deepseek-review-probe/.git/worktrees/*.path \/home\/runner\/work\/_temp\/git\-credentials\-07becd6e\-8d82\-4149\-81c1\-5a99fd23fb40\.config
static / gitleaks	UNKNOWN STEP	2026-09-26T11:37:49.3567947Z [command]/usr/bin/git config --local --get-all includeif.gitdir:/github/workspace/.git.path
static / gitleaks	UNKNOWN STEP	2026-09-26T11:37:49.3593384Z /github/runner_temp/git-credentials-07becd6e-8d82-4149-81c1-5a99fd23fb40.config
static / gitleaks	UNKNOWN STEP	2026-09-26T11:37:49.3603012Z [command]/usr/bin/git config --local --unset includeif.gitdir:/github/workspace/.git.path \/github\/runner_temp\/git\-credentials\-07becd6e\-8d82\-4149\-81c1\-5a99fd23fb40\.config
static / gitleaks	UNKNOWN STEP	2026-09-26T11:37:49.3640926Z [command]/usr/bin/git config --local --get-all includeif.gitdir:/github/workspace/.git/worktrees/*.path
static / gitleaks	UNKNOWN STEP	2026-09-26T11:37:49.3670707Z /github/runner_temp/git-credentials-07becd6e-8d82-4149-81c1-5a99fd23fb40.config
static / gitleaks	UNKNOWN STEP	2026-09-26T11:37:49.3686035Z [command]/usr/bin/git config --local --unset includeif.gitdir:/github/workspace/.git/worktrees/*.path \/github\/runner_temp\/git\-credentials\-07becd6e\-8d82\-4149\-81c1\-5a99fd23fb40\.config
static / gitleaks	UNKNOWN STEP	2026-09-26T11:37:49.3774206Z [command]/usr/bin/git submodule foreach --recursive git config --local --show-origin --name-only --get-regexp remote.origin.url
static / gitleaks	UNKNOWN STEP	2026-09-26T11:37:49.3984824Z Removing credentials config '/home/runner/work/_temp/git-credentials-07becd6e-8d82-4149-81c1-5a99fd23fb40.config'
static / gitleaks	UNKNOWN STEP	2026-09-26T11:37:49.3992461Z ##[endgroup]
static / gitleaks	UNKNOWN STEP	2026-09-26T11:37:49.4255856Z ##[group]Run gitleaks/gitleaks-action@e0c47f4f8be36e29cdc102c57e68cb5cbf0e8d1e
static / gitleaks	UNKNOWN STEP	2026-09-26T11:37:49.4257655Z env:
static / gitleaks	UNKNOWN STEP	2026-09-26T11:37:49.4268709Z   GITHUB_TOKEN: ***
static / gitleaks	UNKNOWN STEP	2026-09-26T11:37:49.4270009Z   GITLEAKS_LICENSE: 
static / gitleaks	UNKNOWN STEP	2026-09-26T11:37:49.4270983Z ##[endgroup]
static / gitleaks	UNKNOWN STEP	2026-09-26T11:37:49.5940849Z (node:2351) [DEP0040] DeprecationWarning: The `punycode` module is deprecated. Please use a userland alternative instead.
static / gitleaks	UNKNOWN STEP	2026-09-26T11:37:49.5943945Z (Use `node --trace-deprecation ...` to show where the warning was created)
static / gitleaks	UNKNOWN STEP	2026-09-26T11:37:49.6064135Z (node:2351) [DEP0169] DeprecationWarning: `url.parse()` behavior is not standardized and prone to errors that have security implications. Use the WHATWG URL API instead. CVEs are not issued for `url.parse()` vulnerabilities.
static / gitleaks	UNKNOWN STEP	2026-09-26T11:37:49.8507660Z [tznthou] is an individual user. No license key is required.
static / gitleaks	UNKNOWN STEP	2026-09-26T11:37:49.8510567Z gitleaks version: 8.24.3
static / gitleaks	UNKNOWN STEP	2026-09-26T11:37:49.8514852Z Version to install: 8.24.3 (target directory: /tmp/gitleaks-8.24.3)
static / gitleaks	UNKNOWN STEP	2026-09-26T11:37:49.9561768Z Cache hit for: gitleaks-cache-8.24.3-linux-x64
static / gitleaks	UNKNOWN STEP	2026-09-26T11:37:50.5014777Z Received 5712920 of 5712920 (100.0%), 13.2 MBs/sec
static / gitleaks	UNKNOWN STEP	2026-09-26T11:37:50.5017183Z Cache Size: ~5 MB (5712920 B)
static / gitleaks	UNKNOWN STEP	2026-09-26T11:37:50.5048664Z [command]/usr/bin/tar -xf /home/runner/work/_temp/24208823-e830-4535-a5d0-8da89f825949/cache.tzst -P -C /home/runner/work/deepseek-review-probe/deepseek-review-probe --use-compress-program unzstd
static / gitleaks	UNKNOWN STEP	2026-09-26T11:37:50.5399341Z Cache restored successfully
static / gitleaks	UNKNOWN STEP	2026-09-26T11:37:50.5405030Z Gitleaks restored from cache
static / gitleaks	UNKNOWN STEP	2026-09-26T11:37:50.5408245Z event type: pull_request
static / gitleaks	UNKNOWN STEP	2026-09-26T11:37:50.9255530Z gitleaks cmd: gitleaks detect --redact -v --exit-code=2 --report-format=sarif --report-path=results.sarif --log-level=debug --log-opts=--no-merges --first-parent 1d425d2692c04cbff92b559948de4635d32fc0a6^..d7ace96e6a18ba10b01ae100b19d08e3c19bbe86
static / gitleaks	UNKNOWN STEP	2026-09-26T11:37:50.9276868Z [command]/tmp/gitleaks-8.24.3/gitleaks detect --redact -v --exit-code=2 --report-format=sarif --report-path=results.sarif --log-level=debug --log-opts=--no-merges --first-parent 1d425d2692c04cbff92b559948de4635d32fc0a6^..d7ace96e6a18ba10b01ae100b19d08e3c19bbe86
static / gitleaks	UNKNOWN STEP	2026-09-26T11:37:51.1907885Z 
static / gitleaks	UNKNOWN STEP	2026-09-26T11:37:51.1908870Z     ○
static / gitleaks	UNKNOWN STEP	2026-09-26T11:37:51.1910249Z     │╲
static / gitleaks	UNKNOWN STEP	2026-09-26T11:37:51.1910794Z     │ ○
static / gitleaks	UNKNOWN STEP	2026-09-26T11:37:51.1911248Z     ○ ░
static / gitleaks	UNKNOWN STEP	2026-09-26T11:37:51.1911729Z     ░    gitleaks
static / gitleaks	UNKNOWN STEP	2026-09-26T11:37:51.1912055Z 
static / gitleaks	UNKNOWN STEP	2026-09-26T11:37:51.1912764Z ^[[90m11:37AM^[[0m DBG using github.com/wasilibs/go-re2 regex engine
static / gitleaks	UNKNOWN STEP	2026-09-26T11:37:51.1914043Z ^[[90m11:37AM^[[0m DBG no gitleaks config found in path .gitleaks.toml, using default gitleaks config
static / gitleaks	UNKNOWN STEP	2026-09-26T11:37:51.3281064Z ^[[90m11:37AM^[[0m DBG executing: /usr/bin/git -C . log -p -U0 --no-merges --first-parent 1d425d2692c04cbff92b559948de4635d32fc0a6^..d7ace96e6a18ba10b01ae100b19d08e3c19bbe86
static / gitleaks	UNKNOWN STEP	2026-09-26T11:37:51.3322283Z ^[[90m11:37AM^[[0m DBG SCM platform parsed from host ^[[36mhost=^[[0mgithub.com ^[[36mplatform=^[[0mgithub
static / gitleaks	UNKNOWN STEP	2026-09-26T11:37:51.3349605Z ^[[90m11:37AM^[[0m ^[[32mINF^[[0m ^[[1m12 commits scanned.^[[0m
static / gitleaks	UNKNOWN STEP	2026-09-26T11:37:51.3350688Z ^[[90m11:37AM^[[0m DBG Note: this number might be smaller than expected due to commits with no additions
static / gitleaks	UNKNOWN STEP	2026-09-26T11:37:51.3351719Z ^[[90m11:37AM^[[0m ^[[32mINF^[[0m ^[[1mscanned ~1706 bytes (1.71 KB) in 145ms^[[0m
static / gitleaks	UNKNOWN STEP	2026-09-26T11:37:51.3352184Z ^[[90m11:37AM^[[0m ^[[32mINF^[[0m ^[[1mno leaks found^[[0m
static / gitleaks	UNKNOWN STEP	2026-09-26T11:37:51.3380760Z Artifact name is valid!
static / gitleaks	UNKNOWN STEP	2026-09-26T11:37:51.3381611Z Root directory input is valid!
static / gitleaks	UNKNOWN STEP	2026-09-26T11:37:51.5892696Z Beginning upload of artifact content to blob storage
static / gitleaks	UNKNOWN STEP	2026-09-26T11:37:51.7270432Z Uploaded bytes 6816
static / gitleaks	UNKNOWN STEP	2026-09-26T11:37:51.7637720Z Finished uploading artifact content to blob storage!
static / gitleaks	UNKNOWN STEP	2026-09-26T11:37:51.7638842Z SHA256 digest of uploaded artifact zip is ed328fc50c399322ed444583a943cea341f899699f216360b8c0312da2350e13
static / gitleaks	UNKNOWN STEP	2026-09-26T11:37:51.7642521Z Finalizing artifact upload
static / gitleaks	UNKNOWN STEP	2026-09-26T11:37:52.0365475Z Artifact gitleaks-results.sarif.zip successfully finalized. Artifact ID 10905322594
static / gitleaks	UNKNOWN STEP	2026-09-26T11:37:52.0378239Z ✅ No leaks detected
static / gitleaks	UNKNOWN STEP	2026-09-26T11:37:52.0615787Z Post job cleanup.
static / gitleaks	UNKNOWN STEP	2026-09-26T11:37:52.1446518Z [command]/usr/bin/git version
static / gitleaks	UNKNOWN STEP	2026-09-26T11:37:52.1491131Z git version 2.55.0
static / gitleaks	UNKNOWN STEP	2026-09-26T11:37:52.1532125Z Temporarily overriding HOME='/home/runner/work/_temp/aca885bb-2e01-4e2e-bc1b-2ae88054145d' before making global git config changes
static / gitleaks	UNKNOWN STEP	2026-09-26T11:37:52.1533572Z Adding repository directory to the temporary git global config as a safe directory
static / gitleaks	UNKNOWN STEP	2026-09-26T11:37:52.1537109Z [command]/usr/bin/git config --global --add safe.directory /home/runner/work/deepseek-review-probe/deepseek-review-probe
static / gitleaks	UNKNOWN STEP	2026-09-26T11:37:52.1568467Z Removing SSH command configuration
static / gitleaks	UNKNOWN STEP	2026-09-26T11:37:52.1575417Z [command]/usr/bin/git config --local --name-only --get-regexp core\.sshCommand
static / gitleaks	UNKNOWN STEP	2026-09-26T11:37:52.1610340Z [command]/usr/bin/git submodule foreach --recursive sh -c "git config --local --name-only --get-regexp 'core\.sshCommand' && git config --local --unset-all 'core.sshCommand' || :"
static / gitleaks	UNKNOWN STEP	2026-09-26T11:37:52.1864017Z Removing HTTP extra header
static / gitleaks	UNKNOWN STEP	2026-09-26T11:37:52.1870594Z [command]/usr/bin/git config --local --name-only --get-regexp http\.https\:\/\/github\.com\/\.extraheader
static / gitleaks	UNKNOWN STEP	2026-09-26T11:37:52.1900538Z [command]/usr/bin/git submodule foreach --recursive sh -c "git config --local --name-only --get-regexp 'http\.https\:\/\/github\.com\/\.extraheader' && git config --local --unset-all 'http.https://github.com/.extraheader' || :"
static / gitleaks	UNKNOWN STEP	2026-09-26T11:37:52.2138392Z Removing includeIf entries pointing to credentials config files
static / gitleaks	UNKNOWN STEP	2026-09-26T11:37:52.2145915Z [command]/usr/bin/git config --local --name-only --get-regexp ^includeIf\.gitdir:
static / gitleaks	UNKNOWN STEP	2026-09-26T11:37:52.2181870Z [command]/usr/bin/git submodule foreach --recursive git config --local --show-origin --name-only --get-regexp remote.origin.url
static / gitleaks	UNKNOWN STEP	2026-09-26T11:37:52.2580820Z Cleaning up orphan processes
codeql / Analyze (python)	UNKNOWN STEP	﻿2026-09-26T11:37:46.3140298Z Current runner version: '2.337.0'
codeql / Analyze (python)	UNKNOWN STEP	2026-09-26T11:37:46.3180247Z ##[group]Runner Image Provisioner
codeql / Analyze (python)	UNKNOWN STEP	2026-09-26T11:37:46.3181566Z Hosted Compute Agent
codeql / Analyze (python)	UNKNOWN STEP	2026-09-26T11:37:46.3183003Z Version: 20260828.587
codeql / Analyze (python)	UNKNOWN STEP	2026-09-26T11:37:46.3184138Z Commit: abac92662cab4cc7352de4f9f9d2e2419aad9c29
codeql / Analyze (python)	UNKNOWN STEP	2026-09-26T11:37:46.3185562Z Build Date: 2026-08-28T16:44:25Z
codeql / Analyze (python)	UNKNOWN STEP	2026-09-26T11:37:46.3186772Z Worker ID: {9bfc98ad-3c40-4650-9e19-9416de7b6314}
codeql / Analyze (python)	UNKNOWN STEP	2026-09-26T11:37:46.3188141Z Azure Region: eastus
codeql / Analyze (python)	UNKNOWN STEP	2026-09-26T11:37:46.3189304Z ##[endgroup]
codeql / Analyze (python)	UNKNOWN STEP	2026-09-26T11:37:46.3191954Z ##[group]Operating System
codeql / Analyze (python)	UNKNOWN STEP	2026-09-26T11:37:46.3193538Z Ubuntu
codeql / Analyze (python)	UNKNOWN STEP	2026-09-26T11:37:46.3194484Z 24.04.5
codeql / Analyze (python)	UNKNOWN STEP	2026-09-26T11:37:46.3195475Z LTS
codeql / Analyze (python)	UNKNOWN STEP	2026-09-26T11:37:46.3196464Z ##[endgroup]
codeql / Analyze (python)	UNKNOWN STEP	2026-09-26T11:37:46.3197478Z ##[group]Runner Image
codeql / Analyze (python)	UNKNOWN STEP	2026-09-26T11:37:46.3198912Z Image: ubuntu-24.04
codeql / Analyze (python)	UNKNOWN STEP	2026-09-26T11:37:46.3199970Z Version: 20260920.314.1
codeql / Analyze (python)	UNKNOWN STEP	2026-09-26T11:37:46.3202275Z Included Software: https://github.com/actions/runner-images/blob/ubuntu24/20260920.314/images/ubuntu/Ubuntu2404-Readme.md
codeql / Analyze (python)	UNKNOWN STEP	2026-09-26T11:37:46.3205520Z Image Release: https://github.com/actions/runner-images/releases/tag/ubuntu24%2F20260920.314
codeql / Analyze (python)	UNKNOWN STEP	2026-09-26T11:37:46.3207303Z ##[endgroup]
codeql / Analyze (python)	UNKNOWN STEP	2026-09-26T11:37:46.3209823Z ##[group]GITHUB_TOKEN Permissions
codeql / Analyze (python)	UNKNOWN STEP	2026-09-26T11:37:46.3213192Z Actions: read
codeql / Analyze (python)	UNKNOWN STEP	2026-09-26T11:37:46.3214322Z Contents: read
codeql / Analyze (python)	UNKNOWN STEP	2026-09-26T11:37:46.3215349Z Metadata: read
codeql / Analyze (python)	UNKNOWN STEP	2026-09-26T11:37:46.3216390Z Packages: read
codeql / Analyze (python)	UNKNOWN STEP	2026-09-26T11:37:46.3217612Z SecurityEvents: write
codeql / Analyze (python)	UNKNOWN STEP	2026-09-26T11:37:46.3218903Z ##[endgroup]
codeql / Analyze (python)	UNKNOWN STEP	2026-09-26T11:37:46.3222339Z Secret source: Actions
codeql / Analyze (python)	UNKNOWN STEP	2026-09-26T11:37:46.3224235Z Cache mode: write
codeql / Analyze (python)	UNKNOWN STEP	2026-09-26T11:37:46.3225427Z Prepare workflow directory
codeql / Analyze (python)	UNKNOWN STEP	2026-09-26T11:37:46.3725895Z Prepare all required actions
codeql / Analyze (python)	UNKNOWN STEP	2026-09-26T11:37:46.3799568Z Getting action download info
codeql / Analyze (python)	UNKNOWN STEP	2026-09-26T11:37:46.5637806Z Download action repository 'actions/checkout@3d3c42e5aac5ba805825da76410c181273ba90b1' (SHA:3d3c42e5aac5ba805825da76410c181273ba90b1)
codeql / Analyze (python)	UNKNOWN STEP	2026-09-26T11:37:46.6785891Z Download action repository 'github/codeql-action@2892aa5e19bbd11bc0cff5427e3b750a04d9e3c2' (SHA:2892aa5e19bbd11bc0cff5427e3b750a04d9e3c2)
codeql / Analyze (python)	UNKNOWN STEP	2026-09-26T11:37:47.0551081Z Uses: tznthou/deepseek-code-review/.github/workflows/reusable-codeql.yml@refs/tags/v1.4.1 (96c5bf9822857caf775cca0072511042d6fd3de1)
codeql / Analyze (python)	UNKNOWN STEP	2026-09-26T11:37:47.0556181Z ##[group] Inputs
codeql / Analyze (python)	UNKNOWN STEP	2026-09-26T11:37:47.0556711Z   languages: ["python"]
codeql / Analyze (python)	UNKNOWN STEP	2026-09-26T11:37:47.0557201Z   build-mode: none
codeql / Analyze (python)	UNKNOWN STEP	2026-09-26T11:37:47.0557648Z   kit-ref: v1.4.1
codeql / Analyze (python)	UNKNOWN STEP	2026-09-26T11:37:47.0558099Z   config-file: 
codeql / Analyze (python)	UNKNOWN STEP	2026-09-26T11:37:47.0559331Z   skip-trivy: false
codeql / Analyze (python)	UNKNOWN STEP	2026-09-26T11:37:47.0559816Z ##[endgroup]
codeql / Analyze (python)	UNKNOWN STEP	2026-09-26T11:37:47.0560297Z Complete job name: codeql / Analyze (python)
codeql / Analyze (python)	UNKNOWN STEP	2026-09-26T11:37:47.1354360Z ##[group]Run actions/checkout@3d3c42e5aac5ba805825da76410c181273ba90b1
codeql / Analyze (python)	UNKNOWN STEP	2026-09-26T11:37:47.1355519Z with:
codeql / Analyze (python)	UNKNOWN STEP	2026-09-26T11:37:47.1355959Z   persist-credentials: false
codeql / Analyze (python)	UNKNOWN STEP	2026-09-26T11:37:47.1356525Z   repository: tznthou/deepseek-review-probe
codeql / Analyze (python)	UNKNOWN STEP	2026-09-26T11:37:47.1360209Z   token: ***
codeql / Analyze (python)	UNKNOWN STEP	2026-09-26T11:37:47.1360637Z   ssh-strict: true
codeql / Analyze (python)	UNKNOWN STEP	2026-09-26T11:37:47.1361062Z   ssh-user: git
codeql / Analyze (python)	UNKNOWN STEP	2026-09-26T11:37:47.1361495Z   clean: true
codeql / Analyze (python)	UNKNOWN STEP	2026-09-26T11:37:47.1361926Z   sparse-checkout-cone-mode: true
codeql / Analyze (python)	UNKNOWN STEP	2026-09-26T11:37:47.1362434Z   fetch-depth: 1
codeql / Analyze (python)	UNKNOWN STEP	2026-09-26T11:37:47.1363134Z   fetch-tags: false
codeql / Analyze (python)	UNKNOWN STEP	2026-09-26T11:37:47.1363575Z   show-progress: true
codeql / Analyze (python)	UNKNOWN STEP	2026-09-26T11:37:47.1364007Z   lfs: false
codeql / Analyze (python)	UNKNOWN STEP	2026-09-26T11:37:47.1364407Z   submodules: false
codeql / Analyze (python)	UNKNOWN STEP	2026-09-26T11:37:47.1364844Z   set-safe-directory: true
codeql / Analyze (python)	UNKNOWN STEP	2026-09-26T11:37:47.1365337Z   allow-unsafe-pr-checkout: false
codeql / Analyze (python)	UNKNOWN STEP	2026-09-26T11:37:47.1366121Z ##[endgroup]
codeql / Analyze (python)	UNKNOWN STEP	2026-09-26T11:37:47.2458647Z Syncing repository: tznthou/deepseek-review-probe
codeql / Analyze (python)	UNKNOWN STEP	2026-09-26T11:37:47.2461557Z ##[group]Getting Git version info
codeql / Analyze (python)	UNKNOWN STEP	2026-09-26T11:37:47.2463367Z Working directory is '/home/runner/work/deepseek-review-probe/deepseek-review-probe'
codeql / Analyze (python)	UNKNOWN STEP	2026-09-26T11:37:47.2465516Z [command]/usr/bin/git version
codeql / Analyze (python)	UNKNOWN STEP	2026-09-26T11:37:47.2529299Z git version 2.55.0
codeql / Analyze (python)	UNKNOWN STEP	2026-09-26T11:37:47.2559105Z ##[endgroup]
codeql / Analyze (python)	UNKNOWN STEP	2026-09-26T11:37:47.2570619Z Temporarily overriding HOME='/home/runner/work/_temp/cab7fc4a-238a-451f-94bc-0109fb589a62' before making global git config changes
codeql / Analyze (python)	UNKNOWN STEP	2026-09-26T11:37:47.2574164Z Adding repository directory to the temporary git global config as a safe directory
codeql / Analyze (python)	UNKNOWN STEP	2026-09-26T11:37:47.2577040Z [command]/usr/bin/git config --global --add safe.directory /home/runner/work/deepseek-review-probe/deepseek-review-probe
codeql / Analyze (python)	UNKNOWN STEP	2026-09-26T11:37:47.2657804Z Deleting the contents of '/home/runner/work/deepseek-review-probe/deepseek-review-probe'
codeql / Analyze (python)	UNKNOWN STEP	2026-09-26T11:37:47.2666816Z ##[group]Determining repository object format
codeql / Analyze (python)	UNKNOWN STEP	2026-09-26T11:37:47.2669034Z ##[endgroup]
codeql / Analyze (python)	UNKNOWN STEP	2026-09-26T11:37:47.2670217Z ##[group]Initializing the repository
codeql / Analyze (python)	UNKNOWN STEP	2026-09-26T11:37:47.2684114Z [command]/usr/bin/git init /home/runner/work/deepseek-review-probe/deepseek-review-probe
codeql / Analyze (python)	UNKNOWN STEP	2026-09-26T11:37:47.2816923Z hint: Using 'master' as the name for the initial branch. This default branch name
codeql / Analyze (python)	UNKNOWN STEP	2026-09-26T11:37:47.2818978Z hint: will change to "main" in Git 3.0. To configure the initial branch name
codeql / Analyze (python)	UNKNOWN STEP	2026-09-26T11:37:47.2821513Z hint: to use in all of your new repositories, which will suppress this warning,
codeql / Analyze (python)	UNKNOWN STEP	2026-09-26T11:37:47.2823729Z hint: call:
codeql / Analyze (python)	UNKNOWN STEP	2026-09-26T11:37:47.2824830Z hint:
codeql / Analyze (python)	UNKNOWN STEP	2026-09-26T11:37:47.2826130Z hint: 	git config --global init.defaultBranch <name>
codeql / Analyze (python)	UNKNOWN STEP	2026-09-26T11:37:47.2827640Z hint:
codeql / Analyze (python)	UNKNOWN STEP	2026-09-26T11:37:47.2828985Z hint: Names commonly chosen instead of 'master' are 'main', 'trunk' and
codeql / Analyze (python)	UNKNOWN STEP	2026-09-26T11:37:47.2830810Z hint: 'development'. The just-created branch can be renamed via this command:
codeql / Analyze (python)	UNKNOWN STEP	2026-09-26T11:37:47.2832411Z hint:
codeql / Analyze (python)	UNKNOWN STEP	2026-09-26T11:37:47.2833914Z hint: 	git branch -m <name>
codeql / Analyze (python)	UNKNOWN STEP	2026-09-26T11:37:47.2835198Z hint:
codeql / Analyze (python)	UNKNOWN STEP	2026-09-26T11:37:47.2836623Z hint: Disable this message with "git config set advice.defaultBranchName false"
codeql / Analyze (python)	UNKNOWN STEP	2026-09-26T11:37:47.2839023Z Initialized empty Git repository in /home/runner/work/deepseek-review-probe/deepseek-review-probe/.git/
codeql / Analyze (python)	UNKNOWN STEP	2026-09-26T11:37:47.2843129Z [command]/usr/bin/git remote add origin https://github.com/tznthou/deepseek-review-probe
codeql / Analyze (python)	UNKNOWN STEP	2026-09-26T11:37:47.2900129Z ##[endgroup]
codeql / Analyze (python)	UNKNOWN STEP	2026-09-26T11:37:47.2901495Z ##[group]Disabling automatic garbage collection
codeql / Analyze (python)	UNKNOWN STEP	2026-09-26T11:37:47.2903602Z [command]/usr/bin/git config --local gc.auto 0
codeql / Analyze (python)	UNKNOWN STEP	2026-09-26T11:37:47.3057355Z ##[endgroup]
codeql / Analyze (python)	UNKNOWN STEP	2026-09-26T11:37:47.3060010Z ##[group]Setting up auth
codeql / Analyze (python)	UNKNOWN STEP	2026-09-26T11:37:47.3060947Z Removing SSH command configuration
codeql / Analyze (python)	UNKNOWN STEP	2026-09-26T11:37:47.3062195Z [command]/usr/bin/git config --local --name-only --get-regexp core\.sshCommand
codeql / Analyze (python)	UNKNOWN STEP	2026-09-26T11:37:47.3066104Z [command]/usr/bin/git submodule foreach --recursive sh -c "git config --local --name-only --get-regexp 'core\.sshCommand' && git config --local --unset-all 'core.sshCommand' || :"
codeql / Analyze (python)	UNKNOWN STEP	2026-09-26T11:37:47.3506715Z Removing HTTP extra header
codeql / Analyze (python)	UNKNOWN STEP	2026-09-26T11:37:47.3508564Z [command]/usr/bin/git config --local --name-only --get-regexp http\.https\:\/\/github\.com\/\.extraheader
codeql / Analyze (python)	UNKNOWN STEP	2026-09-26T11:37:47.3556963Z [command]/usr/bin/git submodule foreach --recursive sh -c "git config --local --name-only --get-regexp 'http\.https\:\/\/github\.com\/\.extraheader' && git config --local --unset-all 'http.https://github.com/.extraheader' || :"
codeql / Analyze (python)	UNKNOWN STEP	2026-09-26T11:37:47.3841119Z Removing includeIf entries pointing to credentials config files
codeql / Analyze (python)	UNKNOWN STEP	2026-09-26T11:37:47.3844329Z [command]/usr/bin/git config --local --name-only --get-regexp ^includeIf\.gitdir:
codeql / Analyze (python)	UNKNOWN STEP	2026-09-26T11:37:47.3885906Z [command]/usr/bin/git submodule foreach --recursive git config --local --show-origin --name-only --get-regexp remote.origin.url
codeql / Analyze (python)	UNKNOWN STEP	2026-09-26T11:37:47.4135911Z [command]/usr/bin/git config --file /home/runner/work/_temp/git-credentials-c4842e33-1f11-48e7-bc14-c463300426e5.config http.https://github.com/.extraheader AUTHORIZATION: basic ***
codeql / Analyze (python)	UNKNOWN STEP	2026-09-26T11:37:47.4182260Z [command]/usr/bin/git config --local includeIf.gitdir:/home/runner/work/deepseek-review-probe/deepseek-review-probe/.git.path /home/runner/work/_temp/git-credentials-c4842e33-1f11-48e7-bc14-c463300426e5.config
codeql / Analyze (python)	UNKNOWN STEP	2026-09-26T11:37:47.4220451Z [command]/usr/bin/git config --local includeIf.gitdir:/home/runner/work/deepseek-review-probe/deepseek-review-probe/.git/worktrees/*.path /home/runner/work/_temp/git-credentials-c4842e33-1f11-48e7-bc14-c463300426e5.config
codeql / Analyze (python)	UNKNOWN STEP	2026-09-26T11:37:47.4267044Z [command]/usr/bin/git config --local includeIf.gitdir:/github/workspace/.git.path /github/runner_temp/git-credentials-c4842e33-1f11-48e7-bc14-c463300426e5.config
codeql / Analyze (python)	UNKNOWN STEP	2026-09-26T11:37:47.4314748Z [command]/usr/bin/git config --local includeIf.gitdir:/github/workspace/.git/worktrees/*.path /github/runner_temp/git-credentials-c4842e33-1f11-48e7-bc14-c463300426e5.config
codeql / Analyze (python)	UNKNOWN STEP	2026-09-26T11:37:47.4354888Z ##[endgroup]
codeql / Analyze (python)	UNKNOWN STEP	2026-09-26T11:37:47.4355668Z ##[group]Fetching the repository
codeql / Analyze (python)	UNKNOWN STEP	2026-09-26T11:37:47.4367202Z [command]/usr/bin/git -c protocol.version=2 fetch --no-tags --prune --no-recurse-submodules --depth=1 origin +68a7162b45ae91dcba6dca8be19315754c5aa0f1:refs/remotes/pull/1/merge
codeql / Analyze (python)	UNKNOWN STEP	2026-09-26T11:37:47.6500730Z From https://github.com/tznthou/deepseek-review-probe
codeql / Analyze (python)	UNKNOWN STEP	2026-09-26T11:37:47.6501913Z  * [new ref]         68a7162b45ae91dcba6dca8be19315754c5aa0f1 -> pull/1/merge
codeql / Analyze (python)	UNKNOWN STEP	2026-09-26T11:37:47.6523576Z ##[endgroup]
codeql / Analyze (python)	UNKNOWN STEP	2026-09-26T11:37:47.6524380Z ##[group]Determining the checkout info
codeql / Analyze (python)	UNKNOWN STEP	2026-09-26T11:37:47.6568321Z ##[endgroup]
codeql / Analyze (python)	UNKNOWN STEP	2026-09-26T11:37:47.6569325Z [command]/usr/bin/git sparse-checkout disable
codeql / Analyze (python)	UNKNOWN STEP	2026-09-26T11:37:47.6574151Z [command]/usr/bin/git config --local --unset-all extensions.worktreeConfig
codeql / Analyze (python)	UNKNOWN STEP	2026-09-26T11:37:47.6613080Z ##[group]Checking out the ref
codeql / Analyze (python)	UNKNOWN STEP	2026-09-26T11:37:47.6618338Z [command]/usr/bin/git checkout --progress --force refs/remotes/pull/1/merge
codeql / Analyze (python)	UNKNOWN STEP	2026-09-26T11:37:47.6677668Z Note: switching to 'refs/remotes/pull/1/merge'.
codeql / Analyze (python)	UNKNOWN STEP	2026-09-26T11:37:47.6678598Z 
codeql / Analyze (python)	UNKNOWN STEP	2026-09-26T11:37:47.6679290Z You are in 'detached HEAD' state. You can look around, make experimental
codeql / Analyze (python)	UNKNOWN STEP	2026-09-26T11:37:47.6680975Z changes and commit them, and you can discard any commits you make in this
codeql / Analyze (python)	UNKNOWN STEP	2026-09-26T11:37:47.6682934Z state without impacting any branches by switching back to a branch.
codeql / Analyze (python)	UNKNOWN STEP	2026-09-26T11:37:47.6683948Z 
codeql / Analyze (python)	UNKNOWN STEP	2026-09-26T11:37:47.6684601Z If you want to create a new branch to retain commits you create, you may
codeql / Analyze (python)	UNKNOWN STEP	2026-09-26T11:37:47.6685839Z do so (now or later) by using -c with the switch command. Example:
codeql / Analyze (python)	UNKNOWN STEP	2026-09-26T11:37:47.6686452Z 
codeql / Analyze (python)	UNKNOWN STEP	2026-09-26T11:37:47.6686704Z   git switch -c <new-branch-name>
codeql / Analyze (python)	UNKNOWN STEP	2026-09-26T11:37:47.6687087Z 
codeql / Analyze (python)	UNKNOWN STEP	2026-09-26T11:37:47.6687317Z Or undo this operation with:
codeql / Analyze (python)	UNKNOWN STEP	2026-09-26T11:37:47.6687680Z 
codeql / Analyze (python)	UNKNOWN STEP	2026-09-26T11:37:47.6687886Z   git switch -
codeql / Analyze (python)	UNKNOWN STEP	2026-09-26T11:37:47.6688147Z 
codeql / Analyze (python)	UNKNOWN STEP	2026-09-26T11:37:47.6688572Z Turn off this advice by setting config variable advice.detachedHead to false
codeql / Analyze (python)	UNKNOWN STEP	2026-09-26T11:37:47.6689225Z 
codeql / Analyze (python)	UNKNOWN STEP	2026-09-26T11:37:47.6689976Z HEAD is now at 68a7162 Merge d7ace96e6a18ba10b01ae100b19d08e3c19bbe86 into cb6d6dde2fdd4be8037bc2bbc91fcf474976d784
codeql / Analyze (python)	UNKNOWN STEP	2026-09-26T11:37:47.6691992Z ##[endgroup]
codeql / Analyze (python)	UNKNOWN STEP	2026-09-26T11:37:47.6738629Z [command]/usr/bin/git log -1 --format=%H
codeql / Analyze (python)	UNKNOWN STEP	2026-09-26T11:37:47.6769476Z 68a7162b45ae91dcba6dca8be19315754c5aa0f1
codeql / Analyze (python)	UNKNOWN STEP	2026-09-26T11:37:47.6780635Z ##[group]Removing auth
codeql / Analyze (python)	UNKNOWN STEP	2026-09-26T11:37:47.6781299Z Removing SSH command configuration
codeql / Analyze (python)	UNKNOWN STEP	2026-09-26T11:37:47.6784932Z [command]/usr/bin/git config --local --name-only --get-regexp core\.sshCommand
codeql / Analyze (python)	UNKNOWN STEP	2026-09-26T11:37:47.6823493Z [command]/usr/bin/git submodule foreach --recursive sh -c "git config --local --name-only --get-regexp 'core\.sshCommand' && git config --local --unset-all 'core.sshCommand' || :"
codeql / Analyze (python)	UNKNOWN STEP	2026-09-26T11:37:47.7075373Z Removing HTTP extra header
codeql / Analyze (python)	UNKNOWN STEP	2026-09-26T11:37:47.7079354Z [command]/usr/bin/git config --local --name-only --get-regexp http\.https\:\/\/github\.com\/\.extraheader
codeql / Analyze (python)	UNKNOWN STEP	2026-09-26T11:37:47.7119394Z [command]/usr/bin/git submodule foreach --recursive sh -c "git config --local --name-only --get-regexp 'http\.https\:\/\/github\.com\/\.extraheader' && git config --local --unset-all 'http.https://github.com/.extraheader' || :"
codeql / Analyze (python)	UNKNOWN STEP	2026-09-26T11:37:47.7354793Z Removing includeIf entries pointing to credentials config files
codeql / Analyze (python)	UNKNOWN STEP	2026-09-26T11:37:47.7358232Z [command]/usr/bin/git config --local --name-only --get-regexp ^includeIf\.gitdir:
codeql / Analyze (python)	UNKNOWN STEP	2026-09-26T11:37:47.7392518Z includeif.gitdir:/home/runner/work/deepseek-review-probe/deepseek-review-probe/.git.path
codeql / Analyze (python)	UNKNOWN STEP	2026-09-26T11:37:47.7395155Z includeif.gitdir:/home/runner/work/deepseek-review-probe/deepseek-review-probe/.git/worktrees/*.path
codeql / Analyze (python)	UNKNOWN STEP	2026-09-26T11:37:47.7397361Z includeif.gitdir:/github/workspace/.git.path
codeql / Analyze (python)	UNKNOWN STEP	2026-09-26T11:37:47.7398670Z includeif.gitdir:/github/workspace/.git/worktrees/*.path
codeql / Analyze (python)	UNKNOWN STEP	2026-09-26T11:37:47.7404085Z [command]/usr/bin/git config --local --get-all includeif.gitdir:/home/runner/work/deepseek-review-probe/deepseek-review-probe/.git.path
codeql / Analyze (python)	UNKNOWN STEP	2026-09-26T11:37:47.7435017Z /home/runner/work/_temp/git-credentials-c4842e33-1f11-48e7-bc14-c463300426e5.config
codeql / Analyze (python)	UNKNOWN STEP	2026-09-26T11:37:47.7445406Z [command]/usr/bin/git config --local --unset includeif.gitdir:/home/runner/work/deepseek-review-probe/deepseek-review-probe/.git.path \/home\/runner\/work\/_temp\/git\-credentials\-c4842e33\-1f11\-48e7\-bc14\-c463300426e5\.config
codeql / Analyze (python)	UNKNOWN STEP	2026-09-26T11:37:47.7486323Z [command]/usr/bin/git config --local --get-all includeif.gitdir:/home/runner/work/deepseek-review-probe/deepseek-review-probe/.git/worktrees/*.path
codeql / Analyze (python)	UNKNOWN STEP	2026-09-26T11:37:47.7517514Z /home/runner/work/_temp/git-credentials-c4842e33-1f11-48e7-bc14-c463300426e5.config
codeql / Analyze (python)	UNKNOWN STEP	2026-09-26T11:37:47.7526525Z [command]/usr/bin/git config --local --unset includeif.gitdir:/home/runner/work/deepseek-review-probe/deepseek-review-probe/.git/worktrees/*.path \/home\/runner\/work\/_temp\/git\-credentials\-c4842e33\-1f11\-48e7\-bc14\-c463300426e5\.config
codeql / Analyze (python)	UNKNOWN STEP	2026-09-26T11:37:47.7565041Z [command]/usr/bin/git config --local --get-all includeif.gitdir:/github/workspace/.git.path
codeql / Analyze (python)	UNKNOWN STEP	2026-09-26T11:37:47.7594099Z /github/runner_temp/git-credentials-c4842e33-1f11-48e7-bc14-c463300426e5.config
codeql / Analyze (python)	UNKNOWN STEP	2026-09-26T11:37:47.7605834Z [command]/usr/bin/git config --local --unset includeif.gitdir:/github/workspace/.git.path \/github\/runner_temp\/git\-credentials\-c4842e33\-1f11\-48e7\-bc14\-c463300426e5\.config
codeql / Analyze (python)	UNKNOWN STEP	2026-09-26T11:37:47.7648565Z [command]/usr/bin/git config --local --get-all includeif.gitdir:/github/workspace/.git/worktrees/*.path
codeql / Analyze (python)	UNKNOWN STEP	2026-09-26T11:37:47.7679918Z /github/runner_temp/git-credentials-c4842e33-1f11-48e7-bc14-c463300426e5.config
codeql / Analyze (python)	UNKNOWN STEP	2026-09-26T11:37:47.7694743Z [command]/usr/bin/git config --local --unset includeif.gitdir:/github/workspace/.git/worktrees/*.path \/github\/runner_temp\/git\-credentials\-c4842e33\-1f11\-48e7\-bc14\-c463300426e5\.config
codeql / Analyze (python)	UNKNOWN STEP	2026-09-26T11:37:47.7739332Z [command]/usr/bin/git submodule foreach --recursive git config --local --show-origin --name-only --get-regexp remote.origin.url
codeql / Analyze (python)	UNKNOWN STEP	2026-09-26T11:37:47.7970573Z Removing credentials config '/home/runner/work/_temp/git-credentials-c4842e33-1f11-48e7-bc14-c463300426e5.config'
codeql / Analyze (python)	UNKNOWN STEP	2026-09-26T11:37:47.7980899Z ##[endgroup]
codeql / Analyze (python)	UNKNOWN STEP	2026-09-26T11:37:47.8267617Z ##[group]Run actions/checkout@3d3c42e5aac5ba805825da76410c181273ba90b1
codeql / Analyze (python)	UNKNOWN STEP	2026-09-26T11:37:47.8268369Z with:
codeql / Analyze (python)	UNKNOWN STEP	2026-09-26T11:37:47.8268816Z   repository: tznthou/deepseek-code-review
codeql / Analyze (python)	UNKNOWN STEP	2026-09-26T11:37:47.8269354Z   ref: v1.4.1
codeql / Analyze (python)	UNKNOWN STEP	2026-09-26T11:37:47.8269757Z   path: .kit
codeql / Analyze (python)	UNKNOWN STEP	2026-09-26T11:37:47.8270173Z   persist-credentials: false
codeql / Analyze (python)	UNKNOWN STEP	2026-09-26T11:37:47.8274019Z   token: ***
codeql / Analyze (python)	UNKNOWN STEP	2026-09-26T11:37:47.8274441Z   ssh-strict: true
codeql / Analyze (python)	UNKNOWN STEP	2026-09-26T11:37:47.8274867Z   ssh-user: git
codeql / Analyze (python)	UNKNOWN STEP	2026-09-26T11:37:47.8275272Z   clean: true
codeql / Analyze (python)	UNKNOWN STEP	2026-09-26T11:37:47.8275733Z   sparse-checkout-cone-mode: true
codeql / Analyze (python)	UNKNOWN STEP	2026-09-26T11:37:47.8276244Z   fetch-depth: 1
codeql / Analyze (python)	UNKNOWN STEP	2026-09-26T11:37:47.8276661Z   fetch-tags: false
codeql / Analyze (python)	UNKNOWN STEP	2026-09-26T11:37:47.8277088Z   show-progress: true
codeql / Analyze (python)	UNKNOWN STEP	2026-09-26T11:37:47.8277518Z   lfs: false
codeql / Analyze (python)	UNKNOWN STEP	2026-09-26T11:37:47.8277915Z   submodules: false
codeql / Analyze (python)	UNKNOWN STEP	2026-09-26T11:37:47.8278350Z   set-safe-directory: true
codeql / Analyze (python)	UNKNOWN STEP	2026-09-26T11:37:47.8278843Z   allow-unsafe-pr-checkout: false
codeql / Analyze (python)	UNKNOWN STEP	2026-09-26T11:37:47.8279343Z ##[endgroup]
codeql / Analyze (python)	UNKNOWN STEP	2026-09-26T11:37:47.9166368Z Syncing repository: tznthou/deepseek-code-review
codeql / Analyze (python)	UNKNOWN STEP	2026-09-26T11:37:47.9173126Z ##[group]Getting Git version info
codeql / Analyze (python)	UNKNOWN STEP	2026-09-26T11:37:47.9175016Z Working directory is '/home/runner/work/deepseek-review-probe/deepseek-review-probe/.kit'
codeql / Analyze (python)	UNKNOWN STEP	2026-09-26T11:37:47.9223421Z [command]/usr/bin/git version
codeql / Analyze (python)	UNKNOWN STEP	2026-09-26T11:37:47.9269044Z git version 2.55.0
codeql / Analyze (python)	UNKNOWN STEP	2026-09-26T11:37:47.9293516Z ##[endgroup]
codeql / Analyze (python)	UNKNOWN STEP	2026-09-26T11:37:47.9305493Z Temporarily overriding HOME='/home/runner/work/_temp/81047957-aaf7-4301-bdca-8a02b533d856' before making global git config changes
codeql / Analyze (python)	UNKNOWN STEP	2026-09-26T11:37:47.9307449Z Adding repository directory to the temporary git global config as a safe directory
codeql / Analyze (python)	UNKNOWN STEP	2026-09-26T11:37:47.9311570Z [command]/usr/bin/git config --global --add safe.directory /home/runner/work/deepseek-review-probe/deepseek-review-probe/.kit
codeql / Analyze (python)	UNKNOWN STEP	2026-09-26T11:37:47.9346863Z ##[group]Determining repository object format
codeql / Analyze (python)	UNKNOWN STEP	2026-09-26T11:37:48.0714560Z ##[endgroup]
codeql / Analyze (python)	UNKNOWN STEP	2026-09-26T11:37:48.0716709Z ##[group]Initializing the repository
codeql / Analyze (python)	UNKNOWN STEP	2026-09-26T11:37:48.0721985Z [command]/usr/bin/git init /home/runner/work/deepseek-review-probe/deepseek-review-probe/.kit
codeql / Analyze (python)	UNKNOWN STEP	2026-09-26T11:37:48.0779390Z hint: Using 'master' as the name for the initial branch. This default branch name
codeql / Analyze (python)	UNKNOWN STEP	2026-09-26T11:37:48.0782177Z hint: will change to "main" in Git 3.0. To configure the initial branch name
codeql / Analyze (python)	UNKNOWN STEP	2026-09-26T11:37:48.0785395Z hint: to use in all of your new repositories, which will suppress this warning,
codeql / Analyze (python)	UNKNOWN STEP	2026-09-26T11:37:48.0787742Z hint: call:
codeql / Analyze (python)	UNKNOWN STEP	2026-09-26T11:37:48.0789006Z hint:
codeql / Analyze (python)	UNKNOWN STEP	2026-09-26T11:37:48.0790515Z hint: 	git config --global init.defaultBranch <name>
codeql / Analyze (python)	UNKNOWN STEP	2026-09-26T11:37:48.0792493Z hint:
codeql / Analyze (python)	UNKNOWN STEP	2026-09-26T11:37:48.0794919Z hint: Names commonly chosen instead of 'master' are 'main', 'trunk' and
codeql / Analyze (python)	UNKNOWN STEP	2026-09-26T11:37:48.0797772Z hint: 'development'. The just-created branch can be renamed via this command:
codeql / Analyze (python)	UNKNOWN STEP	2026-09-26T11:37:48.0799497Z hint:
codeql / Analyze (python)	UNKNOWN STEP	2026-09-26T11:37:48.0800579Z hint: 	git branch -m <name>
codeql / Analyze (python)	UNKNOWN STEP	2026-09-26T11:37:48.0801687Z hint:
codeql / Analyze (python)	UNKNOWN STEP	2026-09-26T11:37:48.0804249Z hint: Disable this message with "git config set advice.defaultBranchName false"
codeql / Analyze (python)	UNKNOWN STEP	2026-09-26T11:37:48.0810563Z Initialized empty Git repository in /home/runner/work/deepseek-review-probe/deepseek-review-probe/.kit/.git/
codeql / Analyze (python)	UNKNOWN STEP	2026-09-26T11:37:48.0820294Z [command]/usr/bin/git remote add origin https://github.com/tznthou/deepseek-code-review
codeql / Analyze (python)	UNKNOWN STEP	2026-09-26T11:37:48.0851355Z ##[endgroup]
codeql / Analyze (python)	UNKNOWN STEP	2026-09-26T11:37:48.0854343Z ##[group]Disabling automatic garbage collection
codeql / Analyze (python)	UNKNOWN STEP	2026-09-26T11:37:48.0857000Z [command]/usr/bin/git config --local gc.auto 0
codeql / Analyze (python)	UNKNOWN STEP	2026-09-26T11:37:48.0909607Z ##[endgroup]
codeql / Analyze (python)	UNKNOWN STEP	2026-09-26T11:37:48.0911951Z ##[group]Setting up auth
codeql / Analyze (python)	UNKNOWN STEP	2026-09-26T11:37:48.0914105Z Removing SSH command configuration
codeql / Analyze (python)	UNKNOWN STEP	2026-09-26T11:37:48.0916882Z [command]/usr/bin/git config --local --name-only --get-regexp core\.sshCommand
codeql / Analyze (python)	UNKNOWN STEP	2026-09-26T11:37:48.0976429Z [command]/usr/bin/git submodule foreach --recursive sh -c "git config --local --name-only --get-regexp 'core\.sshCommand' && git config --local --unset-all 'core.sshCommand' || :"
codeql / Analyze (python)	UNKNOWN STEP	2026-09-26T11:37:48.1228053Z Removing HTTP extra header
codeql / Analyze (python)	UNKNOWN STEP	2026-09-26T11:37:48.1235183Z [command]/usr/bin/git config --local --name-only --get-regexp http\.https\:\/\/github\.com\/\.extraheader
codeql / Analyze (python)	UNKNOWN STEP	2026-09-26T11:37:48.1276619Z [command]/usr/bin/git submodule foreach --recursive sh -c "git config --local --name-only --get-regexp 'http\.https\:\/\/github\.com\/\.extraheader' && git config --local --unset-all 'http.https://github.com/.extraheader' || :"
codeql / Analyze (python)	UNKNOWN STEP	2026-09-26T11:37:48.1507728Z Removing includeIf entries pointing to credentials config files
codeql / Analyze (python)	UNKNOWN STEP	2026-09-26T11:37:48.1511837Z [command]/usr/bin/git config --local --name-only --get-regexp ^includeIf\.gitdir:
codeql / Analyze (python)	UNKNOWN STEP	2026-09-26T11:37:48.1559798Z [command]/usr/bin/git submodule foreach --recursive git config --local --show-origin --name-only --get-regexp remote.origin.url
codeql / Analyze (python)	UNKNOWN STEP	2026-09-26T11:37:48.1806622Z [command]/usr/bin/git config --file /home/runner/work/_temp/git-credentials-43281c7c-2bba-4ca2-a1c8-c66c3d6de0ab.config http.https://github.com/.extraheader AUTHORIZATION: basic ***
codeql / Analyze (python)	UNKNOWN STEP	2026-09-26T11:37:48.1856090Z [command]/usr/bin/git config --local includeIf.gitdir:/home/runner/work/deepseek-review-probe/deepseek-review-probe/.kit/.git.path /home/runner/work/_temp/git-credentials-43281c7c-2bba-4ca2-a1c8-c66c3d6de0ab.config
codeql / Analyze (python)	UNKNOWN STEP	2026-09-26T11:37:48.1898166Z [command]/usr/bin/git config --local includeIf.gitdir:/home/runner/work/deepseek-review-probe/deepseek-review-probe/.kit/.git/worktrees/*.path /home/runner/work/_temp/git-credentials-43281c7c-2bba-4ca2-a1c8-c66c3d6de0ab.config
codeql / Analyze (python)	UNKNOWN STEP	2026-09-26T11:37:48.1946188Z [command]/usr/bin/git config --local includeIf.gitdir:/github/workspace/.kit/.git.path /github/runner_temp/git-credentials-43281c7c-2bba-4ca2-a1c8-c66c3d6de0ab.config
codeql / Analyze (python)	UNKNOWN STEP	2026-09-26T11:37:48.1990336Z [command]/usr/bin/git config --local includeIf.gitdir:/github/workspace/.kit/.git/worktrees/*.path /github/runner_temp/git-credentials-43281c7c-2bba-4ca2-a1c8-c66c3d6de0ab.config
codeql / Analyze (python)	UNKNOWN STEP	2026-09-26T11:37:48.2027910Z ##[endgroup]
codeql / Analyze (python)	UNKNOWN STEP	2026-09-26T11:37:48.2030596Z ##[group]Fetching the repository
codeql / Analyze (python)	UNKNOWN STEP	2026-09-26T11:37:48.2039729Z [command]/usr/bin/git -c protocol.version=2 fetch --no-tags --prune --no-recurse-submodules --depth=1 origin +refs/heads/v1.4.1*:refs/remotes/origin/v1.4.1* +refs/tags/v1.4.1*:refs/tags/v1.4.1*
codeql / Analyze (python)	UNKNOWN STEP	2026-09-26T11:37:48.5375345Z From https://github.com/tznthou/deepseek-code-review
codeql / Analyze (python)	UNKNOWN STEP	2026-09-26T11:37:48.5376366Z  * [new tag]         v1.4.1     -> v1.4.1
codeql / Analyze (python)	UNKNOWN STEP	2026-09-26T11:37:48.5380456Z ##[endgroup]
codeql / Analyze (python)	UNKNOWN STEP	2026-09-26T11:37:48.5381498Z ##[group]Determining the checkout info
codeql / Analyze (python)	UNKNOWN STEP	2026-09-26T11:37:48.5387452Z [command]/usr/bin/git branch --list --remote origin/v1.4.1
codeql / Analyze (python)	UNKNOWN STEP	2026-09-26T11:37:48.5429037Z [command]/usr/bin/git tag --list v1.4.1
codeql / Analyze (python)	UNKNOWN STEP	2026-09-26T11:37:48.5459583Z v1.4.1
codeql / Analyze (python)	UNKNOWN STEP	2026-09-26T11:37:48.5464737Z ##[endgroup]
codeql / Analyze (python)	UNKNOWN STEP	2026-09-26T11:37:48.5468435Z [command]/usr/bin/git sparse-checkout disable
codeql / Analyze (python)	UNKNOWN STEP	2026-09-26T11:37:48.5517383Z [command]/usr/bin/git config --local --unset-all extensions.worktreeConfig
codeql / Analyze (python)	UNKNOWN STEP	2026-09-26T11:37:48.5554808Z ##[group]Checking out the ref
codeql / Analyze (python)	UNKNOWN STEP	2026-09-26T11:37:48.5558372Z [command]/usr/bin/git checkout --progress --force refs/tags/v1.4.1
codeql / Analyze (python)	UNKNOWN STEP	2026-09-26T11:37:48.5639988Z Note: switching to 'refs/tags/v1.4.1'.
codeql / Analyze (python)	UNKNOWN STEP	2026-09-26T11:37:48.5641012Z 
codeql / Analyze (python)	UNKNOWN STEP	2026-09-26T11:37:48.5641827Z You are in 'detached HEAD' state. You can look around, make experimental
codeql / Analyze (python)	UNKNOWN STEP	2026-09-26T11:37:48.5643275Z changes and commit them, and you can discard any commits you make in this
codeql / Analyze (python)	UNKNOWN STEP	2026-09-26T11:37:48.5644493Z state without impacting any branches by switching back to a branch.
codeql / Analyze (python)	UNKNOWN STEP	2026-09-26T11:37:48.5645270Z 
codeql / Analyze (python)	UNKNOWN STEP	2026-09-26T11:37:48.5645845Z If you want to create a new branch to retain commits you create, you may
codeql / Analyze (python)	UNKNOWN STEP	2026-09-26T11:37:48.5647193Z do so (now or later) by using -c with the switch command. Example:
codeql / Analyze (python)	UNKNOWN STEP	2026-09-26T11:37:48.5647979Z 
codeql / Analyze (python)	UNKNOWN STEP	2026-09-26T11:37:48.5648378Z   git switch -c <new-branch-name>
codeql / Analyze (python)	UNKNOWN STEP	2026-09-26T11:37:48.5648933Z 
codeql / Analyze (python)	UNKNOWN STEP	2026-09-26T11:37:48.5649282Z Or undo this operation with:
codeql / Analyze (python)	UNKNOWN STEP	2026-09-26T11:37:48.5649828Z 
codeql / Analyze (python)	UNKNOWN STEP	2026-09-26T11:37:48.5650175Z   git switch -
codeql / Analyze (python)	UNKNOWN STEP	2026-09-26T11:37:48.5650657Z 
codeql / Analyze (python)	UNKNOWN STEP	2026-09-26T11:37:48.5651257Z Turn off this advice by setting config variable advice.detachedHead to false
codeql / Analyze (python)	UNKNOWN STEP	2026-09-26T11:37:48.5652114Z 
codeql / Analyze (python)	UNKNOWN STEP	2026-09-26T11:37:48.5653472Z HEAD is now at 2570d55 chore: 發布 v1.4.1 (#41)
codeql / Analyze (python)	UNKNOWN STEP	2026-09-26T11:37:48.5656204Z ##[endgroup]
codeql / Analyze (python)	UNKNOWN STEP	2026-09-26T11:37:48.5743281Z [command]/usr/bin/git log -1 --format=%H
codeql / Analyze (python)	UNKNOWN STEP	2026-09-26T11:37:48.5798198Z 2570d556d8865563d21ed24a3c16462c2df32532
codeql / Analyze (python)	UNKNOWN STEP	2026-09-26T11:37:48.5805280Z ##[group]Removing auth
codeql / Analyze (python)	UNKNOWN STEP	2026-09-26T11:37:48.5806024Z Removing SSH command configuration
codeql / Analyze (python)	UNKNOWN STEP	2026-09-26T11:37:48.5806869Z [command]/usr/bin/git config --local --name-only --get-regexp core\.sshCommand
codeql / Analyze (python)	UNKNOWN STEP	2026-09-26T11:37:48.5838875Z [command]/usr/bin/git submodule foreach --recursive sh -c "git config --local --name-only --get-regexp 'core\.sshCommand' && git config --local --unset-all 'core.sshCommand' || :"
codeql / Analyze (python)	UNKNOWN STEP	2026-09-26T11:37:48.6083584Z Removing HTTP extra header
codeql / Analyze (python)	UNKNOWN STEP	2026-09-26T11:37:48.6087217Z [command]/usr/bin/git config --local --name-only --get-regexp http\.https\:\/\/github\.com\/\.extraheader
codeql / Analyze (python)	UNKNOWN STEP	2026-09-26T11:37:48.6128514Z [command]/usr/bin/git submodule foreach --recursive sh -c "git config --local --name-only --get-regexp 'http\.https\:\/\/github\.com\/\.extraheader' && git config --local --unset-all 'http.https://github.com/.extraheader' || :"
codeql / Analyze (python)	UNKNOWN STEP	2026-09-26T11:37:48.6359705Z Removing includeIf entries pointing to credentials config files
codeql / Analyze (python)	UNKNOWN STEP	2026-09-26T11:37:48.6363262Z [command]/usr/bin/git config --local --name-only --get-regexp ^includeIf\.gitdir:
codeql / Analyze (python)	UNKNOWN STEP	2026-09-26T11:37:48.6397775Z includeif.gitdir:/home/runner/work/deepseek-review-probe/deepseek-review-probe/.kit/.git.path
codeql / Analyze (python)	UNKNOWN STEP	2026-09-26T11:37:48.6399042Z includeif.gitdir:/home/runner/work/deepseek-review-probe/deepseek-review-probe/.kit/.git/worktrees/*.path
codeql / Analyze (python)	UNKNOWN STEP	2026-09-26T11:37:48.6400707Z includeif.gitdir:/github/workspace/.kit/.git.path
codeql / Analyze (python)	UNKNOWN STEP	2026-09-26T11:37:48.6401463Z includeif.gitdir:/github/workspace/.kit/.git/worktrees/*.path
codeql / Analyze (python)	UNKNOWN STEP	2026-09-26T11:37:48.6407899Z [command]/usr/bin/git config --local --get-all includeif.gitdir:/home/runner/work/deepseek-review-probe/deepseek-review-probe/.kit/.git.path
codeql / Analyze (python)	UNKNOWN STEP	2026-09-26T11:37:48.6437584Z /home/runner/work/_temp/git-credentials-43281c7c-2bba-4ca2-a1c8-c66c3d6de0ab.config
codeql / Analyze (python)	UNKNOWN STEP	2026-09-26T11:37:48.6448546Z [command]/usr/bin/git config --local --unset includeif.gitdir:/home/runner/work/deepseek-review-probe/deepseek-review-probe/.kit/.git.path \/home\/runner\/work\/_temp\/git\-credentials\-43281c7c\-2bba\-4ca2\-a1c8\-c66c3d6de0ab\.config
codeql / Analyze (python)	UNKNOWN STEP	2026-09-26T11:37:48.6491700Z [command]/usr/bin/git config --local --get-all includeif.gitdir:/home/runner/work/deepseek-review-probe/deepseek-review-probe/.kit/.git/worktrees/*.path
codeql / Analyze (python)	UNKNOWN STEP	2026-09-26T11:37:48.6521742Z /home/runner/work/_temp/git-credentials-43281c7c-2bba-4ca2-a1c8-c66c3d6de0ab.config
codeql / Analyze (python)	UNKNOWN STEP	2026-09-26T11:37:48.6539937Z [command]/usr/bin/git config --local --unset includeif.gitdir:/home/runner/work/deepseek-review-probe/deepseek-review-probe/.kit/.git/worktrees/*.path \/home\/runner\/work\/_temp\/git\-credentials\-43281c7c\-2bba\-4ca2\-a1c8\-c66c3d6de0ab\.config
codeql / Analyze (python)	UNKNOWN STEP	2026-09-26T11:37:48.6585588Z [command]/usr/bin/git config --local --get-all includeif.gitdir:/github/workspace/.kit/.git.path
codeql / Analyze (python)	UNKNOWN STEP	2026-09-26T11:37:48.6615847Z /github/runner_temp/git-credentials-43281c7c-2bba-4ca2-a1c8-c66c3d6de0ab.config
codeql / Analyze (python)	UNKNOWN STEP	2026-09-26T11:37:48.6623685Z [command]/usr/bin/git config --local --unset includeif.gitdir:/github/workspace/.kit/.git.path \/github\/runner_temp\/git\-credentials\-43281c7c\-2bba\-4ca2\-a1c8\-c66c3d6de0ab\.config
codeql / Analyze (python)	UNKNOWN STEP	2026-09-26T11:37:48.6665121Z [command]/usr/bin/git config --local --get-all includeif.gitdir:/github/workspace/.kit/.git/worktrees/*.path
codeql / Analyze (python)	UNKNOWN STEP	2026-09-26T11:37:48.6696144Z /github/runner_temp/git-credentials-43281c7c-2bba-4ca2-a1c8-c66c3d6de0ab.config
codeql / Analyze (python)	UNKNOWN STEP	2026-09-26T11:37:48.6705611Z [command]/usr/bin/git config --local --unset includeif.gitdir:/github/workspace/.kit/.git/worktrees/*.path \/github\/runner_temp\/git\-credentials\-43281c7c\-2bba\-4ca2\-a1c8\-c66c3d6de0ab\.config
codeql / Analyze (python)	UNKNOWN STEP	2026-09-26T11:37:48.6747826Z [command]/usr/bin/git submodule foreach --recursive git config --local --show-origin --name-only --get-regexp remote.origin.url
codeql / Analyze (python)	UNKNOWN STEP	2026-09-26T11:37:48.6978440Z Removing credentials config '/home/runner/work/_temp/git-credentials-43281c7c-2bba-4ca2-a1c8-c66c3d6de0ab.config'
codeql / Analyze (python)	UNKNOWN STEP	2026-09-26T11:37:48.6988968Z ##[endgroup]
codeql / Analyze (python)	UNKNOWN STEP	2026-09-26T11:37:48.7149203Z ##[group]Run # 與 reusable-ai-review-post.yml 的 rubric 路徑同一個模式：
codeql / Analyze (python)	UNKNOWN STEP	2026-09-26T11:37:48.7149936Z ^[[36;1m# 與 reusable-ai-review-post.yml 的 rubric 路徑同一個模式：^[[0m
codeql / Analyze (python)	UNKNOWN STEP	2026-09-26T11:37:48.7150511Z ^[[36;1m# 指定了但檔案不存在 → 出 warning 並退回內建版本，不要讓 CodeQL init^[[0m
codeql / Analyze (python)	UNKNOWN STEP	2026-09-26T11:37:48.7150966Z ^[[36;1m# 丟一個看不出原因的錯誤。^[[0m
codeql / Analyze (python)	UNKNOWN STEP	2026-09-26T11:37:48.7151398Z ^[[36;1mif [ -n "$CUSTOM" ] && [ -f "$CUSTOM" ]; then^[[0m
codeql / Analyze (python)	UNKNOWN STEP	2026-09-26T11:37:48.7151913Z ^[[36;1m  echo "path=$CUSTOM" >> "$GITHUB_OUTPUT"^[[0m
codeql / Analyze (python)	UNKNOWN STEP	2026-09-26T11:37:48.7152468Z ^[[36;1m  echo "使用呼叫方的自訂 CodeQL config：$CUSTOM"^[[0m
codeql / Analyze (python)	UNKNOWN STEP	2026-09-26T11:37:48.7153282Z ^[[36;1melse^[[0m
codeql / Analyze (python)	UNKNOWN STEP	2026-09-26T11:37:48.7153692Z ^[[36;1m  if [ -n "$CUSTOM" ]; then^[[0m
codeql / Analyze (python)	UNKNOWN STEP	2026-09-26T11:37:48.7154228Z ^[[36;1m    echo "::warning::指定了 config-file=$CUSTOM 但檔案不存在，退回 kit 內建版本"^[[0m
codeql / Analyze (python)	UNKNOWN STEP	2026-09-26T11:37:48.7154740Z ^[[36;1m  fi^[[0m
codeql / Analyze (python)	UNKNOWN STEP	2026-09-26T11:37:48.7155244Z ^[[36;1m  echo "path=.kit/.github/codeql/codeql-config.yml" >> "$GITHUB_OUTPUT"^[[0m
codeql / Analyze (python)	UNKNOWN STEP	2026-09-26T11:37:48.7155852Z ^[[36;1m  echo "使用 kit 內建 CodeQL config"^[[0m
codeql / Analyze (python)	UNKNOWN STEP	2026-09-26T11:37:48.7156319Z ^[[36;1mfi^[[0m
codeql / Analyze (python)	UNKNOWN STEP	2026-09-26T11:37:48.7423324Z shell: /usr/bin/bash -e {0}
codeql / Analyze (python)	UNKNOWN STEP	2026-09-26T11:37:48.7423898Z env:
codeql / Analyze (python)	UNKNOWN STEP	2026-09-26T11:37:48.7424320Z   CUSTOM: 
codeql / Analyze (python)	UNKNOWN STEP	2026-09-26T11:37:48.7424730Z ##[endgroup]
codeql / Analyze (python)	UNKNOWN STEP	2026-09-26T11:37:48.7537068Z 使用 kit 內建 CodeQL config
codeql / Analyze (python)	UNKNOWN STEP	2026-09-26T11:37:48.7723822Z ##[group]Run github/codeql-action/init@2892aa5e19bbd11bc0cff5427e3b750a04d9e3c2
codeql / Analyze (python)	UNKNOWN STEP	2026-09-26T11:37:48.7724529Z with:
codeql / Analyze (python)	UNKNOWN STEP	2026-09-26T11:37:48.7725126Z   languages: python
codeql / Analyze (python)	UNKNOWN STEP	2026-09-26T11:37:48.7725570Z   build-mode: none
codeql / Analyze (python)	UNKNOWN STEP	2026-09-26T11:37:48.7726297Z   config-file: .kit/.github/codeql/codeql-config.yml
codeql / Analyze (python)	UNKNOWN STEP	2026-09-26T11:37:48.7726854Z   analysis-kinds: code-scanning
codeql / Analyze (python)	UNKNOWN STEP	2026-09-26T11:37:48.7729470Z   token: ***
codeql / Analyze (python)	UNKNOWN STEP	2026-09-26T11:37:48.7729950Z   matrix: {
codeql / Analyze (python)	UNKNOWN STEP	  "language": "python"
codeql / Analyze (python)	UNKNOWN STEP	}
codeql / Analyze (python)	UNKNOWN STEP	2026-09-26T11:37:48.7730459Z   debug: false
codeql / Analyze (python)	UNKNOWN STEP	2026-09-26T11:37:48.7730900Z   check-run-id: 108397000651
codeql / Analyze (python)	UNKNOWN STEP	2026-09-26T11:37:48.7731374Z   job-status: success
codeql / Analyze (python)	UNKNOWN STEP	2026-09-26T11:37:48.7731828Z ##[endgroup]
codeql / Analyze (python)	UNKNOWN STEP	2026-09-26T11:37:49.0247735Z Job run UUID is 91222d0b-fa30-4a0f-8d49-847f925967cd.
codeql / Analyze (python)	UNKNOWN STEP	2026-09-26T11:37:49.0313721Z Using configuration file input from workflow: .kit/.github/codeql/codeql-config.yml
codeql / Analyze (python)	UNKNOWN STEP	2026-09-26T11:37:50.0461446Z ##[group]Setup CodeQL tools
codeql / Analyze (python)	UNKNOWN STEP	2026-09-26T11:37:50.0509957Z [command]/usr/bin/tar --version
codeql / Analyze (python)	UNKNOWN STEP	2026-09-26T11:37:50.0547424Z tar (GNU tar) 1.35
codeql / Analyze (python)	UNKNOWN STEP	2026-09-26T11:37:50.0547926Z Copyright (C) 2023 Free Software Foundation, Inc.
codeql / Analyze (python)	UNKNOWN STEP	2026-09-26T11:37:50.0548589Z License GPLv3+: GNU GPL version 3 or later <https://gnu.org/licenses/gpl.html>.
codeql / Analyze (python)	UNKNOWN STEP	2026-09-26T11:37:50.0549128Z This is free software: you are free to change and redistribute it.
codeql / Analyze (python)	UNKNOWN STEP	2026-09-26T11:37:50.0549587Z There is NO WARRANTY, to the extent permitted by law.
codeql / Analyze (python)	UNKNOWN STEP	2026-09-26T11:37:50.0549832Z 
codeql / Analyze (python)	UNKNOWN STEP	2026-09-26T11:37:50.0549941Z Written by John Gilmore and Jay Fenlason.
codeql / Analyze (python)	UNKNOWN STEP	2026-09-26T11:37:50.0553834Z Found gnu tar version 1.35.
codeql / Analyze (python)	UNKNOWN STEP	2026-09-26T11:37:50.1435831Z No overlay-base databases found in Actions cache.
codeql / Analyze (python)	UNKNOWN STEP	2026-09-26T11:37:50.1456526Z Did not find CodeQL tools version 2.27.1 in the toolcache.
codeql / Analyze (python)	UNKNOWN STEP	2026-09-26T11:37:50.1466305Z Using CodeQL CLI version 2.27.1 sourced from https://github.com/github/codeql-action/releases/download/codeql-bundle-v2.27.1/codeql-bundle-linux64.tar.zst .
codeql / Analyze (python)	UNKNOWN STEP	2026-09-26T11:37:52.4763522Z Deleted the CodeQL tools at '/opt/hostedtoolcache/CodeQL/2.27.0' from the toolcache to free up disk space.
codeql / Analyze (python)	UNKNOWN STEP	2026-09-26T11:37:52.4774984Z Downloading CodeQL tools from https://github.com/github/codeql-action/releases/download/codeql-bundle-v2.27.1/codeql-bundle-linux64.tar.zst . This may take a while.
codeql / Analyze (python)	UNKNOWN STEP	2026-09-26T11:37:52.4776158Z Streaming the extraction of the CodeQL bundle.
codeql / Analyze (python)	UNKNOWN STEP	2026-09-26T11:37:52.6294673Z [command]tar -x --zstd --ignore-zeros --warning=no-unknown-keyword --overwrite -f - -C /opt/hostedtoolcache/CodeQL/2.27.1/x64
codeql / Analyze (python)	UNKNOWN STEP	2026-09-26T11:37:58.0165856Z Finished downloading and extracting CodeQL bundle to /opt/hostedtoolcache/CodeQL/2.27.1/x64 (5.5s).
codeql / Analyze (python)	UNKNOWN STEP	2026-09-26T11:37:58.0166908Z Created toolcache marker file /opt/hostedtoolcache/CodeQL/2.27.1/x64.complete
codeql / Analyze (python)	UNKNOWN STEP	2026-09-26T11:37:58.7931154Z {
codeql / Analyze (python)	UNKNOWN STEP	2026-09-26T11:37:58.7931673Z   "productName": "CodeQL",
codeql / Analyze (python)	UNKNOWN STEP	2026-09-26T11:37:58.7932121Z   "vendor": "GitHub",
codeql / Analyze (python)	UNKNOWN STEP	2026-09-26T11:37:58.7932516Z   "version": "2.27.1",
codeql / Analyze (python)	UNKNOWN STEP	2026-09-26T11:37:58.7933200Z   "sha": "938af3639d0709b587251e45d9f8d2bdc3505696",
codeql / Analyze (python)	UNKNOWN STEP	2026-09-26T11:37:58.7933629Z   "branches": [
codeql / Analyze (python)	UNKNOWN STEP	2026-09-26T11:37:58.7933914Z     "codeql-cli-2.27.1"
codeql / Analyze (python)	UNKNOWN STEP	2026-09-26T11:37:58.7934181Z   ],
codeql / Analyze (python)	UNKNOWN STEP	2026-09-26T11:37:58.7934457Z   "copyright": "Copyright (C) 2019-2026 GitHub, Inc.",
codeql / Analyze (python)	UNKNOWN STEP	2026-09-26T11:37:58.7934950Z   "unpackedLocation": "/opt/hostedtoolcache/CodeQL/2.27.1/x64/codeql",
codeql / Analyze (python)	UNKNOWN STEP	2026-09-26T11:37:58.7935496Z   "configFileLocation": "/home/runner/.config/codeql/config",
codeql / Analyze (python)	UNKNOWN STEP	2026-09-26T11:37:58.7935902Z   "configFileFound": false,
codeql / Analyze (python)	UNKNOWN STEP	2026-09-26T11:37:58.7936179Z   "overlayVersion": 4,
codeql / Analyze (python)	UNKNOWN STEP	2026-09-26T11:37:58.7936429Z   "features": {
codeql / Analyze (python)	UNKNOWN STEP	2026-09-26T11:37:58.7936687Z     "analysisSummaryV2Default": true,
codeql / Analyze (python)	UNKNOWN STEP	2026-09-26T11:37:58.7937014Z     "buildModeOption": true,
codeql / Analyze (python)	UNKNOWN STEP	2026-09-26T11:37:58.7937361Z     "bundleSupportsIncludeDiagnostics": true,
codeql / Analyze (python)	UNKNOWN STEP	2026-09-26T11:37:58.7937744Z     "bundleSupportsIncludeLogs": true,
codeql / Analyze (python)	UNKNOWN STEP	2026-09-26T11:37:58.7938094Z     "bundleSupportsOverlay": true,
codeql / Analyze (python)	UNKNOWN STEP	2026-09-26T11:37:58.7938515Z     "databaseInterpretResultsSupportsSarifRunProperty": true,
codeql / Analyze (python)	UNKNOWN STEP	2026-09-26T11:37:58.7938961Z     "featuresInVersionResult": true,
codeql / Analyze (python)	UNKNOWN STEP	2026-09-26T11:37:58.7939744Z     "indirectTracingSupportsStaticBinaries": false,
codeql / Analyze (python)	UNKNOWN STEP	2026-09-26T11:37:58.7940206Z     "informsAboutUnsupportedPathFilters": true,
codeql / Analyze (python)	UNKNOWN STEP	2026-09-26T11:37:58.7940581Z     "supportsPython312": true,
codeql / Analyze (python)	UNKNOWN STEP	2026-09-26T11:37:58.7940877Z     "mrvaPackCreate": true,
codeql / Analyze (python)	UNKNOWN STEP	2026-09-26T11:37:58.7941311Z     "threatModelOption": true,
codeql / Analyze (python)	UNKNOWN STEP	2026-09-26T11:37:58.7941623Z     "traceCommandUseBuildMode": true,
codeql / Analyze (python)	UNKNOWN STEP	2026-09-26T11:37:58.7941941Z     "v2ramSizing": true,
codeql / Analyze (python)	UNKNOWN STEP	2026-09-26T11:37:58.7942236Z     "mrvaPackCreateMultipleQueries": true,
codeql / Analyze (python)	UNKNOWN STEP	2026-09-26T11:37:58.7942826Z     "setsCodeqlRunnerEnvVar": true,
codeql / Analyze (python)	UNKNOWN STEP	2026-09-26T11:37:58.7943396Z     "sarifMergeRunsFromEqualCategory": true,
codeql / Analyze (python)	UNKNOWN STEP	2026-09-26T11:37:58.7943963Z     "forceOverwrite": true,
codeql / Analyze (python)	UNKNOWN STEP	2026-09-26T11:37:58.7944858Z     "generateSummarySymbolMap": true,
codeql / Analyze (python)	UNKNOWN STEP	2026-09-26T11:37:58.7945456Z     "pythonDefaultIsToNotExtractStdlib": true,
codeql / Analyze (python)	UNKNOWN STEP	2026-09-26T11:37:58.7946049Z     "queryServerRunQueries": true,
codeql / Analyze (python)	UNKNOWN STEP	2026-09-26T11:37:58.7946586Z     "queryServerTrimCacheWithMode": true,
codeql / Analyze (python)	UNKNOWN STEP	2026-09-26T11:37:58.7947154Z     "builtinExtractorsSpecifyDefaultQueries": true,
codeql / Analyze (python)	UNKNOWN STEP	2026-09-26T11:37:58.7947708Z     "bqrsDiffResultSets": true,
codeql / Analyze (python)	UNKNOWN STEP	2026-09-26T11:37:58.7948155Z     "bundleSupportsIncludeOption": true,
codeql / Analyze (python)	UNKNOWN STEP	2026-09-26T11:37:58.7948690Z     "suppressesMissingFileBaselineWarning": true
codeql / Analyze (python)	UNKNOWN STEP	2026-09-26T11:37:58.7949192Z   }
codeql / Analyze (python)	UNKNOWN STEP	2026-09-26T11:37:58.7949470Z }
codeql / Analyze (python)	UNKNOWN STEP	2026-09-26T11:37:58.7950631Z ##[endgroup]
codeql / Analyze (python)	UNKNOWN STEP	2026-09-26T11:37:58.7951225Z ##[group]Validating workflow
codeql / Analyze (python)	UNKNOWN STEP	2026-09-26T11:37:59.0773161Z ##[warning]1 issue was detected with this workflow: Please specify an on.push hook to analyze and see code scanning alerts from the default branch on the Security tab.
codeql / Analyze (python)	UNKNOWN STEP	2026-09-26T11:37:59.0781267Z ##[endgroup]
codeql / Analyze (python)	UNKNOWN STEP	2026-09-26T11:37:59.0781947Z ##[group]Load language configuration
codeql / Analyze (python)	UNKNOWN STEP	2026-09-26T11:37:59.0783466Z [command]/opt/hostedtoolcache/CodeQL/2.27.1/x64/codeql/codeql resolve languages --format=betterjson --extractor-options-verbosity=4 --extractor-include-aliases --filter-to-languages-with-queries
codeql / Analyze (python)	UNKNOWN STEP	2026-09-26T11:38:00.0454145Z {
codeql / Analyze (python)	UNKNOWN STEP	2026-09-26T11:38:00.0463329Z   "aliases" : {
codeql / Analyze (python)	UNKNOWN STEP	2026-09-26T11:38:00.0463787Z     "c" : "cpp",
codeql / Analyze (python)	UNKNOWN STEP	2026-09-26T11:38:00.0464154Z     "c++" : "cpp",
codeql / Analyze (python)	UNKNOWN STEP	2026-09-26T11:38:00.0464511Z     "c-c++" : "cpp",
codeql / Analyze (python)	UNKNOWN STEP	2026-09-26T11:38:00.0464873Z     "c-cpp" : "cpp",
codeql / Analyze (python)	UNKNOWN STEP	2026-09-26T11:38:00.0465229Z     "c#" : "csharp",
codeql / Analyze (python)	UNKNOWN STEP	2026-09-26T11:38:00.0465602Z     "java-kotlin" : "java",
codeql / Analyze (python)	UNKNOWN STEP	2026-09-26T11:38:00.0466024Z     "kotlin" : "java",
codeql / Analyze (python)	UNKNOWN STEP	2026-09-26T11:38:00.0466442Z     "javascript-typescript" : "javascript",
codeql / Analyze (python)	UNKNOWN STEP	2026-09-26T11:38:00.0466957Z     "typescript" : "javascript"
codeql / Analyze (python)	UNKNOWN STEP	2026-09-26T11:38:00.0467367Z   },
codeql / Analyze (python)	UNKNOWN STEP	2026-09-26T11:38:00.0467686Z   "extractors" : {
codeql / Analyze (python)	UNKNOWN STEP	2026-09-26T11:38:00.0468045Z     "rust" : [
codeql / Analyze (python)	UNKNOWN STEP	2026-09-26T11:38:00.0468365Z       {
codeql / Analyze (python)	UNKNOWN STEP	2026-09-26T11:38:00.0468892Z         "extractor_root" : "/opt/hostedtoolcache/CodeQL/2.27.1/x64/codeql/rust",
codeql / Analyze (python)	UNKNOWN STEP	2026-09-26T11:38:00.0469575Z         "extractor_options" : {
codeql / Analyze (python)	UNKNOWN STEP	2026-09-26T11:38:00.0469991Z           "trap" : {
codeql / Analyze (python)	UNKNOWN STEP	2026-09-26T11:38:00.0470398Z             "title" : "Options pertaining to TRAP.",
codeql / Analyze (python)	UNKNOWN STEP	2026-09-26T11:38:00.0470997Z             "description" : "Options pertaining to TRAP.",
codeql / Analyze (python)	UNKNOWN STEP	2026-09-26T11:38:00.0471553Z             "type" : "object",
codeql / Analyze (python)	UNKNOWN STEP	2026-09-26T11:38:00.0471977Z             "properties" : {
codeql / Analyze (python)	UNKNOWN STEP	2026-09-26T11:38:00.0472385Z               "compression" : {
codeql / Analyze (python)	UNKNOWN STEP	2026-09-26T11:38:00.0473337Z                 "title" : "Controls compression for the TRAP files written by the extractor.",
codeql / Analyze (python)	UNKNOWN STEP	2026-09-26T11:38:00.0475249Z                 "description" : "This option is only intended for use in debugging the extractor. Accepted values are 'gzip' (to write gzip-compressed TRAP) 'zstd' (the default, to write Zstandard-compressed TRAP) and 'none' (to write uncompressed TRAP).\n",
codeql / Analyze (python)	UNKNOWN STEP	2026-09-26T11:38:00.0477074Z                 "type" : "string",
codeql / Analyze (python)	UNKNOWN STEP	2026-09-26T11:38:00.0477562Z                 "pattern" : "^(none|gzip|zstd)$"
codeql / Analyze (python)	UNKNOWN STEP	2026-09-26T11:38:00.0478041Z               }
codeql / Analyze (python)	UNKNOWN STEP	2026-09-26T11:38:00.0478360Z             }
codeql / Analyze (python)	UNKNOWN STEP	2026-09-26T11:38:00.0478678Z           },
codeql / Analyze (python)	UNKNOWN STEP	2026-09-26T11:38:00.0479017Z           "cargo_target_dir" : {
codeql / Analyze (python)	UNKNOWN STEP	2026-09-26T11:38:00.0479610Z             "title" : "Directory to use for cargo output files.",
codeql / Analyze (python)	UNKNOWN STEP	2026-09-26T11:38:00.0482931Z             "description" : "This value is an optional path to use as `CARGO_TARGET_DIR` for the internal cargo commands the extractor uses. Pointing it to a persistent directory may reduce execution time of consecutive extractor runs. By default, a new scratch directory is used for each extraction, while qltests use the test's `target` directory so artifacts can be reused across runs.\n",
codeql / Analyze (python)	UNKNOWN STEP	2026-09-26T11:38:00.0485619Z             "type" : "string"
codeql / Analyze (python)	UNKNOWN STEP	2026-09-26T11:38:00.0486029Z           },
codeql / Analyze (python)	UNKNOWN STEP	2026-09-26T11:38:00.0486392Z           "cargo_target" : {
codeql / Analyze (python)	UNKNOWN STEP	2026-09-26T11:38:00.0486847Z             "title" : "Target architecture",
codeql / Analyze (python)	UNKNOWN STEP	2026-09-26T11:38:00.0487996Z             "description" : "Target architecture to use for analysis, analogous to `cargo --target`. By default the host architecture is used.\n",
codeql / Analyze (python)	UNKNOWN STEP	2026-09-26T11:38:00.0489087Z             "type" : "string"
codeql / Analyze (python)	UNKNOWN STEP	2026-09-26T11:38:00.0489471Z           },
codeql / Analyze (python)	UNKNOWN STEP	2026-09-26T11:38:00.0489794Z           "cargo_features" : {
codeql / Analyze (python)	UNKNOWN STEP	2026-09-26T11:38:00.0490183Z             "title" : "Cargo features to turn on",
codeql / Analyze (python)	UNKNOWN STEP	2026-09-26T11:38:00.0491874Z             "description" : "Comma-separated list of features to turn on. By default all features are enabled. If any features are specified, then only those features are enabled. The `default` feature must be explicitly specified if only default features are desired. Can be repeated.\n",
codeql / Analyze (python)	UNKNOWN STEP	2026-09-26T11:38:00.0515503Z             "type" : "array"
codeql / Analyze (python)	UNKNOWN STEP	2026-09-26T11:38:00.0515752Z           },
codeql / Analyze (python)	UNKNOWN STEP	2026-09-26T11:38:00.0515953Z           "cargo_cfg_overrides" : {
codeql / Analyze (python)	UNKNOWN STEP	2026-09-26T11:38:00.0516218Z             "title" : "Cargo cfg overrides",
codeql / Analyze (python)	UNKNOWN STEP	2026-09-26T11:38:00.0516776Z             "description" : "Comma-separated list of cfg settings to enable, or disable if prefixed with `-`. Can be repeated.\n",
codeql / Analyze (python)	UNKNOWN STEP	2026-09-26T11:38:00.0517326Z             "type" : "array"
codeql / Analyze (python)	UNKNOWN STEP	2026-09-26T11:38:00.0517543Z           },
codeql / Analyze (python)	UNKNOWN STEP	2026-09-26T11:38:00.0517724Z           "logging" : {
codeql / Analyze (python)	UNKNOWN STEP	2026-09-26T11:38:00.0517971Z             "title" : "Options pertaining to logging.",
codeql / Analyze (python)	UNKNOWN STEP	2026-09-26T11:38:00.0518329Z             "description" : "Options pertaining to logging.",
codeql / Analyze (python)	UNKNOWN STEP	2026-09-26T11:38:00.0518640Z             "type" : "object",
codeql / Analyze (python)	UNKNOWN STEP	2026-09-26T11:38:00.0518865Z             "properties" : {
codeql / Analyze (python)	UNKNOWN STEP	2026-09-26T11:38:00.0519085Z               "verbosity" : {
codeql / Analyze (python)	UNKNOWN STEP	2026-09-26T11:38:00.0519351Z                 "title" : "Extractor logging verbosity level.",
codeql / Analyze (python)	UNKNOWN STEP	2026-09-26T11:38:00.0520369Z                 "description" : "Controls the level of verbosity of the extractor. The supported levels are (in order of increasing verbosity):\n  - off\n  - errors\n  - warnings\n  - info or progress\n  - debug or progress+\n  - trace or progress++\n  - progress+++\n",
codeql / Analyze (python)	UNKNOWN STEP	2026-09-26T11:38:00.0521311Z                 "type" : "string",
codeql / Analyze (python)	UNKNOWN STEP	2026-09-26T11:38:00.0521798Z                 "pattern" : "^(off|errors|warnings|(info|progress)|(debug|progress\\+)|(trace|progress\\+\\+)|progress\\+\\+\\+)$"
codeql / Analyze (python)	UNKNOWN STEP	2026-09-26T11:38:00.0522299Z               },
codeql / Analyze (python)	UNKNOWN STEP	2026-09-26T11:38:00.0522503Z               "flamegraph" : {
codeql / Analyze (python)	UNKNOWN STEP	2026-09-26T11:38:00.0523117Z                 "title" : "[Experimental] File path for write flame graph log",
codeql / Analyze (python)	UNKNOWN STEP	2026-09-26T11:38:00.0524037Z                 "description" : "Collect flame graph data using the `tracing-flame` crate. To render a flame graph or chart, run the `inferno-flamegraph` command. See also: https://crates.io/crates/tracing-flame\n",
codeql / Analyze (python)	UNKNOWN STEP	2026-09-26T11:38:00.0525596Z                 "type" : "string"
codeql / Analyze (python)	UNKNOWN STEP	2026-09-26T11:38:00.0526028Z               }
codeql / Analyze (python)	UNKNOWN STEP	2026-09-26T11:38:00.0526347Z             }
codeql / Analyze (python)	UNKNOWN STEP	2026-09-26T11:38:00.0526654Z           },
codeql / Analyze (python)	UNKNOWN STEP	2026-09-26T11:38:00.0527033Z           "extract_dependencies_as_source" : {
codeql / Analyze (python)	UNKNOWN STEP	2026-09-26T11:38:00.0527632Z             "title" : "Extract dependencies as source code",
codeql / Analyze (python)	UNKNOWN STEP	2026-09-26T11:38:00.0528567Z             "description" : "Extract the full source code of dependencies instead of only extracting signatures.\n",
codeql / Analyze (python)	UNKNOWN STEP	2026-09-26T11:38:00.0529404Z             "type" : "string",
codeql / Analyze (python)	UNKNOWN STEP	2026-09-26T11:38:00.0529742Z             "pattern" : "^(false|true)$"
codeql / Analyze (python)	UNKNOWN STEP	2026-09-26T11:38:00.0530002Z           }
codeql / Analyze (python)	UNKNOWN STEP	2026-09-26T11:38:00.0530171Z         }
codeql / Analyze (python)	UNKNOWN STEP	2026-09-26T11:38:00.0530563Z       }
codeql / Analyze (python)	UNKNOWN STEP	2026-09-26T11:38:00.0530739Z     ],
codeql / Analyze (python)	UNKNOWN STEP	2026-09-26T11:38:00.0530914Z     "csharp" : [
codeql / Analyze (python)	UNKNOWN STEP	2026-09-26T11:38:00.0531097Z       {
codeql / Analyze (python)	UNKNOWN STEP	2026-09-26T11:38:00.0531394Z         "extractor_root" : "/opt/hostedtoolcache/CodeQL/2.27.1/x64/codeql/csharp",
codeql / Analyze (python)	UNKNOWN STEP	2026-09-26T11:38:00.0532437Z         "extractor_options" : {
codeql / Analyze (python)	UNKNOWN STEP	2026-09-26T11:38:00.0533122Z           "trap" : {
codeql / Analyze (python)	UNKNOWN STEP	2026-09-26T11:38:00.0533558Z             "title" : "Options pertaining to TRAP.",
codeql / Analyze (python)	UNKNOWN STEP	2026-09-26T11:38:00.0534181Z             "description" : "Options pertaining to TRAP.",
codeql / Analyze (python)	UNKNOWN STEP	2026-09-26T11:38:00.0534508Z             "type" : "object",
codeql / Analyze (python)	UNKNOWN STEP	2026-09-26T11:38:00.0534740Z             "properties" : {
codeql / Analyze (python)	UNKNOWN STEP	2026-09-26T11:38:00.0534967Z               "compression" : {
codeql / Analyze (python)	UNKNOWN STEP	2026-09-26T11:38:00.0535334Z                 "title" : "Controls compression for the TRAP files written by the extractor.",
codeql / Analyze (python)	UNKNOWN STEP	2026-09-26T11:38:00.0536333Z                 "description" : "This option is only intended for use in debugging the extractor. Accepted values are 'brotli' (the default, to write brotli-compressed TRAP), 'gzip', and 'none' (to write uncompressed TRAP).\n",
codeql / Analyze (python)	UNKNOWN STEP	2026-09-26T11:38:00.0537189Z                 "type" : "string",
codeql / Analyze (python)	UNKNOWN STEP	2026-09-26T11:38:00.0537464Z                 "pattern" : "^(none|gzip|brotli)$"
codeql / Analyze (python)	UNKNOWN STEP	2026-09-26T11:38:00.0537729Z               }
codeql / Analyze (python)	UNKNOWN STEP	2026-09-26T11:38:00.0537917Z             }
codeql / Analyze (python)	UNKNOWN STEP	2026-09-26T11:38:00.0538093Z           },
codeql / Analyze (python)	UNKNOWN STEP	2026-09-26T11:38:00.0538276Z           "buildless" : {
codeql / Analyze (python)	UNKNOWN STEP	2026-09-26T11:38:00.0538626Z             "title" : "DEPRECATED - Whether to use buildless (standalone) extraction.",
codeql / Analyze (python)	UNKNOWN STEP	2026-09-26T11:38:00.0540486Z             "description" : "DEPRECATED: Use `--build-mode none` instead.\nA value indicating, which type of extraction the autobuilder should perform. If 'true', then the standalone extractor will be used, otherwise tracing extraction will be performed. The default is 'false'. Note that buildless extraction will generally yield less accurate analysis results, and should only be used in cases where it is not possible to build the code (for example if it uses inaccessible dependencies).\n",
codeql / Analyze (python)	UNKNOWN STEP	2026-09-26T11:38:00.0542193Z             "type" : "string",
codeql / Analyze (python)	UNKNOWN STEP	2026-09-26T11:38:00.0542433Z             "pattern" : "^(false|true)$"
codeql / Analyze (python)	UNKNOWN STEP	2026-09-26T11:38:00.0543019Z           },
codeql / Analyze (python)	UNKNOWN STEP	2026-09-26T11:38:00.0543223Z           "logging" : {
codeql / Analyze (python)	UNKNOWN STEP	2026-09-26T11:38:00.0543486Z             "title" : "Options pertaining to logging.",
codeql / Analyze (python)	UNKNOWN STEP	2026-09-26T11:38:00.0543837Z             "description" : "Options pertaining to logging.",
codeql / Analyze (python)	UNKNOWN STEP	2026-09-26T11:38:00.0544142Z             "type" : "object",
codeql / Analyze (python)	UNKNOWN STEP	2026-09-26T11:38:00.0544368Z             "properties" : {
codeql / Analyze (python)	UNKNOWN STEP	2026-09-26T11:38:00.0544591Z               "verbosity" : {
codeql / Analyze (python)	UNKNOWN STEP	2026-09-26T11:38:00.0544862Z                 "title" : "Extractor logging verbosity level.",
codeql / Analyze (python)	UNKNOWN STEP	2026-09-26T11:38:00.0545874Z                 "description" : "Controls the level of verbosity of the extractor. The supported levels are (in order of increasing verbosity):\n  - off\n  - errors\n  - warnings\n  - info or progress\n  - debug or progress+\n  - trace or progress++\n  - progress+++\n",
codeql / Analyze (python)	UNKNOWN STEP	2026-09-26T11:38:00.0546832Z                 "type" : "string",
codeql / Analyze (python)	UNKNOWN STEP	2026-09-26T11:38:00.0547317Z                 "pattern" : "^(off|errors|warnings|(info|progress)|(debug|progress\\+)|(trace|progress\\+\\+)|progress\\+\\+\\+)$"
codeql / Analyze (python)	UNKNOWN STEP	2026-09-26T11:38:00.0547892Z               }
codeql / Analyze (python)	UNKNOWN STEP	2026-09-26T11:38:00.0548217Z             }
codeql / Analyze (python)	UNKNOWN STEP	2026-09-26T11:38:00.0548499Z           },
codeql / Analyze (python)	UNKNOWN STEP	2026-09-26T11:38:00.0548728Z           "binlog" : {
codeql / Analyze (python)	UNKNOWN STEP	2026-09-26T11:38:00.0548943Z             "title" : "Binlog",
codeql / Analyze (python)	UNKNOWN STEP	2026-09-26T11:38:00.0549650Z             "description" : "[EXPERIMENTAL] The value is a path to the MsBuild binary log file that should be extracted. This option only works when `--build-mode none` is also specified.\n",
codeql / Analyze (python)	UNKNOWN STEP	2026-09-26T11:38:00.0550369Z             "type" : "array"
codeql / Analyze (python)	UNKNOWN STEP	2026-09-26T11:38:00.0550579Z           },
codeql / Analyze (python)	UNKNOWN STEP	2026-09-26T11:38:00.0550777Z           "buildless_dependency_dir" : {
codeql / Analyze (python)	UNKNOWN STEP	2026-09-26T11:38:00.0551203Z             "title" : "The path where buildless (standalone) extraction should keep dependencies.",
codeql / Analyze (python)	UNKNOWN STEP	2026-09-26T11:38:00.0552083Z             "description" : "If set, the buildless (standalone) extractor will store dependencies in this directory.\n",
codeql / Analyze (python)	UNKNOWN STEP	2026-09-26T11:38:00.0553570Z             "type" : "string"
codeql / Analyze (python)	UNKNOWN STEP	2026-09-26T11:38:00.0553927Z           }
codeql / Analyze (python)	UNKNOWN STEP	2026-09-26T11:38:00.0554115Z         }
codeql / Analyze (python)	UNKNOWN STEP	2026-09-26T11:38:00.0554287Z       }
codeql / Analyze (python)	UNKNOWN STEP	2026-09-26T11:38:00.0554639Z     ],
codeql / Analyze (python)	UNKNOWN STEP	2026-09-26T11:38:00.0554819Z     "python" : [
codeql / Analyze (python)	UNKNOWN STEP	2026-09-26T11:38:00.0555009Z       {
codeql / Analyze (python)	UNKNOWN STEP	2026-09-26T11:38:00.0555314Z         "extractor_root" : "/opt/hostedtoolcache/CodeQL/2.27.1/x64/codeql/python",
codeql / Analyze (python)	UNKNOWN STEP	2026-09-26T11:38:00.0555755Z         "extractor_options" : {
codeql / Analyze (python)	UNKNOWN STEP	2026-09-26T11:38:00.0555997Z           "logging" : {
codeql / Analyze (python)	UNKNOWN STEP	2026-09-26T11:38:00.0556248Z             "title" : "Options pertaining to logging.",
codeql / Analyze (python)	UNKNOWN STEP	2026-09-26T11:38:00.0556598Z             "description" : "Options pertaining to logging.",
codeql / Analyze (python)	UNKNOWN STEP	2026-09-26T11:38:00.0556910Z             "type" : "object",
codeql / Analyze (python)	UNKNOWN STEP	2026-09-26T11:38:00.0557145Z             "properties" : {
codeql / Analyze (python)	UNKNOWN STEP	2026-09-26T11:38:00.0557372Z               "verbosity" : {
codeql / Analyze (python)	UNKNOWN STEP	2026-09-26T11:38:00.0557660Z                 "title" : "Python extractor logging verbosity level.",
codeql / Analyze (python)	UNKNOWN STEP	2026-09-26T11:38:00.0559786Z                 "description" : "Controls the level of verbosity of the CodeQL Python extractor.\nThe supported levels are (in order of increasing verbosity):\n\n  - off\n  - errors\n  - warnings\n  - info or progress\n  - debug or progress+\n  - trace or progress++\n  - progress+++\n",
codeql / Analyze (python)	UNKNOWN STEP	2026-09-26T11:38:00.0560857Z                 "type" : "string",
codeql / Analyze (python)	UNKNOWN STEP	2026-09-26T11:38:00.0561349Z                 "pattern" : "^(off|errors|warnings|(info|progress)|(debug|progress\\+)|(trace|progress\\+\\+)|progress\\+\\+\\+)$"
codeql / Analyze (python)	UNKNOWN STEP	2026-09-26T11:38:00.0561845Z               }
codeql / Analyze (python)	UNKNOWN STEP	2026-09-26T11:38:00.0562026Z             }
codeql / Analyze (python)	UNKNOWN STEP	2026-09-26T11:38:00.0562211Z           },
codeql / Analyze (python)	UNKNOWN STEP	2026-09-26T11:38:00.0562407Z           "python_executable_name" : {
codeql / Analyze (python)	UNKNOWN STEP	2026-09-26T11:38:00.0563294Z             "title" : "Controls the name of the Python executable used by the Python extractor.",
codeql / Analyze (python)	UNKNOWN STEP	2026-09-26T11:38:00.0564789Z             "description" : "The Python extractor uses platform-dependent heuristics to determine the name of the Python executable to use. Specifying a value for this option overrides the name of the Python executable used by the extractor. Accepted values are py, python and python3. Use this setting with caution, the Python extractor requires Python 3 to run.\n",
codeql / Analyze (python)	UNKNOWN STEP	2026-09-26T11:38:00.0566098Z             "type" : "string",
codeql / Analyze (python)	UNKNOWN STEP	2026-09-26T11:38:00.0566352Z             "pattern" : "^(py|python|python3)$"
codeql / Analyze (python)	UNKNOWN STEP	2026-09-26T11:38:00.0566619Z           }
codeql / Analyze (python)	UNKNOWN STEP	2026-09-26T11:38:00.0566791Z         }
codeql / Analyze (python)	UNKNOWN STEP	2026-09-26T11:38:00.0566967Z       }
codeql / Analyze (python)	UNKNOWN STEP	2026-09-26T11:38:00.0567132Z     ],
codeql / Analyze (python)	UNKNOWN STEP	2026-09-26T11:38:00.0567298Z     "cpp" : [
codeql / Analyze (python)	UNKNOWN STEP	2026-09-26T11:38:00.0567549Z       {
codeql / Analyze (python)	UNKNOWN STEP	2026-09-26T11:38:00.0567836Z         "extractor_root" : "/opt/hostedtoolcache/CodeQL/2.27.1/x64/codeql/cpp",
codeql / Analyze (python)	UNKNOWN STEP	2026-09-26T11:38:00.0568213Z         "extractor_options" : {
codeql / Analyze (python)	UNKNOWN STEP	2026-09-26T11:38:00.0568449Z           "trap" : {
codeql / Analyze (python)	UNKNOWN STEP	2026-09-26T11:38:00.0568661Z             "title" : "TRAP options",
codeql / Analyze (python)	UNKNOWN STEP	2026-09-26T11:38:00.0569014Z             "description" : "Options about how the extractor handles TRAP files",
codeql / Analyze (python)	UNKNOWN STEP	2026-09-26T11:38:00.0569402Z             "type" : "object",
codeql / Analyze (python)	UNKNOWN STEP	2026-09-26T11:38:00.0588342Z             "visibility" : 3,
codeql / Analyze (python)	UNKNOWN STEP	2026-09-26T11:38:00.0588612Z             "properties" : {
codeql / Analyze (python)	UNKNOWN STEP	2026-09-26T11:38:00.0588864Z               "cache" : {
codeql / Analyze (python)	UNKNOWN STEP	2026-09-26T11:38:00.0589131Z                 "title" : "TRAP cache options",
codeql / Analyze (python)	UNKNOWN STEP	2026-09-26T11:38:00.0589561Z                 "description" : "Options about how the extractor handles its TRAP cache",
codeql / Analyze (python)	UNKNOWN STEP	2026-09-26T11:38:00.0589973Z                 "type" : "object",
codeql / Analyze (python)	UNKNOWN STEP	2026-09-26T11:38:00.0590225Z                 "properties" : {
codeql / Analyze (python)	UNKNOWN STEP	2026-09-26T11:38:00.0590461Z                   "dir" : {
codeql / Analyze (python)	UNKNOWN STEP	2026-09-26T11:38:00.0590717Z                     "title" : "TRAP cache directory",
codeql / Analyze (python)	UNKNOWN STEP	2026-09-26T11:38:00.0591081Z                     "description" : "The directory of the TRAP cache to use",
codeql / Analyze (python)	UNKNOWN STEP	2026-09-26T11:38:00.0591428Z                     "type" : "string"
codeql / Analyze (python)	UNKNOWN STEP	2026-09-26T11:38:00.0591672Z                   },
codeql / Analyze (python)	UNKNOWN STEP	2026-09-26T11:38:00.0591877Z                   "bound" : {
codeql / Analyze (python)	UNKNOWN STEP	2026-09-26T11:38:00.0592357Z                     "title" : "TRAP cache bound",
codeql / Analyze (python)	UNKNOWN STEP	2026-09-26T11:38:00.0593059Z                     "description" : "A soft limit (in MB) on the size of the TRAP cache",
codeql / Analyze (python)	UNKNOWN STEP	2026-09-26T11:38:00.0593443Z                     "type" : "string",
codeql / Analyze (python)	UNKNOWN STEP	2026-09-26T11:38:00.0593702Z                     "pattern" : "[0-9]+"
codeql / Analyze (python)	UNKNOWN STEP	2026-09-26T11:38:00.0594086Z                   },
codeql / Analyze (python)	UNKNOWN STEP	2026-09-26T11:38:00.0594290Z                   "write" : {
codeql / Analyze (python)	UNKNOWN STEP	2026-09-26T11:38:00.0594539Z                     "title" : "TRAP cache writeable",
codeql / Analyze (python)	UNKNOWN STEP	2026-09-26T11:38:00.0594951Z                     "description" : "Whether to write to the TRAP cache as well as reading it",
codeql / Analyze (python)	UNKNOWN STEP	2026-09-26T11:38:00.0595360Z                     "type" : "string",
codeql / Analyze (python)	UNKNOWN STEP	2026-09-26T11:38:00.0595635Z                     "pattern" : "(true|TRUE|false|FALSE)"
codeql / Analyze (python)	UNKNOWN STEP	2026-09-26T11:38:00.0595912Z                   }
codeql / Analyze (python)	UNKNOWN STEP	2026-09-26T11:38:00.0596096Z                 }
codeql / Analyze (python)	UNKNOWN STEP	2026-09-26T11:38:00.0596278Z               }
codeql / Analyze (python)	UNKNOWN STEP	2026-09-26T11:38:00.0596456Z             }
codeql / Analyze (python)	UNKNOWN STEP	2026-09-26T11:38:00.0596633Z           },
codeql / Analyze (python)	UNKNOWN STEP	2026-09-26T11:38:00.0596825Z           "scale_timeouts" : {
codeql / Analyze (python)	UNKNOWN STEP	2026-09-26T11:38:00.0597149Z             "title" : "Value to scale compiler introspection timeouts with",
codeql / Analyze (python)	UNKNOWN STEP	2026-09-26T11:38:00.0598625Z             "description" : "The extractor attempts to determine what compiler the source code being extracted is compiled with. To this end the extractor makes additional calls to the compiler, some of which are expected to return within a certain fixed time (either 10s or 15s). On some systems that are under high load this time might be too short, and can be scaled up using this option.\n",
codeql / Analyze (python)	UNKNOWN STEP	2026-09-26T11:38:00.0600017Z             "type" : "string",
codeql / Analyze (python)	UNKNOWN STEP	2026-09-26T11:38:00.0600258Z             "pattern" : "[0-9]+"
codeql / Analyze (python)	UNKNOWN STEP	2026-09-26T11:38:00.0600487Z           },
codeql / Analyze (python)	UNKNOWN STEP	2026-09-26T11:38:00.0600722Z           "log_verbosity" : {
codeql / Analyze (python)	UNKNOWN STEP	2026-09-26T11:38:00.0601006Z             "title" : "Verbosity of the extractor logging",
codeql / Analyze (python)	UNKNOWN STEP	2026-09-26T11:38:00.0601656Z             "description" : "Set the verbosity of the extractor logging to 'quiet' (0), 'normal' (1), 'chatty' (2), or 'noisy' (3). The default is 'normal'.\n",
codeql / Analyze (python)	UNKNOWN STEP	2026-09-26T11:38:00.0602252Z             "type" : "string",
codeql / Analyze (python)	UNKNOWN STEP	2026-09-26T11:38:00.0602481Z             "pattern" : "[0-3]"
codeql / Analyze (python)	UNKNOWN STEP	2026-09-26T11:38:00.0603032Z           },
codeql / Analyze (python)	UNKNOWN STEP	2026-09-26T11:38:00.0603234Z           "frontend_options" : {
codeql / Analyze (python)	UNKNOWN STEP	2026-09-26T11:38:00.0603528Z             "title" : "C/C++ extractor frontend options",
codeql / Analyze (python)	UNKNOWN STEP	2026-09-26T11:38:00.0604035Z             "description" : "Set additional options that should be passed to the C/C++ extractor frontend.\n",
codeql / Analyze (python)	UNKNOWN STEP	2026-09-26T11:38:00.0604505Z             "type" : "array",
codeql / Analyze (python)	UNKNOWN STEP	2026-09-26T11:38:00.0604735Z             "visibility" : 3
codeql / Analyze (python)	UNKNOWN STEP	2026-09-26T11:38:00.0604952Z           }
codeql / Analyze (python)	UNKNOWN STEP	2026-09-26T11:38:00.0605131Z         }
codeql / Analyze (python)	UNKNOWN STEP	2026-09-26T11:38:00.0605300Z       }
codeql / Analyze (python)	UNKNOWN STEP	2026-09-26T11:38:00.0605468Z     ],
codeql / Analyze (python)	UNKNOWN STEP	2026-09-26T11:38:00.0605640Z     "java" : [
codeql / Analyze (python)	UNKNOWN STEP	2026-09-26T11:38:00.0605830Z       {
codeql / Analyze (python)	UNKNOWN STEP	2026-09-26T11:38:00.0606116Z         "extractor_root" : "/opt/hostedtoolcache/CodeQL/2.27.1/x64/codeql/java",
codeql / Analyze (python)	UNKNOWN STEP	2026-09-26T11:38:00.0606491Z         "extractor_options" : {
codeql / Analyze (python)	UNKNOWN STEP	2026-09-26T11:38:00.0606772Z           "exclude" : {
codeql / Analyze (python)	UNKNOWN STEP	2026-09-26T11:38:00.0607034Z             "title" : "A glob excluding files from analysis.",
codeql / Analyze (python)	UNKNOWN STEP	2026-09-26T11:38:00.0607790Z             "description" : "A glob indicating what files to exclude from the analysis. This accepts glob patterns that are supported by Java's 'getPathMatcher' implementation.\n",
codeql / Analyze (python)	UNKNOWN STEP	2026-09-26T11:38:00.0608525Z             "type" : "string"
codeql / Analyze (python)	UNKNOWN STEP	2026-09-26T11:38:00.0608742Z           },
codeql / Analyze (python)	UNKNOWN STEP	2026-09-26T11:38:00.0608936Z           "add_prefer_source" : {
codeql / Analyze (python)	UNKNOWN STEP	2026-09-26T11:38:00.0609285Z             "title" : "Whether to always prefer source files over class files.",
codeql / Analyze (python)	UNKNOWN STEP	2026-09-26T11:38:00.0610469Z             "description" : "A value indicating whether source files should be preferred over class files. If set to 'true', the extraction adds '-Xprefer:source' to the javac command line. If set to 'false', the extraction uses the default javac behavior ('-Xprefer:newer'). The default is 'true'.\n",
codeql / Analyze (python)	UNKNOWN STEP	2026-09-26T11:38:00.0612415Z             "type" : "string",
codeql / Analyze (python)	UNKNOWN STEP	2026-09-26T11:38:00.0613336Z             "pattern" : "^(false|true)$"
codeql / Analyze (python)	UNKNOWN STEP	2026-09-26T11:38:00.0613804Z           },
codeql / Analyze (python)	UNKNOWN STEP	2026-09-26T11:38:00.0614133Z           "buildless" : {
codeql / Analyze (python)	UNKNOWN STEP	2026-09-26T11:38:00.0614749Z             "title" : "Whether to use buildless (standalone) extraction (experimental).",
codeql / Analyze (python)	UNKNOWN STEP	2026-09-26T11:38:00.0618028Z             "description" : "A value indicating, which type of extraction the autobuilder should perform. If 'true', then the standalone extractor will be used, otherwise tracing extraction will be performed. The default is 'false'. Note that buildless extraction will generally yield less accurate analysis results, and should only be used in cases where it is not possible to build the code (for example if it uses inaccessible dependencies).\n",
codeql / Analyze (python)	UNKNOWN STEP	2026-09-26T11:38:00.0620809Z             "type" : "string",
codeql / Analyze (python)	UNKNOWN STEP	2026-09-26T11:38:00.0621083Z             "pattern" : "^(false|true)$"
codeql / Analyze (python)	UNKNOWN STEP	2026-09-26T11:38:00.0621335Z           },
codeql / Analyze (python)	UNKNOWN STEP	2026-09-26T11:38:00.0621539Z           "buildless_dependency_dir" : {
codeql / Analyze (python)	UNKNOWN STEP	2026-09-26T11:38:00.0621981Z             "title" : "The path where buildless (standalone) extraction should keep dependencies.",
codeql / Analyze (python)	UNKNOWN STEP	2026-09-26T11:38:00.0623022Z             "description" : "If set, the buildless (standalone) extractor will store dependencies in this directory.\n",
codeql / Analyze (python)	UNKNOWN STEP	2026-09-26T11:38:00.0623689Z             "type" : "string"
codeql / Analyze (python)	UNKNOWN STEP	2026-09-26T11:38:00.0623923Z           },
codeql / Analyze (python)	UNKNOWN STEP	2026-09-26T11:38:00.0624128Z           "minimize_dependency_jars" : {
codeql / Analyze (python)	UNKNOWN STEP	2026-09-26T11:38:00.0624563Z             "title" : "Whether to rewrite and minimize downloaded JAR dependencies (experimental).",
codeql / Analyze (python)	UNKNOWN STEP	2026-09-26T11:38:00.0625422Z             "description" : "If 'true', JAR dependencies downloaded during extraction will be rewritten to remove unneeded data, such as method bodies. The default is 'false'.\n",
codeql / Analyze (python)	UNKNOWN STEP	2026-09-26T11:38:00.0626143Z             "type" : "string",
codeql / Analyze (python)	UNKNOWN STEP	2026-09-26T11:38:00.0626384Z             "pattern" : "^(false|true)$"
codeql / Analyze (python)	UNKNOWN STEP	2026-09-26T11:38:00.0626629Z           }
codeql / Analyze (python)	UNKNOWN STEP	2026-09-26T11:38:00.0626801Z         }
codeql / Analyze (python)	UNKNOWN STEP	2026-09-26T11:38:00.0626975Z       }
codeql / Analyze (python)	UNKNOWN STEP	2026-09-26T11:38:00.0627301Z     ],
codeql / Analyze (python)	UNKNOWN STEP	2026-09-26T11:38:00.0627589Z     "go" : [
codeql / Analyze (python)	UNKNOWN STEP	2026-09-26T11:38:00.0627779Z       {
codeql / Analyze (python)	UNKNOWN STEP	2026-09-26T11:38:00.0628064Z         "extractor_root" : "/opt/hostedtoolcache/CodeQL/2.27.1/x64/codeql/go",
codeql / Analyze (python)	UNKNOWN STEP	2026-09-26T11:38:00.0628442Z         "extractor_options" : {
codeql / Analyze (python)	UNKNOWN STEP	2026-09-26T11:38:00.0628690Z           "extract_tests" : {
codeql / Analyze (python)	UNKNOWN STEP	2026-09-26T11:38:00.0629024Z             "title" : "Whether to include Go test files in the CodeQL database.",
codeql / Analyze (python)	UNKNOWN STEP	2026-09-26T11:38:00.0629689Z             "description" : "A value indicating whether Go test files should be included in the CodeQL database. The default is 'false'.\n",
codeql / Analyze (python)	UNKNOWN STEP	2026-09-26T11:38:00.0630254Z             "type" : "string",
codeql / Analyze (python)	UNKNOWN STEP	2026-09-26T11:38:00.0630497Z             "pattern" : "^(false|true)$"
codeql / Analyze (python)	UNKNOWN STEP	2026-09-26T11:38:00.0630750Z           },
codeql / Analyze (python)	UNKNOWN STEP	2026-09-26T11:38:00.0630941Z           "extract_vendor_dirs" : {
codeql / Analyze (python)	UNKNOWN STEP	2026-09-26T11:38:00.0631311Z             "title" : "Whether to include Go vendor directories in the CodeQL database.",
codeql / Analyze (python)	UNKNOWN STEP	2026-09-26T11:38:00.0632031Z             "description" : "A value indicating whether Go vendor directories should be included in the CodeQL database. The default is 'false'.\n",
codeql / Analyze (python)	UNKNOWN STEP	2026-09-26T11:38:00.0632867Z             "type" : "string",
codeql / Analyze (python)	UNKNOWN STEP	2026-09-26T11:38:00.0633125Z             "pattern" : "^(false|true)$"
codeql / Analyze (python)	UNKNOWN STEP	2026-09-26T11:38:00.0633385Z           }
codeql / Analyze (python)	UNKNOWN STEP	2026-09-26T11:38:00.0633558Z         }
codeql / Analyze (python)	UNKNOWN STEP	2026-09-26T11:38:00.0633728Z       }
codeql / Analyze (python)	UNKNOWN STEP	2026-09-26T11:38:00.0633893Z     ],
codeql / Analyze (python)	UNKNOWN STEP	2026-09-26T11:38:00.0634159Z     "actions" : [
codeql / Analyze (python)	UNKNOWN STEP	2026-09-26T11:38:00.0634469Z       {
codeql / Analyze (python)	UNKNOWN STEP	2026-09-26T11:38:00.0634910Z         "extractor_root" : "/opt/hostedtoolcache/CodeQL/2.27.1/x64/codeql/actions",
codeql / Analyze (python)	UNKNOWN STEP	2026-09-26T11:38:00.0635575Z         "extractor_options" : {
codeql / Analyze (python)	UNKNOWN STEP	2026-09-26T11:38:00.0635959Z           "trap" : {
codeql / Analyze (python)	UNKNOWN STEP	2026-09-26T11:38:00.0636206Z             "title" : "TRAP options",
codeql / Analyze (python)	UNKNOWN STEP	2026-09-26T11:38:00.0636564Z             "description" : "Options about how the extractor handles TRAP files",
codeql / Analyze (python)	UNKNOWN STEP	2026-09-26T11:38:00.0636937Z             "type" : "object",
codeql / Analyze (python)	UNKNOWN STEP	2026-09-26T11:38:00.0637163Z             "visibility" : 3,
codeql / Analyze (python)	UNKNOWN STEP	2026-09-26T11:38:00.0637581Z             "properties" : {
codeql / Analyze (python)	UNKNOWN STEP	2026-09-26T11:38:00.0637816Z               "cache" : {
codeql / Analyze (python)	UNKNOWN STEP	2026-09-26T11:38:00.0638061Z                 "title" : "TRAP cache options",
codeql / Analyze (python)	UNKNOWN STEP	2026-09-26T11:38:00.0638456Z                 "description" : "Options about how the extractor handles its TRAP cache",
codeql / Analyze (python)	UNKNOWN STEP	2026-09-26T11:38:00.0638958Z                 "type" : "object",
codeql / Analyze (python)	UNKNOWN STEP	2026-09-26T11:38:00.0639203Z                 "properties" : {
codeql / Analyze (python)	UNKNOWN STEP	2026-09-26T11:38:00.0639437Z                   "dir" : {
codeql / Analyze (python)	UNKNOWN STEP	2026-09-26T11:38:00.0639684Z                     "title" : "TRAP cache directory",
codeql / Analyze (python)	UNKNOWN STEP	2026-09-26T11:38:00.0640041Z                     "description" : "The directory of the TRAP cache to use",
codeql / Analyze (python)	UNKNOWN STEP	2026-09-26T11:38:00.0640380Z                     "type" : "string"
codeql / Analyze (python)	UNKNOWN STEP	2026-09-26T11:38:00.0640792Z                   },
codeql / Analyze (python)	UNKNOWN STEP	2026-09-26T11:38:00.0641013Z                   "bound" : {
codeql / Analyze (python)	UNKNOWN STEP	2026-09-26T11:38:00.0641269Z                     "title" : "TRAP cache bound",
codeql / Analyze (python)	UNKNOWN STEP	2026-09-26T11:38:00.0641657Z                     "description" : "A soft limit (in MB) on the size of the TRAP cache",
codeql / Analyze (python)	UNKNOWN STEP	2026-09-26T11:38:00.0642038Z                     "type" : "string",
codeql / Analyze (python)	UNKNOWN STEP	2026-09-26T11:38:00.0642292Z                     "pattern" : "[0-9]+"
codeql / Analyze (python)	UNKNOWN STEP	2026-09-26T11:38:00.0643054Z                   },
codeql / Analyze (python)	UNKNOWN STEP	2026-09-26T11:38:00.0643336Z                   "write" : {
codeql / Analyze (python)	UNKNOWN STEP	2026-09-26T11:38:00.0643674Z                     "title" : "TRAP cache writeable",
codeql / Analyze (python)	UNKNOWN STEP	2026-09-26T11:38:00.0644272Z                     "description" : "Whether to write to the TRAP cache as well as reading it",
codeql / Analyze (python)	UNKNOWN STEP	2026-09-26T11:38:00.0644740Z                     "type" : "string",
codeql / Analyze (python)	UNKNOWN STEP	2026-09-26T11:38:00.0645143Z                     "pattern" : "(true|TRUE|false|FALSE)"
codeql / Analyze (python)	UNKNOWN STEP	2026-09-26T11:38:00.0645427Z                   }
codeql / Analyze (python)	UNKNOWN STEP	2026-09-26T11:38:00.0645616Z                 }
codeql / Analyze (python)	UNKNOWN STEP	2026-09-26T11:38:00.0645793Z               }
codeql / Analyze (python)	UNKNOWN STEP	2026-09-26T11:38:00.0645975Z             }
codeql / Analyze (python)	UNKNOWN STEP	2026-09-26T11:38:00.0646146Z           }
codeql / Analyze (python)	UNKNOWN STEP	2026-09-26T11:38:00.0646314Z         }
codeql / Analyze (python)	UNKNOWN STEP	2026-09-26T11:38:00.0646482Z       }
codeql / Analyze (python)	UNKNOWN STEP	2026-09-26T11:38:00.0646645Z     ],
codeql / Analyze (python)	UNKNOWN STEP	2026-09-26T11:38:00.0646819Z     "javascript" : [
codeql / Analyze (python)	UNKNOWN STEP	2026-09-26T11:38:00.0647027Z       {
codeql / Analyze (python)	UNKNOWN STEP	2026-09-26T11:38:00.0647342Z         "extractor_root" : "/opt/hostedtoolcache/CodeQL/2.27.1/x64/codeql/javascript",
codeql / Analyze (python)	UNKNOWN STEP	2026-09-26T11:38:00.0647748Z         "extractor_options" : {
codeql / Analyze (python)	UNKNOWN STEP	2026-09-26T11:38:00.0647974Z           "trap" : {
codeql / Analyze (python)	UNKNOWN STEP	2026-09-26T11:38:00.0648184Z             "title" : "TRAP options",
codeql / Analyze (python)	UNKNOWN STEP	2026-09-26T11:38:00.0648549Z             "description" : "Options about how the extractor handles TRAP files",
codeql / Analyze (python)	UNKNOWN STEP	2026-09-26T11:38:00.0649094Z             "type" : "object",
codeql / Analyze (python)	UNKNOWN STEP	2026-09-26T11:38:00.0649327Z             "visibility" : 3,
codeql / Analyze (python)	UNKNOWN STEP	2026-09-26T11:38:00.0649556Z             "properties" : {
codeql / Analyze (python)	UNKNOWN STEP	2026-09-26T11:38:00.0649778Z               "cache" : {
codeql / Analyze (python)	UNKNOWN STEP	2026-09-26T11:38:00.0650012Z                 "title" : "TRAP cache options",
codeql / Analyze (python)	UNKNOWN STEP	2026-09-26T11:38:00.0650413Z                 "description" : "Options about how the extractor handles its TRAP cache",
codeql / Analyze (python)	UNKNOWN STEP	2026-09-26T11:38:00.0650800Z                 "type" : "object",
codeql / Analyze (python)	UNKNOWN STEP	2026-09-26T11:38:00.0651041Z                 "properties" : {
codeql / Analyze (python)	UNKNOWN STEP	2026-09-26T11:38:00.0651273Z                   "dir" : {
codeql / Analyze (python)	UNKNOWN STEP	2026-09-26T11:38:00.0651529Z                     "title" : "TRAP cache directory",
codeql / Analyze (python)	UNKNOWN STEP	2026-09-26T11:38:00.0652047Z                     "description" : "The directory of the TRAP cache to use",
codeql / Analyze (python)	UNKNOWN STEP	2026-09-26T11:38:00.0652397Z                     "type" : "string"
codeql / Analyze (python)	UNKNOWN STEP	2026-09-26T11:38:00.0652900Z                   },
codeql / Analyze (python)	UNKNOWN STEP	2026-09-26T11:38:00.0653110Z                   "bound" : {
codeql / Analyze (python)	UNKNOWN STEP	2026-09-26T11:38:00.0653355Z                     "title" : "TRAP cache bound",
codeql / Analyze (python)	UNKNOWN STEP	2026-09-26T11:38:00.0653743Z                     "description" : "A soft limit (in MB) on the size of the TRAP cache",
codeql / Analyze (python)	UNKNOWN STEP	2026-09-26T11:38:00.0654119Z                     "type" : "string",
codeql / Analyze (python)	UNKNOWN STEP	2026-09-26T11:38:00.0654373Z                     "pattern" : "[0-9]+"
codeql / Analyze (python)	UNKNOWN STEP	2026-09-26T11:38:00.0654613Z                   },
codeql / Analyze (python)	UNKNOWN STEP	2026-09-26T11:38:00.0654810Z                   "write" : {
codeql / Analyze (python)	UNKNOWN STEP	2026-09-26T11:38:00.0655216Z                     "title" : "TRAP cache writeable",
codeql / Analyze (python)	UNKNOWN STEP	2026-09-26T11:38:00.0655636Z                     "description" : "Whether to write to the TRAP cache as well as reading it",
codeql / Analyze (python)	UNKNOWN STEP	2026-09-26T11:38:00.0656208Z                     "type" : "string",
codeql / Analyze (python)	UNKNOWN STEP	2026-09-26T11:38:00.0656495Z                     "pattern" : "(true|TRUE|false|FALSE)"
codeql / Analyze (python)	UNKNOWN STEP	2026-09-26T11:38:00.0656765Z                   }
codeql / Analyze (python)	UNKNOWN STEP	2026-09-26T11:38:00.0656958Z                 }
codeql / Analyze (python)	UNKNOWN STEP	2026-09-26T11:38:00.0657246Z               }
codeql / Analyze (python)	UNKNOWN STEP	2026-09-26T11:38:00.0657420Z             }
codeql / Analyze (python)	UNKNOWN STEP	2026-09-26T11:38:00.0657591Z           },
codeql / Analyze (python)	UNKNOWN STEP	2026-09-26T11:38:00.0657774Z           "skip_types" : {
codeql / Analyze (python)	UNKNOWN STEP	2026-09-26T11:38:00.0658037Z             "title" : "Skip type extraction for TypeScript",
codeql / Analyze (python)	UNKNOWN STEP	2026-09-26T11:38:00.0658668Z             "description" : "Whether to skip the extraction of types in a TypeScript application",
codeql / Analyze (python)	UNKNOWN STEP	2026-09-26T11:38:00.0659097Z             "type" : "string",
codeql / Analyze (python)	UNKNOWN STEP	2026-09-26T11:38:00.0659331Z             "pattern" : "^(false|true)$"
codeql / Analyze (python)	UNKNOWN STEP	2026-09-26T11:38:00.0659573Z           }
codeql / Analyze (python)	UNKNOWN STEP	2026-09-26T11:38:00.0659742Z         }
codeql / Analyze (python)	UNKNOWN STEP	2026-09-26T11:38:00.0659914Z       }
codeql / Analyze (python)	UNKNOWN STEP	2026-09-26T11:38:00.0660077Z     ],
codeql / Analyze (python)	UNKNOWN STEP	2026-09-26T11:38:00.0660244Z     "ruby" : [
codeql / Analyze (python)	UNKNOWN STEP	2026-09-26T11:38:00.0660419Z       {
codeql / Analyze (python)	UNKNOWN STEP	2026-09-26T11:38:00.0660707Z         "extractor_root" : "/opt/hostedtoolcache/CodeQL/2.27.1/x64/codeql/ruby",
codeql / Analyze (python)	UNKNOWN STEP	2026-09-26T11:38:00.0661076Z         "extractor_options" : {
codeql / Analyze (python)	UNKNOWN STEP	2026-09-26T11:38:00.0661303Z           "trap" : {
codeql / Analyze (python)	UNKNOWN STEP	2026-09-26T11:38:00.0661531Z             "title" : "Options pertaining to TRAP.",
codeql / Analyze (python)	UNKNOWN STEP	2026-09-26T11:38:00.0661860Z             "description" : "Options pertaining to TRAP.",
codeql / Analyze (python)	UNKNOWN STEP	2026-09-26T11:38:00.0662154Z             "type" : "object",
codeql / Analyze (python)	UNKNOWN STEP	2026-09-26T11:38:00.0662382Z             "properties" : {
codeql / Analyze (python)	UNKNOWN STEP	2026-09-26T11:38:00.0662902Z               "compression" : {
codeql / Analyze (python)	UNKNOWN STEP	2026-09-26T11:38:00.0663303Z                 "title" : "Controls compression for the TRAP files written by the extractor.",
codeql / Analyze (python)	UNKNOWN STEP	2026-09-26T11:38:00.0664398Z                 "description" : "This option is only intended for use in debugging the extractor. Accepted values are 'gzip' (the default, to write gzip-compressed TRAP) 'zstd' (to write Zstandard-compressed TRAP) and 'none' (to write uncompressed TRAP).\n",
codeql / Analyze (python)	UNKNOWN STEP	2026-09-26T11:38:00.0665347Z                 "type" : "string",
codeql / Analyze (python)	UNKNOWN STEP	2026-09-26T11:38:00.0665608Z                 "pattern" : "^(none|gzip|zstd)$"
codeql / Analyze (python)	UNKNOWN STEP	2026-09-26T11:38:00.0665876Z               }
codeql / Analyze (python)	UNKNOWN STEP	2026-09-26T11:38:00.0666057Z             }
codeql / Analyze (python)	UNKNOWN STEP	2026-09-26T11:38:00.0666234Z           }
codeql / Analyze (python)	UNKNOWN STEP	2026-09-26T11:38:00.0666407Z         }
codeql / Analyze (python)	UNKNOWN STEP	2026-09-26T11:38:00.0666580Z       }
codeql / Analyze (python)	UNKNOWN STEP	2026-09-26T11:38:00.0666744Z     ],
codeql / Analyze (python)	UNKNOWN STEP	2026-09-26T11:38:00.0666916Z     "swift" : [
codeql / Analyze (python)	UNKNOWN STEP	2026-09-26T11:38:00.0667097Z       {
codeql / Analyze (python)	UNKNOWN STEP	2026-09-26T11:38:00.0667411Z         "extractor_root" : "/opt/hostedtoolcache/CodeQL/2.27.1/x64/codeql/swift"
codeql / Analyze (python)	UNKNOWN STEP	2026-09-26T11:38:00.0667772Z       }
codeql / Analyze (python)	UNKNOWN STEP	2026-09-26T11:38:00.0667935Z     ]
codeql / Analyze (python)	UNKNOWN STEP	2026-09-26T11:38:00.0668100Z   }
codeql / Analyze (python)	UNKNOWN STEP	2026-09-26T11:38:00.0668269Z }
codeql / Analyze (python)	UNKNOWN STEP	2026-09-26T11:38:00.0668659Z Languages from configuration: python
codeql / Analyze (python)	UNKNOWN STEP	2026-09-26T11:38:00.0714547Z Using Git version 2.55.0
codeql / Analyze (python)	UNKNOWN STEP	2026-09-26T11:38:00.0721272Z Using overlay database mode: none without caching.
codeql / Analyze (python)	UNKNOWN STEP	2026-09-26T11:38:00.0727806Z Computing PR diff ranges...
codeql / Analyze (python)	UNKNOWN STEP	2026-09-26T11:38:00.4765046Z Persisted 4 diff range(s) across 2 file(s).
codeql / Analyze (python)	UNKNOWN STEP	2026-09-26T11:38:00.4766193Z [command]/opt/hostedtoolcache/CodeQL/2.27.1/x64/codeql/codeql resolve languages --format=betterjson --extractor-options-verbosity=4 --extractor-include-aliases
codeql / Analyze (python)	UNKNOWN STEP	2026-09-26T11:38:01.4323937Z {
codeql / Analyze (python)	UNKNOWN STEP	2026-09-26T11:38:01.4333838Z   "aliases" : {
codeql / Analyze (python)	UNKNOWN STEP	2026-09-26T11:38:01.4334317Z     "c" : "cpp",
codeql / Analyze (python)	UNKNOWN STEP	2026-09-26T11:38:01.4334888Z     "c++" : "cpp",
codeql / Analyze (python)	UNKNOWN STEP	2026-09-26T11:38:01.4335255Z     "c-c++" : "cpp",
codeql / Analyze (python)	UNKNOWN STEP	2026-09-26T11:38:01.4335583Z     "c-cpp" : "cpp",
codeql / Analyze (python)	UNKNOWN STEP	2026-09-26T11:38:01.4335859Z     "c#" : "csharp",
codeql / Analyze (python)	UNKNOWN STEP	2026-09-26T11:38:01.4336187Z     "java-kotlin" : "java",
codeql / Analyze (python)	UNKNOWN STEP	2026-09-26T11:38:01.4336570Z     "kotlin" : "java",
codeql / Analyze (python)	UNKNOWN STEP	2026-09-26T11:38:01.4336928Z     "javascript-typescript" : "javascript",
codeql / Analyze (python)	UNKNOWN STEP	2026-09-26T11:38:01.4337430Z     "typescript" : "javascript"
codeql / Analyze (python)	UNKNOWN STEP	2026-09-26T11:38:01.4337838Z   },
codeql / Analyze (python)	UNKNOWN STEP	2026-09-26T11:38:01.4338147Z   "extractors" : {
codeql / Analyze (python)	UNKNOWN STEP	2026-09-26T11:38:01.4338501Z     "javascript" : [
codeql / Analyze (python)	UNKNOWN STEP	2026-09-26T11:38:01.4338854Z       {
codeql / Analyze (python)	UNKNOWN STEP	2026-09-26T11:38:01.4339421Z         "extractor_root" : "/opt/hostedtoolcache/CodeQL/2.27.1/x64/codeql/javascript",
codeql / Analyze (python)	UNKNOWN STEP	2026-09-26T11:38:01.4340511Z         "extractor_options" : {
codeql / Analyze (python)	UNKNOWN STEP	2026-09-26T11:38:01.4340873Z           "trap" : {
codeql / Analyze (python)	UNKNOWN STEP	2026-09-26T11:38:01.4341244Z             "title" : "TRAP options",
codeql / Analyze (python)	UNKNOWN STEP	2026-09-26T11:38:01.4341881Z             "description" : "Options about how the extractor handles TRAP files",
codeql / Analyze (python)	UNKNOWN STEP	2026-09-26T11:38:01.4343084Z             "type" : "object",
codeql / Analyze (python)	UNKNOWN STEP	2026-09-26T11:38:01.4343512Z             "visibility" : 3,
codeql / Analyze (python)	UNKNOWN STEP	2026-09-26T11:38:01.4343997Z             "properties" : {
codeql / Analyze (python)	UNKNOWN STEP	2026-09-26T11:38:01.4344407Z               "cache" : {
codeql / Analyze (python)	UNKNOWN STEP	2026-09-26T11:38:01.4344820Z                 "title" : "TRAP cache options",
codeql / Analyze (python)	UNKNOWN STEP	2026-09-26T11:38:01.4345530Z                 "description" : "Options about how the extractor handles its TRAP cache",
codeql / Analyze (python)	UNKNOWN STEP	2026-09-26T11:38:01.4346210Z                 "type" : "object",
codeql / Analyze (python)	UNKNOWN STEP	2026-09-26T11:38:01.4346654Z                 "properties" : {
codeql / Analyze (python)	UNKNOWN STEP	2026-09-26T11:38:01.4347073Z                   "dir" : {
codeql / Analyze (python)	UNKNOWN STEP	2026-09-26T11:38:01.4347507Z                     "title" : "TRAP cache directory",
codeql / Analyze (python)	UNKNOWN STEP	2026-09-26T11:38:01.4348171Z                     "description" : "The directory of the TRAP cache to use",
codeql / Analyze (python)	UNKNOWN STEP	2026-09-26T11:38:01.4348795Z                     "type" : "string"
codeql / Analyze (python)	UNKNOWN STEP	2026-09-26T11:38:01.4349216Z                   },
codeql / Analyze (python)	UNKNOWN STEP	2026-09-26T11:38:01.4349558Z                   "bound" : {
codeql / Analyze (python)	UNKNOWN STEP	2026-09-26T11:38:01.4349953Z                     "title" : "TRAP cache bound",
codeql / Analyze (python)	UNKNOWN STEP	2026-09-26T11:38:01.4350606Z                     "description" : "A soft limit (in MB) on the size of the TRAP cache",
codeql / Analyze (python)	UNKNOWN STEP	2026-09-26T11:38:01.4351281Z                     "type" : "string",
codeql / Analyze (python)	UNKNOWN STEP	2026-09-26T11:38:01.4351677Z                     "pattern" : "[0-9]+"
codeql / Analyze (python)	UNKNOWN STEP	2026-09-26T11:38:01.4352093Z                   },
codeql / Analyze (python)	UNKNOWN STEP	2026-09-26T11:38:01.4352443Z                   "write" : {
codeql / Analyze (python)	UNKNOWN STEP	2026-09-26T11:38:01.4353158Z                     "title" : "TRAP cache writeable",
codeql / Analyze (python)	UNKNOWN STEP	2026-09-26T11:38:01.4353864Z                     "description" : "Whether to write to the TRAP cache as well as reading it",
codeql / Analyze (python)	UNKNOWN STEP	2026-09-26T11:38:01.4354597Z                     "type" : "string",
codeql / Analyze (python)	UNKNOWN STEP	2026-09-26T11:38:01.4355068Z                     "pattern" : "(true|TRUE|false|FALSE)"
codeql / Analyze (python)	UNKNOWN STEP	2026-09-26T11:38:01.4355496Z                   }
codeql / Analyze (python)	UNKNOWN STEP	2026-09-26T11:38:01.4355768Z                 }
codeql / Analyze (python)	UNKNOWN STEP	2026-09-26T11:38:01.4356063Z               }
codeql / Analyze (python)	UNKNOWN STEP	2026-09-26T11:38:01.4356365Z             }
codeql / Analyze (python)	UNKNOWN STEP	2026-09-26T11:38:01.4356659Z           },
codeql / Analyze (python)	UNKNOWN STEP	2026-09-26T11:38:01.4356987Z           "skip_types" : {
codeql / Analyze (python)	UNKNOWN STEP	2026-09-26T11:38:01.4357461Z             "title" : "Skip type extraction for TypeScript",
codeql / Analyze (python)	UNKNOWN STEP	2026-09-26T11:38:01.4358296Z             "description" : "Whether to skip the extraction of types in a TypeScript application",
codeql / Analyze (python)	UNKNOWN STEP	2026-09-26T11:38:01.4359061Z             "type" : "string",
codeql / Analyze (python)	UNKNOWN STEP	2026-09-26T11:38:01.4359659Z             "pattern" : "^(false|true)$"
codeql / Analyze (python)	UNKNOWN STEP	2026-09-26T11:38:01.4360260Z           }
codeql / Analyze (python)	UNKNOWN STEP	2026-09-26T11:38:01.4360540Z         }
codeql / Analyze (python)	UNKNOWN STEP	2026-09-26T11:38:01.4360829Z       }
codeql / Analyze (python)	UNKNOWN STEP	2026-09-26T11:38:01.4361109Z     ],
codeql / Analyze (python)	UNKNOWN STEP	2026-09-26T11:38:01.4361400Z     "go" : [
codeql / Analyze (python)	UNKNOWN STEP	2026-09-26T11:38:01.4361703Z       {
codeql / Analyze (python)	UNKNOWN STEP	2026-09-26T11:38:01.4362200Z         "extractor_root" : "/opt/hostedtoolcache/CodeQL/2.27.1/x64/codeql/go",
codeql / Analyze (python)	UNKNOWN STEP	2026-09-26T11:38:01.4363250Z         "extractor_options" : {
codeql / Analyze (python)	UNKNOWN STEP	2026-09-26T11:38:01.4363693Z           "extract_tests" : {
codeql / Analyze (python)	UNKNOWN STEP	2026-09-26T11:38:01.4364249Z             "title" : "Whether to include Go test files in the CodeQL database.",
codeql / Analyze (python)	UNKNOWN STEP	2026-09-26T11:38:01.4365449Z             "description" : "A value indicating whether Go test files should be included in the CodeQL database. The default is 'false'.\n",
codeql / Analyze (python)	UNKNOWN STEP	2026-09-26T11:38:01.4366574Z             "type" : "string",
codeql / Analyze (python)	UNKNOWN STEP	2026-09-26T11:38:01.4366991Z             "pattern" : "^(false|true)$"
codeql / Analyze (python)	UNKNOWN STEP	2026-09-26T11:38:01.4367412Z           },
codeql / Analyze (python)	UNKNOWN STEP	2026-09-26T11:38:01.4367727Z           "extract_vendor_dirs" : {
codeql / Analyze (python)	UNKNOWN STEP	2026-09-26T11:38:01.4368404Z             "title" : "Whether to include Go vendor directories in the CodeQL database.",
codeql / Analyze (python)	UNKNOWN STEP	2026-09-26T11:38:01.4369679Z             "description" : "A value indicating whether Go vendor directories should be included in the CodeQL database. The default is 'false'.\n",
codeql / Analyze (python)	UNKNOWN STEP	2026-09-26T11:38:01.4370763Z             "type" : "string",
codeql / Analyze (python)	UNKNOWN STEP	2026-09-26T11:38:01.4371199Z             "pattern" : "^(false|true)$"
codeql / Analyze (python)	UNKNOWN STEP	2026-09-26T11:38:01.4371855Z           }
codeql / Analyze (python)	UNKNOWN STEP	2026-09-26T11:38:01.4372185Z         }
codeql / Analyze (python)	UNKNOWN STEP	2026-09-26T11:38:01.4372477Z       }
codeql / Analyze (python)	UNKNOWN STEP	2026-09-26T11:38:01.4373025Z     ],
codeql / Analyze (python)	UNKNOWN STEP	2026-09-26T11:38:01.4373318Z     "html" : [
codeql / Analyze (python)	UNKNOWN STEP	2026-09-26T11:38:01.4373642Z       {
codeql / Analyze (python)	UNKNOWN STEP	2026-09-26T11:38:01.4374311Z         "extractor_root" : "/opt/hostedtoolcache/CodeQL/2.27.1/x64/codeql/html"
codeql / Analyze (python)	UNKNOWN STEP	2026-09-26T11:38:01.4374962Z       }
codeql / Analyze (python)	UNKNOWN STEP	2026-09-26T11:38:01.4375260Z     ],
codeql / Analyze (python)	UNKNOWN STEP	2026-09-26T11:38:01.4375566Z     "csharp" : [
codeql / Analyze (python)	UNKNOWN STEP	2026-09-26T11:38:01.4375895Z       {
codeql / Analyze (python)	UNKNOWN STEP	2026-09-26T11:38:01.4376403Z         "extractor_root" : "/opt/hostedtoolcache/CodeQL/2.27.1/x64/codeql/csharp",
codeql / Analyze (python)	UNKNOWN STEP	2026-09-26T11:38:01.4377099Z         "extractor_options" : {
codeql / Analyze (python)	UNKNOWN STEP	2026-09-26T11:38:01.4377515Z           "trap" : {
codeql / Analyze (python)	UNKNOWN STEP	2026-09-26T11:38:01.4377890Z             "title" : "Options pertaining to TRAP.",
codeql / Analyze (python)	UNKNOWN STEP	2026-09-26T11:38:01.4378501Z             "description" : "Options pertaining to TRAP.",
codeql / Analyze (python)	UNKNOWN STEP	2026-09-26T11:38:01.4379032Z             "type" : "object",
codeql / Analyze (python)	UNKNOWN STEP	2026-09-26T11:38:01.4379444Z             "properties" : {
codeql / Analyze (python)	UNKNOWN STEP	2026-09-26T11:38:01.4379873Z               "compression" : {
codeql / Analyze (python)	UNKNOWN STEP	2026-09-26T11:38:01.4380553Z                 "title" : "Controls compression for the TRAP files written by the extractor.",
codeql / Analyze (python)	UNKNOWN STEP	2026-09-26T11:38:01.4381897Z                 "description" : "This option is only intended for use in debugging the extractor. Accepted values are 'brotli' (the default, to write brotli-compressed TRAP), 'gzip', and 'none' (to write uncompressed TRAP).\n",
codeql / Analyze (python)	UNKNOWN STEP	2026-09-26T11:38:01.4383664Z                 "type" : "string",
codeql / Analyze (python)	UNKNOWN STEP	2026-09-26T11:38:01.4383938Z                 "pattern" : "^(none|gzip|brotli)$"
codeql / Analyze (python)	UNKNOWN STEP	2026-09-26T11:38:01.4384220Z               }
codeql / Analyze (python)	UNKNOWN STEP	2026-09-26T11:38:01.4384400Z             }
codeql / Analyze (python)	UNKNOWN STEP	2026-09-26T11:38:01.4384574Z           },
codeql / Analyze (python)	UNKNOWN STEP	2026-09-26T11:38:01.4384756Z           "buildless" : {
codeql / Analyze (python)	UNKNOWN STEP	2026-09-26T11:38:01.4385104Z             "title" : "DEPRECATED - Whether to use buildless (standalone) extraction.",
codeql / Analyze (python)	UNKNOWN STEP	2026-09-26T11:38:01.4387515Z             "description" : "DEPRECATED: Use `--build-mode none` instead.\nA value indicating, which type of extraction the autobuilder should perform. If 'true', then the standalone extractor will be used, otherwise tracing extraction will be performed. The default is 'false'. Note that buildless extraction will generally yield less accurate analysis results, and should only be used in cases where it is not possible to build the code (for example if it uses inaccessible dependencies).\n",
codeql / Analyze (python)	UNKNOWN STEP	2026-09-26T11:38:01.4389234Z             "type" : "string",
codeql / Analyze (python)	UNKNOWN STEP	2026-09-26T11:38:01.4389490Z             "pattern" : "^(false|true)$"
codeql / Analyze (python)	UNKNOWN STEP	2026-09-26T11:38:01.4389737Z           },
codeql / Analyze (python)	UNKNOWN STEP	2026-09-26T11:38:01.4389922Z           "logging" : {
codeql / Analyze (python)	UNKNOWN STEP	2026-09-26T11:38:01.4390167Z             "title" : "Options pertaining to logging.",
codeql / Analyze (python)	UNKNOWN STEP	2026-09-26T11:38:01.4390507Z             "description" : "Options pertaining to logging.",
codeql / Analyze (python)	UNKNOWN STEP	2026-09-26T11:38:01.4390813Z             "type" : "object",
codeql / Analyze (python)	UNKNOWN STEP	2026-09-26T11:38:01.4391038Z             "properties" : {
codeql / Analyze (python)	UNKNOWN STEP	2026-09-26T11:38:01.4391262Z               "verbosity" : {
codeql / Analyze (python)	UNKNOWN STEP	2026-09-26T11:38:01.4391530Z                 "title" : "Extractor logging verbosity level.",
codeql / Analyze (python)	UNKNOWN STEP	2026-09-26T11:38:01.4392526Z                 "description" : "Controls the level of verbosity of the extractor. The supported levels are (in order of increasing verbosity):\n  - off\n  - errors\n  - warnings\n  - info or progress\n  - debug or progress+\n  - trace or progress++\n  - progress+++\n",
codeql / Analyze (python)	UNKNOWN STEP	2026-09-26T11:38:01.4394269Z                 "type" : "string",
codeql / Analyze (python)	UNKNOWN STEP	2026-09-26T11:38:01.4395038Z                 "pattern" : "^(off|errors|warnings|(info|progress)|(debug|progress\\+)|(trace|progress\\+\\+)|progress\\+\\+\\+)$"
codeql / Analyze (python)	UNKNOWN STEP	2026-09-26T11:38:01.4395879Z               }
codeql / Analyze (python)	UNKNOWN STEP	2026-09-26T11:38:01.4396169Z             }
codeql / Analyze (python)	UNKNOWN STEP	2026-09-26T11:38:01.4396443Z           },
codeql / Analyze (python)	UNKNOWN STEP	2026-09-26T11:38:01.4396735Z           "binlog" : {
codeql / Analyze (python)	UNKNOWN STEP	2026-09-26T11:38:01.4397087Z             "title" : "Binlog",
codeql / Analyze (python)	UNKNOWN STEP	2026-09-26T11:38:01.4398285Z             "description" : "[EXPERIMENTAL] The value is a path to the MsBuild binary log file that should be extracted. This option only works when `--build-mode none` is also specified.\n",
codeql / Analyze (python)	UNKNOWN STEP	2026-09-26T11:38:01.4399683Z             "type" : "array"
codeql / Analyze (python)	UNKNOWN STEP	2026-09-26T11:38:01.4400029Z           },
codeql / Analyze (python)	UNKNOWN STEP	2026-09-26T11:38:01.4400341Z           "buildless_dependency_dir" : {
codeql / Analyze (python)	UNKNOWN STEP	2026-09-26T11:38:01.4401041Z             "title" : "The path where buildless (standalone) extraction should keep dependencies.",
codeql / Analyze (python)	UNKNOWN STEP	2026-09-26T11:38:01.4402377Z             "description" : "If set, the buildless (standalone) extractor will store dependencies in this directory.\n",
codeql / Analyze (python)	UNKNOWN STEP	2026-09-26T11:38:01.4403448Z             "type" : "string"
codeql / Analyze (python)	UNKNOWN STEP	2026-09-26T11:38:01.4403819Z           }
codeql / Analyze (python)	UNKNOWN STEP	2026-09-26T11:38:01.4404101Z         }
codeql / Analyze (python)	UNKNOWN STEP	2026-09-26T11:38:01.4404376Z       }
codeql / Analyze (python)	UNKNOWN STEP	2026-09-26T11:38:01.4404649Z     ],
codeql / Analyze (python)	UNKNOWN STEP	2026-09-26T11:38:01.4404923Z     "csv" : [
codeql / Analyze (python)	UNKNOWN STEP	2026-09-26T11:38:01.4405220Z       {
codeql / Analyze (python)	UNKNOWN STEP	2026-09-26T11:38:01.4405691Z         "extractor_root" : "/opt/hostedtoolcache/CodeQL/2.27.1/x64/codeql/csv"
codeql / Analyze (python)	UNKNOWN STEP	2026-09-26T11:38:01.4406299Z       }
codeql / Analyze (python)	UNKNOWN STEP	2026-09-26T11:38:01.4406568Z     ],
codeql / Analyze (python)	UNKNOWN STEP	2026-09-26T11:38:01.4406846Z     "actions" : [
codeql / Analyze (python)	UNKNOWN STEP	2026-09-26T11:38:01.4407152Z       {
codeql / Analyze (python)	UNKNOWN STEP	2026-09-26T11:38:01.4407648Z         "extractor_root" : "/opt/hostedtoolcache/CodeQL/2.27.1/x64/codeql/actions",
codeql / Analyze (python)	UNKNOWN STEP	2026-09-26T11:38:01.4408292Z         "extractor_options" : {
codeql / Analyze (python)	UNKNOWN STEP	2026-09-26T11:38:01.4408665Z           "trap" : {
codeql / Analyze (python)	UNKNOWN STEP	2026-09-26T11:38:01.4409014Z             "title" : "TRAP options",
codeql / Analyze (python)	UNKNOWN STEP	2026-09-26T11:38:01.4409615Z             "description" : "Options about how the extractor handles TRAP files",
codeql / Analyze (python)	UNKNOWN STEP	2026-09-26T11:38:01.4410298Z             "type" : "object",
codeql / Analyze (python)	UNKNOWN STEP	2026-09-26T11:38:01.4410684Z             "visibility" : 3,
codeql / Analyze (python)	UNKNOWN STEP	2026-09-26T11:38:01.4411072Z             "properties" : {
codeql / Analyze (python)	UNKNOWN STEP	2026-09-26T11:38:01.4411445Z               "cache" : {
codeql / Analyze (python)	UNKNOWN STEP	2026-09-26T11:38:01.4411836Z                 "title" : "TRAP cache options",
codeql / Analyze (python)	UNKNOWN STEP	2026-09-26T11:38:01.4412523Z                 "description" : "Options about how the extractor handles its TRAP cache",
codeql / Analyze (python)	UNKNOWN STEP	2026-09-26T11:38:01.4413383Z                 "type" : "object",
codeql / Analyze (python)	UNKNOWN STEP	2026-09-26T11:38:01.4413794Z                 "properties" : {
codeql / Analyze (python)	UNKNOWN STEP	2026-09-26T11:38:01.4414183Z                   "dir" : {
codeql / Analyze (python)	UNKNOWN STEP	2026-09-26T11:38:01.4414601Z                     "title" : "TRAP cache directory",
codeql / Analyze (python)	UNKNOWN STEP	2026-09-26T11:38:01.4415219Z                     "description" : "The directory of the TRAP cache to use",
codeql / Analyze (python)	UNKNOWN STEP	2026-09-26T11:38:01.4415810Z                     "type" : "string"
codeql / Analyze (python)	UNKNOWN STEP	2026-09-26T11:38:01.4416203Z                   },
codeql / Analyze (python)	UNKNOWN STEP	2026-09-26T11:38:01.4416539Z                   "bound" : {
codeql / Analyze (python)	UNKNOWN STEP	2026-09-26T11:38:01.4416938Z                     "title" : "TRAP cache bound",
codeql / Analyze (python)	UNKNOWN STEP	2026-09-26T11:38:01.4417588Z                     "description" : "A soft limit (in MB) on the size of the TRAP cache",
codeql / Analyze (python)	UNKNOWN STEP	2026-09-26T11:38:01.4418236Z                     "type" : "string",
codeql / Analyze (python)	UNKNOWN STEP	2026-09-26T11:38:01.4418662Z                     "pattern" : "[0-9]+"
codeql / Analyze (python)	UNKNOWN STEP	2026-09-26T11:38:01.4419073Z                   },
codeql / Analyze (python)	UNKNOWN STEP	2026-09-26T11:38:01.4419405Z                   "write" : {
codeql / Analyze (python)	UNKNOWN STEP	2026-09-26T11:38:01.4419821Z                     "title" : "TRAP cache writeable",
codeql / Analyze (python)	UNKNOWN STEP	2026-09-26T11:38:01.4420529Z                     "description" : "Whether to write to the TRAP cache as well as reading it",
codeql / Analyze (python)	UNKNOWN STEP	2026-09-26T11:38:01.4421231Z                     "type" : "string",
codeql / Analyze (python)	UNKNOWN STEP	2026-09-26T11:38:01.4421696Z                     "pattern" : "(true|TRUE|false|FALSE)"
codeql / Analyze (python)	UNKNOWN STEP	2026-09-26T11:38:01.4422158Z                   }
codeql / Analyze (python)	UNKNOWN STEP	2026-09-26T11:38:01.4422465Z                 }
codeql / Analyze (python)	UNKNOWN STEP	2026-09-26T11:38:01.4422940Z               }
codeql / Analyze (python)	UNKNOWN STEP	2026-09-26T11:38:01.4423242Z             }
codeql / Analyze (python)	UNKNOWN STEP	2026-09-26T11:38:01.4423534Z           }
codeql / Analyze (python)	UNKNOWN STEP	2026-09-26T11:38:01.4423813Z         }
codeql / Analyze (python)	UNKNOWN STEP	2026-09-26T11:38:01.4424098Z       }
codeql / Analyze (python)	UNKNOWN STEP	2026-09-26T11:38:01.4424371Z     ],
codeql / Analyze (python)	UNKNOWN STEP	2026-09-26T11:38:01.4424648Z     "ruby" : [
codeql / Analyze (python)	UNKNOWN STEP	2026-09-26T11:38:01.4424941Z       {
codeql / Analyze (python)	UNKNOWN STEP	2026-09-26T11:38:01.4425419Z         "extractor_root" : "/opt/hostedtoolcache/CodeQL/2.27.1/x64/codeql/ruby",
codeql / Analyze (python)	UNKNOWN STEP	2026-09-26T11:38:01.4426059Z         "extractor_options" : {
codeql / Analyze (python)	UNKNOWN STEP	2026-09-26T11:38:01.4426439Z           "trap" : {
codeql / Analyze (python)	UNKNOWN STEP	2026-09-26T11:38:01.4426817Z             "title" : "Options pertaining to TRAP.",
codeql / Analyze (python)	UNKNOWN STEP	2026-09-26T11:38:01.4427373Z             "description" : "Options pertaining to TRAP.",
codeql / Analyze (python)	UNKNOWN STEP	2026-09-26T11:38:01.4427880Z             "type" : "object",
codeql / Analyze (python)	UNKNOWN STEP	2026-09-26T11:38:01.4428262Z             "properties" : {
codeql / Analyze (python)	UNKNOWN STEP	2026-09-26T11:38:01.4428813Z               "compression" : {
codeql / Analyze (python)	UNKNOWN STEP	2026-09-26T11:38:01.4429461Z                 "title" : "Controls compression for the TRAP files written by the extractor.",
codeql / Analyze (python)	UNKNOWN STEP	2026-09-26T11:38:01.4431385Z                 "description" : "This option is only intended for use in debugging the extractor. Accepted values are 'gzip' (the default, to write gzip-compressed TRAP) 'zstd' (to write Zstandard-compressed TRAP) and 'none' (to write uncompressed TRAP).\n",
codeql / Analyze (python)	UNKNOWN STEP	2026-09-26T11:38:01.4433369Z                 "type" : "string",
codeql / Analyze (python)	UNKNOWN STEP	2026-09-26T11:38:01.4433813Z                 "pattern" : "^(none|gzip|zstd)$"
codeql / Analyze (python)	UNKNOWN STEP	2026-09-26T11:38:01.4434255Z               }
codeql / Analyze (python)	UNKNOWN STEP	2026-09-26T11:38:01.4434617Z             }
codeql / Analyze (python)	UNKNOWN STEP	2026-09-26T11:38:01.4434905Z           }
codeql / Analyze (python)	UNKNOWN STEP	2026-09-26T11:38:01.4435188Z         }
codeql / Analyze (python)	UNKNOWN STEP	2026-09-26T11:38:01.4435473Z       }
codeql / Analyze (python)	UNKNOWN STEP	2026-09-26T11:38:01.4435749Z     ],
codeql / Analyze (python)	UNKNOWN STEP	2026-09-26T11:38:01.4436027Z     "yaml" : [
codeql / Analyze (python)	UNKNOWN STEP	2026-09-26T11:38:01.4436323Z       {
codeql / Analyze (python)	UNKNOWN STEP	2026-09-26T11:38:01.4436806Z         "extractor_root" : "/opt/hostedtoolcache/CodeQL/2.27.1/x64/codeql/yaml"
codeql / Analyze (python)	UNKNOWN STEP	2026-09-26T11:38:01.4437418Z       }
codeql / Analyze (python)	UNKNOWN STEP	2026-09-26T11:38:01.4437686Z     ],
codeql / Analyze (python)	UNKNOWN STEP	2026-09-26T11:38:01.4437962Z     "xml" : [
codeql / Analyze (python)	UNKNOWN STEP	2026-09-26T11:38:01.4438255Z       {
codeql / Analyze (python)	UNKNOWN STEP	2026-09-26T11:38:01.4438724Z         "extractor_root" : "/opt/hostedtoolcache/CodeQL/2.27.1/x64/codeql/xml"
codeql / Analyze (python)	UNKNOWN STEP	2026-09-26T11:38:01.4439334Z       }
codeql / Analyze (python)	UNKNOWN STEP	2026-09-26T11:38:01.4439607Z     ],
codeql / Analyze (python)	UNKNOWN STEP	2026-09-26T11:38:01.4439901Z     "python" : [
codeql / Analyze (python)	UNKNOWN STEP	2026-09-26T11:38:01.4440206Z       {
codeql / Analyze (python)	UNKNOWN STEP	2026-09-26T11:38:01.4440697Z         "extractor_root" : "/opt/hostedtoolcache/CodeQL/2.27.1/x64/codeql/python",
codeql / Analyze (python)	UNKNOWN STEP	2026-09-26T11:38:01.4441358Z         "extractor_options" : {
codeql / Analyze (python)	UNKNOWN STEP	2026-09-26T11:38:01.4441748Z           "logging" : {
codeql / Analyze (python)	UNKNOWN STEP	2026-09-26T11:38:01.4442163Z             "title" : "Options pertaining to logging.",
codeql / Analyze (python)	UNKNOWN STEP	2026-09-26T11:38:01.4442937Z             "description" : "Options pertaining to logging.",
codeql / Analyze (python)	UNKNOWN STEP	2026-09-26T11:38:01.4443465Z             "type" : "object",
codeql / Analyze (python)	UNKNOWN STEP	2026-09-26T11:38:01.4443848Z             "properties" : {
codeql / Analyze (python)	UNKNOWN STEP	2026-09-26T11:38:01.4444224Z               "verbosity" : {
codeql / Analyze (python)	UNKNOWN STEP	2026-09-26T11:38:01.4444715Z                 "title" : "Python extractor logging verbosity level.",
codeql / Analyze (python)	UNKNOWN STEP	2026-09-26T11:38:01.4446678Z                 "description" : "Controls the level of verbosity of the CodeQL Python extractor.\nThe supported levels are (in order of increasing verbosity):\n\n  - off\n  - errors\n  - warnings\n  - info or progress\n  - debug or progress+\n  - trace or progress++\n  - progress+++\n",
codeql / Analyze (python)	UNKNOWN STEP	2026-09-26T11:38:01.4448489Z                 "type" : "string",
codeql / Analyze (python)	UNKNOWN STEP	2026-09-26T11:38:01.4449352Z                 "pattern" : "^(off|errors|warnings|(info|progress)|(debug|progress\\+)|(trace|progress\\+\\+)|progress\\+\\+\\+)$"
codeql / Analyze (python)	UNKNOWN STEP	2026-09-26T11:38:01.4450236Z               }
codeql / Analyze (python)	UNKNOWN STEP	2026-09-26T11:38:01.4450532Z             }
codeql / Analyze (python)	UNKNOWN STEP	2026-09-26T11:38:01.4450822Z           },
codeql / Analyze (python)	UNKNOWN STEP	2026-09-26T11:38:01.4451137Z           "python_executable_name" : {
codeql / Analyze (python)	UNKNOWN STEP	2026-09-26T11:38:01.4451805Z             "title" : "Controls the name of the Python executable used by the Python extractor.",
codeql / Analyze (python)	UNKNOWN STEP	2026-09-26T11:38:01.4454518Z             "description" : "The Python extractor uses platform-dependent heuristics to determine the name of the Python executable to use. Specifying a value for this option overrides the name of the Python executable used by the extractor. Accepted values are py, python and python3. Use this setting with caution, the Python extractor requires Python 3 to run.\n",
codeql / Analyze (python)	UNKNOWN STEP	2026-09-26T11:38:01.4456110Z             "type" : "string",
codeql / Analyze (python)	UNKNOWN STEP	2026-09-26T11:38:01.4456367Z             "pattern" : "^(py|python|python3)$"
codeql / Analyze (python)	UNKNOWN STEP	2026-09-26T11:38:01.4456763Z           }
codeql / Analyze (python)	UNKNOWN STEP	2026-09-26T11:38:01.4457044Z         }
codeql / Analyze (python)	UNKNOWN STEP	2026-09-26T11:38:01.4457323Z       }
codeql / Analyze (python)	UNKNOWN STEP	2026-09-26T11:38:01.4457611Z     ],
codeql / Analyze (python)	UNKNOWN STEP	2026-09-26T11:38:01.4457788Z     "cpp" : [
codeql / Analyze (python)	UNKNOWN STEP	2026-09-26T11:38:01.4457970Z       {
codeql / Analyze (python)	UNKNOWN STEP	2026-09-26T11:38:01.4458363Z         "extractor_root" : "/opt/hostedtoolcache/CodeQL/2.27.1/x64/codeql/cpp",
codeql / Analyze (python)	UNKNOWN STEP	2026-09-26T11:38:01.4458998Z         "extractor_options" : {
codeql / Analyze (python)	UNKNOWN STEP	2026-09-26T11:38:01.4459239Z           "trap" : {
codeql / Analyze (python)	UNKNOWN STEP	2026-09-26T11:38:01.4459456Z             "title" : "TRAP options",
codeql / Analyze (python)	UNKNOWN STEP	2026-09-26T11:38:01.4459986Z             "description" : "Options about how the extractor handles TRAP files",
codeql / Analyze (python)	UNKNOWN STEP	2026-09-26T11:38:01.4460371Z             "type" : "object",
codeql / Analyze (python)	UNKNOWN STEP	2026-09-26T11:38:01.4460601Z             "visibility" : 3,
codeql / Analyze (python)	UNKNOWN STEP	2026-09-26T11:38:01.4460834Z             "properties" : {
codeql / Analyze (python)	UNKNOWN STEP	2026-09-26T11:38:01.4461166Z               "cache" : {
codeql / Analyze (python)	UNKNOWN STEP	2026-09-26T11:38:01.4461404Z                 "title" : "TRAP cache options",
codeql / Analyze (python)	UNKNOWN STEP	2026-09-26T11:38:01.4461814Z                 "description" : "Options about how the extractor handles its TRAP cache",
codeql / Analyze (python)	UNKNOWN STEP	2026-09-26T11:38:01.4462207Z                 "type" : "object",
codeql / Analyze (python)	UNKNOWN STEP	2026-09-26T11:38:01.4462452Z                 "properties" : {
codeql / Analyze (python)	UNKNOWN STEP	2026-09-26T11:38:01.4462975Z                   "dir" : {
codeql / Analyze (python)	UNKNOWN STEP	2026-09-26T11:38:01.4463232Z                     "title" : "TRAP cache directory",
codeql / Analyze (python)	UNKNOWN STEP	2026-09-26T11:38:01.4463593Z                     "description" : "The directory of the TRAP cache to use",
codeql / Analyze (python)	UNKNOWN STEP	2026-09-26T11:38:01.4463941Z                     "type" : "string"
codeql / Analyze (python)	UNKNOWN STEP	2026-09-26T11:38:01.4464179Z                   },
codeql / Analyze (python)	UNKNOWN STEP	2026-09-26T11:38:01.4464386Z                   "bound" : {
codeql / Analyze (python)	UNKNOWN STEP	2026-09-26T11:38:01.4464639Z                     "title" : "TRAP cache bound",
codeql / Analyze (python)	UNKNOWN STEP	2026-09-26T11:38:01.4465014Z                     "description" : "A soft limit (in MB) on the size of the TRAP cache",
codeql / Analyze (python)	UNKNOWN STEP	2026-09-26T11:38:01.4465389Z                     "type" : "string",
codeql / Analyze (python)	UNKNOWN STEP	2026-09-26T11:38:01.4465642Z                     "pattern" : "[0-9]+"
codeql / Analyze (python)	UNKNOWN STEP	2026-09-26T11:38:01.4465885Z                   },
codeql / Analyze (python)	UNKNOWN STEP	2026-09-26T11:38:01.4466113Z                   "write" : {
codeql / Analyze (python)	UNKNOWN STEP	2026-09-26T11:38:01.4466361Z                     "title" : "TRAP cache writeable",
codeql / Analyze (python)	UNKNOWN STEP	2026-09-26T11:38:01.4466771Z                     "description" : "Whether to write to the TRAP cache as well as reading it",
codeql / Analyze (python)	UNKNOWN STEP	2026-09-26T11:38:01.4467164Z                     "type" : "string",
codeql / Analyze (python)	UNKNOWN STEP	2026-09-26T11:38:01.4467437Z                     "pattern" : "(true|TRUE|false|FALSE)"
codeql / Analyze (python)	UNKNOWN STEP	2026-09-26T11:38:01.4467707Z                   }
codeql / Analyze (python)	UNKNOWN STEP	2026-09-26T11:38:01.4467889Z                 }
codeql / Analyze (python)	UNKNOWN STEP	2026-09-26T11:38:01.4468071Z               }
codeql / Analyze (python)	UNKNOWN STEP	2026-09-26T11:38:01.4468249Z             }
codeql / Analyze (python)	UNKNOWN STEP	2026-09-26T11:38:01.4468427Z           },
codeql / Analyze (python)	UNKNOWN STEP	2026-09-26T11:38:01.4468613Z           "scale_timeouts" : {
codeql / Analyze (python)	UNKNOWN STEP	2026-09-26T11:38:01.4468932Z             "title" : "Value to scale compiler introspection timeouts with",
codeql / Analyze (python)	UNKNOWN STEP	2026-09-26T11:38:01.4470412Z             "description" : "The extractor attempts to determine what compiler the source code being extracted is compiled with. To this end the extractor makes additional calls to the compiler, some of which are expected to return within a certain fixed time (either 10s or 15s). On some systems that are under high load this time might be too short, and can be scaled up using this option.\n",
codeql / Analyze (python)	UNKNOWN STEP	2026-09-26T11:38:01.4471837Z             "type" : "string",
codeql / Analyze (python)	UNKNOWN STEP	2026-09-26T11:38:01.4472073Z             "pattern" : "[0-9]+"
codeql / Analyze (python)	UNKNOWN STEP	2026-09-26T11:38:01.4472297Z           },
codeql / Analyze (python)	UNKNOWN STEP	2026-09-26T11:38:01.4472489Z           "log_verbosity" : {
codeql / Analyze (python)	UNKNOWN STEP	2026-09-26T11:38:01.4473011Z             "title" : "Verbosity of the extractor logging",
codeql / Analyze (python)	UNKNOWN STEP	2026-09-26T11:38:01.4473654Z             "description" : "Set the verbosity of the extractor logging to 'quiet' (0), 'normal' (1), 'chatty' (2), or 'noisy' (3). The default is 'normal'.\n",
codeql / Analyze (python)	UNKNOWN STEP	2026-09-26T11:38:01.4474242Z             "type" : "string",
codeql / Analyze (python)	UNKNOWN STEP	2026-09-26T11:38:01.4474472Z             "pattern" : "[0-3]"
codeql / Analyze (python)	UNKNOWN STEP	2026-09-26T11:38:01.4474711Z           },
codeql / Analyze (python)	UNKNOWN STEP	2026-09-26T11:38:01.4474902Z           "frontend_options" : {
codeql / Analyze (python)	UNKNOWN STEP	2026-09-26T11:38:01.4475179Z             "title" : "C/C++ extractor frontend options",
codeql / Analyze (python)	UNKNOWN STEP	2026-09-26T11:38:01.4475689Z             "description" : "Set additional options that should be passed to the C/C++ extractor frontend.\n",
codeql / Analyze (python)	UNKNOWN STEP	2026-09-26T11:38:01.4476156Z             "type" : "array",
codeql / Analyze (python)	UNKNOWN STEP	2026-09-26T11:38:01.4476379Z             "visibility" : 3
codeql / Analyze (python)	UNKNOWN STEP	2026-09-26T11:38:01.4476591Z           }
codeql / Analyze (python)	UNKNOWN STEP	2026-09-26T11:38:01.4476762Z         }
codeql / Analyze (python)	UNKNOWN STEP	2026-09-26T11:38:01.4476931Z       }
codeql / Analyze (python)	UNKNOWN STEP	2026-09-26T11:38:01.4477097Z     ],
codeql / Analyze (python)	UNKNOWN STEP	2026-09-26T11:38:01.4477272Z     "properties" : [
codeql / Analyze (python)	UNKNOWN STEP	2026-09-26T11:38:01.4477469Z       {
codeql / Analyze (python)	UNKNOWN STEP	2026-09-26T11:38:01.4478169Z         "extractor_root" : "/opt/hostedtoolcache/CodeQL/2.27.1/x64/codeql/properties"
codeql / Analyze (python)	UNKNOWN STEP	2026-09-26T11:38:01.4478829Z       }
codeql / Analyze (python)	UNKNOWN STEP	2026-09-26T11:38:01.4479104Z     ],
codeql / Analyze (python)	UNKNOWN STEP	2026-09-26T11:38:01.4479381Z     "rust" : [
codeql / Analyze (python)	UNKNOWN STEP	2026-09-26T11:38:01.4479638Z       {
codeql / Analyze (python)	UNKNOWN STEP	2026-09-26T11:38:01.4479919Z         "extractor_root" : "/opt/hostedtoolcache/CodeQL/2.27.1/x64/codeql/rust",
codeql / Analyze (python)	UNKNOWN STEP	2026-09-26T11:38:01.4480794Z         "extractor_options" : {
codeql / Analyze (python)	UNKNOWN STEP	2026-09-26T11:38:01.4481159Z           "trap" : {
codeql / Analyze (python)	UNKNOWN STEP	2026-09-26T11:38:01.4481394Z             "title" : "Options pertaining to TRAP.",
codeql / Analyze (python)	UNKNOWN STEP	2026-09-26T11:38:01.4481725Z             "description" : "Options pertaining to TRAP.",
codeql / Analyze (python)	UNKNOWN STEP	2026-09-26T11:38:01.4482027Z             "type" : "object",
codeql / Analyze (python)	UNKNOWN STEP	2026-09-26T11:38:01.4482260Z             "properties" : {
codeql / Analyze (python)	UNKNOWN STEP	2026-09-26T11:38:01.4482487Z               "compression" : {
codeql / Analyze (python)	UNKNOWN STEP	2026-09-26T11:38:01.4483180Z                 "title" : "Controls compression for the TRAP files written by the extractor.",
codeql / Analyze (python)	UNKNOWN STEP	2026-09-26T11:38:01.4484291Z                 "description" : "This option is only intended for use in debugging the extractor. Accepted values are 'gzip' (to write gzip-compressed TRAP) 'zstd' (the default, to write Zstandard-compressed TRAP) and 'none' (to write uncompressed TRAP).\n",
codeql / Analyze (python)	UNKNOWN STEP	2026-09-26T11:38:01.4485296Z                 "type" : "string",
codeql / Analyze (python)	UNKNOWN STEP	2026-09-26T11:38:01.4485748Z                 "pattern" : "^(none|gzip|zstd)$"
codeql / Analyze (python)	UNKNOWN STEP	2026-09-26T11:38:01.4486210Z               }
codeql / Analyze (python)	UNKNOWN STEP	2026-09-26T11:38:01.4486516Z             }
codeql / Analyze (python)	UNKNOWN STEP	2026-09-26T11:38:01.4486809Z           },
codeql / Analyze (python)	UNKNOWN STEP	2026-09-26T11:38:01.4487133Z           "cargo_target_dir" : {
codeql / Analyze (python)	UNKNOWN STEP	2026-09-26T11:38:01.4487625Z             "title" : "Directory to use for cargo output files.",
codeql / Analyze (python)	UNKNOWN STEP	2026-09-26T11:38:01.4489914Z             "description" : "This value is an optional path to use as `CARGO_TARGET_DIR` for the internal cargo commands the extractor uses. Pointing it to a persistent directory may reduce execution time of consecutive extractor runs. By default, a new scratch directory is used for each extraction, while qltests use the test's `target` directory so artifacts can be reused across runs.\n",
codeql / Analyze (python)	UNKNOWN STEP	2026-09-26T11:38:01.4491290Z             "type" : "string"
codeql / Analyze (python)	UNKNOWN STEP	2026-09-26T11:38:01.4491512Z           },
codeql / Analyze (python)	UNKNOWN STEP	2026-09-26T11:38:01.4491700Z           "cargo_target" : {
codeql / Analyze (python)	UNKNOWN STEP	2026-09-26T11:38:01.4491937Z             "title" : "Target architecture",
codeql / Analyze (python)	UNKNOWN STEP	2026-09-26T11:38:01.4492523Z             "description" : "Target architecture to use for analysis, analogous to `cargo --target`. By default the host architecture is used.\n",
codeql / Analyze (python)	UNKNOWN STEP	2026-09-26T11:38:01.4493351Z             "type" : "string"
codeql / Analyze (python)	UNKNOWN STEP	2026-09-26T11:38:01.4493564Z           },
codeql / Analyze (python)	UNKNOWN STEP	2026-09-26T11:38:01.4493747Z           "cargo_features" : {
codeql / Analyze (python)	UNKNOWN STEP	2026-09-26T11:38:01.4493996Z             "title" : "Cargo features to turn on",
codeql / Analyze (python)	UNKNOWN STEP	2026-09-26T11:38:01.4495690Z             "description" : "Comma-separated list of features to turn on. By default all features are enabled. If any features are specified, then only those features are enabled. The `default` feature must be explicitly specified if only default features are desired. Can be repeated.\n",
codeql / Analyze (python)	UNKNOWN STEP	2026-09-26T11:38:01.4497391Z             "type" : "array"
codeql / Analyze (python)	UNKNOWN STEP	2026-09-26T11:38:01.4497752Z           },
codeql / Analyze (python)	UNKNOWN STEP	2026-09-26T11:38:01.4498039Z           "cargo_cfg_overrides" : {
codeql / Analyze (python)	UNKNOWN STEP	2026-09-26T11:38:01.4498310Z             "title" : "Cargo cfg overrides",
codeql / Analyze (python)	UNKNOWN STEP	2026-09-26T11:38:01.4498838Z             "description" : "Comma-separated list of cfg settings to enable, or disable if prefixed with `-`. Can be repeated.\n",
codeql / Analyze (python)	UNKNOWN STEP	2026-09-26T11:38:01.4499357Z             "type" : "array"
codeql / Analyze (python)	UNKNOWN STEP	2026-09-26T11:38:01.4499564Z           },
codeql / Analyze (python)	UNKNOWN STEP	2026-09-26T11:38:01.4499744Z           "logging" : {
codeql / Analyze (python)	UNKNOWN STEP	2026-09-26T11:38:01.4499992Z             "title" : "Options pertaining to logging.",
codeql / Analyze (python)	UNKNOWN STEP	2026-09-26T11:38:01.4500342Z             "description" : "Options pertaining to logging.",
codeql / Analyze (python)	UNKNOWN STEP	2026-09-26T11:38:01.4500647Z             "type" : "object",
codeql / Analyze (python)	UNKNOWN STEP	2026-09-26T11:38:01.4500872Z             "properties" : {
codeql / Analyze (python)	UNKNOWN STEP	2026-09-26T11:38:01.4501091Z               "verbosity" : {
codeql / Analyze (python)	UNKNOWN STEP	2026-09-26T11:38:01.4501362Z                 "title" : "Extractor logging verbosity level.",
codeql / Analyze (python)	UNKNOWN STEP	2026-09-26T11:38:01.4502520Z                 "description" : "Controls the level of verbosity of the extractor. The supported levels are (in order of increasing verbosity):\n  - off\n  - errors\n  - warnings\n  - info or progress\n  - debug or progress+\n  - trace or progress++\n  - progress+++\n",
codeql / Analyze (python)	UNKNOWN STEP	2026-09-26T11:38:01.4503788Z                 "type" : "string",
codeql / Analyze (python)	UNKNOWN STEP	2026-09-26T11:38:01.4504413Z                 "pattern" : "^(off|errors|warnings|(info|progress)|(debug|progress\\+)|(trace|progress\\+\\+)|progress\\+\\+\\+)$"
codeql / Analyze (python)	UNKNOWN STEP	2026-09-26T11:38:01.4504915Z               },
codeql / Analyze (python)	UNKNOWN STEP	2026-09-26T11:38:01.4505108Z               "flamegraph" : {
codeql / Analyze (python)	UNKNOWN STEP	2026-09-26T11:38:01.4505423Z                 "title" : "[Experimental] File path for write flame graph log",
codeql / Analyze (python)	UNKNOWN STEP	2026-09-26T11:38:01.4506353Z                 "description" : "Collect flame graph data using the `tracing-flame` crate. To render a flame graph or chart, run the `inferno-flamegraph` command. See also: https://crates.io/crates/tracing-flame\n",
codeql / Analyze (python)	UNKNOWN STEP	2026-09-26T11:38:01.4507164Z                 "type" : "string"
codeql / Analyze (python)	UNKNOWN STEP	2026-09-26T11:38:01.4507391Z               }
codeql / Analyze (python)	UNKNOWN STEP	2026-09-26T11:38:01.4507574Z             }
codeql / Analyze (python)	UNKNOWN STEP	2026-09-26T11:38:01.4507876Z           },
codeql / Analyze (python)	UNKNOWN STEP	2026-09-26T11:38:01.4508230Z           "extract_dependencies_as_source" : {
codeql / Analyze (python)	UNKNOWN STEP	2026-09-26T11:38:01.4508771Z             "title" : "Extract dependencies as source code",
codeql / Analyze (python)	UNKNOWN STEP	2026-09-26T11:38:01.4509315Z             "description" : "Extract the full source code of dependencies instead of only extracting signatures.\n",
codeql / Analyze (python)	UNKNOWN STEP	2026-09-26T11:38:01.4509809Z             "type" : "string",
codeql / Analyze (python)	UNKNOWN STEP	2026-09-26T11:38:01.4510054Z             "pattern" : "^(false|true)$"
codeql / Analyze (python)	UNKNOWN STEP	2026-09-26T11:38:01.4510300Z           }
codeql / Analyze (python)	UNKNOWN STEP	2026-09-26T11:38:01.4510469Z         }
codeql / Analyze (python)	UNKNOWN STEP	2026-09-26T11:38:01.4510638Z       }
codeql / Analyze (python)	UNKNOWN STEP	2026-09-26T11:38:01.4510801Z     ],
codeql / Analyze (python)	UNKNOWN STEP	2026-09-26T11:38:01.4510972Z     "swift" : [
codeql / Analyze (python)	UNKNOWN STEP	2026-09-26T11:38:01.4511152Z       {
codeql / Analyze (python)	UNKNOWN STEP	2026-09-26T11:38:01.4511436Z         "extractor_root" : "/opt/hostedtoolcache/CodeQL/2.27.1/x64/codeql/swift"
codeql / Analyze (python)	UNKNOWN STEP	2026-09-26T11:38:01.4511790Z       }
codeql / Analyze (python)	UNKNOWN STEP	2026-09-26T11:38:01.4511951Z     ],
codeql / Analyze (python)	UNKNOWN STEP	2026-09-26T11:38:01.4512115Z     "java" : [
codeql / Analyze (python)	UNKNOWN STEP	2026-09-26T11:38:01.4512291Z       {
codeql / Analyze (python)	UNKNOWN STEP	2026-09-26T11:38:01.4512812Z         "extractor_root" : "/opt/hostedtoolcache/CodeQL/2.27.1/x64/codeql/java",
codeql / Analyze (python)	UNKNOWN STEP	2026-09-26T11:38:01.4513202Z         "extractor_options" : {
codeql / Analyze (python)	UNKNOWN STEP	2026-09-26T11:38:01.4513435Z           "exclude" : {
codeql / Analyze (python)	UNKNOWN STEP	2026-09-26T11:38:01.4513690Z             "title" : "A glob excluding files from analysis.",
codeql / Analyze (python)	UNKNOWN STEP	2026-09-26T11:38:01.4514440Z             "description" : "A glob indicating what files to exclude from the analysis. This accepts glob patterns that are supported by Java's 'getPathMatcher' implementation.\n",
codeql / Analyze (python)	UNKNOWN STEP	2026-09-26T11:38:01.4515125Z             "type" : "string"
codeql / Analyze (python)	UNKNOWN STEP	2026-09-26T11:38:01.4515339Z           },
codeql / Analyze (python)	UNKNOWN STEP	2026-09-26T11:38:01.4515530Z           "add_prefer_source" : {
codeql / Analyze (python)	UNKNOWN STEP	2026-09-26T11:38:01.4515868Z             "title" : "Whether to always prefer source files over class files.",
codeql / Analyze (python)	UNKNOWN STEP	2026-09-26T11:38:01.4517043Z             "description" : "A value indicating whether source files should be preferred over class files. If set to 'true', the extraction adds '-Xprefer:source' to the javac command line. If set to 'false', the extraction uses the default javac behavior ('-Xprefer:newer'). The default is 'true'.\n",
codeql / Analyze (python)	UNKNOWN STEP	2026-09-26T11:38:01.4518109Z             "type" : "string",
codeql / Analyze (python)	UNKNOWN STEP	2026-09-26T11:38:01.4518342Z             "pattern" : "^(false|true)$"
codeql / Analyze (python)	UNKNOWN STEP	2026-09-26T11:38:01.4518583Z           },
codeql / Analyze (python)	UNKNOWN STEP	2026-09-26T11:38:01.4518762Z           "buildless" : {
codeql / Analyze (python)	UNKNOWN STEP	2026-09-26T11:38:01.4519103Z             "title" : "Whether to use buildless (standalone) extraction (experimental).",
codeql / Analyze (python)	UNKNOWN STEP	2026-09-26T11:38:01.4520787Z             "description" : "A value indicating, which type of extraction the autobuilder should perform. If 'true', then the standalone extractor will be used, otherwise tracing extraction will be performed. The default is 'false'. Note that buildless extraction will generally yield less accurate analysis results, and should only be used in cases where it is not possible to build the code (for example if it uses inaccessible dependencies).\n",
codeql / Analyze (python)	UNKNOWN STEP	2026-09-26T11:38:01.4522330Z             "type" : "string",
codeql / Analyze (python)	UNKNOWN STEP	2026-09-26T11:38:01.4522761Z             "pattern" : "^(false|true)$"
codeql / Analyze (python)	UNKNOWN STEP	2026-09-26T11:38:01.4523344Z           },
codeql / Analyze (python)	UNKNOWN STEP	2026-09-26T11:38:01.4523564Z           "buildless_dependency_dir" : {
codeql / Analyze (python)	UNKNOWN STEP	2026-09-26T11:38:01.4523992Z             "title" : "The path where buildless (standalone) extraction should keep dependencies.",
codeql / Analyze (python)	UNKNOWN STEP	2026-09-26T11:38:01.4524652Z             "description" : "If set, the buildless (standalone) extractor will store dependencies in this directory.\n",
codeql / Analyze (python)	UNKNOWN STEP	2026-09-26T11:38:01.4525290Z             "type" : "string"
codeql / Analyze (python)	UNKNOWN STEP	2026-09-26T11:38:01.4525500Z           },
codeql / Analyze (python)	UNKNOWN STEP	2026-09-26T11:38:01.4525701Z           "minimize_dependency_jars" : {
codeql / Analyze (python)	UNKNOWN STEP	2026-09-26T11:38:01.4526126Z             "title" : "Whether to rewrite and minimize downloaded JAR dependencies (experimental).",
codeql / Analyze (python)	UNKNOWN STEP	2026-09-26T11:38:01.4526978Z             "description" : "If 'true', JAR dependencies downloaded during extraction will be rewritten to remove unneeded data, such as method bodies. The default is 'false'.\n",
codeql / Analyze (python)	UNKNOWN STEP	2026-09-26T11:38:01.4527655Z             "type" : "string",
codeql / Analyze (python)	UNKNOWN STEP	2026-09-26T11:38:01.4527889Z             "pattern" : "^(false|true)$"
codeql / Analyze (python)	UNKNOWN STEP	2026-09-26T11:38:01.4528128Z           }
codeql / Analyze (python)	UNKNOWN STEP	2026-09-26T11:38:01.4528300Z         }
codeql / Analyze (python)	UNKNOWN STEP	2026-09-26T11:38:01.4528472Z       }
codeql / Analyze (python)	UNKNOWN STEP	2026-09-26T11:38:01.4528636Z     ]
codeql / Analyze (python)	UNKNOWN STEP	2026-09-26T11:38:01.4528802Z   }
codeql / Analyze (python)	UNKNOWN STEP	2026-09-26T11:38:01.4528978Z }
codeql / Analyze (python)	UNKNOWN STEP	2026-09-26T11:38:01.4529257Z python does not support TRAP caching (missing option group)
codeql / Analyze (python)	UNKNOWN STEP	2026-09-26T11:38:01.4529611Z Found 0 languages that support TRAP caching
codeql / Analyze (python)	UNKNOWN STEP	2026-09-26T11:38:01.4530107Z ##[endgroup]
codeql / Analyze (python)	UNKNOWN STEP	2026-09-26T11:38:01.4530913Z While resolving threads, found a cgroup CPUs file with 4 CPUs in /sys/fs/cgroup/cpuset.cpus.effective.
codeql / Analyze (python)	UNKNOWN STEP	2026-09-26T11:38:01.4541266Z Writing augmented user configuration file to /home/runner/work/_temp/user-config.yaml
codeql / Analyze (python)	UNKNOWN STEP	2026-09-26T11:38:01.4542373Z ##[group]Augmented user configuration file contents
codeql / Analyze (python)	UNKNOWN STEP	2026-09-26T11:38:01.4543140Z name: CodeQL config
codeql / Analyze (python)	UNKNOWN STEP	2026-09-26T11:38:01.4543475Z queries:
codeql / Analyze (python)	UNKNOWN STEP	2026-09-26T11:38:01.4543804Z   - uses: security-and-quality
codeql / Analyze (python)	UNKNOWN STEP	2026-09-26T11:38:01.4544244Z threat-models: local
codeql / Analyze (python)	UNKNOWN STEP	2026-09-26T11:38:01.4544593Z paths-ignore:
codeql / Analyze (python)	UNKNOWN STEP	2026-09-26T11:38:01.4544919Z   - '**/node_modules'
codeql / Analyze (python)	UNKNOWN STEP	2026-09-26T11:38:01.4545264Z   - '**/dist'
codeql / Analyze (python)	UNKNOWN STEP	2026-09-26T11:38:01.4545570Z   - '**/build'
codeql / Analyze (python)	UNKNOWN STEP	2026-09-26T11:38:01.4545882Z   - '**/*.min.js'
codeql / Analyze (python)	UNKNOWN STEP	2026-09-26T11:38:01.4546197Z   - '**/*.test.*'
codeql / Analyze (python)	UNKNOWN STEP	2026-09-26T11:38:01.4546508Z   - '**/vendor/**'
codeql / Analyze (python)	UNKNOWN STEP	2026-09-26T11:38:01.4546837Z query-filters:
codeql / Analyze (python)	UNKNOWN STEP	2026-09-26T11:38:01.4547153Z   - exclude:
codeql / Analyze (python)	UNKNOWN STEP	2026-09-26T11:38:01.4547364Z       tags: exclude-from-incremental
codeql / Analyze (python)	UNKNOWN STEP	2026-09-26T11:38:01.4547551Z 
codeql / Analyze (python)	UNKNOWN STEP	2026-09-26T11:38:01.4547782Z ##[endgroup]
codeql / Analyze (python)	UNKNOWN STEP	2026-09-26T11:38:01.4549205Z [command]/opt/hostedtoolcache/CodeQL/2.27.1/x64/codeql/codeql database init --force-overwrite --db-cluster /home/runner/work/_temp/codeql_databases --source-root=/home/runner/work/deepseek-review-probe/deepseek-review-probe --no-calculate-baseline --extractor-include-aliases --language=python --codescanning-config=/home/runner/work/_temp/user-config.yaml --build-mode=none
codeql / Analyze (python)	UNKNOWN STEP	2026-09-26T11:38:02.8203914Z Package install location: /home/runner/.codeql/packages
codeql / Analyze (python)	UNKNOWN STEP	2026-09-26T11:38:02.8213627Z Nothing downloaded.
codeql / Analyze (python)	UNKNOWN STEP	2026-09-26T11:38:04.3763822Z Resolving extractor python.
codeql / Analyze (python)	UNKNOWN STEP	2026-09-26T11:38:04.3816095Z Successfully loaded extractor Python (python) from /opt/hostedtoolcache/CodeQL/2.27.1/x64/codeql/python.
codeql / Analyze (python)	UNKNOWN STEP	2026-09-26T11:38:04.4083280Z Created skeleton CodeQL database at /home/runner/work/_temp/codeql_databases/python. This in-progress database is ready to be populated by an extractor.
codeql / Analyze (python)	UNKNOWN STEP	2026-09-26T11:38:04.8506743Z ##[group]Run github/codeql-action/analyze@2892aa5e19bbd11bc0cff5427e3b750a04d9e3c2
codeql / Analyze (python)	UNKNOWN STEP	2026-09-26T11:38:04.8507190Z with:
codeql / Analyze (python)	UNKNOWN STEP	2026-09-26T11:38:04.8507410Z   category: /language:python
codeql / Analyze (python)	UNKNOWN STEP	2026-09-26T11:38:04.8507657Z   output: ../results
codeql / Analyze (python)	UNKNOWN STEP	2026-09-26T11:38:04.8507863Z   upload: always
codeql / Analyze (python)	UNKNOWN STEP	2026-09-26T11:38:04.8508061Z   skip-queries: false
codeql / Analyze (python)	UNKNOWN STEP	2026-09-26T11:38:04.8508411Z   checkout_path: /home/runner/work/deepseek-review-probe/deepseek-review-probe
codeql / Analyze (python)	UNKNOWN STEP	2026-09-26T11:38:04.8508814Z   upload-database: true
codeql / Analyze (python)	UNKNOWN STEP	2026-09-26T11:38:04.8509040Z   wait-for-processing: true
codeql / Analyze (python)	UNKNOWN STEP	2026-09-26T11:38:04.8511339Z   token: ***
codeql / Analyze (python)	UNKNOWN STEP	2026-09-26T11:38:04.8511553Z   matrix: {
codeql / Analyze (python)	UNKNOWN STEP	  "language": "python"
codeql / Analyze (python)	UNKNOWN STEP	}
codeql / Analyze (python)	UNKNOWN STEP	2026-09-26T11:38:04.8511816Z   expect-error: false
codeql / Analyze (python)	UNKNOWN STEP	2026-09-26T11:38:04.8512026Z env:
codeql / Analyze (python)	UNKNOWN STEP	2026-09-26T11:38:04.8512287Z   CODEQL_ACTION_JOB_RUN_UUID: 91222d0b-fa30-4a0f-8d49-847f925967cd
codeql / Analyze (python)	UNKNOWN STEP	2026-09-26T11:38:04.8512853Z   CODEQL_ACTION_FEATURE_MULTI_LANGUAGE: false
codeql / Analyze (python)	UNKNOWN STEP	2026-09-26T11:38:04.8513360Z   CODEQL_ACTION_FEATURE_SANDWICH: false
codeql / Analyze (python)	UNKNOWN STEP	2026-09-26T11:38:04.8513705Z   CODEQL_ACTION_FEATURE_SARIF_COMBINE: true
codeql / Analyze (python)	UNKNOWN STEP	2026-09-26T11:38:04.8513990Z   CODEQL_ACTION_FEATURE_WILL_UPLOAD: true
codeql / Analyze (python)	UNKNOWN STEP	2026-09-26T11:38:04.8514260Z   CODEQL_ACTION_VERSION: 4.38.2
codeql / Analyze (python)	UNKNOWN STEP	2026-09-26T11:38:04.8514502Z   CODEQL_ACTION_INIT_HAS_RUN: true
codeql / Analyze (python)	UNKNOWN STEP	2026-09-26T11:38:04.8514840Z   CODEQL_ACTION_ANALYSIS_KEY: .github/workflows/code-review.yml:analyze
codeql / Analyze (python)	UNKNOWN STEP	2026-09-26T11:38:04.8515243Z   CODEQL_WORKFLOW_STARTED_AT: 2026-09-26T11:37:49.023Z
codeql / Analyze (python)	UNKNOWN STEP	2026-09-26T11:38:04.8515553Z   CODEQL_ACTION_HAS_SET_UP_CODEQL: true
codeql / Analyze (python)	UNKNOWN STEP	2026-09-26T11:38:04.8515800Z   CODEQL_RAM: 14575
codeql / Analyze (python)	UNKNOWN STEP	2026-09-26T11:38:04.8515997Z   CODEQL_THREADS: 4
codeql / Analyze (python)	UNKNOWN STEP	2026-09-26T11:38:04.8516185Z ##[endgroup]
codeql / Analyze (python)	UNKNOWN STEP	2026-09-26T11:38:05.1022175Z Existing job run UUID is 91222d0b-fa30-4a0f-8d49-847f925967cd.
codeql / Analyze (python)	UNKNOWN STEP	2026-09-26T11:38:05.3687258Z While resolving threads, found a cgroup CPUs file with 4 CPUs in /sys/fs/cgroup/cpuset.cpus.effective.
codeql / Analyze (python)	UNKNOWN STEP	2026-09-26T11:38:05.3722800Z ##[group]Generating diff range extension pack
codeql / Analyze (python)	UNKNOWN STEP	2026-09-26T11:38:05.3752087Z Successfully created diff range extension pack at /home/runner/work/_temp/pr-diff-range.
codeql / Analyze (python)	UNKNOWN STEP	2026-09-26T11:38:05.3753812Z ##[endgroup]
codeql / Analyze (python)	UNKNOWN STEP	2026-09-26T11:38:05.3810322Z ##[group]Extracting python
codeql / Analyze (python)	UNKNOWN STEP	2026-09-26T11:38:05.3815559Z [command]/opt/hostedtoolcache/CodeQL/2.27.1/x64/codeql/codeql database trace-command --use-build-mode --working-dir /home/runner/work/deepseek-review-probe/deepseek-review-probe /home/runner/work/_temp/codeql_databases/python
codeql / Analyze (python)	UNKNOWN STEP	2026-09-26T11:38:06.3363341Z Running command in /home/runner/work/deepseek-review-probe/deepseek-review-probe: [/opt/hostedtoolcache/CodeQL/2.27.1/x64/codeql/python/tools/autobuild.sh]
codeql / Analyze (python)	UNKNOWN STEP	2026-09-26T11:38:06.4323185Z [2026-09-26 11:38:06] [build-stderr] /bin/sh: 1: python2: not found
codeql / Analyze (python)	UNKNOWN STEP	2026-09-26T11:38:06.4681999Z [2026-09-26 11:38:06] [build-stdout] No directories containing root identifiers were found. Returning working directory as root.
codeql / Analyze (python)	UNKNOWN STEP	2026-09-26T11:38:06.4684655Z [2026-09-26 11:38:06] [build-stdout] Will try to guess Python version, as it was not specified in `lgtm.yml`
codeql / Analyze (python)	UNKNOWN STEP	2026-09-26T11:38:06.4686291Z [2026-09-26 11:38:06] [build-stdout] Trying to guess Python version based on Trove classifiers in setup.py
codeql / Analyze (python)	UNKNOWN STEP	2026-09-26T11:38:06.4687752Z [2026-09-26 11:38:06] [build-stdout] Did not find setup.py (expected it to be at /home/runner/work/deepseek-review-probe/deepseek-review-probe/setup.py)
codeql / Analyze (python)	UNKNOWN STEP	2026-09-26T11:38:06.4690615Z [2026-09-26 11:38:06] [build-stdout] Trying to guess Python version based on travis file
codeql / Analyze (python)	UNKNOWN STEP	2026-09-26T11:38:06.4699992Z [2026-09-26 11:38:06] [build-stdout] Did not find any travis files (expected them at either ['/home/runner/work/deepseek-review-probe/deepseek-review-probe/.travis.yml', '/home/runner/work/deepseek-review-probe/deepseek-review-probe/travis.yml'])
codeql / Analyze (python)	UNKNOWN STEP	2026-09-26T11:38:06.4702315Z [2026-09-26 11:38:06] [build-stdout] Trying to guess Python version based on installed versions
codeql / Analyze (python)	UNKNOWN STEP	2026-09-26T11:38:06.4704298Z [2026-09-26 11:38:06] [build-stdout] Wanted to run Python 2, but it is not available. Using Python 3 instead
codeql / Analyze (python)	UNKNOWN STEP	2026-09-26T11:38:06.4706176Z [2026-09-26 11:38:06] [build-stdout] This script is running Python 3, but Python 2 is also available (as 'python3')
codeql / Analyze (python)	UNKNOWN STEP	2026-09-26T11:38:06.4707318Z [2026-09-26 11:38:06] [build-stdout] Could not guess Python version, will use default: Python 3
codeql / Analyze (python)	UNKNOWN STEP	2026-09-26T11:38:06.4710897Z [2026-09-26 11:38:06] [build-stdout] Calling python3 -S /opt/hostedtoolcache/CodeQL/2.27.1/x64/codeql/python/tools/python_tracer.py --verbosity 3 -z all -c /home/runner/work/_temp/codeql_databases/python/working/trap_cache -R /home/runner/work/deepseek-review-probe/deepseek-review-probe --filter exclude:**/node_modules --filter exclude:**/dist --filter exclude:**/build --filter exclude:**/*.min.js --filter exclude:**/*.test.* --filter exclude:**/vendor/
codeql / Analyze (python)	UNKNOWN STEP	2026-09-26T11:38:06.8588403Z [2026-09-26 11:38:06] [build-stdout] INFO: The Python extractor has recently stopped extracting the standard library by default. If you encounter problems, please let us know by submitting an issue to https://github.com/github/codeql. It is possible to re-enable extraction of the standard library by setting the environment variable CODEQL_EXTRACTOR_PYTHON_EXTRACT_STDLIB.
codeql / Analyze (python)	UNKNOWN STEP	2026-09-26T11:38:06.8595056Z [2026-09-26 11:38:06] [build-stdout] [INFO] Extraction will use the Python 3 standard library.
codeql / Analyze (python)	UNKNOWN STEP	2026-09-26T11:38:06.8623880Z [2026-09-26 11:38:06] [build-stdout] [INFO] sys_path is: ['/opt/hostedtoolcache/CodeQL/2.27.1/x64/codeql/python/tools', '/usr/lib/python312.zip', '/usr/lib/python3.12', '/usr/lib/python3.12/lib-dynload']
codeql / Analyze (python)	UNKNOWN STEP	2026-09-26T11:38:06.8629014Z [2026-09-26 11:38:06] [build-stdout] [INFO] Python version 3.12.3
codeql / Analyze (python)	UNKNOWN STEP	2026-09-26T11:38:06.8629937Z [2026-09-26 11:38:06] [build-stdout] [INFO] Python extractor version 7.1.10
codeql / Analyze (python)	UNKNOWN STEP	2026-09-26T11:38:07.1184533Z [2026-09-26 11:38:07] [build-stdout] [INFO] [1] Extracted file /home/runner/work/deepseek-review-probe/deepseek-review-probe/.kit/tools/check-dsh-version.py in 176ms
codeql / Analyze (python)	UNKNOWN STEP	2026-09-26T11:38:07.1193825Z [2026-09-26 11:38:07] [build-stdout] [INFO] [1] Extracted folder /home/runner/work/deepseek-review-probe/deepseek-review-probe/.kit/tools/eval in 1ms
codeql / Analyze (python)	UNKNOWN STEP	2026-09-26T11:38:07.1246110Z [2026-09-26 11:38:07] [build-stdout] [INFO] [1] Extracted folder /home/runner/work/deepseek-review-probe/deepseek-review-probe/.kit/tools in 0ms
codeql / Analyze (python)	UNKNOWN STEP	2026-09-26T11:38:07.1326014Z [2026-09-26 11:38:07] [build-stdout] [INFO] [3] Extracted file /home/runner/work/deepseek-review-probe/deepseek-review-probe/.kit/tools/eval/build_eval_set.py in 173ms
codeql / Analyze (python)	UNKNOWN STEP	2026-09-26T11:38:07.2504582Z [2026-09-26 11:38:07] [build-stdout] [INFO] [4] Extracted file /home/runner/work/deepseek-review-probe/deepseek-review-probe/.kit/tools/eval/eval_filter.py in 307ms
codeql / Analyze (python)	UNKNOWN STEP	2026-09-26T11:38:07.2506743Z [2026-09-26 11:38:07] [build-stdout] [INFO] [4] Skipped built-in file /usr/lib/python3.12/urllib/request.py
codeql / Analyze (python)	UNKNOWN STEP	2026-09-26T11:38:07.2580050Z [2026-09-26 11:38:07] [build-stdout] [INFO] [4] Skipped built-in file /usr/lib/python3.12/collections/__init__.py
codeql / Analyze (python)	UNKNOWN STEP	2026-09-26T11:38:07.2599148Z [2026-09-26 11:38:07] [build-stdout] [INFO] [4] Extracted folder /home/runner/work/deepseek-review-probe/deepseek-review-probe/.kit/.github in 0ms
codeql / Analyze (python)	UNKNOWN STEP	2026-09-26T11:38:07.2623609Z [2026-09-26 11:38:07] [build-stdout] [INFO] [4] Skipped built-in file /usr/lib/python3.12/urllib/error.py
codeql / Analyze (python)	UNKNOWN STEP	2026-09-26T11:38:07.2806253Z [2026-09-26 11:38:07] [build-stdout] [INFO] [1] Extracted file /home/runner/work/deepseek-review-probe/deepseek-review-probe/.kit/.github/scripts/locate.py in 160ms
codeql / Analyze (python)	UNKNOWN STEP	2026-09-26T11:38:07.2853778Z [2026-09-26 11:38:07] [build-stdout] [INFO] [1] Extracted folder /home/runner/work/deepseek-review-probe/deepseek-review-probe/.kit/.github/scripts in 0ms
codeql / Analyze (python)	UNKNOWN STEP	2026-09-26T11:38:07.2879336Z [2026-09-26 11:38:07] [build-stdout] [INFO] [1] Extracted folder /usr/lib/python3.12/collections in 3ms
codeql / Analyze (python)	UNKNOWN STEP	2026-09-26T11:38:07.2903784Z [2026-09-26 11:38:07] [build-stdout] [INFO] [1] Skipped built-in file /usr/lib/python3.12/os.py
codeql / Analyze (python)	UNKNOWN STEP	2026-09-26T11:38:07.2923511Z [2026-09-26 11:38:07] [build-stdout] [INFO] [1] Extracted module sys in 0ms
codeql / Analyze (python)	UNKNOWN STEP	2026-09-26T11:38:07.2963447Z [2026-09-26 11:38:07] [build-stdout] [INFO] [1] Skipped built-in file /usr/lib/python3.12/argparse.py
codeql / Analyze (python)	UNKNOWN STEP	2026-09-26T11:38:07.2993871Z [2026-09-26 11:38:07] [build-stdout] [INFO] [1] Skipped built-in file /usr/lib/python3.12/__future__.py
codeql / Analyze (python)	UNKNOWN STEP	2026-09-26T11:38:07.3023468Z [2026-09-26 11:38:07] [build-stdout] [INFO] [1] Extracted folder /usr/lib/python3.12/urllib in 1ms
codeql / Analyze (python)	UNKNOWN STEP	2026-09-26T11:38:07.3053397Z [2026-09-26 11:38:07] [build-stdout] [INFO] [1] Skipped built-in file /usr/lib/python3.12/plistlib.py
codeql / Analyze (python)	UNKNOWN STEP	2026-09-26T11:38:07.3083365Z [2026-09-26 11:38:07] [build-stdout] [INFO] [1] Skipped built-in file /usr/lib/python3.12/struct.py
codeql / Analyze (python)	UNKNOWN STEP	2026-09-26T11:38:07.3113265Z [2026-09-26 11:38:07] [build-stdout] [INFO] [1] Extracted folder /usr/lib/python3.12/re in 1ms
codeql / Analyze (python)	UNKNOWN STEP	2026-09-26T11:38:07.3143352Z [2026-09-26 11:38:07] [build-stdout] [INFO] [1] Extracted folder /usr/lib/python3.12/json in 1ms
codeql / Analyze (python)	UNKNOWN STEP	2026-09-26T11:38:07.3173409Z [2026-09-26 11:38:07] [build-stdout] [INFO] [1] Skipped built-in file /usr/lib/python3.12/urllib/__init__.py
codeql / Analyze (python)	UNKNOWN STEP	2026-09-26T11:38:07.3233838Z [2026-09-26 11:38:07] [build-stdout] [INFO] [1] Extracted file /home/runner/work/deepseek-review-probe/deepseek-review-probe/app.py in 37ms
codeql / Analyze (python)	UNKNOWN STEP	2026-09-26T11:38:07.3256838Z [2026-09-26 11:38:07] [build-stdout] [INFO] [1] Skipped built-in file /usr/lib/python3.12/re/__init__.py
codeql / Analyze (python)	UNKNOWN STEP	2026-09-26T11:38:07.3284433Z [2026-09-26 11:38:07] [build-stdout] [INFO] [1] Skipped built-in file /usr/lib/python3.12/json/__init__.py
codeql / Analyze (python)	UNKNOWN STEP	2026-09-26T11:38:07.3297964Z [2026-09-26 11:38:07] [build-stdout] [INFO] [1] Extracted folder /home/runner/work/deepseek-review-probe/deepseek-review-probe/.kit in 0ms
codeql / Analyze (python)	UNKNOWN STEP	2026-09-26T11:38:07.3299613Z [2026-09-26 11:38:07] [build-stdout] [INFO] [1] Skipped built-in file /usr/lib/python3.12/subprocess.py
codeql / Analyze (python)	UNKNOWN STEP	2026-09-26T11:38:07.3300885Z [2026-09-26 11:38:07] [build-stdout] [INFO] [1] Extracted module time in 7ms
codeql / Analyze (python)	UNKNOWN STEP	2026-09-26T11:38:07.3302089Z [2026-09-26 11:38:07] [build-stdout] [INFO] [1] Skipped built-in file /usr/lib/python3.12/pathlib.py
codeql / Analyze (python)	UNKNOWN STEP	2026-09-26T11:38:07.3656393Z [2026-09-26 11:38:07] [build-stdout] [INFO] [3] Extracted file /home/runner/work/deepseek-review-probe/deepseek-review-probe/.kit/.github/scripts/post_review.py in 243ms
codeql / Analyze (python)	UNKNOWN STEP	2026-09-26T11:38:07.5026265Z [2026-09-26 11:38:07] [build-stdout] [INFO] [1] Skipped built-in file /usr/lib/python3.12/importlib/__init__.py
codeql / Analyze (python)	UNKNOWN STEP	2026-09-26T11:38:07.5031691Z [2026-09-26 11:38:07] [build-stdout] [INFO] [2] Extracted file /home/runner/work/deepseek-review-probe/deepseek-review-probe/.kit/tools/selftest.py in 564ms
codeql / Analyze (python)	UNKNOWN STEP	2026-09-26T11:38:07.5033270Z [2026-09-26 11:38:07] [build-stdout] [INFO] [3] Extracted folder /usr/lib/python3.12/importlib in 1ms
codeql / Analyze (python)	UNKNOWN STEP	2026-09-26T11:38:07.5037922Z [2026-09-26 11:38:07] [build-stdout] [INFO] [2] Skipped built-in file /usr/lib/python3.12/importlib/util.py
codeql / Analyze (python)	UNKNOWN STEP	2026-09-26T11:38:07.6133224Z [2026-09-26 11:38:07] [build-stdout] [INFO] [4] Extracted file /home/runner/work/deepseek-review-probe/deepseek-review-probe/.kit/.github/scripts/deepseek_review.py in 364ms
codeql / Analyze (python)	UNKNOWN STEP	2026-09-26T11:38:07.6583132Z [2026-09-26 11:38:07] [build-stdout] [INFO] Processed 35 modules in 0.79s
codeql / Analyze (python)	UNKNOWN STEP	2026-09-26T11:38:07.7051211Z ##[endgroup]
codeql / Analyze (python)	UNKNOWN STEP	2026-09-26T11:38:07.7059903Z ##[group]Finalizing python
codeql / Analyze (python)	UNKNOWN STEP	2026-09-26T11:38:07.7062088Z [command]/opt/hostedtoolcache/CodeQL/2.27.1/x64/codeql/codeql database finalize --finalize-dataset --threads=4 --ram=14575 /home/runner/work/_temp/codeql_databases/python
codeql / Analyze (python)	UNKNOWN STEP	2026-09-26T11:38:08.5998125Z Running pre-finalize script /opt/hostedtoolcache/CodeQL/2.27.1/x64/codeql/python/tools/pre-finalize.sh in /home/runner/work/deepseek-review-probe/deepseek-review-probe.
codeql / Analyze (python)	UNKNOWN STEP	2026-09-26T11:38:08.6831191Z Running command in /home/runner/work/deepseek-review-probe/deepseek-review-probe: [/opt/hostedtoolcache/CodeQL/2.27.1/x64/codeql/python/tools/pre-finalize.sh]
codeql / Analyze (python)	UNKNOWN STEP	2026-09-26T11:38:09.5367983Z [2026-09-26 11:38:09] [build-stderr] Scanning for files in /home/runner/work/deepseek-review-probe/deepseek-review-probe...
codeql / Analyze (python)	UNKNOWN STEP	2026-09-26T11:38:09.6401929Z [2026-09-26 11:38:09] [build-stderr] /home/runner/work/_temp/codeql_databases/python: Indexing files in in /home/runner/work/deepseek-review-probe/deepseek-review-probe...
codeql / Analyze (python)	UNKNOWN STEP	2026-09-26T11:38:09.6772267Z [2026-09-26 11:38:09] [build-stderr] Running command in /home/runner/work/deepseek-review-probe/deepseek-review-probe: [/opt/hostedtoolcache/CodeQL/2.27.1/x64/codeql/yaml/tools/index-files.sh, /home/runner/work/_temp/codeql_databases/python/working/files-to-index17504233683188528258.list]
codeql / Analyze (python)	UNKNOWN STEP	2026-09-26T11:38:10.1693406Z Pre-finalize script /opt/hostedtoolcache/CodeQL/2.27.1/x64/codeql/python/tools/pre-finalize.sh completed in 1569 ms.
codeql / Analyze (python)	UNKNOWN STEP	2026-09-26T11:38:10.1729021Z Running TRAP import for CodeQL database at /home/runner/work/_temp/codeql_databases/python...
codeql / Analyze (python)	UNKNOWN STEP	2026-09-26T11:38:11.0167380Z Importing TRAP files
codeql / Analyze (python)	UNKNOWN STEP	2026-09-26T11:38:11.5927174Z Merging relations
codeql / Analyze (python)	UNKNOWN STEP	2026-09-26T11:38:11.9594300Z Finished writing database (relations: 328.53 KiB; string pool: 2.13 MiB).
codeql / Analyze (python)	UNKNOWN STEP	2026-09-26T11:38:11.9853991Z TRAP import complete (1.8s).
codeql / Analyze (python)	UNKNOWN STEP	2026-09-26T11:38:12.2041351Z Finished zipping source archive (75.46 KiB).
codeql / Analyze (python)	UNKNOWN STEP	2026-09-26T11:38:12.2161161Z ##[endgroup]
codeql / Analyze (python)	UNKNOWN STEP	2026-09-26T11:38:12.2167580Z ##[group]Running queries for python
codeql / Analyze (python)	UNKNOWN STEP	2026-09-26T11:38:12.2169939Z [command]/opt/hostedtoolcache/CodeQL/2.27.1/x64/codeql/codeql database run-queries --ram=14575 --threads=4 --expect-discarded-cache --additional-packs=/home/runner/work/_temp/pr-diff-range --extension-packs=codeql-action/pr-diff-range /home/runner/work/_temp/codeql_databases/python --min-disk-free=1024 -v
codeql / Analyze (python)	UNKNOWN STEP	2026-09-26T11:38:13.0425804Z Writing logs to /home/runner/work/_temp/codeql_databases/python/log/database-run-queries-20260926.113813.039.log.
codeql / Analyze (python)	UNKNOWN STEP	2026-09-26T11:38:13.7874165Z Writing logs to /home/runner/work/_temp/codeql_databases/python/log/execute-queries-20260926.113813.782.log.
codeql / Analyze (python)	UNKNOWN STEP	2026-09-26T11:38:14.1708706Z Recording pack reference codeql/python-queries at /opt/hostedtoolcache/CodeQL/2.27.1/x64/codeql/qlpacks/codeql/python-queries/1.8.11.
codeql / Analyze (python)	UNKNOWN STEP	2026-09-26T11:38:14.4565799Z Resolving data extensions.
codeql / Analyze (python)	UNKNOWN STEP	2026-09-26T11:38:15.8220382Z Finished resolving data extensions.
codeql / Analyze (python)	UNKNOWN STEP	2026-09-26T11:38:15.8979079Z Loading data extensions.
codeql / Analyze (python)	UNKNOWN STEP	2026-09-26T11:38:16.3583946Z Finished loading data extensions.
codeql / Analyze (python)	UNKNOWN STEP	2026-09-26T11:38:17.3848086Z [1/174] Loaded /opt/hostedtoolcache/CodeQL/2.27.1/x64/codeql/qlpacks/codeql/python-queries/1.8.11/Expressions/UseofInput.qlx.
codeql / Analyze (python)	UNKNOWN STEP	2026-09-26T11:38:17.4084373Z [2/174] Loaded /opt/hostedtoolcache/CodeQL/2.27.1/x64/codeql/qlpacks/codeql/python-queries/1.8.11/Security/CWE-326/WeakCryptoKey.qlx.
codeql / Analyze (python)	UNKNOWN STEP	2026-09-26T11:38:17.5294115Z [3/174] Loaded /opt/hostedtoolcache/CodeQL/2.27.1/x64/codeql/qlpacks/codeql/python-queries/1.8.11/Security/CWE-116/BadTagFilter.qlx.
codeql / Analyze (python)	UNKNOWN STEP	2026-09-26T11:38:17.8154386Z [4/174] Loaded /opt/hostedtoolcache/CodeQL/2.27.1/x64/codeql/qlpacks/codeql/python-queries/1.8.11/Security/CWE-079/ReflectedXss.qlx.
codeql / Analyze (python)	UNKNOWN STEP	2026-09-26T11:38:17.8164196Z [5/174] Loaded /opt/hostedtoolcache/CodeQL/2.27.1/x64/codeql/qlpacks/codeql/python-queries/1.8.11/Security/CWE-918/FullServerSideRequestForgery.qlx.
codeql / Analyze (python)	UNKNOWN STEP	2026-09-26T11:38:17.8183816Z [6/174] Loaded /opt/hostedtoolcache/CodeQL/2.27.1/x64/codeql/qlpacks/codeql/python-queries/1.8.11/Security/CWE-022/PathInjection.qlx.
codeql / Analyze (python)	UNKNOWN STEP	2026-09-26T11:38:18.0494366Z [7/174] Loaded /opt/hostedtoolcache/CodeQL/2.27.1/x64/codeql/qlpacks/codeql/python-queries/1.8.11/Security/CWE-943/NoSqlInjection.qlx.
codeql / Analyze (python)	UNKNOWN STEP	2026-09-26T11:38:18.0524026Z [8/174] Loaded /opt/hostedtoolcache/CodeQL/2.27.1/x64/codeql/qlpacks/codeql/python-queries/1.8.11/Security/CWE-209/StackTraceExposure.qlx.
codeql / Analyze (python)	UNKNOWN STEP	2026-09-26T11:38:18.0553819Z [9/174] Loaded /opt/hostedtoolcache/CodeQL/2.27.1/x64/codeql/qlpacks/codeql/python-queries/1.8.11/Security/CWE-643/XpathInjection.qlx.
codeql / Analyze (python)	UNKNOWN STEP	2026-09-26T11:38:18.0622929Z [10/174] Loaded /opt/hostedtoolcache/CodeQL/2.27.1/x64/codeql/qlpacks/codeql/python-queries/1.8.11/Security/CWE-094/CodeInjection.qlx.
codeql / Analyze (python)	UNKNOWN STEP	2026-09-26T11:38:18.0784295Z [11/174] Loaded /opt/hostedtoolcache/CodeQL/2.27.1/x64/codeql/qlpacks/codeql/python-queries/1.8.11/Security/CWE-377/InsecureTemporaryFile.qlx.
codeql / Analyze (python)	UNKNOWN STEP	2026-09-26T11:38:18.1486244Z [12/174] Loaded /opt/hostedtoolcache/CodeQL/2.27.1/x64/codeql/qlpacks/codeql/python-queries/1.8.11/Security/CWE-295/MissingHostKeyValidation.qlx.
codeql / Analyze (python)	UNKNOWN STEP	2026-09-26T11:38:18.1924227Z [13/174] Loaded /opt/hostedtoolcache/CodeQL/2.27.1/x64/codeql/qlpacks/codeql/python-queries/1.8.11/Security/CWE-730/ReDoS.qlx.
codeql / Analyze (python)	UNKNOWN STEP	2026-09-26T11:38:18.2895195Z [14/174] Loaded /opt/hostedtoolcache/CodeQL/2.27.1/x64/codeql/qlpacks/codeql/python-queries/1.8.11/Security/CWE-730/RegexInjection.qlx.
codeql / Analyze (python)	UNKNOWN STEP	2026-09-26T11:38:18.3379958Z [15/174] Loaded /opt/hostedtoolcache/CodeQL/2.27.1/x64/codeql/qlpacks/codeql/python-queries/1.8.11/Security/CWE-730/PolynomialReDoS.qlx.
codeql / Analyze (python)	UNKNOWN STEP	2026-09-26T11:38:18.3458053Z [16/174] Loaded /opt/hostedtoolcache/CodeQL/2.27.1/x64/codeql/qlpacks/codeql/python-queries/1.8.11/Security/CWE-601/UrlRedirect.qlx.
codeql / Analyze (python)	UNKNOWN STEP	2026-09-26T11:38:18.3524154Z [17/174] Loaded /opt/hostedtoolcache/CodeQL/2.27.1/x64/codeql/qlpacks/codeql/python-queries/1.8.11/Security/CWE-611/Xxe.qlx.
codeql / Analyze (python)	UNKNOWN STEP	2026-09-26T11:38:18.3674307Z [18/174] Loaded /opt/hostedtoolcache/CodeQL/2.27.1/x64/codeql/qlpacks/codeql/python-queries/1.8.11/Security/CWE-1275/SameSiteNoneCookie.qlx.
codeql / Analyze (python)	UNKNOWN STEP	2026-09-26T11:38:18.4034329Z [19/174] Loaded /opt/hostedtoolcache/CodeQL/2.27.1/x64/codeql/qlpacks/codeql/python-queries/1.8.11/Security/CWE-352/CSRFProtectionDisabled.qlx.
codeql / Analyze (python)	UNKNOWN STEP	2026-09-26T11:38:18.4649389Z [20/174] Loaded /opt/hostedtoolcache/CodeQL/2.27.1/x64/codeql/qlpacks/codeql/python-queries/1.8.11/Security/CWE-312/CleartextLogging.qlx.
codeql / Analyze (python)	UNKNOWN STEP	2026-09-26T11:38:18.5094300Z [21/174] Loaded /opt/hostedtoolcache/CodeQL/2.27.1/x64/codeql/qlpacks/codeql/python-queries/1.8.11/Security/CWE-1004/NonHttpOnlyCookie.qlx.
codeql / Analyze (python)	UNKNOWN STEP	2026-09-26T11:38:18.5216630Z [22/174] Loaded /opt/hostedtoolcache/CodeQL/2.27.1/x64/codeql/qlpacks/codeql/python-queries/1.8.11/Security/CWE-312/CleartextStorage.qlx.
codeql / Analyze (python)	UNKNOWN STEP	2026-09-26T11:38:18.5514086Z [23/174] Loaded /opt/hostedtoolcache/CodeQL/2.27.1/x64/codeql/qlpacks/codeql/python-queries/1.8.11/Security/CWE-776/XmlBomb.qlx.
codeql / Analyze (python)	UNKNOWN STEP	2026-09-26T11:38:18.7144508Z [24/174] Loaded /opt/hostedtoolcache/CodeQL/2.27.1/x64/codeql/qlpacks/codeql/python-queries/1.8.11/Security/CWE-502/UnsafeDeserialization.qlx.
codeql / Analyze (python)	UNKNOWN STEP	2026-09-26T11:38:18.7224309Z [25/174] Loaded /opt/hostedtoolcache/CodeQL/2.27.1/x64/codeql/qlpacks/codeql/python-queries/1.8.11/Security/CVE-2018-1281/BindToAllInterfaces.qlx.
codeql / Analyze (python)	UNKNOWN STEP	2026-09-26T11:38:18.7607302Z [26/174] Loaded /opt/hostedtoolcache/CodeQL/2.27.1/x64/codeql/qlpacks/codeql/python-queries/1.8.11/Security/CWE-089/SqlInjection.qlx.
codeql / Analyze (python)	UNKNOWN STEP	2026-09-26T11:38:18.7688810Z [27/174] Loaded /opt/hostedtoolcache/CodeQL/2.27.1/x64/codeql/qlpacks/codeql/python-queries/1.8.11/Security/CWE-078/CommandInjection.qlx.
codeql / Analyze (python)	UNKNOWN STEP	2026-09-26T11:38:18.7753894Z [28/174] Loaded /opt/hostedtoolcache/CodeQL/2.27.1/x64/codeql/qlpacks/codeql/python-queries/1.8.11/Security/CWE-215/FlaskDebug.qlx.
codeql / Analyze (python)	UNKNOWN STEP	2026-09-26T11:38:18.8658335Z [29/174] Loaded /opt/hostedtoolcache/CodeQL/2.27.1/x64/codeql/qlpacks/codeql/python-queries/1.8.11/Security/CWE-074/TemplateInjection.qlx.
codeql / Analyze (python)	UNKNOWN STEP	2026-09-26T11:38:18.8843551Z [30/174] Loaded /opt/hostedtoolcache/CodeQL/2.27.1/x64/codeql/qlpacks/codeql/python-queries/1.8.11/Security/CWE-327/InsecureProtocol.qlx.
codeql / Analyze (python)	UNKNOWN STEP	2026-09-26T11:38:18.8984844Z [31/174] Loaded /opt/hostedtoolcache/CodeQL/2.27.1/x64/codeql/qlpacks/codeql/python-queries/1.8.11/Security/CWE-327/BrokenCryptoAlgorithm.qlx.
codeql / Analyze (python)	UNKNOWN STEP	2026-09-26T11:38:18.9107761Z [32/174] Loaded /opt/hostedtoolcache/CodeQL/2.27.1/x64/codeql/qlpacks/codeql/python-queries/1.8.11/Security/CWE-327/InsecureDefaultProtocol.qlx.
codeql / Analyze (python)	UNKNOWN STEP	2026-09-26T11:38:18.9274493Z [33/174] Loaded /opt/hostedtoolcache/CodeQL/2.27.1/x64/codeql/qlpacks/codeql/python-queries/1.8.11/Security/CWE-327/WeakSensitiveDataHashing.qlx.
codeql / Analyze (python)	UNKNOWN STEP	2026-09-26T11:38:18.9394437Z [34/174] Loaded /opt/hostedtoolcache/CodeQL/2.27.1/x64/codeql/qlpacks/codeql/python-queries/1.8.11/Security/CWE-020/IncompleteUrlSubstringSanitization.qlx.
codeql / Analyze (python)	UNKNOWN STEP	2026-09-26T11:38:18.9464160Z [35/174] Loaded /opt/hostedtoolcache/CodeQL/2.27.1/x64/codeql/qlpacks/codeql/python-queries/1.8.11/Security/CWE-614/InsecureCookie.qlx.
codeql / Analyze (python)	UNKNOWN STEP	2026-09-26T11:38:18.9740185Z [36/174] Loaded /opt/hostedtoolcache/CodeQL/2.27.1/x64/codeql/qlpacks/codeql/python-queries/1.8.11/Security/CWE-090/LdapInjection.qlx.
codeql / Analyze (python)	UNKNOWN STEP	2026-09-26T11:38:18.9830271Z [37/174] Loaded /opt/hostedtoolcache/CodeQL/2.27.1/x64/codeql/qlpacks/codeql/python-queries/1.8.11/Security/CWE-020/OverlyLargeRange.qlx.
codeql / Analyze (python)	UNKNOWN STEP	2026-09-26T11:38:18.9944951Z [38/174] Loaded /opt/hostedtoolcache/CodeQL/2.27.1/x64/codeql/qlpacks/codeql/python-queries/1.8.11/Security/CWE-020/IncompleteHostnameRegExp.qlx.
codeql / Analyze (python)	UNKNOWN STEP	2026-09-26T11:38:19.0284840Z [39/174] Loaded /opt/hostedtoolcache/CodeQL/2.27.1/x64/codeql/qlpacks/codeql/python-queries/1.8.11/Security/CWE-285/PamAuthorization.qlx.
codeql / Analyze (python)	UNKNOWN STEP	2026-09-26T11:38:19.1280559Z [40/174] Loaded /opt/hostedtoolcache/CodeQL/2.27.1/x64/codeql/qlpacks/codeql/python-queries/1.8.11/Security/CWE-079/Jinja2WithoutEscaping.qlx.
codeql / Analyze (python)	UNKNOWN STEP	2026-09-26T11:38:19.1637118Z [41/174] Loaded /opt/hostedtoolcache/CodeQL/2.27.1/x64/codeql/qlpacks/codeql/python-queries/1.8.11/Security/CWE-020/CookieInjection.qlx.
codeql / Analyze (python)	UNKNOWN STEP	2026-09-26T11:38:19.1864577Z [42/174] Loaded /opt/hostedtoolcache/CodeQL/2.27.1/x64/codeql/qlpacks/codeql/python-queries/1.8.11/Security/CWE-113/HeaderInjection.qlx.
codeql / Analyze (python)	UNKNOWN STEP	2026-09-26T11:38:19.2040124Z [43/174] Loaded /opt/hostedtoolcache/CodeQL/2.27.1/x64/codeql/qlpacks/codeql/python-queries/1.8.11/Security/CWE-295/RequestWithoutValidation.qlx.
codeql / Analyze (python)	UNKNOWN STEP	2026-09-26T11:38:19.2107032Z [44/174] Loaded /opt/hostedtoolcache/CodeQL/2.27.1/x64/codeql/qlpacks/codeql/python-queries/1.8.11/Security/CWE-732/WeakFilePermissions.qlx.
codeql / Analyze (python)	UNKNOWN STEP	2026-09-26T11:38:19.2232516Z [45/174] Loaded /opt/hostedtoolcache/CodeQL/2.27.1/x64/codeql/qlpacks/codeql/python-queries/1.8.11/Security/CWE-022/TarSlip.qlx.
codeql / Analyze (python)	UNKNOWN STEP	2026-09-26T11:38:19.2316973Z [46/174] Loaded /opt/hostedtoolcache/CodeQL/2.27.1/x64/codeql/qlpacks/codeql/python-queries/1.8.11/Diagnostics/ExtractionWarnings.qlx.
codeql / Analyze (python)	UNKNOWN STEP	2026-09-26T11:38:19.2369059Z [47/174] Loaded /opt/hostedtoolcache/CodeQL/2.27.1/x64/codeql/qlpacks/codeql/python-queries/1.8.11/Diagnostics/ExtractedFiles.qlx.
codeql / Analyze (python)	UNKNOWN STEP	2026-09-26T11:38:19.2484215Z [48/174] Loaded /opt/hostedtoolcache/CodeQL/2.27.1/x64/codeql/qlpacks/codeql/python-queries/1.8.11/Summary/LinesOfUserCode.qlx.
codeql / Analyze (python)	UNKNOWN STEP	2026-09-26T11:38:19.2575894Z [49/174] Loaded /opt/hostedtoolcache/CodeQL/2.27.1/x64/codeql/qlpacks/codeql/python-queries/1.8.11/Security/CWE-918/PartialServerSideRequestForgery.qlx.
codeql / Analyze (python)	UNKNOWN STEP	2026-09-26T11:38:19.2604068Z [50/174] Loaded /opt/hostedtoolcache/CodeQL/2.27.1/x64/codeql/qlpacks/codeql/python-queries/1.8.11/Summary/LinesOfCode.qlx.
codeql / Analyze (python)	UNKNOWN STEP	2026-09-26T11:38:19.2630110Z [51/174] Loaded /opt/hostedtoolcache/CodeQL/2.27.1/x64/codeql/qlpacks/codeql/python-queries/1.8.11/Lexical/OldOctalLiteral.qlx.
codeql / Analyze (python)	UNKNOWN STEP	2026-09-26T11:38:19.2686215Z [52/174] Loaded /opt/hostedtoolcache/CodeQL/2.27.1/x64/codeql/qlpacks/codeql/python-queries/1.8.11/Lexical/CommentedOutCode.qlx.
codeql / Analyze (python)	UNKNOWN STEP	2026-09-26T11:38:19.2774330Z [53/174] Loaded /opt/hostedtoolcache/CodeQL/2.27.1/x64/codeql/qlpacks/codeql/python-queries/1.8.11/Variables/GlobalAtModuleLevel.qlx.
codeql / Analyze (python)	UNKNOWN STEP	2026-09-26T11:38:19.2804037Z [54/174] Loaded /opt/hostedtoolcache/CodeQL/2.27.1/x64/codeql/qlpacks/codeql/python-queries/1.8.11/Variables/UnusedLocalVariable.qlx.
codeql / Analyze (python)	UNKNOWN STEP	2026-09-26T11:38:19.2946231Z [55/174] Loaded /opt/hostedtoolcache/CodeQL/2.27.1/x64/codeql/qlpacks/codeql/python-queries/1.8.11/Security/CWE-117/LogInjection.qlx.
codeql / Analyze (python)	UNKNOWN STEP	2026-09-26T11:38:19.3201161Z [56/174] Loaded /opt/hostedtoolcache/CodeQL/2.27.1/x64/codeql/qlpacks/codeql/python-queries/1.8.11/Variables/SuspiciousUnusedLoopIterationVariable.qlx.
codeql / Analyze (python)	UNKNOWN STEP	2026-09-26T11:38:19.3294226Z [57/174] Loaded /opt/hostedtoolcache/CodeQL/2.27.1/x64/codeql/qlpacks/codeql/python-queries/1.8.11/Variables/LeakingListComprehension.qlx.
codeql / Analyze (python)	UNKNOWN STEP	2026-09-26T11:38:19.3764828Z [58/174] Loaded /opt/hostedtoolcache/CodeQL/2.27.1/x64/codeql/qlpacks/codeql/python-queries/1.8.11/Security/CWE-078/UnsafeShellCommandConstruction.qlx.
codeql / Analyze (python)	UNKNOWN STEP	2026-09-26T11:38:19.4244475Z [59/174] Loaded /opt/hostedtoolcache/CodeQL/2.27.1/x64/codeql/qlpacks/codeql/python-queries/1.8.11/Variables/UndefinedPlaceHolder.qlx.
codeql / Analyze (python)	UNKNOWN STEP	2026-09-26T11:38:19.4253924Z [60/174] Loaded /opt/hostedtoolcache/CodeQL/2.27.1/x64/codeql/qlpacks/codeql/python-queries/1.8.11/Variables/UnusedModuleVariable.qlx.
codeql / Analyze (python)	UNKNOWN STEP	2026-09-26T11:38:19.4305767Z [61/174] Loaded /opt/hostedtoolcache/CodeQL/2.27.1/x64/codeql/qlpacks/codeql/python-queries/1.8.11/Variables/LoopVariableCapture/LoopVariableCapture.qlx.
codeql / Analyze (python)	UNKNOWN STEP	2026-09-26T11:38:19.4334082Z [62/174] Loaded /opt/hostedtoolcache/CodeQL/2.27.1/x64/codeql/qlpacks/codeql/python-queries/1.8.11/Variables/MultiplyDefined.qlx.
codeql / Analyze (python)	UNKNOWN STEP	2026-09-26T11:38:19.4424869Z [63/174] Loaded /opt/hostedtoolcache/CodeQL/2.27.1/x64/codeql/qlpacks/codeql/python-queries/1.8.11/Imports/ImportandImportFrom.qlx.
codeql / Analyze (python)	UNKNOWN STEP	2026-09-26T11:38:19.4454056Z [64/174] Loaded /opt/hostedtoolcache/CodeQL/2.27.1/x64/codeql/qlpacks/codeql/python-queries/1.8.11/Variables/UninitializedLocal.qlx.
codeql / Analyze (python)	UNKNOWN STEP	2026-09-26T11:38:19.5174373Z [65/174] Loaded /opt/hostedtoolcache/CodeQL/2.27.1/x64/codeql/qlpacks/codeql/python-queries/1.8.11/Variables/UndefinedExport.qlx.
codeql / Analyze (python)	UNKNOWN STEP	2026-09-26T11:38:19.5203932Z [66/174] Loaded /opt/hostedtoolcache/CodeQL/2.27.1/x64/codeql/qlpacks/codeql/python-queries/1.8.11/Imports/ModuleImportsItself.qlx.
codeql / Analyze (python)	UNKNOWN STEP	2026-09-26T11:38:19.5224276Z [67/174] Loaded /opt/hostedtoolcache/CodeQL/2.27.1/x64/codeql/qlpacks/codeql/python-queries/1.8.11/Imports/CyclicImport.qlx.
codeql / Analyze (python)	UNKNOWN STEP	2026-09-26T11:38:19.5233816Z [68/174] Loaded /opt/hostedtoolcache/CodeQL/2.27.1/x64/codeql/qlpacks/codeql/python-queries/1.8.11/Imports/SyntaxError.qlx.
codeql / Analyze (python)	UNKNOWN STEP	2026-09-26T11:38:19.5253921Z [69/174] Loaded /opt/hostedtoolcache/CodeQL/2.27.1/x64/codeql/qlpacks/codeql/python-queries/1.8.11/Imports/ModuleLevelCyclicImport.qlx.
codeql / Analyze (python)	UNKNOWN STEP	2026-09-26T11:38:19.5304163Z [70/174] Loaded /opt/hostedtoolcache/CodeQL/2.27.1/x64/codeql/qlpacks/codeql/python-queries/1.8.11/Imports/UnintentionalImport.qlx.
codeql / Analyze (python)	UNKNOWN STEP	2026-09-26T11:38:19.5364188Z [71/174] Loaded /opt/hostedtoolcache/CodeQL/2.27.1/x64/codeql/qlpacks/codeql/python-queries/1.8.11/Imports/MultipleImports.qlx.
codeql / Analyze (python)	UNKNOWN STEP	2026-09-26T11:38:19.5459699Z [72/174] Loaded /opt/hostedtoolcache/CodeQL/2.27.1/x64/codeql/qlpacks/codeql/python-queries/1.8.11/Imports/EncodingError.qlx.
codeql / Analyze (python)	UNKNOWN STEP	2026-09-26T11:38:19.5473806Z [73/174] Loaded /opt/hostedtoolcache/CodeQL/2.27.1/x64/codeql/qlpacks/codeql/python-queries/1.8.11/Imports/DeprecatedModule.qlx.
codeql / Analyze (python)	UNKNOWN STEP	2026-09-26T11:38:19.5714172Z [74/174] Loaded /opt/hostedtoolcache/CodeQL/2.27.1/x64/codeql/qlpacks/codeql/python-queries/1.8.11/Imports/UnusedImport.qlx.
codeql / Analyze (python)	UNKNOWN STEP	2026-09-26T11:38:19.5954195Z [75/174] Loaded /opt/hostedtoolcache/CodeQL/2.27.1/x64/codeql/qlpacks/codeql/python-queries/1.8.11/Classes/CallsToInitDel/MissingCallToDel.qlx.
codeql / Analyze (python)	UNKNOWN STEP	2026-09-26T11:38:19.5984076Z [76/174] Loaded /opt/hostedtoolcache/CodeQL/2.27.1/x64/codeql/qlpacks/codeql/python-queries/1.8.11/Classes/CallsToInitDel/SuperclassInitCalledMultipleTimes.qlx.
codeql / Analyze (python)	UNKNOWN STEP	2026-09-26T11:38:19.6014087Z [77/174] Loaded /opt/hostedtoolcache/CodeQL/2.27.1/x64/codeql/qlpacks/codeql/python-queries/1.8.11/Classes/CallsToInitDel/MissingCallToInit.qlx.
codeql / Analyze (python)	UNKNOWN STEP	2026-09-26T11:38:19.6194402Z [78/174] Loaded /opt/hostedtoolcache/CodeQL/2.27.1/x64/codeql/qlpacks/codeql/python-queries/1.8.11/Classes/WrongNumberArgumentsInClassInstantiation.qlx.
codeql / Analyze (python)	UNKNOWN STEP	2026-09-26T11:38:19.6254229Z [79/174] Loaded /opt/hostedtoolcache/CodeQL/2.27.1/x64/codeql/qlpacks/codeql/python-queries/1.8.11/Classes/DefineEqualsWhenAddingAttributes.qlx.
codeql / Analyze (python)	UNKNOWN STEP	2026-09-26T11:38:19.6308373Z [80/174] Loaded /opt/hostedtoolcache/CodeQL/2.27.1/x64/codeql/qlpacks/codeql/python-queries/1.8.11/Imports/FromImportOfMutableAttribute.qlx.
codeql / Analyze (python)	UNKNOWN STEP	2026-09-26T11:38:19.6364338Z [81/174] Loaded /opt/hostedtoolcache/CodeQL/2.27.1/x64/codeql/qlpacks/codeql/python-queries/1.8.11/Classes/OverwritingAttributeInSuperClass.qlx.
codeql / Analyze (python)	UNKNOWN STEP	2026-09-26T11:38:19.6424080Z [82/174] Loaded /opt/hostedtoolcache/CodeQL/2.27.1/x64/codeql/qlpacks/codeql/python-queries/1.8.11/Classes/CallsToInitDel/SuperclassDelCalledMultipleTimes.qlx.
codeql / Analyze (python)	UNKNOWN STEP	2026-09-26T11:38:19.6604193Z [83/174] Loaded /opt/hostedtoolcache/CodeQL/2.27.1/x64/codeql/qlpacks/codeql/python-queries/1.8.11/Classes/InconsistentMRO.qlx.
codeql / Analyze (python)	UNKNOWN STEP	2026-09-26T11:38:19.6654024Z [84/174] Loaded /opt/hostedtoolcache/CodeQL/2.27.1/x64/codeql/qlpacks/codeql/python-queries/1.8.11/Classes/SubclassShadowing/SubclassShadowing.qlx.
codeql / Analyze (python)	UNKNOWN STEP	2026-09-26T11:38:19.6724023Z [85/174] Loaded /opt/hostedtoolcache/CodeQL/2.27.1/x64/codeql/qlpacks/codeql/python-queries/1.8.11/Classes/MutatingDescriptor.qlx.
codeql / Analyze (python)	UNKNOWN STEP	2026-09-26T11:38:19.6942485Z [86/174] Loaded /opt/hostedtoolcache/CodeQL/2.27.1/x64/codeql/qlpacks/codeql/python-queries/1.8.11/Classes/InitCallsSubclass/InitCallsSubclassMethod.qlx.
codeql / Analyze (python)	UNKNOWN STEP	2026-09-26T11:38:19.7046104Z [87/174] Loaded /opt/hostedtoolcache/CodeQL/2.27.1/x64/codeql/qlpacks/codeql/python-queries/1.8.11/Classes/Comparisons/EqualsOrHash.qlx.
codeql / Analyze (python)	UNKNOWN STEP	2026-09-26T11:38:19.7048059Z [88/174] Loaded /opt/hostedtoolcache/CodeQL/2.27.1/x64/codeql/qlpacks/codeql/python-queries/1.8.11/Classes/PropertyInOldStyleClass.qlx.
codeql / Analyze (python)	UNKNOWN STEP	2026-09-26T11:38:19.7114004Z [89/174] Loaded /opt/hostedtoolcache/CodeQL/2.27.1/x64/codeql/qlpacks/codeql/python-queries/1.8.11/Classes/SuperInOldStyleClass.qlx.
codeql / Analyze (python)	UNKNOWN STEP	2026-09-26T11:38:19.7163242Z [90/174] Loaded /opt/hostedtoolcache/CodeQL/2.27.1/x64/codeql/qlpacks/codeql/python-queries/1.8.11/Classes/Comparisons/EqualsOrNotEquals.qlx.
codeql / Analyze (python)	UNKNOWN STEP	2026-09-26T11:38:19.7234261Z [91/174] Loaded /opt/hostedtoolcache/CodeQL/2.27.1/x64/codeql/qlpacks/codeql/python-queries/1.8.11/Classes/WrongNameForArgumentInClassInstantiation.qlx.
codeql / Analyze (python)	UNKNOWN STEP	2026-09-26T11:38:19.7284147Z [92/174] Loaded /opt/hostedtoolcache/CodeQL/2.27.1/x64/codeql/qlpacks/codeql/python-queries/1.8.11/Classes/ConflictingAttributesInBaseClasses.qlx.
codeql / Analyze (python)	UNKNOWN STEP	2026-09-26T11:38:19.7414305Z [93/174] Loaded /opt/hostedtoolcache/CodeQL/2.27.1/x64/codeql/qlpacks/codeql/python-queries/1.8.11/Expressions/ExpectedMappingForFormatString.qlx.
codeql / Analyze (python)	UNKNOWN STEP	2026-09-26T11:38:19.7460471Z [94/174] Loaded /opt/hostedtoolcache/CodeQL/2.27.1/x64/codeql/qlpacks/codeql/python-queries/1.8.11/Expressions/HashedButNoHash.qlx.
codeql / Analyze (python)	UNKNOWN STEP	2026-09-26T11:38:19.7504083Z [95/174] Loaded /opt/hostedtoolcache/CodeQL/2.27.1/x64/codeql/qlpacks/codeql/python-queries/1.8.11/Classes/Comparisons/IncompleteOrdering.qlx.
codeql / Analyze (python)	UNKNOWN STEP	2026-09-26T11:38:19.7564009Z [96/174] Loaded /opt/hostedtoolcache/CodeQL/2.27.1/x64/codeql/qlpacks/codeql/python-queries/1.8.11/Classes/SlotsInOldStyleClass.qlx.
codeql / Analyze (python)	UNKNOWN STEP	2026-09-26T11:38:19.7623961Z [97/174] Loaded /opt/hostedtoolcache/CodeQL/2.27.1/x64/codeql/qlpacks/codeql/python-queries/1.8.11/Expressions/EqualsNone.qlx.
codeql / Analyze (python)	UNKNOWN STEP	2026-09-26T11:38:19.7674186Z [98/174] Loaded /opt/hostedtoolcache/CodeQL/2.27.1/x64/codeql/qlpacks/codeql/python-queries/1.8.11/Expressions/UnintentionalImplicitStringConcatenation.qlx.
codeql / Analyze (python)	UNKNOWN STEP	2026-09-26T11:38:19.7734332Z [99/174] Loaded /opt/hostedtoolcache/CodeQL/2.27.1/x64/codeql/qlpacks/codeql/python-queries/1.8.11/Expressions/WrongNameForArgumentInCall.qlx.
codeql / Analyze (python)	UNKNOWN STEP	2026-09-26T11:38:19.7804286Z [100/174] Loaded /opt/hostedtoolcache/CodeQL/2.27.1/x64/codeql/qlpacks/codeql/python-queries/1.8.11/Expressions/ContainsNonContainer.qlx.
codeql / Analyze (python)	UNKNOWN STEP	2026-09-26T11:38:19.7843789Z [101/174] Loaded /opt/hostedtoolcache/CodeQL/2.27.1/x64/codeql/qlpacks/codeql/python-queries/1.8.11/Expressions/WrongNumberArgumentsInCall.qlx.
codeql / Analyze (python)	UNKNOWN STEP	2026-09-26T11:38:19.7904099Z [102/174] Loaded /opt/hostedtoolcache/CodeQL/2.27.1/x64/codeql/qlpacks/codeql/python-queries/1.8.11/Expressions/UseofApply.qlx.
codeql / Analyze (python)	UNKNOWN STEP	2026-09-26T11:38:19.7906381Z [103/174] Loaded /opt/hostedtoolcache/CodeQL/2.27.1/x64/codeql/qlpacks/codeql/python-queries/1.8.11/Expressions/TruncatedDivision.qlx.
codeql / Analyze (python)	UNKNOWN STEP	2026-09-26T11:38:19.7908254Z [104/174] Loaded /opt/hostedtoolcache/CodeQL/2.27.1/x64/codeql/qlpacks/codeql/python-queries/1.8.11/Expressions/WrongNumberArgumentsForFormat.qlx.
codeql / Analyze (python)	UNKNOWN STEP	2026-09-26T11:38:19.7910357Z [105/174] Loaded /opt/hostedtoolcache/CodeQL/2.27.1/x64/codeql/qlpacks/codeql/python-queries/1.8.11/Expressions/Formatting/MixedExplicitImplicitIn3101Format.qlx.
codeql / Analyze (python)	UNKNOWN STEP	2026-09-26T11:38:19.7935113Z [106/174] Loaded /opt/hostedtoolcache/CodeQL/2.27.1/x64/codeql/qlpacks/codeql/python-queries/1.8.11/Expressions/Formatting/WrongNumberArgumentsFor3101Format.qlx.
codeql / Analyze (python)	UNKNOWN STEP	2026-09-26T11:38:19.7954618Z [107/174] Loaded /opt/hostedtoolcache/CodeQL/2.27.1/x64/codeql/qlpacks/codeql/python-queries/1.8.11/Expressions/Formatting/UnusedArgumentIn3101Format.qlx.
codeql / Analyze (python)	UNKNOWN STEP	2026-09-26T11:38:19.7984198Z [108/174] Loaded /opt/hostedtoolcache/CodeQL/2.27.1/x64/codeql/qlpacks/codeql/python-queries/1.8.11/Expressions/Formatting/UnusedNamedArgumentIn3101Format.qlx.
codeql / Analyze (python)	UNKNOWN STEP	2026-09-26T11:38:19.8014005Z [109/174] Loaded /opt/hostedtoolcache/CodeQL/2.27.1/x64/codeql/qlpacks/codeql/python-queries/1.8.11/Expressions/IncorrectComparisonUsingIs.qlx.
codeql / Analyze (python)	UNKNOWN STEP	2026-09-26T11:38:19.8044027Z [110/174] Loaded /opt/hostedtoolcache/CodeQL/2.27.1/x64/codeql/qlpacks/codeql/python-queries/1.8.11/Expressions/CompareIdenticalValuesMissingSelf.qlx.
codeql / Analyze (python)	UNKNOWN STEP	2026-09-26T11:38:19.8066211Z [111/174] Loaded /opt/hostedtoolcache/CodeQL/2.27.1/x64/codeql/qlpacks/codeql/python-queries/1.8.11/Expressions/Formatting/WrongNameInArgumentsFor3101Format.qlx.
codeql / Analyze (python)	UNKNOWN STEP	2026-09-26T11:38:19.8097898Z [112/174] Loaded /opt/hostedtoolcache/CodeQL/2.27.1/x64/codeql/qlpacks/codeql/python-queries/1.8.11/Expressions/Comparisons/UselessComparisonTest.qlx.
codeql / Analyze (python)	UNKNOWN STEP	2026-09-26T11:38:19.8144070Z [113/174] Loaded /opt/hostedtoolcache/CodeQL/2.27.1/x64/codeql/qlpacks/codeql/python-queries/1.8.11/Expressions/UnsupportedFormatCharacter.qlx.
codeql / Analyze (python)	UNKNOWN STEP	2026-09-26T11:38:19.8158810Z [114/174] Loaded /opt/hostedtoolcache/CodeQL/2.27.1/x64/codeql/qlpacks/codeql/python-queries/1.8.11/Expressions/CompareConstants.qlx.
codeql / Analyze (python)	UNKNOWN STEP	2026-09-26T11:38:19.8174631Z [115/174] Loaded /opt/hostedtoolcache/CodeQL/2.27.1/x64/codeql/qlpacks/codeql/python-queries/1.8.11/Expressions/CallToSuperWrongClass.qlx.
codeql / Analyze (python)	UNKNOWN STEP	2026-09-26T11:38:19.8586243Z [116/174] Loaded /opt/hostedtoolcache/CodeQL/2.27.1/x64/codeql/qlpacks/codeql/python-queries/1.8.11/Expressions/CompareIdenticalValues.qlx.
codeql / Analyze (python)	UNKNOWN STEP	2026-09-26T11:38:19.8784295Z [117/174] Loaded /opt/hostedtoolcache/CodeQL/2.27.1/x64/codeql/qlpacks/codeql/python-queries/1.8.11/Expressions/Regex/UnmatchableCaret.qlx.
codeql / Analyze (python)	UNKNOWN STEP	2026-09-26T11:38:19.8964647Z [118/174] Loaded /opt/hostedtoolcache/CodeQL/2.27.1/x64/codeql/qlpacks/codeql/python-queries/1.8.11/Expressions/Regex/MissingPartSpecialGroup.qlx.
codeql / Analyze (python)	UNKNOWN STEP	2026-09-26T11:38:19.9014672Z [119/174] Loaded /opt/hostedtoolcache/CodeQL/2.27.1/x64/codeql/qlpacks/codeql/python-queries/1.8.11/Expressions/Regex/BackspaceEscape.qlx.
codeql / Analyze (python)	UNKNOWN STEP	2026-09-26T11:38:19.9058623Z [120/174] Loaded /opt/hostedtoolcache/CodeQL/2.27.1/x64/codeql/qlpacks/codeql/python-queries/1.8.11/Expressions/Regex/UnmatchableDollar.qlx.
codeql / Analyze (python)	UNKNOWN STEP	2026-09-26T11:38:19.9071218Z [121/174] Loaded /opt/hostedtoolcache/CodeQL/2.27.1/x64/codeql/qlpacks/codeql/python-queries/1.8.11/Expressions/Regex/DuplicateCharacterInSet.qlx.
codeql / Analyze (python)	UNKNOWN STEP	2026-09-26T11:38:19.9134410Z [122/174] Loaded /opt/hostedtoolcache/CodeQL/2.27.1/x64/codeql/qlpacks/codeql/python-queries/1.8.11/Expressions/ExplicitCallToDel.qlx.
codeql / Analyze (python)	UNKNOWN STEP	2026-09-26T11:38:19.9164007Z [123/174] Loaded /opt/hostedtoolcache/CodeQL/2.27.1/x64/codeql/qlpacks/codeql/python-queries/1.8.11/Expressions/NonCallableCalled.qlx.
codeql / Analyze (python)	UNKNOWN STEP	2026-09-26T11:38:19.9185703Z [124/174] Loaded /opt/hostedtoolcache/CodeQL/2.27.1/x64/codeql/qlpacks/codeql/python-queries/1.8.11/Expressions/DuplicateKeyInDictionaryLiteral.qlx.
codeql / Analyze (python)	UNKNOWN STEP	2026-09-26T11:38:19.9214077Z [125/174] Loaded /opt/hostedtoolcache/CodeQL/2.27.1/x64/codeql/qlpacks/codeql/python-queries/1.8.11/Expressions/UnnecessaryLambda.qlx.
codeql / Analyze (python)	UNKNOWN STEP	2026-09-26T11:38:19.9354200Z [126/174] Loaded /opt/hostedtoolcache/CodeQL/2.27.1/x64/codeql/qlpacks/codeql/python-queries/1.8.11/Functions/IterReturnsNonSelf.qlx.
codeql / Analyze (python)	UNKNOWN STEP	2026-09-26T11:38:19.9416304Z [127/174] Loaded /opt/hostedtoolcache/CodeQL/2.27.1/x64/codeql/qlpacks/codeql/python-queries/1.8.11/Functions/InitIsGenerator.qlx.
codeql / Analyze (python)	UNKNOWN STEP	2026-09-26T11:38:19.9484648Z [128/174] Loaded /opt/hostedtoolcache/CodeQL/2.27.1/x64/codeql/qlpacks/codeql/python-queries/1.8.11/Functions/IncorrectlyOverriddenMethod.qlx.
codeql / Analyze (python)	UNKNOWN STEP	2026-09-26T11:38:19.9486722Z [129/174] Loaded /opt/hostedtoolcache/CodeQL/2.27.1/x64/codeql/qlpacks/codeql/python-queries/1.8.11/Functions/IncorrectlySpecifiedOverriddenMethod.qlx.
codeql / Analyze (python)	UNKNOWN STEP	2026-09-26T11:38:19.9692415Z [130/174] Loaded /opt/hostedtoolcache/CodeQL/2.27.1/x64/codeql/qlpacks/codeql/python-queries/1.8.11/Functions/NonSelf.qlx.
codeql / Analyze (python)	UNKNOWN STEP	2026-09-26T11:38:19.9726147Z [131/174] Loaded /opt/hostedtoolcache/CodeQL/2.27.1/x64/codeql/qlpacks/codeql/python-queries/1.8.11/Functions/IterReturnsNonIterator.qlx.
codeql / Analyze (python)	UNKNOWN STEP	2026-09-26T11:38:19.9786191Z [132/174] Loaded /opt/hostedtoolcache/CodeQL/2.27.1/x64/codeql/qlpacks/codeql/python-queries/1.8.11/Functions/UseImplicitNoneReturnValue.qlx.
codeql / Analyze (python)	UNKNOWN STEP	2026-09-26T11:38:19.9868196Z [133/174] Loaded /opt/hostedtoolcache/CodeQL/2.27.1/x64/codeql/qlpacks/codeql/python-queries/1.8.11/Functions/DeprecatedSliceMethod.qlx.
codeql / Analyze (python)	UNKNOWN STEP	2026-09-26T11:38:19.9984378Z [134/174] Loaded /opt/hostedtoolcache/CodeQL/2.27.1/x64/codeql/qlpacks/codeql/python-queries/1.8.11/Functions/OverlyComplexDelMethod.qlx.
codeql / Analyze (python)	UNKNOWN STEP	2026-09-26T11:38:20.0138057Z [135/174] Loaded /opt/hostedtoolcache/CodeQL/2.27.1/x64/codeql/qlpacks/codeql/python-queries/1.8.11/Functions/IncorrectRaiseInSpecialMethod.qlx.
codeql / Analyze (python)	UNKNOWN STEP	2026-09-26T11:38:20.0174311Z [136/174] Loaded /opt/hostedtoolcache/CodeQL/2.27.1/x64/codeql/qlpacks/codeql/python-queries/1.8.11/Functions/ExplicitReturnInInit.qlx.
codeql / Analyze (python)	UNKNOWN STEP	2026-09-26T11:38:20.0288596Z [137/174] Loaded /opt/hostedtoolcache/CodeQL/2.27.1/x64/codeql/qlpacks/codeql/python-queries/1.8.11/Functions/SignatureSpecialMethods.qlx.
codeql / Analyze (python)	UNKNOWN STEP	2026-09-26T11:38:20.0536562Z [138/174] Loaded /opt/hostedtoolcache/CodeQL/2.27.1/x64/codeql/qlpacks/codeql/python-queries/1.8.11/Functions/SignatureOverriddenMethod.qlx.
codeql / Analyze (python)	UNKNOWN STEP	2026-09-26T11:38:20.0538780Z [139/174] Loaded /opt/hostedtoolcache/CodeQL/2.27.1/x64/codeql/qlpacks/codeql/python-queries/1.8.11/Functions/ConsistentReturns.qlx.
codeql / Analyze (python)	UNKNOWN STEP	2026-09-26T11:38:20.0594249Z [140/174] Loaded /opt/hostedtoolcache/CodeQL/2.27.1/x64/codeql/qlpacks/codeql/python-queries/1.8.11/Functions/ModificationOfParameterWithDefault.qlx.
codeql / Analyze (python)	UNKNOWN STEP	2026-09-26T11:38:20.0648685Z [141/174] Loaded /opt/hostedtoolcache/CodeQL/2.27.1/x64/codeql/qlpacks/codeql/python-queries/1.8.11/Functions/ReturnConsistentTupleSizes.qlx.
codeql / Analyze (python)	UNKNOWN STEP	2026-09-26T11:38:20.0694536Z [142/174] Loaded /opt/hostedtoolcache/CodeQL/2.27.1/x64/codeql/qlpacks/codeql/python-queries/1.8.11/Statements/TopLevelPrint.qlx.
codeql / Analyze (python)	UNKNOWN STEP	2026-09-26T11:38:20.0770909Z [143/174] Loaded /opt/hostedtoolcache/CodeQL/2.27.1/x64/codeql/qlpacks/codeql/python-queries/1.8.11/Statements/AssertOnTuple.qlx.
codeql / Analyze (python)	UNKNOWN STEP	2026-09-26T11:38:20.0824123Z [144/174] Loaded /opt/hostedtoolcache/CodeQL/2.27.1/x64/codeql/qlpacks/codeql/python-queries/1.8.11/Statements/NonIteratorInForLoop.qlx.
codeql / Analyze (python)	UNKNOWN STEP	2026-09-26T11:38:20.0876617Z [145/174] Loaded /opt/hostedtoolcache/CodeQL/2.27.1/x64/codeql/qlpacks/codeql/python-queries/1.8.11/Statements/NestedLoopsSameVariableWithReuse.qlx.
codeql / Analyze (python)	UNKNOWN STEP	2026-09-26T11:38:20.0923808Z [146/174] Loaded /opt/hostedtoolcache/CodeQL/2.27.1/x64/codeql/qlpacks/codeql/python-queries/1.8.11/Functions/NonCls.qlx.
codeql / Analyze (python)	UNKNOWN STEP	2026-09-26T11:38:20.0984001Z [147/174] Loaded /opt/hostedtoolcache/CodeQL/2.27.1/x64/codeql/qlpacks/codeql/python-queries/1.8.11/Statements/SideEffectInAssert.qlx.
codeql / Analyze (python)	UNKNOWN STEP	2026-09-26T11:38:20.1043996Z [148/174] Loaded /opt/hostedtoolcache/CodeQL/2.27.1/x64/codeql/qlpacks/codeql/python-queries/1.8.11/Statements/BreakOrReturnInFinally.qlx.
codeql / Analyze (python)	UNKNOWN STEP	2026-09-26T11:38:20.1055252Z [149/174] Loaded /opt/hostedtoolcache/CodeQL/2.27.1/x64/codeql/qlpacks/codeql/python-queries/1.8.11/Statements/StatementNoEffect.qlx.
codeql / Analyze (python)	UNKNOWN STEP	2026-09-26T11:38:20.1146564Z [150/174] Loaded /opt/hostedtoolcache/CodeQL/2.27.1/x64/codeql/qlpacks/codeql/python-queries/1.8.11/Statements/ReturnOrYieldOutsideFunction.qlx.
codeql / Analyze (python)	UNKNOWN STEP	2026-09-26T11:38:20.1224300Z [151/174] Loaded /opt/hostedtoolcache/CodeQL/2.27.1/x64/codeql/qlpacks/codeql/python-queries/1.8.11/Statements/IterableStringOrSequence.qlx.
codeql / Analyze (python)	UNKNOWN STEP	2026-09-26T11:38:20.1238907Z [152/174] Loaded /opt/hostedtoolcache/CodeQL/2.27.1/x64/codeql/qlpacks/codeql/python-queries/1.8.11/Statements/UseOfExit.qlx.
codeql / Analyze (python)	UNKNOWN STEP	2026-09-26T11:38:20.1276029Z [153/174] Loaded /opt/hostedtoolcache/CodeQL/2.27.1/x64/codeql/qlpacks/codeql/python-queries/1.8.11/Statements/NestedLoopsSameVariable.qlx.
codeql / Analyze (python)	UNKNOWN STEP	2026-09-26T11:38:20.1314014Z [154/174] Loaded /opt/hostedtoolcache/CodeQL/2.27.1/x64/codeql/qlpacks/codeql/python-queries/1.8.11/Statements/UnnecessaryElseClause.qlx.
codeql / Analyze (python)	UNKNOWN STEP	2026-09-26T11:38:20.1474264Z [155/174] Loaded /opt/hostedtoolcache/CodeQL/2.27.1/x64/codeql/qlpacks/codeql/python-queries/1.8.11/Statements/MismatchInMultipleAssignment.qlx.
codeql / Analyze (python)	UNKNOWN STEP	2026-09-26T11:38:20.1503986Z [156/174] Loaded /opt/hostedtoolcache/CodeQL/2.27.1/x64/codeql/qlpacks/codeql/python-queries/1.8.11/Statements/UnnecessaryDelete.qlx.
codeql / Analyze (python)	UNKNOWN STEP	2026-09-26T11:38:20.1533939Z [157/174] Loaded /opt/hostedtoolcache/CodeQL/2.27.1/x64/codeql/qlpacks/codeql/python-queries/1.8.11/Statements/UnnecessaryPass.qlx.
codeql / Analyze (python)	UNKNOWN STEP	2026-09-26T11:38:20.1563825Z [158/174] Loaded /opt/hostedtoolcache/CodeQL/2.27.1/x64/codeql/qlpacks/codeql/python-queries/1.8.11/Statements/UnreachableCode.qlx.
codeql / Analyze (python)	UNKNOWN STEP	2026-09-26T11:38:20.1654249Z [159/174] Loaded /opt/hostedtoolcache/CodeQL/2.27.1/x64/codeql/qlpacks/codeql/python-queries/1.8.11/Statements/ModificationOfLocals.qlx.
codeql / Analyze (python)	UNKNOWN STEP	2026-09-26T11:38:20.1714661Z [160/174] Loaded /opt/hostedtoolcache/CodeQL/2.27.1/x64/codeql/qlpacks/codeql/python-queries/1.8.11/Statements/UnusedExceptionObject.qlx.
codeql / Analyze (python)	UNKNOWN STEP	2026-09-26T11:38:20.1774359Z [161/174] Loaded /opt/hostedtoolcache/CodeQL/2.27.1/x64/codeql/qlpacks/codeql/python-queries/1.8.11/Statements/RedundantAssignment.qlx.
codeql / Analyze (python)	UNKNOWN STEP	2026-09-26T11:38:20.1804010Z [162/174] Loaded /opt/hostedtoolcache/CodeQL/2.27.1/x64/codeql/qlpacks/codeql/python-queries/1.8.11/Testing/ImpreciseAssert.qlx.
codeql / Analyze (python)	UNKNOWN STEP	2026-09-26T11:38:20.1864147Z [163/174] Loaded /opt/hostedtoolcache/CodeQL/2.27.1/x64/codeql/qlpacks/codeql/python-queries/1.8.11/Statements/ConstantInConditional.qlx.
codeql / Analyze (python)	UNKNOWN STEP	2026-09-26T11:38:20.1954303Z [164/174] Loaded /opt/hostedtoolcache/CodeQL/2.27.1/x64/codeql/qlpacks/codeql/python-queries/1.8.11/Statements/ShouldUseWithStatement.qlx.
codeql / Analyze (python)	UNKNOWN STEP	2026-09-26T11:38:20.2005001Z [165/174] Loaded /opt/hostedtoolcache/CodeQL/2.27.1/x64/codeql/qlpacks/codeql/python-queries/1.8.11/Exceptions/IllegalExceptionHandlerType.qlx.
codeql / Analyze (python)	UNKNOWN STEP	2026-09-26T11:38:20.2044131Z [166/174] Loaded /opt/hostedtoolcache/CodeQL/2.27.1/x64/codeql/qlpacks/codeql/python-queries/1.8.11/Exceptions/RaisingTuple.qlx.
codeql / Analyze (python)	UNKNOWN STEP	2026-09-26T11:38:20.2164151Z [167/174] Loaded /opt/hostedtoolcache/CodeQL/2.27.1/x64/codeql/qlpacks/codeql/python-queries/1.8.11/Numerics/Pythagorean.qlx.
codeql / Analyze (python)	UNKNOWN STEP	2026-09-26T11:38:20.2193858Z [168/174] Loaded /opt/hostedtoolcache/CodeQL/2.27.1/x64/codeql/qlpacks/codeql/python-queries/1.8.11/Exceptions/IllegalRaise.qlx.
codeql / Analyze (python)	UNKNOWN STEP	2026-09-26T11:38:20.2494235Z [169/174] Loaded /opt/hostedtoolcache/CodeQL/2.27.1/x64/codeql/qlpacks/codeql/python-queries/1.8.11/Exceptions/UnguardedNextInGenerator.qlx.
codeql / Analyze (python)	UNKNOWN STEP	2026-09-26T11:38:20.2524071Z [170/174] Loaded /opt/hostedtoolcache/CodeQL/2.27.1/x64/codeql/qlpacks/codeql/python-queries/1.8.11/Exceptions/CatchingBaseException.qlx.
codeql / Analyze (python)	UNKNOWN STEP	2026-09-26T11:38:20.2553992Z [171/174] Loaded /opt/hostedtoolcache/CodeQL/2.27.1/x64/codeql/qlpacks/codeql/python-queries/1.8.11/Exceptions/EmptyExcept.qlx.
codeql / Analyze (python)	UNKNOWN STEP	2026-09-26T11:38:20.2574062Z [172/174] Loaded /opt/hostedtoolcache/CodeQL/2.27.1/x64/codeql/qlpacks/codeql/python-queries/1.8.11/Exceptions/IncorrectExceptOrder.qlx.
codeql / Analyze (python)	UNKNOWN STEP	2026-09-26T11:38:20.2684406Z [173/174] Loaded /opt/hostedtoolcache/CodeQL/2.27.1/x64/codeql/qlpacks/codeql/python-queries/1.8.11/Exceptions/NotImplementedIsNotAnException.qlx.
codeql / Analyze (python)	UNKNOWN STEP	2026-09-26T11:38:20.2753997Z [174/174] Loaded /opt/hostedtoolcache/CodeQL/2.27.1/x64/codeql/qlpacks/codeql/python-queries/1.8.11/Resources/FileNotAlwaysClosed.qlx.
codeql / Analyze (python)	UNKNOWN STEP	2026-09-26T11:38:20.8589261Z Starting evaluation of codeql/python-queries/Classes/CallsToInitDel/MissingCallToInit.ql.
codeql / Analyze (python)	UNKNOWN STEP	2026-09-26T11:38:20.8590240Z Starting evaluation of codeql/python-queries/Classes/CallsToInitDel/MissingCallToDel.ql.
codeql / Analyze (python)	UNKNOWN STEP	2026-09-26T11:38:20.8590959Z Starting evaluation of codeql/python-queries/Classes/CallsToInitDel/SuperclassDelCalledMultipleTimes.ql.
codeql / Analyze (python)	UNKNOWN STEP	2026-09-26T11:38:20.8591723Z Starting evaluation of codeql/python-queries/Classes/CallsToInitDel/SuperclassInitCalledMultipleTimes.ql.
codeql / Analyze (python)	UNKNOWN STEP	2026-09-26T11:38:20.8643724Z Starting evaluation of codeql/python-queries/Classes/Comparisons/EqualsOrHash.ql.
codeql / Analyze (python)	UNKNOWN STEP	2026-09-26T11:38:20.8645142Z Starting evaluation of codeql/python-queries/Classes/Comparisons/EqualsOrNotEquals.ql.
codeql / Analyze (python)	UNKNOWN STEP	2026-09-26T11:38:20.8663719Z Starting evaluation of codeql/python-queries/Classes/Comparisons/IncompleteOrdering.ql.
codeql / Analyze (python)	UNKNOWN STEP	2026-09-26T11:38:21.1244134Z Starting evaluation of codeql/python-queries/Classes/ConflictingAttributesInBaseClasses.ql.
codeql / Analyze (python)	UNKNOWN STEP	2026-09-26T11:38:21.1304810Z Starting evaluation of codeql/python-queries/Classes/DefineEqualsWhenAddingAttributes.ql.
codeql / Analyze (python)	UNKNOWN STEP	2026-09-26T11:38:21.1325207Z Starting evaluation of codeql/python-queries/Classes/InconsistentMRO.ql.
codeql / Analyze (python)	UNKNOWN STEP	2026-09-26T11:38:21.1362937Z Starting evaluation of codeql/python-queries/Classes/InitCallsSubclass/InitCallsSubclassMethod.ql.
codeql / Analyze (python)	UNKNOWN STEP	2026-09-26T11:38:21.1364145Z Starting evaluation of codeql/python-queries/Classes/MutatingDescriptor.ql.
codeql / Analyze (python)	UNKNOWN STEP	2026-09-26T11:38:21.1365087Z Starting evaluation of codeql/python-queries/Classes/OverwritingAttributeInSuperClass.ql.
codeql / Analyze (python)	UNKNOWN STEP	2026-09-26T11:38:21.1366035Z Starting evaluation of codeql/python-queries/Classes/PropertyInOldStyleClass.ql.
codeql / Analyze (python)	UNKNOWN STEP	2026-09-26T11:38:21.1367394Z Starting evaluation of codeql/python-queries/Classes/SlotsInOldStyleClass.ql.
codeql / Analyze (python)	UNKNOWN STEP	2026-09-26T11:38:21.1368481Z Starting evaluation of codeql/python-queries/Classes/SubclassShadowing/SubclassShadowing.ql.
codeql / Analyze (python)	UNKNOWN STEP	2026-09-26T11:38:21.1369512Z Starting evaluation of codeql/python-queries/Classes/SuperInOldStyleClass.ql.
codeql / Analyze (python)	UNKNOWN STEP	2026-09-26T11:38:21.1370649Z Starting evaluation of codeql/python-queries/Classes/WrongNameForArgumentInClassInstantiation.ql.
codeql / Analyze (python)	UNKNOWN STEP	2026-09-26T11:38:21.1383937Z [1/174 eval 272ms] Evaluation done; writing results to codeql/python-queries/Classes/CallsToInitDel/MissingCallToInit.bqrs.
codeql / Analyze (python)	UNKNOWN STEP	2026-09-26T11:38:21.1603415Z [2/174 eval 296ms] Evaluation done; writing results to codeql/python-queries/Classes/CallsToInitDel/MissingCallToDel.bqrs.
codeql / Analyze (python)	UNKNOWN STEP	2026-09-26T11:38:21.1634778Z [3/174 eval 295ms] Evaluation done; writing results to codeql/python-queries/Classes/CallsToInitDel/SuperclassInitCalledMultipleTimes.bqrs.
codeql / Analyze (python)	UNKNOWN STEP	2026-09-26T11:38:21.1709066Z [4/174 eval 297ms] Evaluation done; writing results to codeql/python-queries/Classes/CallsToInitDel/SuperclassDelCalledMultipleTimes.bqrs.
codeql / Analyze (python)	UNKNOWN STEP	2026-09-26T11:38:21.1729670Z [5/174 eval 291ms] Evaluation done; writing results to codeql/python-queries/Classes/Comparisons/EqualsOrHash.bqrs.
codeql / Analyze (python)	UNKNOWN STEP	2026-09-26T11:38:21.1753998Z [6/174 eval 291ms] Evaluation done; writing results to codeql/python-queries/Classes/Comparisons/EqualsOrNotEquals.bqrs.
codeql / Analyze (python)	UNKNOWN STEP	2026-09-26T11:38:21.1783813Z [7/174 eval 289ms] Evaluation done; writing results to codeql/python-queries/Classes/Comparisons/IncompleteOrdering.bqrs.
codeql / Analyze (python)	UNKNOWN STEP	2026-09-26T11:38:21.1814030Z [8/174 eval 40ms] Evaluation done; writing results to codeql/python-queries/Classes/DefineEqualsWhenAddingAttributes.bqrs.
codeql / Analyze (python)	UNKNOWN STEP	2026-09-26T11:38:21.1843685Z [9/174 eval 38ms] Evaluation done; writing results to codeql/python-queries/Classes/MutatingDescriptor.bqrs.
codeql / Analyze (python)	UNKNOWN STEP	2026-09-26T11:38:21.1845210Z [10/174 eval 39ms] Evaluation done; writing results to codeql/python-queries/Classes/PropertyInOldStyleClass.bqrs.
codeql / Analyze (python)	UNKNOWN STEP	2026-09-26T11:38:21.1873714Z [11/174 eval 39ms] Evaluation done; writing results to codeql/python-queries/Classes/SubclassShadowing/SubclassShadowing.bqrs.
codeql / Analyze (python)	UNKNOWN STEP	2026-09-26T11:38:21.1903782Z [12/174 eval 39ms] Evaluation done; writing results to codeql/python-queries/Classes/SlotsInOldStyleClass.bqrs.
codeql / Analyze (python)	UNKNOWN STEP	2026-09-26T11:38:21.1933657Z [13/174 eval 44ms] Evaluation done; writing results to codeql/python-queries/Classes/SuperInOldStyleClass.bqrs.
codeql / Analyze (python)	UNKNOWN STEP	2026-09-26T11:38:21.1935304Z [14/174 eval 46ms] Evaluation done; writing results to codeql/python-queries/Classes/InitCallsSubclass/InitCallsSubclassMethod.bqrs.
codeql / Analyze (python)	UNKNOWN STEP	2026-09-26T11:38:22.4647483Z Starting evaluation of codeql/python-queries/Classes/WrongNumberArgumentsInClassInstantiation.ql.
codeql / Analyze (python)	UNKNOWN STEP	2026-09-26T11:38:22.4673579Z Starting evaluation of codeql/python-queries/Diagnostics/ExtractedFiles.ql.
codeql / Analyze (python)	UNKNOWN STEP	2026-09-26T11:38:22.4709495Z Starting evaluation of codeql/python-queries/Diagnostics/ExtractionWarnings.ql.
codeql / Analyze (python)	UNKNOWN STEP	2026-09-26T11:38:22.4730795Z Starting evaluation of codeql/python-queries/Exceptions/CatchingBaseException.ql.
codeql / Analyze (python)	UNKNOWN STEP	2026-09-26T11:38:22.4732363Z [15/174 eval 6ms] Evaluation done; writing results to codeql/python-queries/Diagnostics/ExtractedFiles.bqrs.
codeql / Analyze (python)	UNKNOWN STEP	2026-09-26T11:38:22.4748807Z [16/174 eval 7ms] Evaluation done; writing results to codeql/python-queries/Diagnostics/ExtractionWarnings.bqrs.
codeql / Analyze (python)	UNKNOWN STEP	2026-09-26T11:38:22.4877491Z Starting evaluation of codeql/python-queries/Exceptions/EmptyExcept.ql.
codeql / Analyze (python)	UNKNOWN STEP	2026-09-26T11:38:22.4919671Z Starting evaluation of codeql/python-queries/Exceptions/IllegalExceptionHandlerType.ql.
codeql / Analyze (python)	UNKNOWN STEP	2026-09-26T11:38:22.4943653Z Starting evaluation of codeql/python-queries/Exceptions/IllegalRaise.ql.
codeql / Analyze (python)	UNKNOWN STEP	2026-09-26T11:38:22.5032512Z Starting evaluation of codeql/python-queries/Exceptions/IncorrectExceptOrder.ql.
codeql / Analyze (python)	UNKNOWN STEP	2026-09-26T11:38:22.9674104Z Starting evaluation of codeql/python-queries/Exceptions/NotImplementedIsNotAnException.ql.
codeql / Analyze (python)	UNKNOWN STEP	2026-09-26T11:38:23.0113894Z Starting evaluation of codeql/python-queries/Exceptions/RaisingTuple.ql.
codeql / Analyze (python)	UNKNOWN STEP	2026-09-26T11:38:23.0233940Z Starting evaluation of codeql/python-queries/Exceptions/UnguardedNextInGenerator.ql.
codeql / Analyze (python)	UNKNOWN STEP	2026-09-26T11:38:23.0284266Z Starting evaluation of codeql/python-queries/Expressions/CallToSuperWrongClass.ql.
codeql / Analyze (python)	UNKNOWN STEP	2026-09-26T11:38:23.0303737Z Starting evaluation of codeql/python-queries/Expressions/CompareConstants.ql.
codeql / Analyze (python)	UNKNOWN STEP	2026-09-26T11:38:23.0335919Z [17/174 eval 7ms] Evaluation done; writing results to codeql/python-queries/Expressions/CallToSuperWrongClass.bqrs.
codeql / Analyze (python)	UNKNOWN STEP	2026-09-26T11:38:23.0546527Z Starting evaluation of codeql/python-queries/Expressions/CompareIdenticalValues.ql.
codeql / Analyze (python)	UNKNOWN STEP	2026-09-26T11:38:23.0785587Z Starting evaluation of codeql/python-queries/Expressions/CompareIdenticalValuesMissingSelf.ql.
codeql / Analyze (python)	UNKNOWN STEP	2026-09-26T11:38:23.0787458Z Starting evaluation of codeql/python-queries/Expressions/Comparisons/UselessComparisonTest.ql.
codeql / Analyze (python)	UNKNOWN STEP	2026-09-26T11:38:23.0813701Z [18/174 eval 51ms] Evaluation done; writing results to codeql/python-queries/Expressions/CompareConstants.bqrs.
codeql / Analyze (python)	UNKNOWN STEP	2026-09-26T11:38:23.0843987Z [19/174 eval 3ms] Evaluation done; writing results to codeql/python-queries/Expressions/CompareIdenticalValuesMissingSelf.bqrs.
codeql / Analyze (python)	UNKNOWN STEP	2026-09-26T11:38:23.1984736Z Starting evaluation of codeql/python-queries/Expressions/ContainsNonContainer.ql.
codeql / Analyze (python)	UNKNOWN STEP	2026-09-26T11:38:23.2013866Z Starting evaluation of codeql/python-queries/Expressions/DuplicateKeyInDictionaryLiteral.ql.
codeql / Analyze (python)	UNKNOWN STEP	2026-09-26T11:38:23.2033887Z [20/174 eval 121ms] Evaluation done; writing results to codeql/python-queries/Expressions/Comparisons/UselessComparisonTest.bqrs.
codeql / Analyze (python)	UNKNOWN STEP	2026-09-26T11:38:23.2385632Z Starting evaluation of codeql/python-queries/Expressions/EqualsNone.ql.
codeql / Analyze (python)	UNKNOWN STEP	2026-09-26T11:38:23.2425885Z [21/174 eval 186ms] Evaluation done; writing results to codeql/python-queries/Expressions/CompareIdenticalValues.bqrs.
codeql / Analyze (python)	UNKNOWN STEP	2026-09-26T11:38:23.2514046Z Starting evaluation of codeql/python-queries/Expressions/ExpectedMappingForFormatString.ql.
codeql / Analyze (python)	UNKNOWN STEP	2026-09-26T11:38:23.2533967Z Starting evaluation of codeql/python-queries/Expressions/ExplicitCallToDel.ql.
codeql / Analyze (python)	UNKNOWN STEP	2026-09-26T11:38:23.2543817Z [22/174 eval 52ms] Evaluation done; writing results to codeql/python-queries/Expressions/DuplicateKeyInDictionaryLiteral.bqrs.
codeql / Analyze (python)	UNKNOWN STEP	2026-09-26T11:38:23.2574370Z [23/174 eval 8ms] Evaluation done; writing results to codeql/python-queries/Expressions/EqualsNone.bqrs.
codeql / Analyze (python)	UNKNOWN STEP	2026-09-26T11:38:23.2603819Z Starting evaluation of codeql/python-queries/Expressions/Formatting/MixedExplicitImplicitIn3101Format.ql.
codeql / Analyze (python)	UNKNOWN STEP	2026-09-26T11:38:23.2613961Z [24/174 eval 6ms] Evaluation done; writing results to codeql/python-queries/Expressions/ExpectedMappingForFormatString.bqrs.
codeql / Analyze (python)	UNKNOWN STEP	2026-09-26T11:38:23.2651578Z Starting evaluation of codeql/python-queries/Expressions/Formatting/UnusedArgumentIn3101Format.ql.
codeql / Analyze (python)	UNKNOWN STEP	2026-09-26T11:38:23.2677364Z [25/174 eval 14ms] Evaluation done; writing results to codeql/python-queries/Expressions/ExplicitCallToDel.bqrs.
codeql / Analyze (python)	UNKNOWN STEP	2026-09-26T11:38:23.2804202Z Starting evaluation of codeql/python-queries/Expressions/Formatting/UnusedNamedArgumentIn3101Format.ql.
codeql / Analyze (python)	UNKNOWN STEP	2026-09-26T11:38:23.2864049Z Starting evaluation of codeql/python-queries/Expressions/Formatting/WrongNameInArgumentsFor3101Format.ql.
codeql / Analyze (python)	UNKNOWN STEP	2026-09-26T11:38:23.2886884Z Starting evaluation of codeql/python-queries/Expressions/Formatting/WrongNumberArgumentsFor3101Format.ql.
codeql / Analyze (python)	UNKNOWN STEP	2026-09-26T11:38:23.2903653Z Starting evaluation of codeql/python-queries/Expressions/HashedButNoHash.ql.
codeql / Analyze (python)	UNKNOWN STEP	2026-09-26T11:38:23.2933909Z Starting evaluation of codeql/python-queries/Expressions/IncorrectComparisonUsingIs.ql.
codeql / Analyze (python)	UNKNOWN STEP	2026-09-26T11:38:23.3261995Z [26/174 eval 36ms] Evaluation done; writing results to codeql/python-queries/Expressions/IncorrectComparisonUsingIs.bqrs.
codeql / Analyze (python)	UNKNOWN STEP	2026-09-26T11:38:23.3284892Z Starting evaluation of codeql/python-queries/Expressions/NonCallableCalled.ql.
codeql / Analyze (python)	UNKNOWN STEP	2026-09-26T11:38:23.3313782Z Starting evaluation of codeql/python-queries/Expressions/Regex/BackspaceEscape.ql.
codeql / Analyze (python)	UNKNOWN STEP	2026-09-26T11:38:23.3484865Z Starting evaluation of codeql/python-queries/Expressions/Regex/DuplicateCharacterInSet.ql.
codeql / Analyze (python)	UNKNOWN STEP	2026-09-26T11:38:23.3498391Z Starting evaluation of codeql/python-queries/Expressions/Regex/MissingPartSpecialGroup.ql.
codeql / Analyze (python)	UNKNOWN STEP	2026-09-26T11:38:23.3513580Z Starting evaluation of codeql/python-queries/Expressions/Regex/UnmatchableCaret.ql.
codeql / Analyze (python)	UNKNOWN STEP	2026-09-26T11:38:23.3544829Z Starting evaluation of codeql/python-queries/Expressions/Regex/UnmatchableDollar.ql.
codeql / Analyze (python)	UNKNOWN STEP	2026-09-26T11:38:23.3573658Z Starting evaluation of codeql/python-queries/Expressions/TruncatedDivision.ql.
codeql / Analyze (python)	UNKNOWN STEP	2026-09-26T11:38:23.3916476Z Starting evaluation of codeql/python-queries/Expressions/UnintentionalImplicitStringConcatenation.ql.
codeql / Analyze (python)	UNKNOWN STEP	2026-09-26T11:38:23.3943447Z Starting evaluation of codeql/python-queries/Expressions/UnnecessaryLambda.ql.
codeql / Analyze (python)	UNKNOWN STEP	2026-09-26T11:38:23.3973639Z Starting evaluation of codeql/python-queries/Expressions/UnsupportedFormatCharacter.ql.
codeql / Analyze (python)	UNKNOWN STEP	2026-09-26T11:38:23.4003848Z [27/174 eval 8ms] Evaluation done; writing results to codeql/python-queries/Expressions/UnintentionalImplicitStringConcatenation.bqrs.
codeql / Analyze (python)	UNKNOWN STEP	2026-09-26T11:38:23.4005828Z [28/174 eval 1ms] Evaluation done; writing results to codeql/python-queries/Expressions/UnsupportedFormatCharacter.bqrs.
codeql / Analyze (python)	UNKNOWN STEP	2026-09-26T11:38:23.4123844Z Starting evaluation of codeql/python-queries/Expressions/UseofApply.ql.
codeql / Analyze (python)	UNKNOWN STEP	2026-09-26T11:38:23.4155078Z Starting evaluation of codeql/python-queries/Expressions/UseofInput.ql.
codeql / Analyze (python)	UNKNOWN STEP	2026-09-26T11:38:23.4184378Z Starting evaluation of codeql/python-queries/Expressions/WrongNameForArgumentInCall.ql.
codeql / Analyze (python)	UNKNOWN STEP	2026-09-26T11:38:23.4201968Z Starting evaluation of codeql/python-queries/Expressions/WrongNumberArgumentsForFormat.ql.
codeql / Analyze (python)	UNKNOWN STEP	2026-09-26T11:38:23.4235788Z Starting evaluation of codeql/python-queries/Expressions/WrongNumberArgumentsInCall.ql.
codeql / Analyze (python)	UNKNOWN STEP	2026-09-26T11:38:23.4243814Z [29/174 eval 24ms] Evaluation done; writing results to codeql/python-queries/Expressions/UnnecessaryLambda.bqrs.
codeql / Analyze (python)	UNKNOWN STEP	2026-09-26T11:38:23.4273777Z [30/174 eval 1ms] Evaluation done; writing results to codeql/python-queries/Expressions/WrongNumberArgumentsForFormat.bqrs.
codeql / Analyze (python)	UNKNOWN STEP	2026-09-26T11:38:23.4286033Z Starting evaluation of codeql/python-queries/Functions/ConsistentReturns.ql.
codeql / Analyze (python)	UNKNOWN STEP	2026-09-26T11:38:23.4845088Z Starting evaluation of codeql/python-queries/Functions/DeprecatedSliceMethod.ql.
codeql / Analyze (python)	UNKNOWN STEP	2026-09-26T11:38:23.4893716Z Starting evaluation of codeql/python-queries/Functions/ExplicitReturnInInit.ql.
codeql / Analyze (python)	UNKNOWN STEP	2026-09-26T11:38:23.4895205Z Starting evaluation of codeql/python-queries/Functions/IncorrectRaiseInSpecialMethod.ql.
codeql / Analyze (python)	UNKNOWN STEP	2026-09-26T11:38:23.4919947Z Starting evaluation of codeql/python-queries/Functions/IncorrectlyOverriddenMethod.ql.
codeql / Analyze (python)	UNKNOWN STEP	2026-09-26T11:38:23.4953755Z [31/174 eval 5ms] Evaluation done; writing results to codeql/python-queries/Functions/DeprecatedSliceMethod.bqrs.
codeql / Analyze (python)	UNKNOWN STEP	2026-09-26T11:38:23.4983710Z [32/174 eval 8ms] Evaluation done; writing results to codeql/python-queries/Functions/ExplicitReturnInInit.bqrs.
codeql / Analyze (python)	UNKNOWN STEP	2026-09-26T11:38:23.4985507Z [33/174 eval 8ms] Evaluation done; writing results to codeql/python-queries/Functions/IncorrectRaiseInSpecialMethod.bqrs.
codeql / Analyze (python)	UNKNOWN STEP	2026-09-26T11:38:23.5014747Z Starting evaluation of codeql/python-queries/Functions/IncorrectlySpecifiedOverriddenMethod.ql.
codeql / Analyze (python)	UNKNOWN STEP	2026-09-26T11:38:23.5043549Z Starting evaluation of codeql/python-queries/Functions/InitIsGenerator.ql.
codeql / Analyze (python)	UNKNOWN STEP	2026-09-26T11:38:23.5044592Z Starting evaluation of codeql/python-queries/Functions/IterReturnsNonIterator.ql.
codeql / Analyze (python)	UNKNOWN STEP	2026-09-26T11:38:23.5063596Z Starting evaluation of codeql/python-queries/Functions/IterReturnsNonSelf.ql.
codeql / Analyze (python)	UNKNOWN STEP	2026-09-26T11:38:23.5093661Z Starting evaluation of codeql/python-queries/Functions/ModificationOfParameterWithDefault.ql.
codeql / Analyze (python)	UNKNOWN STEP	2026-09-26T11:38:23.5123748Z [34/174 eval 1ms] Evaluation done; writing results to codeql/python-queries/Functions/InitIsGenerator.bqrs.
codeql / Analyze (python)	UNKNOWN STEP	2026-09-26T11:38:23.5153669Z [35/174 eval 1ms] Evaluation done; writing results to codeql/python-queries/Functions/IterReturnsNonSelf.bqrs.
codeql / Analyze (python)	UNKNOWN STEP	2026-09-26T11:38:23.7014909Z Starting evaluation of codeql/python-queries/Functions/NonCls.ql.
codeql / Analyze (python)	UNKNOWN STEP	2026-09-26T11:38:23.7062941Z Starting evaluation of codeql/python-queries/Functions/NonSelf.ql.
codeql / Analyze (python)	UNKNOWN STEP	2026-09-26T11:38:23.7093529Z Starting evaluation of codeql/python-queries/Functions/OverlyComplexDelMethod.ql.
codeql / Analyze (python)	UNKNOWN STEP	2026-09-26T11:38:23.7123667Z [36/174 eval 1ms] Evaluation done; writing results to codeql/python-queries/Functions/NonCls.bqrs.
codeql / Analyze (python)	UNKNOWN STEP	2026-09-26T11:38:23.7129363Z Starting evaluation of codeql/python-queries/Functions/ReturnConsistentTupleSizes.ql.
codeql / Analyze (python)	UNKNOWN STEP	2026-09-26T11:38:23.7143967Z [37/174 eval 4ms] Evaluation done; writing results to codeql/python-queries/Functions/NonSelf.bqrs.
codeql / Analyze (python)	UNKNOWN STEP	2026-09-26T11:38:23.7173652Z Starting evaluation of codeql/python-queries/Functions/SignatureOverriddenMethod.ql.
codeql / Analyze (python)	UNKNOWN STEP	2026-09-26T11:38:23.7199924Z Starting evaluation of codeql/python-queries/Functions/SignatureSpecialMethods.ql.
codeql / Analyze (python)	UNKNOWN STEP	2026-09-26T11:38:23.7223527Z Starting evaluation of codeql/python-queries/Functions/UseImplicitNoneReturnValue.ql.
codeql / Analyze (python)	UNKNOWN STEP	2026-09-26T11:38:23.7263910Z [38/174 eval 4ms] Evaluation done; writing results to codeql/python-queries/Functions/SignatureSpecialMethods.bqrs.
codeql / Analyze (python)	UNKNOWN STEP	2026-09-26T11:38:23.7265709Z [39/174 eval 8ms] Evaluation done; writing results to codeql/python-queries/Functions/SignatureOverriddenMethod.bqrs.
codeql / Analyze (python)	UNKNOWN STEP	2026-09-26T11:38:23.7301088Z Starting evaluation of codeql/python-queries/Imports/CyclicImport.ql.
codeql / Analyze (python)	UNKNOWN STEP	2026-09-26T11:38:23.7346001Z Starting evaluation of codeql/python-queries/Imports/DeprecatedModule.ql.
codeql / Analyze (python)	UNKNOWN STEP	2026-09-26T11:38:23.7373485Z Starting evaluation of codeql/python-queries/Imports/EncodingError.ql.
codeql / Analyze (python)	UNKNOWN STEP	2026-09-26T11:38:23.7403722Z Starting evaluation of codeql/python-queries/Imports/FromImportOfMutableAttribute.ql.
codeql / Analyze (python)	UNKNOWN STEP	2026-09-26T11:38:23.7443548Z Starting evaluation of codeql/python-queries/Imports/ImportandImportFrom.ql.
codeql / Analyze (python)	UNKNOWN STEP	2026-09-26T11:38:23.7444853Z [40/174 eval 6ms] Evaluation done; writing results to codeql/python-queries/Imports/EncodingError.bqrs.
codeql / Analyze (python)	UNKNOWN STEP	2026-09-26T11:38:23.7479645Z Starting evaluation of codeql/python-queries/Imports/ModuleImportsItself.ql.
codeql / Analyze (python)	UNKNOWN STEP	2026-09-26T11:38:23.7503450Z [41/174 eval 5ms] Evaluation done; writing results to codeql/python-queries/Imports/ImportandImportFrom.bqrs.
codeql / Analyze (python)	UNKNOWN STEP	2026-09-26T11:38:23.7593978Z Starting evaluation of codeql/python-queries/Imports/ModuleLevelCyclicImport.ql.
codeql / Analyze (python)	UNKNOWN STEP	2026-09-26T11:38:23.7623738Z Starting evaluation of codeql/python-queries/Imports/MultipleImports.ql.
codeql / Analyze (python)	UNKNOWN STEP	2026-09-26T11:38:23.8521359Z [42/174 eval 96ms] Evaluation done; writing results to codeql/python-queries/Imports/MultipleImports.bqrs.
codeql / Analyze (python)	UNKNOWN STEP	2026-09-26T11:38:24.0564101Z Starting evaluation of codeql/python-queries/Imports/SyntaxError.ql.
codeql / Analyze (python)	UNKNOWN STEP	2026-09-26T11:38:24.0603686Z Starting evaluation of codeql/python-queries/Imports/UnintentionalImport.ql.
codeql / Analyze (python)	UNKNOWN STEP	2026-09-26T11:38:24.0628622Z Starting evaluation of codeql/python-queries/Imports/UnusedImport.ql.
codeql / Analyze (python)	UNKNOWN STEP	2026-09-26T11:38:24.0673826Z [43/174 eval 2ms] Evaluation done; writing results to codeql/python-queries/Imports/SyntaxError.bqrs.
codeql / Analyze (python)	UNKNOWN STEP	2026-09-26T11:38:24.0675510Z [44/174 eval 2ms] Evaluation done; writing results to codeql/python-queries/Imports/UnintentionalImport.bqrs.
codeql / Analyze (python)	UNKNOWN STEP	2026-09-26T11:38:24.0702290Z Starting evaluation of codeql/python-queries/Lexical/CommentedOutCode.ql.
codeql / Analyze (python)	UNKNOWN STEP	2026-09-26T11:38:24.1474392Z [45/174 eval 95ms] Evaluation done; writing results to codeql/python-queries/Imports/UnusedImport.bqrs.
codeql / Analyze (python)	UNKNOWN STEP	2026-09-26T11:38:24.1627356Z Starting evaluation of codeql/python-queries/Lexical/OldOctalLiteral.ql.
codeql / Analyze (python)	UNKNOWN STEP	2026-09-26T11:38:24.1637468Z [46/174 eval 111ms] Evaluation done; writing results to codeql/python-queries/Lexical/CommentedOutCode.bqrs.
codeql / Analyze (python)	UNKNOWN STEP	2026-09-26T11:38:24.1694318Z [47/174 eval 6ms] Evaluation done; writing results to codeql/python-queries/Lexical/OldOctalLiteral.bqrs.
codeql / Analyze (python)	UNKNOWN STEP	2026-09-26T11:38:24.1776191Z Starting evaluation of codeql/python-queries/Numerics/Pythagorean.ql.
codeql / Analyze (python)	UNKNOWN STEP	2026-09-26T11:38:24.1805607Z Starting evaluation of codeql/python-queries/Resources/FileNotAlwaysClosed.ql.
codeql / Analyze (python)	UNKNOWN STEP	2026-09-26T11:38:24.1865282Z Starting evaluation of codeql/python-queries/Security/CVE-2018-1281/BindToAllInterfaces.ql.
codeql / Analyze (python)	UNKNOWN STEP	2026-09-26T11:38:24.2723869Z Starting evaluation of codeql/python-queries/Security/CWE-020/CookieInjection.ql.
codeql / Analyze (python)	UNKNOWN STEP	2026-09-26T11:38:24.3282886Z Starting evaluation of codeql/python-queries/Security/CWE-020/IncompleteHostnameRegExp.ql.
codeql / Analyze (python)	UNKNOWN STEP	2026-09-26T11:38:24.3305221Z Starting evaluation of codeql/python-queries/Security/CWE-020/IncompleteUrlSubstringSanitization.ql.
codeql / Analyze (python)	UNKNOWN STEP	2026-09-26T11:38:24.3801373Z Starting evaluation of codeql/python-queries/Security/CWE-020/OverlyLargeRange.ql.
codeql / Analyze (python)	UNKNOWN STEP	2026-09-26T11:38:24.3825290Z Starting evaluation of codeql/python-queries/Security/CWE-022/PathInjection.ql.
codeql / Analyze (python)	UNKNOWN STEP	2026-09-26T11:38:24.3851884Z [48/174 eval 56ms] Evaluation done; writing results to codeql/python-queries/Security/CWE-020/IncompleteUrlSubstringSanitization.bqrs.
codeql / Analyze (python)	UNKNOWN STEP	2026-09-26T11:38:24.4625144Z Starting evaluation of codeql/python-queries/Security/CWE-022/TarSlip.ql.
codeql / Analyze (python)	UNKNOWN STEP	2026-09-26T11:38:24.5194215Z [49/174 eval 1s] Evaluation done; writing results to codeql/python-queries/Functions/ModificationOfParameterWithDefault.bqrs.
codeql / Analyze (python)	UNKNOWN STEP	2026-09-26T11:38:24.5254174Z [50/174 eval 1.5s] Evaluation done; writing results to codeql/python-queries/Exceptions/NotImplementedIsNotAnException.bqrs.
codeql / Analyze (python)	UNKNOWN STEP	2026-09-26T11:38:24.5280833Z [51/174 eval 340ms] Evaluation done; writing results to codeql/python-queries/Numerics/Pythagorean.bqrs.
codeql / Analyze (python)	UNKNOWN STEP	2026-09-26T11:38:24.5303785Z [52/174 eval 1.1s] Evaluation done; writing results to codeql/python-queries/Expressions/UseofApply.bqrs.
codeql / Analyze (python)	UNKNOWN STEP	2026-09-26T11:38:24.5355091Z [53/174 eval 1.5s] Evaluation done; writing results to codeql/python-queries/Exceptions/UnguardedNextInGenerator.bqrs.
codeql / Analyze (python)	UNKNOWN STEP	2026-09-26T11:38:24.5393627Z [54/174 eval 1.1s] Evaluation done; writing results to codeql/python-queries/Expressions/UseofInput.bqrs.
codeql / Analyze (python)	UNKNOWN STEP	2026-09-26T11:38:24.6424156Z [55/174 eval 1.6s] Evaluation done; writing results to codeql/python-queries/Exceptions/RaisingTuple.bqrs.
codeql / Analyze (python)	UNKNOWN STEP	2026-09-26T11:38:24.7011367Z [56/174 eval 996ms] Evaluation done; writing results to codeql/python-queries/Functions/ReturnConsistentTupleSizes.bqrs.
codeql / Analyze (python)	UNKNOWN STEP	2026-09-26T11:38:24.8294127Z Starting evaluation of codeql/python-queries/Security/CWE-074/TemplateInjection.ql.
codeql / Analyze (python)	UNKNOWN STEP	2026-09-26T11:38:24.8553053Z Starting evaluation of codeql/python-queries/Security/CWE-078/CommandInjection.ql.
codeql / Analyze (python)	UNKNOWN STEP	2026-09-26T11:38:24.9072042Z Starting evaluation of codeql/python-queries/Security/CWE-078/UnsafeShellCommandConstruction.ql.
codeql / Analyze (python)	UNKNOWN STEP	2026-09-26T11:38:24.9197168Z [57/174 eval 13ms] Evaluation done; writing results to codeql/python-queries/Security/CWE-078/UnsafeShellCommandConstruction.bqrs.
codeql / Analyze (python)	UNKNOWN STEP	2026-09-26T11:38:24.9223272Z Starting evaluation of codeql/python-queries/Security/CWE-079/Jinja2WithoutEscaping.ql.
codeql / Analyze (python)	UNKNOWN STEP	2026-09-26T11:38:24.9253766Z Starting evaluation of codeql/python-queries/Security/CWE-079/ReflectedXss.ql.
codeql / Analyze (python)	UNKNOWN STEP	2026-09-26T11:38:24.9430165Z [58/174 eval 22ms] Evaluation done; writing results to codeql/python-queries/Security/CWE-079/Jinja2WithoutEscaping.bqrs.
codeql / Analyze (python)	UNKNOWN STEP	2026-09-26T11:38:24.9455541Z Starting evaluation of codeql/python-queries/Security/CWE-089/SqlInjection.ql.
codeql / Analyze (python)	UNKNOWN STEP	2026-09-26T11:38:24.9841896Z Starting evaluation of codeql/python-queries/Security/CWE-090/LdapInjection.ql.
codeql / Analyze (python)	UNKNOWN STEP	2026-09-26T11:38:25.0864060Z Starting evaluation of codeql/python-queries/Security/CWE-094/CodeInjection.ql.
codeql / Analyze (python)	UNKNOWN STEP	2026-09-26T11:38:25.1003776Z Starting evaluation of codeql/python-queries/Security/CWE-1004/NonHttpOnlyCookie.ql.
codeql / Analyze (python)	UNKNOWN STEP	2026-09-26T11:38:25.1033521Z Starting evaluation of codeql/python-queries/Security/CWE-113/HeaderInjection.ql.
codeql / Analyze (python)	UNKNOWN STEP	2026-09-26T11:38:25.1411428Z Starting evaluation of codeql/python-queries/Security/CWE-116/BadTagFilter.ql.
codeql / Analyze (python)	UNKNOWN STEP	2026-09-26T11:38:25.1456610Z Starting evaluation of codeql/python-queries/Security/CWE-117/LogInjection.ql.
codeql / Analyze (python)	UNKNOWN STEP	2026-09-26T11:38:25.1566253Z Starting evaluation of codeql/python-queries/Security/CWE-1275/SameSiteNoneCookie.ql.
codeql / Analyze (python)	UNKNOWN STEP	2026-09-26T11:38:25.1617425Z Starting evaluation of codeql/python-queries/Security/CWE-209/StackTraceExposure.ql.
codeql / Analyze (python)	UNKNOWN STEP	2026-09-26T11:38:25.1720837Z Starting evaluation of codeql/python-queries/Security/CWE-215/FlaskDebug.ql.
codeql / Analyze (python)	UNKNOWN STEP	2026-09-26T11:38:25.1763664Z Starting evaluation of codeql/python-queries/Security/CWE-285/PamAuthorization.ql.
codeql / Analyze (python)	UNKNOWN STEP	2026-09-26T11:38:25.2019668Z Starting evaluation of codeql/python-queries/Security/CWE-295/MissingHostKeyValidation.ql.
codeql / Analyze (python)	UNKNOWN STEP	2026-09-26T11:38:25.2032845Z Starting evaluation of codeql/python-queries/Security/CWE-295/RequestWithoutValidation.ql.
codeql / Analyze (python)	UNKNOWN STEP	2026-09-26T11:38:25.2064801Z [59/174 eval 4ms] Evaluation done; writing results to codeql/python-queries/Security/CWE-295/MissingHostKeyValidation.bqrs.
codeql / Analyze (python)	UNKNOWN STEP	2026-09-26T11:38:25.2074016Z Starting evaluation of codeql/python-queries/Security/CWE-312/CleartextLogging.ql.
codeql / Analyze (python)	UNKNOWN STEP	2026-09-26T11:38:25.2075686Z Starting evaluation of codeql/python-queries/Security/CWE-312/CleartextStorage.ql.
codeql / Analyze (python)	UNKNOWN STEP	2026-09-26T11:38:25.2076908Z Starting evaluation of codeql/python-queries/Security/CWE-326/WeakCryptoKey.ql.
codeql / Analyze (python)	UNKNOWN STEP	2026-09-26T11:38:25.2926518Z [60/174 eval 2.8s] Evaluation done; writing results to codeql/python-queries/Exceptions/CatchingBaseException.bqrs.
codeql / Analyze (python)	UNKNOWN STEP	2026-09-26T11:38:25.4683970Z [61/174 eval 1.3s] Evaluation done; writing results to codeql/python-queries/Security/CVE-2018-1281/BindToAllInterfaces.bqrs.
codeql / Analyze (python)	UNKNOWN STEP	2026-09-26T11:38:25.4814162Z [62/174 eval 654ms] Evaluation done; writing results to codeql/python-queries/Security/CWE-074/TemplateInjection.bqrs.
codeql / Analyze (python)	UNKNOWN STEP	2026-09-26T11:38:25.5468742Z [63/174 eval 461ms] Evaluation done; writing results to codeql/python-queries/Security/CWE-094/CodeInjection.bqrs.
codeql / Analyze (python)	UNKNOWN STEP	2026-09-26T11:38:25.5836634Z [64/174 eval 408ms] Evaluation done; writing results to codeql/python-queries/Security/CWE-285/PamAuthorization.bqrs.
codeql / Analyze (python)	UNKNOWN STEP	2026-09-26T11:38:25.6180029Z [65/174 eval 1.2s] Evaluation done; writing results to codeql/python-queries/Security/CWE-022/TarSlip.bqrs.
codeql / Analyze (python)	UNKNOWN STEP	2026-09-26T11:38:25.6514167Z [66/174 eval 3.1s] Evaluation done; writing results to codeql/python-queries/Exceptions/IncorrectExceptOrder.bqrs.
codeql / Analyze (python)	UNKNOWN STEP	2026-09-26T11:38:25.6754232Z [67/174 eval 2.3s] Evaluation done; writing results to codeql/python-queries/Expressions/Regex/MissingPartSpecialGroup.bqrs.
codeql / Analyze (python)	UNKNOWN STEP	2026-09-26T11:38:25.6853642Z [68/174 eval 3.2s] Evaluation done; writing results to codeql/python-queries/Exceptions/EmptyExcept.bqrs.
codeql / Analyze (python)	UNKNOWN STEP	2026-09-26T11:38:25.7257184Z [69/174 eval 2.4s] Evaluation done; writing results to codeql/python-queries/Expressions/Regex/BackspaceEscape.bqrs.
codeql / Analyze (python)	UNKNOWN STEP	2026-09-26T11:38:25.8333597Z [70/174 eval 2.1s] Evaluation done; writing results to codeql/python-queries/Imports/DeprecatedModule.bqrs.
codeql / Analyze (python)	UNKNOWN STEP	2026-09-26T11:38:25.8514310Z [71/174 eval 2.5s] Evaluation done; writing results to codeql/python-queries/Expressions/Regex/DuplicateCharacterInSet.bqrs.
codeql / Analyze (python)	UNKNOWN STEP	2026-09-26T11:38:25.8709635Z [72/174 eval 2.5s] Evaluation done; writing results to codeql/python-queries/Expressions/Regex/UnmatchableCaret.bqrs.
codeql / Analyze (python)	UNKNOWN STEP	2026-09-26T11:38:25.8753734Z [73/174 eval 2.5s] Evaluation done; writing results to codeql/python-queries/Expressions/Regex/UnmatchableDollar.bqrs.
codeql / Analyze (python)	UNKNOWN STEP	2026-09-26T11:38:25.9321980Z [74/174 eval 831ms] Evaluation done; writing results to codeql/python-queries/Security/CWE-113/HeaderInjection.bqrs.
codeql / Analyze (python)	UNKNOWN STEP	2026-09-26T11:38:25.9468730Z [75/174 eval 1.7s] Evaluation done; writing results to codeql/python-queries/Security/CWE-020/CookieInjection.bqrs.
codeql / Analyze (python)	UNKNOWN STEP	2026-09-26T11:38:25.9513329Z [76/174 eval 1.8s] Evaluation done; writing results to codeql/python-queries/Resources/FileNotAlwaysClosed.bqrs.
codeql / Analyze (python)	UNKNOWN STEP	2026-09-26T11:38:26.0234250Z [77/174 eval 1.2s] Evaluation done; writing results to codeql/python-queries/Security/CWE-078/CommandInjection.bqrs.
codeql / Analyze (python)	UNKNOWN STEP	2026-09-26T11:38:26.0654247Z [78/174 eval 1.7s] Evaluation done; writing results to codeql/python-queries/Security/CWE-022/PathInjection.bqrs.
codeql / Analyze (python)	UNKNOWN STEP	2026-09-26T11:38:26.0774107Z [79/174 eval 1.7s] Evaluation done; writing results to codeql/python-queries/Security/CWE-020/IncompleteHostnameRegExp.bqrs.
codeql / Analyze (python)	UNKNOWN STEP	2026-09-26T11:38:26.0924052Z [80/174 eval 1.2s] Evaluation done; writing results to codeql/python-queries/Security/CWE-079/ReflectedXss.bqrs.
codeql / Analyze (python)	UNKNOWN STEP	2026-09-26T11:38:26.0983951Z [81/174 eval 1.7s] Evaluation done; writing results to codeql/python-queries/Security/CWE-020/OverlyLargeRange.bqrs.
codeql / Analyze (python)	UNKNOWN STEP	2026-09-26T11:38:26.1073951Z [82/174 eval 1.2s] Evaluation done; writing results to codeql/python-queries/Security/CWE-089/SqlInjection.bqrs.
codeql / Analyze (python)	UNKNOWN STEP	2026-09-26T11:38:26.1494149Z [83/174 eval 1s] Evaluation done; writing results to codeql/python-queries/Security/CWE-1004/NonHttpOnlyCookie.bqrs.
codeql / Analyze (python)	UNKNOWN STEP	2026-09-26T11:38:26.1584076Z [84/174 eval 1s] Evaluation done; writing results to codeql/python-queries/Security/CWE-117/LogInjection.bqrs.
codeql / Analyze (python)	UNKNOWN STEP	2026-09-26T11:38:26.1944132Z [85/174 eval 1s] Evaluation done; writing results to codeql/python-queries/Security/CWE-1275/SameSiteNoneCookie.bqrs.
codeql / Analyze (python)	UNKNOWN STEP	2026-09-26T11:38:26.2003837Z [86/174 eval 1s] Evaluation done; writing results to codeql/python-queries/Security/CWE-209/StackTraceExposure.bqrs.
codeql / Analyze (python)	UNKNOWN STEP	2026-09-26T11:38:26.2144427Z [87/174 eval 1s] Evaluation done; writing results to codeql/python-queries/Security/CWE-215/FlaskDebug.bqrs.
codeql / Analyze (python)	UNKNOWN STEP	2026-09-26T11:38:26.2354202Z [88/174 eval 1s] Evaluation done; writing results to codeql/python-queries/Security/CWE-295/RequestWithoutValidation.bqrs.
codeql / Analyze (python)	UNKNOWN STEP	2026-09-26T11:38:26.4039983Z [89/174 eval 1.4s] Evaluation done; writing results to codeql/python-queries/Security/CWE-090/LdapInjection.bqrs.
codeql / Analyze (python)	UNKNOWN STEP	2026-09-26T11:38:26.4414590Z [90/174 eval 1.2s] Evaluation done; writing results to codeql/python-queries/Security/CWE-312/CleartextLogging.bqrs.
codeql / Analyze (python)	UNKNOWN STEP	2026-09-26T11:38:26.4674433Z [91/174 eval 1.3s] Evaluation done; writing results to codeql/python-queries/Security/CWE-116/BadTagFilter.bqrs.
codeql / Analyze (python)	UNKNOWN STEP	2026-09-26T11:38:26.4676005Z Starting evaluation of codeql/python-queries/Security/CWE-327/BrokenCryptoAlgorithm.ql.
codeql / Analyze (python)	UNKNOWN STEP	2026-09-26T11:38:26.4703795Z Starting evaluation of codeql/python-queries/Security/CWE-327/InsecureDefaultProtocol.ql.
codeql / Analyze (python)	UNKNOWN STEP	2026-09-26T11:38:26.4733727Z Starting evaluation of codeql/python-queries/Security/CWE-327/InsecureProtocol.ql.
codeql / Analyze (python)	UNKNOWN STEP	2026-09-26T11:38:26.4763485Z Starting evaluation of codeql/python-queries/Security/CWE-327/WeakSensitiveDataHashing.ql.
codeql / Analyze (python)	UNKNOWN STEP	2026-09-26T11:38:26.4765109Z [92/174 eval 1.3s] Evaluation done; writing results to codeql/python-queries/Security/CWE-326/WeakCryptoKey.bqrs.
codeql / Analyze (python)	UNKNOWN STEP	2026-09-26T11:38:26.4793901Z [93/174 eval 8ms] Evaluation done; writing results to codeql/python-queries/Security/CWE-327/BrokenCryptoAlgorithm.bqrs.
codeql / Analyze (python)	UNKNOWN STEP	2026-09-26T11:38:26.4823858Z [94/174 eval 9ms] Evaluation done; writing results to codeql/python-queries/Security/CWE-327/InsecureDefaultProtocol.bqrs.
codeql / Analyze (python)	UNKNOWN STEP	2026-09-26T11:38:26.4914261Z [95/174 eval 26ms] Evaluation done; writing results to codeql/python-queries/Security/CWE-327/WeakSensitiveDataHashing.bqrs.
codeql / Analyze (python)	UNKNOWN STEP	2026-09-26T11:38:26.4943499Z Starting evaluation of codeql/python-queries/Security/CWE-352/CSRFProtectionDisabled.ql.
codeql / Analyze (python)	UNKNOWN STEP	2026-09-26T11:38:26.4973669Z Starting evaluation of codeql/python-queries/Security/CWE-377/InsecureTemporaryFile.ql.
codeql / Analyze (python)	UNKNOWN STEP	2026-09-26T11:38:26.4993844Z [96/174 eval 2ms] Evaluation done; writing results to codeql/python-queries/Security/CWE-352/CSRFProtectionDisabled.bqrs.
codeql / Analyze (python)	UNKNOWN STEP	2026-09-26T11:38:26.5415576Z Starting evaluation of codeql/python-queries/Security/CWE-502/UnsafeDeserialization.ql.
codeql / Analyze (python)	UNKNOWN STEP	2026-09-26T11:38:26.5443697Z [97/174 eval 79ms] Evaluation done; writing results to codeql/python-queries/Security/CWE-327/InsecureProtocol.bqrs.
codeql / Analyze (python)	UNKNOWN STEP	2026-09-26T11:38:26.5547255Z [98/174 eval 1.3s] Evaluation done; writing results to codeql/python-queries/Security/CWE-312/CleartextStorage.bqrs.
codeql / Analyze (python)	UNKNOWN STEP	2026-09-26T11:38:26.5686388Z Starting evaluation of codeql/python-queries/Security/CWE-601/UrlRedirect.ql.
codeql / Analyze (python)	UNKNOWN STEP	2026-09-26T11:38:26.5701498Z Starting evaluation of codeql/python-queries/Security/CWE-611/Xxe.ql.
codeql / Analyze (python)	UNKNOWN STEP	2026-09-26T11:38:26.5734276Z [99/174 eval 77ms] Evaluation done; writing results to codeql/python-queries/Security/CWE-377/InsecureTemporaryFile.bqrs.
codeql / Analyze (python)	UNKNOWN STEP	2026-09-26T11:38:26.6296030Z [100/174 eval 89ms] Evaluation done; writing results to codeql/python-queries/Security/CWE-502/UnsafeDeserialization.bqrs.
codeql / Analyze (python)	UNKNOWN STEP	2026-09-26T11:38:26.6525799Z Starting evaluation of codeql/python-queries/Security/CWE-614/InsecureCookie.ql.
codeql / Analyze (python)	UNKNOWN STEP	2026-09-26T11:38:26.6566800Z [101/174 eval 84ms] Evaluation done; writing results to codeql/python-queries/Security/CWE-601/UrlRedirect.bqrs.
codeql / Analyze (python)	UNKNOWN STEP	2026-09-26T11:38:26.6570020Z Starting evaluation of codeql/python-queries/Security/CWE-643/XpathInjection.ql.
codeql / Analyze (python)	UNKNOWN STEP	2026-09-26T11:38:26.6571284Z [102/174 eval 3ms] Evaluation done; writing results to codeql/python-queries/Security/CWE-614/InsecureCookie.bqrs.
codeql / Analyze (python)	UNKNOWN STEP	2026-09-26T11:38:26.6624173Z Starting evaluation of codeql/python-queries/Security/CWE-730/PolynomialReDoS.ql.
codeql / Analyze (python)	UNKNOWN STEP	2026-09-26T11:38:26.6794348Z [103/174 eval 109ms] Evaluation done; writing results to codeql/python-queries/Security/CWE-611/Xxe.bqrs.
codeql / Analyze (python)	UNKNOWN STEP	2026-09-26T11:38:26.6909196Z [104/174 eval 36ms] Evaluation done; writing results to codeql/python-queries/Security/CWE-643/XpathInjection.bqrs.
codeql / Analyze (python)	UNKNOWN STEP	2026-09-26T11:38:26.6963733Z Starting evaluation of codeql/python-queries/Security/CWE-730/ReDoS.ql.
codeql / Analyze (python)	UNKNOWN STEP	2026-09-26T11:38:26.7126971Z [105/174 eval 16ms] Evaluation done; writing results to codeql/python-queries/Security/CWE-730/ReDoS.bqrs.
codeql / Analyze (python)	UNKNOWN STEP	2026-09-26T11:38:26.7280356Z Starting evaluation of codeql/python-queries/Security/CWE-730/RegexInjection.ql.
codeql / Analyze (python)	UNKNOWN STEP	2026-09-26T11:38:26.7664105Z Starting evaluation of codeql/python-queries/Security/CWE-732/WeakFilePermissions.ql.
codeql / Analyze (python)	UNKNOWN STEP	2026-09-26T11:38:26.7665524Z [106/174 eval 35ms] Evaluation done; writing results to codeql/python-queries/Security/CWE-730/RegexInjection.bqrs.
codeql / Analyze (python)	UNKNOWN STEP	2026-09-26T11:38:26.7733768Z [107/174 eval 8ms] Evaluation done; writing results to codeql/python-queries/Security/CWE-732/WeakFilePermissions.bqrs.
codeql / Analyze (python)	UNKNOWN STEP	2026-09-26T11:38:26.7823541Z Starting evaluation of codeql/python-queries/Security/CWE-776/XmlBomb.ql.
codeql / Analyze (python)	UNKNOWN STEP	2026-09-26T11:38:26.8528360Z Starting evaluation of codeql/python-queries/Security/CWE-918/FullServerSideRequestForgery.ql.
codeql / Analyze (python)	UNKNOWN STEP	2026-09-26T11:38:26.8920286Z [108/174 eval 121ms] Evaluation done; writing results to codeql/python-queries/Security/CWE-776/XmlBomb.bqrs.
codeql / Analyze (python)	UNKNOWN STEP	2026-09-26T11:38:26.8988560Z Starting evaluation of codeql/python-queries/Security/CWE-918/PartialServerSideRequestForgery.ql.
codeql / Analyze (python)	UNKNOWN STEP	2026-09-26T11:38:26.9504253Z Starting evaluation of codeql/python-queries/Security/CWE-943/NoSqlInjection.ql.
codeql / Analyze (python)	UNKNOWN STEP	2026-09-26T11:38:26.9510387Z [109/174 eval 47ms] Evaluation done; writing results to codeql/python-queries/Security/CWE-918/PartialServerSideRequestForgery.bqrs.
codeql / Analyze (python)	UNKNOWN STEP	2026-09-26T11:38:27.0346667Z [110/174 eval 86ms] Evaluation done; writing results to codeql/python-queries/Security/CWE-943/NoSqlInjection.bqrs.
codeql / Analyze (python)	UNKNOWN STEP	2026-09-26T11:38:27.1287739Z Starting evaluation of codeql/python-queries/Statements/AssertOnTuple.ql.
codeql / Analyze (python)	UNKNOWN STEP	2026-09-26T11:38:27.1346172Z Starting evaluation of codeql/python-queries/Statements/BreakOrReturnInFinally.ql.
codeql / Analyze (python)	UNKNOWN STEP	2026-09-26T11:38:27.1423752Z [111/174 eval 2ms] Evaluation done; writing results to codeql/python-queries/Statements/AssertOnTuple.bqrs.
codeql / Analyze (python)	UNKNOWN STEP	2026-09-26T11:38:27.1483545Z Starting evaluation of codeql/python-queries/Statements/ConstantInConditional.ql.
codeql / Analyze (python)	UNKNOWN STEP	2026-09-26T11:38:27.1513592Z [112/174 eval 7ms] Evaluation done; writing results to codeql/python-queries/Statements/BreakOrReturnInFinally.bqrs.
codeql / Analyze (python)	UNKNOWN STEP	2026-09-26T11:38:27.1775980Z [113/174 eval 517ms] Evaluation done; writing results to codeql/python-queries/Security/CWE-730/PolynomialReDoS.bqrs.
codeql / Analyze (python)	UNKNOWN STEP	2026-09-26T11:38:27.1863583Z Starting evaluation of codeql/python-queries/Statements/IterableStringOrSequence.ql.
codeql / Analyze (python)	UNKNOWN STEP	2026-09-26T11:38:27.1890487Z Starting evaluation of codeql/python-queries/Statements/MismatchInMultipleAssignment.ql.
codeql / Analyze (python)	UNKNOWN STEP	2026-09-26T11:38:27.1951568Z Starting evaluation of codeql/python-queries/Statements/ModificationOfLocals.ql.
codeql / Analyze (python)	UNKNOWN STEP	2026-09-26T11:38:27.2006509Z Starting evaluation of codeql/python-queries/Statements/NestedLoopsSameVariable.ql.
codeql / Analyze (python)	UNKNOWN STEP	2026-09-26T11:38:27.2045219Z [114/174 eval 3ms] Evaluation done; writing results to codeql/python-queries/Statements/ModificationOfLocals.bqrs.
codeql / Analyze (python)	UNKNOWN STEP	2026-09-26T11:38:27.2105108Z [115/174 eval 9ms] Evaluation done; writing results to codeql/python-queries/Statements/NestedLoopsSameVariable.bqrs.
codeql / Analyze (python)	UNKNOWN STEP	2026-09-26T11:38:27.2133692Z Starting evaluation of codeql/python-queries/Statements/NestedLoopsSameVariableWithReuse.ql.
codeql / Analyze (python)	UNKNOWN STEP	2026-09-26T11:38:27.2168167Z Starting evaluation of codeql/python-queries/Statements/NonIteratorInForLoop.ql.
codeql / Analyze (python)	UNKNOWN STEP	2026-09-26T11:38:27.2235785Z [116/174 eval 4ms] Evaluation done; writing results to codeql/python-queries/Statements/NestedLoopsSameVariableWithReuse.bqrs.
codeql / Analyze (python)	UNKNOWN STEP	2026-09-26T11:38:27.2273487Z Starting evaluation of codeql/python-queries/Statements/RedundantAssignment.ql.
codeql / Analyze (python)	UNKNOWN STEP	2026-09-26T11:38:27.2394033Z [117/174 eval 104ms] Evaluation done; writing results to codeql/python-queries/Statements/ConstantInConditional.bqrs.
codeql / Analyze (python)	UNKNOWN STEP	2026-09-26T11:38:27.2436293Z Starting evaluation of codeql/python-queries/Statements/ReturnOrYieldOutsideFunction.ql.
codeql / Analyze (python)	UNKNOWN STEP	2026-09-26T11:38:27.2525437Z Starting evaluation of codeql/python-queries/Statements/ShouldUseWithStatement.ql.
codeql / Analyze (python)	UNKNOWN STEP	2026-09-26T11:38:27.2563597Z Starting evaluation of codeql/python-queries/Statements/SideEffectInAssert.ql.
codeql / Analyze (python)	UNKNOWN STEP	2026-09-26T11:38:27.2593990Z [118/174 eval 5ms] Evaluation done; writing results to codeql/python-queries/Statements/ReturnOrYieldOutsideFunction.bqrs.
codeql / Analyze (python)	UNKNOWN STEP	2026-09-26T11:38:27.2653889Z [119/174 eval 2ms] Evaluation done; writing results to codeql/python-queries/Statements/ShouldUseWithStatement.bqrs.
codeql / Analyze (python)	UNKNOWN STEP	2026-09-26T11:38:27.2683594Z Starting evaluation of codeql/python-queries/Statements/StatementNoEffect.ql.
codeql / Analyze (python)	UNKNOWN STEP	2026-09-26T11:38:27.2815118Z [120/174 eval 16ms] Evaluation done; writing results to codeql/python-queries/Statements/StatementNoEffect.bqrs.
codeql / Analyze (python)	UNKNOWN STEP	2026-09-26T11:38:27.2874540Z Starting evaluation of codeql/python-queries/Statements/TopLevelPrint.ql.
codeql / Analyze (python)	UNKNOWN STEP	2026-09-26T11:38:27.2899977Z [121/174 eval 36ms] Evaluation done; writing results to codeql/python-queries/Statements/SideEffectInAssert.bqrs.
codeql / Analyze (python)	UNKNOWN STEP	2026-09-26T11:38:27.2947569Z Starting evaluation of codeql/python-queries/Statements/UnnecessaryDelete.ql.
codeql / Analyze (python)	UNKNOWN STEP	2026-09-26T11:38:27.2979907Z Starting evaluation of codeql/python-queries/Statements/UnnecessaryElseClause.ql.
codeql / Analyze (python)	UNKNOWN STEP	2026-09-26T11:38:27.3013653Z [122/174 eval 4ms] Evaluation done; writing results to codeql/python-queries/Statements/TopLevelPrint.bqrs.
codeql / Analyze (python)	UNKNOWN STEP	2026-09-26T11:38:27.3043687Z [123/174 eval 1ms] Evaluation done; writing results to codeql/python-queries/Statements/UnnecessaryDelete.bqrs.
codeql / Analyze (python)	UNKNOWN STEP	2026-09-26T11:38:27.3053431Z Starting evaluation of codeql/python-queries/Statements/UnnecessaryPass.ql.
codeql / Analyze (python)	UNKNOWN STEP	2026-09-26T11:38:27.3103501Z Starting evaluation of codeql/python-queries/Statements/UnreachableCode.ql.
codeql / Analyze (python)	UNKNOWN STEP	2026-09-26T11:38:27.3113514Z [124/174 eval 6ms] Evaluation done; writing results to codeql/python-queries/Statements/UnnecessaryPass.bqrs.
codeql / Analyze (python)	UNKNOWN STEP	2026-09-26T11:38:27.3163732Z [125/174 eval 10ms] Evaluation done; writing results to codeql/python-queries/Statements/UnnecessaryElseClause.bqrs.
codeql / Analyze (python)	UNKNOWN STEP	2026-09-26T11:38:27.3165036Z Starting evaluation of codeql/python-queries/Statements/UnusedExceptionObject.ql.
codeql / Analyze (python)	UNKNOWN STEP	2026-09-26T11:38:27.3289920Z Starting evaluation of codeql/python-queries/Statements/UseOfExit.ql.
codeql / Analyze (python)	UNKNOWN STEP	2026-09-26T11:38:27.3313384Z Starting evaluation of codeql/python-queries/Summary/LinesOfCode.ql.
codeql / Analyze (python)	UNKNOWN STEP	2026-09-26T11:38:27.3365264Z [126/174 eval 28ms] Evaluation done; writing results to codeql/python-queries/Statements/UnusedExceptionObject.bqrs.
codeql / Analyze (python)	UNKNOWN STEP	2026-09-26T11:38:27.3366674Z [127/174 eval 1ms] Evaluation done; writing results to codeql/python-queries/Statements/UseOfExit.bqrs.
codeql / Analyze (python)	UNKNOWN STEP	2026-09-26T11:38:27.3397165Z [128/174 eval 8ms] Evaluation done; writing results to codeql/python-queries/Summary/LinesOfCode.bqrs.
codeql / Analyze (python)	UNKNOWN STEP	2026-09-26T11:38:27.3433714Z [129/174 eval 47ms] Evaluation done; writing results to codeql/python-queries/Statements/UnreachableCode.bqrs.
codeql / Analyze (python)	UNKNOWN STEP	2026-09-26T11:38:27.3454105Z Starting evaluation of codeql/python-queries/Summary/LinesOfUserCode.ql.
codeql / Analyze (python)	UNKNOWN STEP	2026-09-26T11:38:27.3626545Z Starting evaluation of codeql/python-queries/Testing/ImpreciseAssert.ql.
codeql / Analyze (python)	UNKNOWN STEP	2026-09-26T11:38:27.3767395Z Starting evaluation of codeql/python-queries/Variables/GlobalAtModuleLevel.ql.
codeql / Analyze (python)	UNKNOWN STEP	2026-09-26T11:38:27.3806134Z [130/174 eval 12ms] Evaluation done; writing results to codeql/python-queries/Testing/ImpreciseAssert.bqrs.
codeql / Analyze (python)	UNKNOWN STEP	2026-09-26T11:38:27.3833649Z Starting evaluation of codeql/python-queries/Variables/LoopVariableCapture/LoopVariableCapture.ql.
codeql / Analyze (python)	UNKNOWN STEP	2026-09-26T11:38:27.3856977Z [131/174 eval 35ms] Evaluation done; writing results to codeql/python-queries/Summary/LinesOfUserCode.bqrs.
codeql / Analyze (python)	UNKNOWN STEP	2026-09-26T11:38:27.3883229Z [132/174 eval 1ms] Evaluation done; writing results to codeql/python-queries/Variables/GlobalAtModuleLevel.bqrs.
codeql / Analyze (python)	UNKNOWN STEP	2026-09-26T11:38:27.3936924Z Starting evaluation of codeql/python-queries/Variables/LeakingListComprehension.ql.
codeql / Analyze (python)	UNKNOWN STEP	2026-09-26T11:38:27.3999058Z [133/174 eval 19ms] Evaluation done; writing results to codeql/python-queries/Variables/LeakingListComprehension.bqrs.
codeql / Analyze (python)	UNKNOWN STEP	2026-09-26T11:38:27.4063531Z Starting evaluation of codeql/python-queries/Variables/MultiplyDefined.ql.
codeql / Analyze (python)	UNKNOWN STEP	2026-09-26T11:38:27.4342942Z [134/174 eval 54ms] Evaluation done; writing results to codeql/python-queries/Variables/LoopVariableCapture/LoopVariableCapture.bqrs.
codeql / Analyze (python)	UNKNOWN STEP	2026-09-26T11:38:27.4425943Z Starting evaluation of codeql/python-queries/Variables/SuspiciousUnusedLoopIterationVariable.ql.
codeql / Analyze (python)	UNKNOWN STEP	2026-09-26T11:38:27.4474168Z Starting evaluation of codeql/python-queries/Variables/UndefinedExport.ql.
codeql / Analyze (python)	UNKNOWN STEP	2026-09-26T11:38:27.4494485Z Starting evaluation of codeql/python-queries/Variables/UndefinedPlaceHolder.ql.
codeql / Analyze (python)	UNKNOWN STEP	2026-09-26T11:38:27.4524508Z [135/174 eval 47ms] Evaluation done; writing results to codeql/python-queries/Variables/MultiplyDefined.bqrs.
codeql / Analyze (python)	UNKNOWN STEP	2026-09-26T11:38:27.4553748Z [136/174 eval 3ms] Evaluation done; writing results to codeql/python-queries/Variables/UndefinedPlaceHolder.bqrs.
codeql / Analyze (python)	UNKNOWN STEP	2026-09-26T11:38:27.4567292Z Starting evaluation of codeql/python-queries/Variables/UninitializedLocal.ql.
codeql / Analyze (python)	UNKNOWN STEP	2026-09-26T11:38:27.4962943Z [137/174 eval 50ms] Evaluation done; writing results to codeql/python-queries/Variables/SuspiciousUnusedLoopIterationVariable.bqrs.
codeql / Analyze (python)	UNKNOWN STEP	2026-09-26T11:38:27.5284604Z Starting evaluation of codeql/python-queries/Variables/UnusedLocalVariable.ql.
codeql / Analyze (python)	UNKNOWN STEP	2026-09-26T11:38:27.5318376Z Starting evaluation of codeql/python-queries/Variables/UnusedModuleVariable.ql.
codeql / Analyze (python)	UNKNOWN STEP	2026-09-26T11:38:27.5378589Z [138/174 eval 10ms] Evaluation done; writing results to codeql/python-queries/Variables/UnusedLocalVariable.bqrs.
codeql / Analyze (python)	UNKNOWN STEP	2026-09-26T11:38:27.7586016Z [139/174 eval 906ms] Evaluation done; writing results to codeql/python-queries/Security/CWE-918/FullServerSideRequestForgery.bqrs.
codeql / Analyze (python)	UNKNOWN STEP	2026-09-26T11:38:29.4964759Z [140/174 eval 2.3s] Evaluation done; writing results to codeql/python-queries/Statements/MismatchInMultipleAssignment.bqrs.
codeql / Analyze (python)	UNKNOWN STEP	2026-09-26T11:38:29.5018093Z [141/174 eval 5.8s] Evaluation done; writing results to codeql/python-queries/Imports/ModuleImportsItself.bqrs.
codeql / Analyze (python)	UNKNOWN STEP	2026-09-26T11:38:29.5201120Z [142/174 eval 8.4s] Evaluation done; writing results to codeql/python-queries/Classes/InconsistentMRO.bqrs.
codeql / Analyze (python)	UNKNOWN STEP	2026-09-26T11:38:29.5263841Z [143/174 eval 8.4s] Evaluation done; writing results to codeql/python-queries/Classes/OverwritingAttributeInSuperClass.bqrs.
codeql / Analyze (python)	UNKNOWN STEP	2026-09-26T11:38:29.5393250Z [144/174 eval 8.4s] Evaluation done; writing results to codeql/python-queries/Classes/WrongNameForArgumentInClassInstantiation.bqrs.
codeql / Analyze (python)	UNKNOWN STEP	2026-09-26T11:38:29.5624715Z [145/174 eval 7.1s] Evaluation done; writing results to codeql/python-queries/Exceptions/IllegalExceptionHandlerType.bqrs.
codeql / Analyze (python)	UNKNOWN STEP	2026-09-26T11:38:29.5713869Z [146/174 eval 2.4s] Evaluation done; writing results to codeql/python-queries/Statements/IterableStringOrSequence.bqrs.
codeql / Analyze (python)	UNKNOWN STEP	2026-09-26T11:38:29.5843899Z [147/174 eval 8.5s] Evaluation done; writing results to codeql/python-queries/Classes/ConflictingAttributesInBaseClasses.bqrs.
codeql / Analyze (python)	UNKNOWN STEP	2026-09-26T11:38:29.5845528Z [148/174 eval 7.1s] Evaluation done; writing results to codeql/python-queries/Exceptions/IllegalRaise.bqrs.
codeql / Analyze (python)	UNKNOWN STEP	2026-09-26T11:38:29.5864349Z [149/174 eval 7.1s] Evaluation done; writing results to codeql/python-queries/Classes/WrongNumberArgumentsInClassInstantiation.bqrs.
codeql / Analyze (python)	UNKNOWN STEP	2026-09-26T11:38:29.5875794Z [150/174 eval 6.4s] Evaluation done; writing results to codeql/python-queries/Expressions/ContainsNonContainer.bqrs.
codeql / Analyze (python)	UNKNOWN STEP	2026-09-26T11:38:29.5877559Z [151/174 eval 2.4s] Evaluation done; writing results to codeql/python-queries/Statements/NonIteratorInForLoop.bqrs.
codeql / Analyze (python)	UNKNOWN STEP	2026-09-26T11:38:29.5904325Z [152/174 eval 6.2s] Evaluation done; writing results to codeql/python-queries/Expressions/TruncatedDivision.bqrs.
codeql / Analyze (python)	UNKNOWN STEP	2026-09-26T11:38:29.5928903Z [153/174 eval 6.3s] Evaluation done; writing results to codeql/python-queries/Expressions/Formatting/MixedExplicitImplicitIn3101Format.bqrs.
codeql / Analyze (python)	UNKNOWN STEP	2026-09-26T11:38:29.5982937Z [154/174 eval 6.3s] Evaluation done; writing results to codeql/python-queries/Expressions/Formatting/UnusedNamedArgumentIn3101Format.bqrs.
codeql / Analyze (python)	UNKNOWN STEP	2026-09-26T11:38:29.6030264Z [155/174 eval 6.3s] Evaluation done; writing results to codeql/python-queries/Expressions/Formatting/WrongNameInArgumentsFor3101Format.bqrs.
codeql / Analyze (python)	UNKNOWN STEP	2026-09-26T11:38:29.6057311Z [156/174 eval 6.2s] Evaluation done; writing results to codeql/python-queries/Expressions/WrongNameForArgumentInCall.bqrs.
codeql / Analyze (python)	UNKNOWN STEP	2026-09-26T11:38:29.6063518Z [157/174 eval 6.3s] Evaluation done; writing results to codeql/python-queries/Expressions/Formatting/UnusedArgumentIn3101Format.bqrs.
codeql / Analyze (python)	UNKNOWN STEP	2026-09-26T11:38:29.6065982Z [158/174 eval 6.3s] Evaluation done; writing results to codeql/python-queries/Expressions/Formatting/WrongNumberArgumentsFor3101Format.bqrs.
codeql / Analyze (python)	UNKNOWN STEP	2026-09-26T11:38:29.6100105Z [159/174 eval 6.3s] Evaluation done; writing results to codeql/python-queries/Expressions/HashedButNoHash.bqrs.
codeql / Analyze (python)	UNKNOWN STEP	2026-09-26T11:38:29.6164311Z [160/174 eval 6.3s] Evaluation done; writing results to codeql/python-queries/Expressions/NonCallableCalled.bqrs.
codeql / Analyze (python)	UNKNOWN STEP	2026-09-26T11:38:29.6296067Z [161/174 eval 6.2s] Evaluation done; writing results to codeql/python-queries/Expressions/WrongNumberArgumentsInCall.bqrs.
codeql / Analyze (python)	UNKNOWN STEP	2026-09-26T11:38:29.6330863Z [162/174 eval 6.1s] Evaluation done; writing results to codeql/python-queries/Functions/IncorrectlyOverriddenMethod.bqrs.
codeql / Analyze (python)	UNKNOWN STEP	2026-09-26T11:38:29.6364445Z [163/174 eval 5.9s] Evaluation done; writing results to codeql/python-queries/Functions/OverlyComplexDelMethod.bqrs.
codeql / Analyze (python)	UNKNOWN STEP	2026-09-26T11:38:29.6399661Z [164/174 eval 6.1s] Evaluation done; writing results to codeql/python-queries/Functions/IncorrectlySpecifiedOverriddenMethod.bqrs.
codeql / Analyze (python)	UNKNOWN STEP	2026-09-26T11:38:29.6444740Z [165/174 eval 6.2s] Evaluation done; writing results to codeql/python-queries/Functions/ConsistentReturns.bqrs.
codeql / Analyze (python)	UNKNOWN STEP	2026-09-26T11:38:29.6504133Z [166/174 eval 5.9s] Evaluation done; writing results to codeql/python-queries/Imports/FromImportOfMutableAttribute.bqrs.
codeql / Analyze (python)	UNKNOWN STEP	2026-09-26T11:38:29.6536493Z [167/174 eval 6.2s] Evaluation done; writing results to codeql/python-queries/Functions/IterReturnsNonIterator.bqrs.
codeql / Analyze (python)	UNKNOWN STEP	2026-09-26T11:38:29.6652929Z [168/174 eval 5.9s] Evaluation done; writing results to codeql/python-queries/Imports/CyclicImport.bqrs.
codeql / Analyze (python)	UNKNOWN STEP	2026-09-26T11:38:29.6707361Z [169/174 eval 5.9s] Evaluation done; writing results to codeql/python-queries/Functions/UseImplicitNoneReturnValue.bqrs.
codeql / Analyze (python)	UNKNOWN STEP	2026-09-26T11:38:29.6755532Z [170/174 eval 5.9s] Evaluation done; writing results to codeql/python-queries/Imports/ModuleLevelCyclicImport.bqrs.
codeql / Analyze (python)	UNKNOWN STEP	2026-09-26T11:38:29.6799485Z [171/174 eval 2.5s] Evaluation done; writing results to codeql/python-queries/Statements/RedundantAssignment.bqrs.
codeql / Analyze (python)	UNKNOWN STEP	2026-09-26T11:38:29.6822190Z [172/174 eval 2.2s] Evaluation done; writing results to codeql/python-queries/Variables/UndefinedExport.bqrs.
codeql / Analyze (python)	UNKNOWN STEP	2026-09-26T11:38:29.6864230Z [173/174 eval 2.2s] Evaluation done; writing results to codeql/python-queries/Variables/UnusedModuleVariable.bqrs.
codeql / Analyze (python)	UNKNOWN STEP	2026-09-26T11:38:29.6995204Z [174/174 eval 2.2s] Evaluation done; writing results to codeql/python-queries/Variables/UninitializedLocal.bqrs.
codeql / Analyze (python)	UNKNOWN STEP	2026-09-26T11:38:29.6996913Z Shutting down query evaluator.
codeql / Analyze (python)	UNKNOWN STEP	2026-09-26T11:38:29.7974094Z Interpreting code scanning results for python
codeql / Analyze (python)	UNKNOWN STEP	2026-09-26T11:38:30.5880990Z Writing logs to /home/runner/work/_temp/codeql_databases/python/log/database-interpret-results-20260926.113830.584.log.
codeql / Analyze (python)	UNKNOWN STEP	2026-09-26T11:38:30.7584533Z Recording pack reference codeql/python-queries at /opt/hostedtoolcache/CodeQL/2.27.1/x64/codeql/qlpacks/codeql/python-queries/1.8.11.
codeql / Analyze (python)	UNKNOWN STEP	2026-09-26T11:38:30.8603860Z Resolving extensions
codeql / Analyze (python)	UNKNOWN STEP	2026-09-26T11:38:32.2985910Z Interpreting /opt/hostedtoolcache/CodeQL/2.27.1/x64/codeql/qlpacks/codeql/python-queries/1.8.11/Expressions/UseofInput.ql...
codeql / Analyze (python)	UNKNOWN STEP	2026-09-26T11:38:32.3266273Z  ... found results file at /home/runner/work/_temp/codeql_databases/python/results/codeql/python-queries/Expressions/UseofInput.bqrs.
codeql / Analyze (python)	UNKNOWN STEP	2026-09-26T11:38:32.3434135Z Interpreting /opt/hostedtoolcache/CodeQL/2.27.1/x64/codeql/qlpacks/codeql/python-queries/1.8.11/Security/CWE-918/FullServerSideRequestForgery.ql...
codeql / Analyze (python)	UNKNOWN STEP	2026-09-26T11:38:32.3567355Z  ... found results file at /home/runner/work/_temp/codeql_databases/python/results/codeql/python-queries/Security/CWE-918/FullServerSideRequestForgery.bqrs.
codeql / Analyze (python)	UNKNOWN STEP	2026-09-26T11:38:32.3574636Z Interpreting /opt/hostedtoolcache/CodeQL/2.27.1/x64/codeql/qlpacks/codeql/python-queries/1.8.11/Security/CWE-079/ReflectedXss.ql...
codeql / Analyze (python)	UNKNOWN STEP	2026-09-26T11:38:32.3687428Z  ... found results file at /home/runner/work/_temp/codeql_databases/python/results/codeql/python-queries/Security/CWE-079/ReflectedXss.bqrs.
codeql / Analyze (python)	UNKNOWN STEP	2026-09-26T11:38:32.3720475Z Interpreting /opt/hostedtoolcache/CodeQL/2.27.1/x64/codeql/qlpacks/codeql/python-queries/1.8.11/Security/CWE-326/WeakCryptoKey.ql...
codeql / Analyze (python)	UNKNOWN STEP	2026-09-26T11:38:32.3799575Z  ... found results file at /home/runner/work/_temp/codeql_databases/python/results/codeql/python-queries/Security/CWE-326/WeakCryptoKey.bqrs.
codeql / Analyze (python)	UNKNOWN STEP	2026-09-26T11:38:32.3835587Z Interpreting /opt/hostedtoolcache/CodeQL/2.27.1/x64/codeql/qlpacks/codeql/python-queries/1.8.11/Security/CWE-022/PathInjection.ql...
codeql / Analyze (python)	UNKNOWN STEP	2026-09-26T11:38:32.3920295Z  ... found results file at /home/runner/work/_temp/codeql_databases/python/results/codeql/python-queries/Security/CWE-022/PathInjection.bqrs.
codeql / Analyze (python)	UNKNOWN STEP	2026-09-26T11:38:32.3923844Z Interpreting /opt/hostedtoolcache/CodeQL/2.27.1/x64/codeql/qlpacks/codeql/python-queries/1.8.11/Security/CWE-116/BadTagFilter.ql...
codeql / Analyze (python)	UNKNOWN STEP	2026-09-26T11:38:32.4004063Z  ... found results file at /home/runner/work/_temp/codeql_databases/python/results/codeql/python-queries/Security/CWE-116/BadTagFilter.bqrs.
codeql / Analyze (python)	UNKNOWN STEP	2026-09-26T11:38:32.4010315Z Interpreting /opt/hostedtoolcache/CodeQL/2.27.1/x64/codeql/qlpacks/codeql/python-queries/1.8.11/Security/CWE-943/NoSqlInjection.ql...
codeql / Analyze (python)	UNKNOWN STEP	2026-09-26T11:38:32.4114275Z  ... found results file at /home/runner/work/_temp/codeql_databases/python/results/codeql/python-queries/Security/CWE-943/NoSqlInjection.bqrs.
codeql / Analyze (python)	UNKNOWN STEP	2026-09-26T11:38:32.4117539Z Interpreting /opt/hostedtoolcache/CodeQL/2.27.1/x64/codeql/qlpacks/codeql/python-queries/1.8.11/Security/CWE-209/StackTraceExposure.ql...
codeql / Analyze (python)	UNKNOWN STEP	2026-09-26T11:38:32.4205744Z  ... found results file at /home/runner/work/_temp/codeql_databases/python/results/codeql/python-queries/Security/CWE-209/StackTraceExposure.bqrs.
codeql / Analyze (python)	UNKNOWN STEP	2026-09-26T11:38:32.4207664Z Interpreting /opt/hostedtoolcache/CodeQL/2.27.1/x64/codeql/qlpacks/codeql/python-queries/1.8.11/Security/CWE-643/XpathInjection.ql...
codeql / Analyze (python)	UNKNOWN STEP	2026-09-26T11:38:32.4264107Z  ... found results file at /home/runner/work/_temp/codeql_databases/python/results/codeql/python-queries/Security/CWE-643/XpathInjection.bqrs.
codeql / Analyze (python)	UNKNOWN STEP	2026-09-26T11:38:32.4266011Z Interpreting /opt/hostedtoolcache/CodeQL/2.27.1/x64/codeql/qlpacks/codeql/python-queries/1.8.11/Security/CWE-094/CodeInjection.ql...
codeql / Analyze (python)	UNKNOWN STEP	2026-09-26T11:38:32.4350450Z  ... found results file at /home/runner/work/_temp/codeql_databases/python/results/codeql/python-queries/Security/CWE-094/CodeInjection.bqrs.
codeql / Analyze (python)	UNKNOWN STEP	2026-09-26T11:38:32.4353047Z Interpreting /opt/hostedtoolcache/CodeQL/2.27.1/x64/codeql/qlpacks/codeql/python-queries/1.8.11/Security/CWE-377/InsecureTemporaryFile.ql...
codeql / Analyze (python)	UNKNOWN STEP	2026-09-26T11:38:32.4424110Z  ... found results file at /home/runner/work/_temp/codeql_databases/python/results/codeql/python-queries/Security/CWE-377/InsecureTemporaryFile.bqrs.
codeql / Analyze (python)	UNKNOWN STEP	2026-09-26T11:38:32.4430450Z Interpreting /opt/hostedtoolcache/CodeQL/2.27.1/x64/codeql/qlpacks/codeql/python-queries/1.8.11/Security/CWE-730/PolynomialReDoS.ql...
codeql / Analyze (python)	UNKNOWN STEP	2026-09-26T11:38:32.4521372Z  ... found results file at /home/runner/work/_temp/codeql_databases/python/results/codeql/python-queries/Security/CWE-730/PolynomialReDoS.bqrs.
codeql / Analyze (python)	UNKNOWN STEP	2026-09-26T11:38:32.4551671Z Interpreting /opt/hostedtoolcache/CodeQL/2.27.1/x64/codeql/qlpacks/codeql/python-queries/1.8.11/Security/CWE-730/ReDoS.ql...
codeql / Analyze (python)	UNKNOWN STEP	2026-09-26T11:38:32.4603700Z  ... found results file at /home/runner/work/_temp/codeql_databases/python/results/codeql/python-queries/Security/CWE-730/ReDoS.bqrs.
codeql / Analyze (python)	UNKNOWN STEP	2026-09-26T11:38:32.4607771Z Interpreting /opt/hostedtoolcache/CodeQL/2.27.1/x64/codeql/qlpacks/codeql/python-queries/1.8.11/Security/CWE-730/RegexInjection.ql...
codeql / Analyze (python)	UNKNOWN STEP	2026-09-26T11:38:32.4687058Z  ... found results file at /home/runner/work/_temp/codeql_databases/python/results/codeql/python-queries/Security/CWE-730/RegexInjection.bqrs.
codeql / Analyze (python)	UNKNOWN STEP	2026-09-26T11:38:32.4708682Z Interpreting /opt/hostedtoolcache/CodeQL/2.27.1/x64/codeql/qlpacks/codeql/python-queries/1.8.11/Security/CWE-295/MissingHostKeyValidation.ql...
codeql / Analyze (python)	UNKNOWN STEP	2026-09-26T11:38:32.4768449Z  ... found results file at /home/runner/work/_temp/codeql_databases/python/results/codeql/python-queries/Security/CWE-295/MissingHostKeyValidation.bqrs.
codeql / Analyze (python)	UNKNOWN STEP	2026-09-26T11:38:32.4784395Z Interpreting /opt/hostedtoolcache/CodeQL/2.27.1/x64/codeql/qlpacks/codeql/python-queries/1.8.11/Security/CWE-601/UrlRedirect.ql...
codeql / Analyze (python)	UNKNOWN STEP	2026-09-26T11:38:32.4861378Z  ... found results file at /home/runner/work/_temp/codeql_databases/python/results/codeql/python-queries/Security/CWE-601/UrlRedirect.bqrs.
codeql / Analyze (python)	UNKNOWN STEP	2026-09-26T11:38:32.4889872Z Interpreting /opt/hostedtoolcache/CodeQL/2.27.1/x64/codeql/qlpacks/codeql/python-queries/1.8.11/Security/CWE-611/Xxe.ql...
codeql / Analyze (python)	UNKNOWN STEP	2026-09-26T11:38:32.4959566Z  ... found results file at /home/runner/work/_temp/codeql_databases/python/results/codeql/python-queries/Security/CWE-611/Xxe.bqrs.
codeql / Analyze (python)	UNKNOWN STEP	2026-09-26T11:38:32.4961881Z Interpreting /opt/hostedtoolcache/CodeQL/2.27.1/x64/codeql/qlpacks/codeql/python-queries/1.8.11/Security/CWE-1275/SameSiteNoneCookie.ql...
codeql / Analyze (python)	UNKNOWN STEP	2026-09-26T11:38:32.5056372Z  ... found results file at /home/runner/work/_temp/codeql_databases/python/results/codeql/python-queries/Security/CWE-1275/SameSiteNoneCookie.bqrs.
codeql / Analyze (python)	UNKNOWN STEP	2026-09-26T11:38:32.5075475Z Interpreting /opt/hostedtoolcache/CodeQL/2.27.1/x64/codeql/qlpacks/codeql/python-queries/1.8.11/Security/CWE-352/CSRFProtectionDisabled.ql...
codeql / Analyze (python)	UNKNOWN STEP	2026-09-26T11:38:32.5104754Z  ... found results file at /home/runner/work/_temp/codeql_databases/python/results/codeql/python-queries/Security/CWE-352/CSRFProtectionDisabled.bqrs.
codeql / Analyze (python)	UNKNOWN STEP	2026-09-26T11:38:32.5125649Z Interpreting /opt/hostedtoolcache/CodeQL/2.27.1/x64/codeql/qlpacks/codeql/python-queries/1.8.11/Security/CWE-312/CleartextStorage.ql...
codeql / Analyze (python)	UNKNOWN STEP	2026-09-26T11:38:32.5210391Z  ... found results file at /home/runner/work/_temp/codeql_databases/python/results/codeql/python-queries/Security/CWE-312/CleartextStorage.bqrs.
codeql / Analyze (python)	UNKNOWN STEP	2026-09-26T11:38:32.5254169Z Interpreting /opt/hostedtoolcache/CodeQL/2.27.1/x64/codeql/qlpacks/codeql/python-queries/1.8.11/Security/CWE-312/CleartextLogging.ql...
codeql / Analyze (python)	UNKNOWN STEP	2026-09-26T11:38:32.5294225Z  ... found results file at /home/runner/work/_temp/codeql_databases/python/results/codeql/python-queries/Security/CWE-312/CleartextLogging.bqrs.
codeql / Analyze (python)	UNKNOWN STEP	2026-09-26T11:38:32.5323330Z Interpreting /opt/hostedtoolcache/CodeQL/2.27.1/x64/codeql/qlpacks/codeql/python-queries/1.8.11/Security/CWE-776/XmlBomb.ql...
codeql / Analyze (python)	UNKNOWN STEP	2026-09-26T11:38:32.5405370Z  ... found results file at /home/runner/work/_temp/codeql_databases/python/results/codeql/python-queries/Security/CWE-776/XmlBomb.bqrs.
codeql / Analyze (python)	UNKNOWN STEP	2026-09-26T11:38:32.5435389Z Interpreting /opt/hostedtoolcache/CodeQL/2.27.1/x64/codeql/qlpacks/codeql/python-queries/1.8.11/Security/CWE-1004/NonHttpOnlyCookie.ql...
codeql / Analyze (python)	UNKNOWN STEP	2026-09-26T11:38:32.5452554Z  ... found results file at /home/runner/work/_temp/codeql_databases/python/results/codeql/python-queries/Security/CWE-1004/NonHttpOnlyCookie.bqrs.
codeql / Analyze (python)	UNKNOWN STEP	2026-09-26T11:38:32.5464512Z Interpreting /opt/hostedtoolcache/CodeQL/2.27.1/x64/codeql/qlpacks/codeql/python-queries/1.8.11/Security/CWE-502/UnsafeDeserialization.ql...
codeql / Analyze (python)	UNKNOWN STEP	2026-09-26T11:38:32.5526073Z  ... found results file at /home/runner/work/_temp/codeql_databases/python/results/codeql/python-queries/Security/CWE-502/UnsafeDeserialization.bqrs.
codeql / Analyze (python)	UNKNOWN STEP	2026-09-26T11:38:32.5535684Z Interpreting /opt/hostedtoolcache/CodeQL/2.27.1/x64/codeql/qlpacks/codeql/python-queries/1.8.11/Security/CWE-089/SqlInjection.ql...
codeql / Analyze (python)	UNKNOWN STEP	2026-09-26T11:38:32.5604211Z  ... found results file at /home/runner/work/_temp/codeql_databases/python/results/codeql/python-queries/Security/CWE-089/SqlInjection.bqrs.
codeql / Analyze (python)	UNKNOWN STEP	2026-09-26T11:38:32.5617725Z Interpreting /opt/hostedtoolcache/CodeQL/2.27.1/x64/codeql/qlpacks/codeql/python-queries/1.8.11/Security/CVE-2018-1281/BindToAllInterfaces.ql...
codeql / Analyze (python)	UNKNOWN STEP	2026-09-26T11:38:32.5697460Z  ... found results file at /home/runner/work/_temp/codeql_databases/python/results/codeql/python-queries/Security/CVE-2018-1281/BindToAllInterfaces.bqrs.
codeql / Analyze (python)	UNKNOWN STEP	2026-09-26T11:38:32.5716328Z Interpreting /opt/hostedtoolcache/CodeQL/2.27.1/x64/codeql/qlpacks/codeql/python-queries/1.8.11/Security/CWE-078/CommandInjection.ql...
codeql / Analyze (python)	UNKNOWN STEP	2026-09-26T11:38:32.5774096Z  ... found results file at /home/runner/work/_temp/codeql_databases/python/results/codeql/python-queries/Security/CWE-078/CommandInjection.bqrs.
codeql / Analyze (python)	UNKNOWN STEP	2026-09-26T11:38:32.5794118Z Interpreting /opt/hostedtoolcache/CodeQL/2.27.1/x64/codeql/qlpacks/codeql/python-queries/1.8.11/Security/CWE-074/TemplateInjection.ql...
codeql / Analyze (python)	UNKNOWN STEP	2026-09-26T11:38:32.5827677Z  ... found results file at /home/runner/work/_temp/codeql_databases/python/results/codeql/python-queries/Security/CWE-074/TemplateInjection.bqrs.
codeql / Analyze (python)	UNKNOWN STEP	2026-09-26T11:38:32.5853858Z Interpreting /opt/hostedtoolcache/CodeQL/2.27.1/x64/codeql/qlpacks/codeql/python-queries/1.8.11/Security/CWE-215/FlaskDebug.ql...
codeql / Analyze (python)	UNKNOWN STEP	2026-09-26T11:38:32.5914155Z  ... found results file at /home/runner/work/_temp/codeql_databases/python/results/codeql/python-queries/Security/CWE-215/FlaskDebug.bqrs.
codeql / Analyze (python)	UNKNOWN STEP	2026-09-26T11:38:32.5916139Z Interpreting /opt/hostedtoolcache/CodeQL/2.27.1/x64/codeql/qlpacks/codeql/python-queries/1.8.11/Security/CWE-090/LdapInjection.ql...
codeql / Analyze (python)	UNKNOWN STEP	2026-09-26T11:38:32.5971720Z  ... found results file at /home/runner/work/_temp/codeql_databases/python/results/codeql/python-queries/Security/CWE-090/LdapInjection.bqrs.
codeql / Analyze (python)	UNKNOWN STEP	2026-09-26T11:38:32.5977251Z Interpreting /opt/hostedtoolcache/CodeQL/2.27.1/x64/codeql/qlpacks/codeql/python-queries/1.8.11/Security/CWE-327/WeakSensitiveDataHashing.ql...
codeql / Analyze (python)	UNKNOWN STEP	2026-09-26T11:38:32.6045923Z  ... found results file at /home/runner/work/_temp/codeql_databases/python/results/codeql/python-queries/Security/CWE-327/WeakSensitiveDataHashing.bqrs.
codeql / Analyze (python)	UNKNOWN STEP	2026-09-26T11:38:32.6054325Z Interpreting /opt/hostedtoolcache/CodeQL/2.27.1/x64/codeql/qlpacks/codeql/python-queries/1.8.11/Security/CWE-327/InsecureProtocol.ql...
codeql / Analyze (python)	UNKNOWN STEP	2026-09-26T11:38:32.6133412Z  ... found results file at /home/runner/work/_temp/codeql_databases/python/results/codeql/python-queries/Security/CWE-327/InsecureProtocol.bqrs.
codeql / Analyze (python)	UNKNOWN STEP	2026-09-26T11:38:32.6154577Z Interpreting /opt/hostedtoolcache/CodeQL/2.27.1/x64/codeql/qlpacks/codeql/python-queries/1.8.11/Security/CWE-327/BrokenCryptoAlgorithm.ql...
codeql / Analyze (python)	UNKNOWN STEP	2026-09-26T11:38:32.6197440Z  ... found results file at /home/runner/work/_temp/codeql_databases/python/results/codeql/python-queries/Security/CWE-327/BrokenCryptoAlgorithm.bqrs.
codeql / Analyze (python)	UNKNOWN STEP	2026-09-26T11:38:32.6209892Z Interpreting /opt/hostedtoolcache/CodeQL/2.27.1/x64/codeql/qlpacks/codeql/python-queries/1.8.11/Security/CWE-327/InsecureDefaultProtocol.ql...
codeql / Analyze (python)	UNKNOWN STEP	2026-09-26T11:38:32.6265274Z  ... found results file at /home/runner/work/_temp/codeql_databases/python/results/codeql/python-queries/Security/CWE-327/InsecureDefaultProtocol.bqrs.
codeql / Analyze (python)	UNKNOWN STEP	2026-09-26T11:38:32.6275335Z Interpreting /opt/hostedtoolcache/CodeQL/2.27.1/x64/codeql/qlpacks/codeql/python-queries/1.8.11/Security/CWE-614/InsecureCookie.ql...
codeql / Analyze (python)	UNKNOWN STEP	2026-09-26T11:38:32.6333757Z  ... found results file at /home/runner/work/_temp/codeql_databases/python/results/codeql/python-queries/Security/CWE-614/InsecureCookie.bqrs.
codeql / Analyze (python)	UNKNOWN STEP	2026-09-26T11:38:32.6341160Z Interpreting /opt/hostedtoolcache/CodeQL/2.27.1/x64/codeql/qlpacks/codeql/python-queries/1.8.11/Security/CWE-285/PamAuthorization.ql...
codeql / Analyze (python)	UNKNOWN STEP	2026-09-26T11:38:32.6410398Z  ... found results file at /home/runner/work/_temp/codeql_databases/python/results/codeql/python-queries/Security/CWE-285/PamAuthorization.bqrs.
codeql / Analyze (python)	UNKNOWN STEP	2026-09-26T11:38:32.6414070Z Interpreting /opt/hostedtoolcache/CodeQL/2.27.1/x64/codeql/qlpacks/codeql/python-queries/1.8.11/Security/CWE-020/IncompleteUrlSubstringSanitization.ql...
codeql / Analyze (python)	UNKNOWN STEP	2026-09-26T11:38:32.6483727Z  ... found results file at /home/runner/work/_temp/codeql_databases/python/results/codeql/python-queries/Security/CWE-020/IncompleteUrlSubstringSanitization.bqrs.
codeql / Analyze (python)	UNKNOWN STEP	2026-09-26T11:38:32.6490986Z Interpreting /opt/hostedtoolcache/CodeQL/2.27.1/x64/codeql/qlpacks/codeql/python-queries/1.8.11/Security/CWE-020/IncompleteHostnameRegExp.ql...
codeql / Analyze (python)	UNKNOWN STEP	2026-09-26T11:38:32.6561556Z  ... found results file at /home/runner/work/_temp/codeql_databases/python/results/codeql/python-queries/Security/CWE-020/IncompleteHostnameRegExp.bqrs.
codeql / Analyze (python)	UNKNOWN STEP	2026-09-26T11:38:32.6568971Z Interpreting /opt/hostedtoolcache/CodeQL/2.27.1/x64/codeql/qlpacks/codeql/python-queries/1.8.11/Security/CWE-020/OverlyLargeRange.ql...
codeql / Analyze (python)	UNKNOWN STEP	2026-09-26T11:38:32.6648318Z  ... found results file at /home/runner/work/_temp/codeql_databases/python/results/codeql/python-queries/Security/CWE-020/OverlyLargeRange.bqrs.
codeql / Analyze (python)	UNKNOWN STEP	2026-09-26T11:38:32.6651426Z Interpreting /opt/hostedtoolcache/CodeQL/2.27.1/x64/codeql/qlpacks/codeql/python-queries/1.8.11/Security/CWE-020/CookieInjection.ql...
codeql / Analyze (python)	UNKNOWN STEP	2026-09-26T11:38:32.6697497Z  ... found results file at /home/runner/work/_temp/codeql_databases/python/results/codeql/python-queries/Security/CWE-020/CookieInjection.bqrs.
codeql / Analyze (python)	UNKNOWN STEP	2026-09-26T11:38:32.6703595Z Interpreting /opt/hostedtoolcache/CodeQL/2.27.1/x64/codeql/qlpacks/codeql/python-queries/1.8.11/Security/CWE-113/HeaderInjection.ql...
codeql / Analyze (python)	UNKNOWN STEP	2026-09-26T11:38:32.6764494Z  ... found results file at /home/runner/work/_temp/codeql_databases/python/results/codeql/python-queries/Security/CWE-113/HeaderInjection.bqrs.
codeql / Analyze (python)	UNKNOWN STEP	2026-09-26T11:38:32.6774516Z Interpreting /opt/hostedtoolcache/CodeQL/2.27.1/x64/codeql/qlpacks/codeql/python-queries/1.8.11/Security/CWE-918/PartialServerSideRequestForgery.ql...
codeql / Analyze (python)	UNKNOWN STEP	2026-09-26T11:38:32.6829813Z  ... found results file at /home/runner/work/_temp/codeql_databases/python/results/codeql/python-queries/Security/CWE-918/PartialServerSideRequestForgery.bqrs.
codeql / Analyze (python)	UNKNOWN STEP	2026-09-26T11:38:32.6837469Z Interpreting /opt/hostedtoolcache/CodeQL/2.27.1/x64/codeql/qlpacks/codeql/python-queries/1.8.11/Security/CWE-079/Jinja2WithoutEscaping.ql...
codeql / Analyze (python)	UNKNOWN STEP	2026-09-26T11:38:32.6907666Z  ... found results file at /home/runner/work/_temp/codeql_databases/python/results/codeql/python-queries/Security/CWE-079/Jinja2WithoutEscaping.bqrs.
codeql / Analyze (python)	UNKNOWN STEP	2026-09-26T11:38:32.6912246Z Interpreting /opt/hostedtoolcache/CodeQL/2.27.1/x64/codeql/qlpacks/codeql/python-queries/1.8.11/Security/CWE-022/TarSlip.ql...
codeql / Analyze (python)	UNKNOWN STEP	2026-09-26T11:38:32.6969207Z  ... found results file at /home/runner/work/_temp/codeql_databases/python/results/codeql/python-queries/Security/CWE-022/TarSlip.bqrs.
codeql / Analyze (python)	UNKNOWN STEP	2026-09-26T11:38:32.6993974Z Interpreting /opt/hostedtoolcache/CodeQL/2.27.1/x64/codeql/qlpacks/codeql/python-queries/1.8.11/Security/CWE-295/RequestWithoutValidation.ql...
codeql / Analyze (python)	UNKNOWN STEP	2026-09-26T11:38:32.7041863Z  ... found results file at /home/runner/work/_temp/codeql_databases/python/results/codeql/python-queries/Security/CWE-295/RequestWithoutValidation.bqrs.
codeql / Analyze (python)	UNKNOWN STEP	2026-09-26T11:38:32.7054025Z Interpreting /opt/hostedtoolcache/CodeQL/2.27.1/x64/codeql/qlpacks/codeql/python-queries/1.8.11/Security/CWE-732/WeakFilePermissions.ql...
codeql / Analyze (python)	UNKNOWN STEP	2026-09-26T11:38:32.7091413Z  ... found results file at /home/runner/work/_temp/codeql_databases/python/results/codeql/python-queries/Security/CWE-732/WeakFilePermissions.bqrs.
codeql / Analyze (python)	UNKNOWN STEP	2026-09-26T11:38:32.7097639Z Interpreting /opt/hostedtoolcache/CodeQL/2.27.1/x64/codeql/qlpacks/codeql/python-queries/1.8.11/Security/CWE-078/UnsafeShellCommandConstruction.ql...
codeql / Analyze (python)	UNKNOWN STEP	2026-09-26T11:38:32.7153325Z  ... found results file at /home/runner/work/_temp/codeql_databases/python/results/codeql/python-queries/Security/CWE-078/UnsafeShellCommandConstruction.bqrs.
codeql / Analyze (python)	UNKNOWN STEP	2026-09-26T11:38:32.7160969Z Interpreting /opt/hostedtoolcache/CodeQL/2.27.1/x64/codeql/qlpacks/codeql/python-queries/1.8.11/Security/CWE-117/LogInjection.ql...
codeql / Analyze (python)	UNKNOWN STEP	2026-09-26T11:38:32.7214896Z  ... found results file at /home/runner/work/_temp/codeql_databases/python/results/codeql/python-queries/Security/CWE-117/LogInjection.bqrs.
codeql / Analyze (python)	UNKNOWN STEP	2026-09-26T11:38:32.7224000Z Interpreting /opt/hostedtoolcache/CodeQL/2.27.1/x64/codeql/qlpacks/codeql/python-queries/1.8.11/Diagnostics/ExtractionWarnings.ql...
codeql / Analyze (python)	UNKNOWN STEP	2026-09-26T11:38:32.7280021Z  ... found results file at /home/runner/work/_temp/codeql_databases/python/results/codeql/python-queries/Diagnostics/ExtractionWarnings.bqrs.
codeql / Analyze (python)	UNKNOWN STEP	2026-09-26T11:38:32.7285963Z Interpreting /opt/hostedtoolcache/CodeQL/2.27.1/x64/codeql/qlpacks/codeql/python-queries/1.8.11/Diagnostics/ExtractedFiles.ql...
codeql / Analyze (python)	UNKNOWN STEP	2026-09-26T11:38:32.7359755Z  ... found results file at /home/runner/work/_temp/codeql_databases/python/results/codeql/python-queries/Diagnostics/ExtractedFiles.bqrs.
codeql / Analyze (python)	UNKNOWN STEP	2026-09-26T11:38:32.7362940Z Interpreting /opt/hostedtoolcache/CodeQL/2.27.1/x64/codeql/qlpacks/codeql/python-queries/1.8.11/Summary/LinesOfUserCode.ql...
codeql / Analyze (python)	UNKNOWN STEP	2026-09-26T11:38:32.7405105Z  ... found results file at /home/runner/work/_temp/codeql_databases/python/results/codeql/python-queries/Summary/LinesOfUserCode.bqrs.
codeql / Analyze (python)	UNKNOWN STEP	2026-09-26T11:38:32.7410758Z Interpreting /opt/hostedtoolcache/CodeQL/2.27.1/x64/codeql/qlpacks/codeql/python-queries/1.8.11/Summary/LinesOfCode.ql...
codeql / Analyze (python)	UNKNOWN STEP	2026-09-26T11:38:32.7463103Z  ... found results file at /home/runner/work/_temp/codeql_databases/python/results/codeql/python-queries/Summary/LinesOfCode.bqrs.
codeql / Analyze (python)	UNKNOWN STEP	2026-09-26T11:38:32.7493952Z Interpreting /opt/hostedtoolcache/CodeQL/2.27.1/x64/codeql/qlpacks/codeql/python-queries/1.8.11/Lexical/CommentedOutCode.ql...
codeql / Analyze (python)	UNKNOWN STEP	2026-09-26T11:38:32.7530181Z  ... found results file at /home/runner/work/_temp/codeql_databases/python/results/codeql/python-queries/Lexical/CommentedOutCode.bqrs.
codeql / Analyze (python)	UNKNOWN STEP	2026-09-26T11:38:32.7549134Z Interpreting /opt/hostedtoolcache/CodeQL/2.27.1/x64/codeql/qlpacks/codeql/python-queries/1.8.11/Lexical/OldOctalLiteral.ql...
codeql / Analyze (python)	UNKNOWN STEP	2026-09-26T11:38:32.7585985Z  ... found results file at /home/runner/work/_temp/codeql_databases/python/results/codeql/python-queries/Lexical/OldOctalLiteral.bqrs.
codeql / Analyze (python)	UNKNOWN STEP	2026-09-26T11:38:32.7597443Z Interpreting /opt/hostedtoolcache/CodeQL/2.27.1/x64/codeql/qlpacks/codeql/python-queries/1.8.11/Variables/UnusedLocalVariable.ql...
codeql / Analyze (python)	UNKNOWN STEP	2026-09-26T11:38:32.7642833Z  ... found results file at /home/runner/work/_temp/codeql_databases/python/results/codeql/python-queries/Variables/UnusedLocalVariable.bqrs.
codeql / Analyze (python)	UNKNOWN STEP	2026-09-26T11:38:32.7649001Z Interpreting /opt/hostedtoolcache/CodeQL/2.27.1/x64/codeql/qlpacks/codeql/python-queries/1.8.11/Variables/GlobalAtModuleLevel.ql...
codeql / Analyze (python)	UNKNOWN STEP	2026-09-26T11:38:32.7713999Z  ... found results file at /home/runner/work/_temp/codeql_databases/python/results/codeql/python-queries/Variables/GlobalAtModuleLevel.bqrs.
codeql / Analyze (python)	UNKNOWN STEP	2026-09-26T11:38:32.7743802Z Interpreting /opt/hostedtoolcache/CodeQL/2.27.1/x64/codeql/qlpacks/codeql/python-queries/1.8.11/Variables/UndefinedPlaceHolder.ql...
codeql / Analyze (python)	UNKNOWN STEP	2026-09-26T11:38:32.7768269Z  ... found results file at /home/runner/work/_temp/codeql_databases/python/results/codeql/python-queries/Variables/UndefinedPlaceHolder.bqrs.
codeql / Analyze (python)	UNKNOWN STEP	2026-09-26T11:38:32.7811205Z Interpreting /opt/hostedtoolcache/CodeQL/2.27.1/x64/codeql/qlpacks/codeql/python-queries/1.8.11/Variables/UninitializedLocal.ql...
codeql / Analyze (python)	UNKNOWN STEP	2026-09-26T11:38:32.7834085Z  ... found results file at /home/runner/work/_temp/codeql_databases/python/results/codeql/python-queries/Variables/UninitializedLocal.bqrs.
codeql / Analyze (python)	UNKNOWN STEP	2026-09-26T11:38:32.7844508Z Interpreting /opt/hostedtoolcache/CodeQL/2.27.1/x64/codeql/qlpacks/codeql/python-queries/1.8.11/Variables/SuspiciousUnusedLoopIterationVariable.ql...
codeql / Analyze (python)	UNKNOWN STEP	2026-09-26T11:38:32.7944217Z  ... found results file at /home/runner/work/_temp/codeql_databases/python/results/codeql/python-queries/Variables/SuspiciousUnusedLoopIterationVariable.bqrs.
codeql / Analyze (python)	UNKNOWN STEP	2026-09-26T11:38:32.7946558Z Interpreting /opt/hostedtoolcache/CodeQL/2.27.1/x64/codeql/qlpacks/codeql/python-queries/1.8.11/Variables/LeakingListComprehension.ql...
codeql / Analyze (python)	UNKNOWN STEP	2026-09-26T11:38:32.7979708Z  ... found results file at /home/runner/work/_temp/codeql_databases/python/results/codeql/python-queries/Variables/LeakingListComprehension.bqrs.
codeql / Analyze (python)	UNKNOWN STEP	2026-09-26T11:38:32.7994176Z Interpreting /opt/hostedtoolcache/CodeQL/2.27.1/x64/codeql/qlpacks/codeql/python-queries/1.8.11/Variables/LoopVariableCapture/LoopVariableCapture.ql...
codeql / Analyze (python)	UNKNOWN STEP	2026-09-26T11:38:32.8048320Z  ... found results file at /home/runner/work/_temp/codeql_databases/python/results/codeql/python-queries/Variables/LoopVariableCapture/LoopVariableCapture.bqrs.
codeql / Analyze (python)	UNKNOWN STEP	2026-09-26T11:38:32.8072887Z Interpreting /opt/hostedtoolcache/CodeQL/2.27.1/x64/codeql/qlpacks/codeql/python-queries/1.8.11/Variables/UnusedModuleVariable.ql...
codeql / Analyze (python)	UNKNOWN STEP	2026-09-26T11:38:32.8102394Z  ... found results file at /home/runner/work/_temp/codeql_databases/python/results/codeql/python-queries/Variables/UnusedModuleVariable.bqrs.
codeql / Analyze (python)	UNKNOWN STEP	2026-09-26T11:38:32.8121091Z Interpreting /opt/hostedtoolcache/CodeQL/2.27.1/x64/codeql/qlpacks/codeql/python-queries/1.8.11/Variables/MultiplyDefined.ql...
codeql / Analyze (python)	UNKNOWN STEP	2026-09-26T11:38:32.8157860Z  ... found results file at /home/runner/work/_temp/codeql_databases/python/results/codeql/python-queries/Variables/MultiplyDefined.bqrs.
codeql / Analyze (python)	UNKNOWN STEP	2026-09-26T11:38:32.8164416Z Interpreting /opt/hostedtoolcache/CodeQL/2.27.1/x64/codeql/qlpacks/codeql/python-queries/1.8.11/Variables/UndefinedExport.ql...
codeql / Analyze (python)	UNKNOWN STEP	2026-09-26T11:38:32.8247874Z  ... found results file at /home/runner/work/_temp/codeql_databases/python/results/codeql/python-queries/Variables/UndefinedExport.bqrs.
codeql / Analyze (python)	UNKNOWN STEP	2026-09-26T11:38:32.8254432Z Interpreting /opt/hostedtoolcache/CodeQL/2.27.1/x64/codeql/qlpacks/codeql/python-queries/1.8.11/Imports/ImportandImportFrom.ql...
codeql / Analyze (python)	UNKNOWN STEP	2026-09-26T11:38:32.8308525Z  ... found results file at /home/runner/work/_temp/codeql_databases/python/results/codeql/python-queries/Imports/ImportandImportFrom.bqrs.
codeql / Analyze (python)	UNKNOWN STEP	2026-09-26T11:38:32.8318117Z Interpreting /opt/hostedtoolcache/CodeQL/2.27.1/x64/codeql/qlpacks/codeql/python-queries/1.8.11/Imports/ModuleLevelCyclicImport.ql...
codeql / Analyze (python)	UNKNOWN STEP	2026-09-26T11:38:32.8370302Z  ... found results file at /home/runner/work/_temp/codeql_databases/python/results/codeql/python-queries/Imports/ModuleLevelCyclicImport.bqrs.
codeql / Analyze (python)	UNKNOWN STEP	2026-09-26T11:38:32.8377213Z Interpreting /opt/hostedtoolcache/CodeQL/2.27.1/x64/codeql/qlpacks/codeql/python-queries/1.8.11/Imports/CyclicImport.ql...
codeql / Analyze (python)	UNKNOWN STEP	2026-09-26T11:38:32.8431566Z  ... found results file at /home/runner/work/_temp/codeql_databases/python/results/codeql/python-queries/Imports/CyclicImport.bqrs.
codeql / Analyze (python)	UNKNOWN STEP	2026-09-26T11:38:32.8464089Z Interpreting /opt/hostedtoolcache/CodeQL/2.27.1/x64/codeql/qlpacks/codeql/python-queries/1.8.11/Imports/ModuleImportsItself.ql...
codeql / Analyze (python)	UNKNOWN STEP	2026-09-26T11:38:32.8524125Z  ... found results file at /home/runner/work/_temp/codeql_databases/python/results/codeql/python-queries/Imports/ModuleImportsItself.bqrs.
codeql / Analyze (python)	UNKNOWN STEP	2026-09-26T11:38:32.8526226Z Interpreting /opt/hostedtoolcache/CodeQL/2.27.1/x64/codeql/qlpacks/codeql/python-queries/1.8.11/Imports/DeprecatedModule.ql...
codeql / Analyze (python)	UNKNOWN STEP	2026-09-26T11:38:32.8583994Z  ... found results file at /home/runner/work/_temp/codeql_databases/python/results/codeql/python-queries/Imports/DeprecatedModule.bqrs.
codeql / Analyze (python)	UNKNOWN STEP	2026-09-26T11:38:32.8613772Z Interpreting /opt/hostedtoolcache/CodeQL/2.27.1/x64/codeql/qlpacks/codeql/python-queries/1.8.11/Imports/SyntaxError.ql...
codeql / Analyze (python)	UNKNOWN STEP	2026-09-26T11:38:32.8644458Z  ... found results file at /home/runner/work/_temp/codeql_databases/python/results/codeql/python-queries/Imports/SyntaxError.bqrs.
codeql / Analyze (python)	UNKNOWN STEP	2026-09-26T11:38:32.8673912Z Interpreting /opt/hostedtoolcache/CodeQL/2.27.1/x64/codeql/qlpacks/codeql/python-queries/1.8.11/Imports/MultipleImports.ql...
codeql / Analyze (python)	UNKNOWN STEP	2026-09-26T11:38:32.8703729Z  ... found results file at /home/runner/work/_temp/codeql_databases/python/results/codeql/python-queries/Imports/MultipleImports.bqrs.
codeql / Analyze (python)	UNKNOWN STEP	2026-09-26T11:38:32.8714435Z Interpreting /opt/hostedtoolcache/CodeQL/2.27.1/x64/codeql/qlpacks/codeql/python-queries/1.8.11/Imports/UnintentionalImport.ql...
codeql / Analyze (python)	UNKNOWN STEP	2026-09-26T11:38:32.8739360Z  ... found results file at /home/runner/work/_temp/codeql_databases/python/results/codeql/python-queries/Imports/UnintentionalImport.bqrs.
codeql / Analyze (python)	UNKNOWN STEP	2026-09-26T11:38:32.8746320Z Interpreting /opt/hostedtoolcache/CodeQL/2.27.1/x64/codeql/qlpacks/codeql/python-queries/1.8.11/Imports/FromImportOfMutableAttribute.ql...
codeql / Analyze (python)	UNKNOWN STEP	2026-09-26T11:38:32.8804202Z  ... found results file at /home/runner/work/_temp/codeql_databases/python/results/codeql/python-queries/Imports/FromImportOfMutableAttribute.bqrs.
codeql / Analyze (python)	UNKNOWN STEP	2026-09-26T11:38:32.8822412Z Interpreting /opt/hostedtoolcache/CodeQL/2.27.1/x64/codeql/qlpacks/codeql/python-queries/1.8.11/Imports/UnusedImport.ql...
codeql / Analyze (python)	UNKNOWN STEP	2026-09-26T11:38:32.8860044Z  ... found results file at /home/runner/work/_temp/codeql_databases/python/results/codeql/python-queries/Imports/UnusedImport.bqrs.
codeql / Analyze (python)	UNKNOWN STEP	2026-09-26T11:38:32.8863866Z Interpreting /opt/hostedtoolcache/CodeQL/2.27.1/x64/codeql/qlpacks/codeql/python-queries/1.8.11/Imports/EncodingError.ql...
codeql / Analyze (python)	UNKNOWN STEP	2026-09-26T11:38:32.8914187Z  ... found results file at /home/runner/work/_temp/codeql_databases/python/results/codeql/python-queries/Imports/EncodingError.bqrs.
codeql / Analyze (python)	UNKNOWN STEP	2026-09-26T11:38:32.8938356Z Interpreting /opt/hostedtoolcache/CodeQL/2.27.1/x64/codeql/qlpacks/codeql/python-queries/1.8.11/Classes/CallsToInitDel/SuperclassInitCalledMultipleTimes.ql...
codeql / Analyze (python)	UNKNOWN STEP	2026-09-26T11:38:32.8994339Z  ... found results file at /home/runner/work/_temp/codeql_databases/python/results/codeql/python-queries/Classes/CallsToInitDel/SuperclassInitCalledMultipleTimes.bqrs.
codeql / Analyze (python)	UNKNOWN STEP	2026-09-26T11:38:32.9014340Z Interpreting /opt/hostedtoolcache/CodeQL/2.27.1/x64/codeql/qlpacks/codeql/python-queries/1.8.11/Classes/CallsToInitDel/MissingCallToDel.ql...
codeql / Analyze (python)	UNKNOWN STEP	2026-09-26T11:38:32.9064085Z  ... found results file at /home/runner/work/_temp/codeql_databases/python/results/codeql/python-queries/Classes/CallsToInitDel/MissingCallToDel.bqrs.
codeql / Analyze (python)	UNKNOWN STEP	2026-09-26T11:38:32.9067149Z Interpreting /opt/hostedtoolcache/CodeQL/2.27.1/x64/codeql/qlpacks/codeql/python-queries/1.8.11/Classes/CallsToInitDel/MissingCallToInit.ql...
codeql / Analyze (python)	UNKNOWN STEP	2026-09-26T11:38:32.9088862Z  ... found results file at /home/runner/work/_temp/codeql_databases/python/results/codeql/python-queries/Classes/CallsToInitDel/MissingCallToInit.bqrs.
codeql / Analyze (python)	UNKNOWN STEP	2026-09-26T11:38:32.9104639Z Interpreting /opt/hostedtoolcache/CodeQL/2.27.1/x64/codeql/qlpacks/codeql/python-queries/1.8.11/Classes/CallsToInitDel/SuperclassDelCalledMultipleTimes.ql...
codeql / Analyze (python)	UNKNOWN STEP	2026-09-26T11:38:32.9134110Z  ... found results file at /home/runner/work/_temp/codeql_databases/python/results/codeql/python-queries/Classes/CallsToInitDel/SuperclassDelCalledMultipleTimes.bqrs.
codeql / Analyze (python)	UNKNOWN STEP	2026-09-26T11:38:32.9136607Z Interpreting /opt/hostedtoolcache/CodeQL/2.27.1/x64/codeql/qlpacks/codeql/python-queries/1.8.11/Classes/WrongNumberArgumentsInClassInstantiation.ql...
codeql / Analyze (python)	UNKNOWN STEP	2026-09-26T11:38:32.9184150Z  ... found results file at /home/runner/work/_temp/codeql_databases/python/results/codeql/python-queries/Classes/WrongNumberArgumentsInClassInstantiation.bqrs.
codeql / Analyze (python)	UNKNOWN STEP	2026-09-26T11:38:32.9186127Z Interpreting /opt/hostedtoolcache/CodeQL/2.27.1/x64/codeql/qlpacks/codeql/python-queries/1.8.11/Classes/DefineEqualsWhenAddingAttributes.ql...
codeql / Analyze (python)	UNKNOWN STEP	2026-09-26T11:38:32.9213988Z  ... found results file at /home/runner/work/_temp/codeql_databases/python/results/codeql/python-queries/Classes/DefineEqualsWhenAddingAttributes.bqrs.
codeql / Analyze (python)	UNKNOWN STEP	2026-09-26T11:38:32.9215987Z Interpreting /opt/hostedtoolcache/CodeQL/2.27.1/x64/codeql/qlpacks/codeql/python-queries/1.8.11/Classes/SubclassShadowing/SubclassShadowing.ql...
codeql / Analyze (python)	UNKNOWN STEP	2026-09-26T11:38:32.9264450Z  ... found results file at /home/runner/work/_temp/codeql_databases/python/results/codeql/python-queries/Classes/SubclassShadowing/SubclassShadowing.bqrs.
codeql / Analyze (python)	UNKNOWN STEP	2026-09-26T11:38:32.9300915Z Interpreting /opt/hostedtoolcache/CodeQL/2.27.1/x64/codeql/qlpacks/codeql/python-queries/1.8.11/Classes/OverwritingAttributeInSuperClass.ql...
codeql / Analyze (python)	UNKNOWN STEP	2026-09-26T11:38:32.9303937Z  ... found results file at /home/runner/work/_temp/codeql_databases/python/results/codeql/python-queries/Classes/OverwritingAttributeInSuperClass.bqrs.
codeql / Analyze (python)	UNKNOWN STEP	2026-09-26T11:38:32.9306029Z Interpreting /opt/hostedtoolcache/CodeQL/2.27.1/x64/codeql/qlpacks/codeql/python-queries/1.8.11/Classes/MutatingDescriptor.ql...
codeql / Analyze (python)	UNKNOWN STEP	2026-09-26T11:38:32.9333363Z  ... found results file at /home/runner/work/_temp/codeql_databases/python/results/codeql/python-queries/Classes/MutatingDescriptor.bqrs.
codeql / Analyze (python)	UNKNOWN STEP	2026-09-26T11:38:32.9345811Z Interpreting /opt/hostedtoolcache/CodeQL/2.27.1/x64/codeql/qlpacks/codeql/python-queries/1.8.11/Classes/InitCallsSubclass/InitCallsSubclassMethod.ql...
codeql / Analyze (python)	UNKNOWN STEP	2026-09-26T11:38:32.9395522Z  ... found results file at /home/runner/work/_temp/codeql_databases/python/results/codeql/python-queries/Classes/InitCallsSubclass/InitCallsSubclassMethod.bqrs.
codeql / Analyze (python)	UNKNOWN STEP	2026-09-26T11:38:32.9426255Z Interpreting /opt/hostedtoolcache/CodeQL/2.27.1/x64/codeql/qlpacks/codeql/python-queries/1.8.11/Classes/InconsistentMRO.ql...
codeql / Analyze (python)	UNKNOWN STEP	2026-09-26T11:38:32.9455126Z  ... found results file at /home/runner/work/_temp/codeql_databases/python/results/codeql/python-queries/Classes/InconsistentMRO.bqrs.
codeql / Analyze (python)	UNKNOWN STEP	2026-09-26T11:38:32.9460155Z Interpreting /opt/hostedtoolcache/CodeQL/2.27.1/x64/codeql/qlpacks/codeql/python-queries/1.8.11/Classes/PropertyInOldStyleClass.ql...
codeql / Analyze (python)	UNKNOWN STEP	2026-09-26T11:38:32.9505907Z  ... found results file at /home/runner/work/_temp/codeql_databases/python/results/codeql/python-queries/Classes/PropertyInOldStyleClass.bqrs.
codeql / Analyze (python)	UNKNOWN STEP	2026-09-26T11:38:32.9534674Z Interpreting /opt/hostedtoolcache/CodeQL/2.27.1/x64/codeql/qlpacks/codeql/python-queries/1.8.11/Classes/SuperInOldStyleClass.ql...
codeql / Analyze (python)	UNKNOWN STEP	2026-09-26T11:38:32.9559535Z  ... found results file at /home/runner/work/_temp/codeql_databases/python/results/codeql/python-queries/Classes/SuperInOldStyleClass.bqrs.
codeql / Analyze (python)	UNKNOWN STEP	2026-09-26T11:38:32.9565463Z Interpreting /opt/hostedtoolcache/CodeQL/2.27.1/x64/codeql/qlpacks/codeql/python-queries/1.8.11/Classes/Comparisons/EqualsOrNotEquals.ql...
codeql / Analyze (python)	UNKNOWN STEP	2026-09-26T11:38:32.9615977Z  ... found results file at /home/runner/work/_temp/codeql_databases/python/results/codeql/python-queries/Classes/Comparisons/EqualsOrNotEquals.bqrs.
codeql / Analyze (python)	UNKNOWN STEP	2026-09-26T11:38:32.9620916Z Interpreting /opt/hostedtoolcache/CodeQL/2.27.1/x64/codeql/qlpacks/codeql/python-queries/1.8.11/Classes/Comparisons/EqualsOrHash.ql...
codeql / Analyze (python)	UNKNOWN STEP	2026-09-26T11:38:32.9653568Z  ... found results file at /home/runner/work/_temp/codeql_databases/python/results/codeql/python-queries/Classes/Comparisons/EqualsOrHash.bqrs.
codeql / Analyze (python)	UNKNOWN STEP	2026-09-26T11:38:32.9658336Z Interpreting /opt/hostedtoolcache/CodeQL/2.27.1/x64/codeql/qlpacks/codeql/python-queries/1.8.11/Classes/Comparisons/IncompleteOrdering.ql...
codeql / Analyze (python)	UNKNOWN STEP	2026-09-26T11:38:32.9687616Z  ... found results file at /home/runner/work/_temp/codeql_databases/python/results/codeql/python-queries/Classes/Comparisons/IncompleteOrdering.bqrs.
codeql / Analyze (python)	UNKNOWN STEP	2026-09-26T11:38:32.9692446Z Interpreting /opt/hostedtoolcache/CodeQL/2.27.1/x64/codeql/qlpacks/codeql/python-queries/1.8.11/Classes/SlotsInOldStyleClass.ql...
codeql / Analyze (python)	UNKNOWN STEP	2026-09-26T11:38:32.9730018Z  ... found results file at /home/runner/work/_temp/codeql_databases/python/results/codeql/python-queries/Classes/SlotsInOldStyleClass.bqrs.
codeql / Analyze (python)	UNKNOWN STEP	2026-09-26T11:38:32.9733761Z Interpreting /opt/hostedtoolcache/CodeQL/2.27.1/x64/codeql/qlpacks/codeql/python-queries/1.8.11/Classes/ConflictingAttributesInBaseClasses.ql...
codeql / Analyze (python)	UNKNOWN STEP	2026-09-26T11:38:32.9763275Z  ... found results file at /home/runner/work/_temp/codeql_databases/python/results/codeql/python-queries/Classes/ConflictingAttributesInBaseClasses.bqrs.
codeql / Analyze (python)	UNKNOWN STEP	2026-09-26T11:38:32.9767490Z Interpreting /opt/hostedtoolcache/CodeQL/2.27.1/x64/codeql/qlpacks/codeql/python-queries/1.8.11/Classes/WrongNameForArgumentInClassInstantiation.ql...
codeql / Analyze (python)	UNKNOWN STEP	2026-09-26T11:38:32.9802091Z  ... found results file at /home/runner/work/_temp/codeql_databases/python/results/codeql/python-queries/Classes/WrongNameForArgumentInClassInstantiation.bqrs.
codeql / Analyze (python)	UNKNOWN STEP	2026-09-26T11:38:32.9815693Z Interpreting /opt/hostedtoolcache/CodeQL/2.27.1/x64/codeql/qlpacks/codeql/python-queries/1.8.11/Expressions/ExpectedMappingForFormatString.ql...
codeql / Analyze (python)	UNKNOWN STEP	2026-09-26T11:38:32.9854903Z  ... found results file at /home/runner/work/_temp/codeql_databases/python/results/codeql/python-queries/Expressions/ExpectedMappingForFormatString.bqrs.
codeql / Analyze (python)	UNKNOWN STEP	2026-09-26T11:38:32.9882083Z Interpreting /opt/hostedtoolcache/CodeQL/2.27.1/x64/codeql/qlpacks/codeql/python-queries/1.8.11/Expressions/HashedButNoHash.ql...
codeql / Analyze (python)	UNKNOWN STEP	2026-09-26T11:38:32.9904167Z  ... found results file at /home/runner/work/_temp/codeql_databases/python/results/codeql/python-queries/Expressions/HashedButNoHash.bqrs.
codeql / Analyze (python)	UNKNOWN STEP	2026-09-26T11:38:32.9918654Z Interpreting /opt/hostedtoolcache/CodeQL/2.27.1/x64/codeql/qlpacks/codeql/python-queries/1.8.11/Expressions/UseofApply.ql...
codeql / Analyze (python)	UNKNOWN STEP	2026-09-26T11:38:32.9964016Z  ... found results file at /home/runner/work/_temp/codeql_databases/python/results/codeql/python-queries/Expressions/UseofApply.bqrs.
codeql / Analyze (python)	UNKNOWN STEP	2026-09-26T11:38:32.9966851Z Interpreting /opt/hostedtoolcache/CodeQL/2.27.1/x64/codeql/qlpacks/codeql/python-queries/1.8.11/Expressions/EqualsNone.ql...
codeql / Analyze (python)	UNKNOWN STEP	2026-09-26T11:38:33.0001618Z  ... found results file at /home/runner/work/_temp/codeql_databases/python/results/codeql/python-queries/Expressions/EqualsNone.bqrs.
codeql / Analyze (python)	UNKNOWN STEP	2026-09-26T11:38:33.0034174Z Interpreting /opt/hostedtoolcache/CodeQL/2.27.1/x64/codeql/qlpacks/codeql/python-queries/1.8.11/Expressions/UnintentionalImplicitStringConcatenation.ql...
codeql / Analyze (python)	UNKNOWN STEP	2026-09-26T11:38:33.0048693Z  ... found results file at /home/runner/work/_temp/codeql_databases/python/results/codeql/python-queries/Expressions/UnintentionalImplicitStringConcatenation.bqrs.
codeql / Analyze (python)	UNKNOWN STEP	2026-09-26T11:38:33.0094007Z Interpreting /opt/hostedtoolcache/CodeQL/2.27.1/x64/codeql/qlpacks/codeql/python-queries/1.8.11/Expressions/WrongNameForArgumentInCall.ql...
codeql / Analyze (python)	UNKNOWN STEP	2026-09-26T11:38:33.0097028Z  ... found results file at /home/runner/work/_temp/codeql_databases/python/results/codeql/python-queries/Expressions/WrongNameForArgumentInCall.bqrs.
codeql / Analyze (python)	UNKNOWN STEP	2026-09-26T11:38:33.0125267Z Interpreting /opt/hostedtoolcache/CodeQL/2.27.1/x64/codeql/qlpacks/codeql/python-queries/1.8.11/Expressions/WrongNumberArgumentsInCall.ql...
codeql / Analyze (python)	UNKNOWN STEP	2026-09-26T11:38:33.0146393Z  ... found results file at /home/runner/work/_temp/codeql_databases/python/results/codeql/python-queries/Expressions/WrongNumberArgumentsInCall.bqrs.
codeql / Analyze (python)	UNKNOWN STEP	2026-09-26T11:38:33.0170037Z Interpreting /opt/hostedtoolcache/CodeQL/2.27.1/x64/codeql/qlpacks/codeql/python-queries/1.8.11/Expressions/ContainsNonContainer.ql...
codeql / Analyze (python)	UNKNOWN STEP	2026-09-26T11:38:33.0197828Z  ... found results file at /home/runner/work/_temp/codeql_databases/python/results/codeql/python-queries/Expressions/ContainsNonContainer.bqrs.
codeql / Analyze (python)	UNKNOWN STEP	2026-09-26T11:38:33.0213950Z Interpreting /opt/hostedtoolcache/CodeQL/2.27.1/x64/codeql/qlpacks/codeql/python-queries/1.8.11/Expressions/TruncatedDivision.ql...
codeql / Analyze (python)	UNKNOWN STEP	2026-09-26T11:38:33.0274351Z  ... found results file at /home/runner/work/_temp/codeql_databases/python/results/codeql/python-queries/Expressions/TruncatedDivision.bqrs.
codeql / Analyze (python)	UNKNOWN STEP	2026-09-26T11:38:33.0276653Z Interpreting /opt/hostedtoolcache/CodeQL/2.27.1/x64/codeql/qlpacks/codeql/python-queries/1.8.11/Expressions/WrongNumberArgumentsForFormat.ql...
codeql / Analyze (python)	UNKNOWN STEP	2026-09-26T11:38:33.0302125Z  ... found results file at /home/runner/work/_temp/codeql_databases/python/results/codeql/python-queries/Expressions/WrongNumberArgumentsForFormat.bqrs.
codeql / Analyze (python)	UNKNOWN STEP	2026-09-26T11:38:33.0323154Z Interpreting /opt/hostedtoolcache/CodeQL/2.27.1/x64/codeql/qlpacks/codeql/python-queries/1.8.11/Expressions/Formatting/UnusedArgumentIn3101Format.ql...
codeql / Analyze (python)	UNKNOWN STEP	2026-09-26T11:38:33.0360418Z  ... found results file at /home/runner/work/_temp/codeql_databases/python/results/codeql/python-queries/Expressions/Formatting/UnusedArgumentIn3101Format.bqrs.
codeql / Analyze (python)	UNKNOWN STEP	2026-09-26T11:38:33.0384901Z Interpreting /opt/hostedtoolcache/CodeQL/2.27.1/x64/codeql/qlpacks/codeql/python-queries/1.8.11/Expressions/Formatting/MixedExplicitImplicitIn3101Format.ql...
codeql / Analyze (python)	UNKNOWN STEP	2026-09-26T11:38:33.0417842Z  ... found results file at /home/runner/work/_temp/codeql_databases/python/results/codeql/python-queries/Expressions/Formatting/MixedExplicitImplicitIn3101Format.bqrs.
codeql / Analyze (python)	UNKNOWN STEP	2026-09-26T11:38:33.0420323Z Interpreting /opt/hostedtoolcache/CodeQL/2.27.1/x64/codeql/qlpacks/codeql/python-queries/1.8.11/Expressions/Formatting/WrongNumberArgumentsFor3101Format.ql...
codeql / Analyze (python)	UNKNOWN STEP	2026-09-26T11:38:33.0467972Z  ... found results file at /home/runner/work/_temp/codeql_databases/python/results/codeql/python-queries/Expressions/Formatting/WrongNumberArgumentsFor3101Format.bqrs.
codeql / Analyze (python)	UNKNOWN STEP	2026-09-26T11:38:33.0493916Z Interpreting /opt/hostedtoolcache/CodeQL/2.27.1/x64/codeql/qlpacks/codeql/python-queries/1.8.11/Expressions/Formatting/UnusedNamedArgumentIn3101Format.ql...
codeql / Analyze (python)	UNKNOWN STEP	2026-09-26T11:38:33.0520622Z  ... found results file at /home/runner/work/_temp/codeql_databases/python/results/codeql/python-queries/Expressions/Formatting/UnusedNamedArgumentIn3101Format.bqrs.
codeql / Analyze (python)	UNKNOWN STEP	2026-09-26T11:38:33.0525051Z Interpreting /opt/hostedtoolcache/CodeQL/2.27.1/x64/codeql/qlpacks/codeql/python-queries/1.8.11/Expressions/Formatting/WrongNameInArgumentsFor3101Format.ql...
codeql / Analyze (python)	UNKNOWN STEP	2026-09-26T11:38:33.0584496Z  ... found results file at /home/runner/work/_temp/codeql_databases/python/results/codeql/python-queries/Expressions/Formatting/WrongNameInArgumentsFor3101Format.bqrs.
codeql / Analyze (python)	UNKNOWN STEP	2026-09-26T11:38:33.0593946Z Interpreting /opt/hostedtoolcache/CodeQL/2.27.1/x64/codeql/qlpacks/codeql/python-queries/1.8.11/Expressions/IncorrectComparisonUsingIs.ql...
codeql / Analyze (python)	UNKNOWN STEP	2026-09-26T11:38:33.0632973Z  ... found results file at /home/runner/work/_temp/codeql_databases/python/results/codeql/python-queries/Expressions/IncorrectComparisonUsingIs.bqrs.
codeql / Analyze (python)	UNKNOWN STEP	2026-09-26T11:38:33.0638400Z Interpreting /opt/hostedtoolcache/CodeQL/2.27.1/x64/codeql/qlpacks/codeql/python-queries/1.8.11/Expressions/CompareIdenticalValuesMissingSelf.ql...
codeql / Analyze (python)	UNKNOWN STEP	2026-09-26T11:38:33.0704473Z  ... found results file at /home/runner/work/_temp/codeql_databases/python/results/codeql/python-queries/Expressions/CompareIdenticalValuesMissingSelf.bqrs.
codeql / Analyze (python)	UNKNOWN STEP	2026-09-26T11:38:33.0707327Z Interpreting /opt/hostedtoolcache/CodeQL/2.27.1/x64/codeql/qlpacks/codeql/python-queries/1.8.11/Expressions/Comparisons/UselessComparisonTest.ql...
codeql / Analyze (python)	UNKNOWN STEP	2026-09-26T11:38:33.0739403Z  ... found results file at /home/runner/work/_temp/codeql_databases/python/results/codeql/python-queries/Expressions/Comparisons/UselessComparisonTest.bqrs.
codeql / Analyze (python)	UNKNOWN STEP	2026-09-26T11:38:33.0743232Z Interpreting /opt/hostedtoolcache/CodeQL/2.27.1/x64/codeql/qlpacks/codeql/python-queries/1.8.11/Expressions/CallToSuperWrongClass.ql...
codeql / Analyze (python)	UNKNOWN STEP	2026-09-26T11:38:33.0784639Z  ... found results file at /home/runner/work/_temp/codeql_databases/python/results/codeql/python-queries/Expressions/CallToSuperWrongClass.bqrs.
codeql / Analyze (python)	UNKNOWN STEP	2026-09-26T11:38:33.0804446Z Interpreting /opt/hostedtoolcache/CodeQL/2.27.1/x64/codeql/qlpacks/codeql/python-queries/1.8.11/Expressions/CompareConstants.ql...
codeql / Analyze (python)	UNKNOWN STEP	2026-09-26T11:38:33.0845037Z  ... found results file at /home/runner/work/_temp/codeql_databases/python/results/codeql/python-queries/Expressions/CompareConstants.bqrs.
codeql / Analyze (python)	UNKNOWN STEP	2026-09-26T11:38:33.0847490Z Interpreting /opt/hostedtoolcache/CodeQL/2.27.1/x64/codeql/qlpacks/codeql/python-queries/1.8.11/Expressions/UnsupportedFormatCharacter.ql...
codeql / Analyze (python)	UNKNOWN STEP	2026-09-26T11:38:33.0891901Z  ... found results file at /home/runner/work/_temp/codeql_databases/python/results/codeql/python-queries/Expressions/UnsupportedFormatCharacter.bqrs.
codeql / Analyze (python)	UNKNOWN STEP	2026-09-26T11:38:33.0894433Z Interpreting /opt/hostedtoolcache/CodeQL/2.27.1/x64/codeql/qlpacks/codeql/python-queries/1.8.11/Expressions/CompareIdenticalValues.ql...
codeql / Analyze (python)	UNKNOWN STEP	2026-09-26T11:38:33.0930454Z  ... found results file at /home/runner/work/_temp/codeql_databases/python/results/codeql/python-queries/Expressions/CompareIdenticalValues.bqrs.
codeql / Analyze (python)	UNKNOWN STEP	2026-09-26T11:38:33.0936152Z Interpreting /opt/hostedtoolcache/CodeQL/2.27.1/x64/codeql/qlpacks/codeql/python-queries/1.8.11/Expressions/Regex/UnmatchableDollar.ql...
codeql / Analyze (python)	UNKNOWN STEP	2026-09-26T11:38:33.0988883Z  ... found results file at /home/runner/work/_temp/codeql_databases/python/results/codeql/python-queries/Expressions/Regex/UnmatchableDollar.bqrs.
codeql / Analyze (python)	UNKNOWN STEP	2026-09-26T11:38:33.0991147Z Interpreting /opt/hostedtoolcache/CodeQL/2.27.1/x64/codeql/qlpacks/codeql/python-queries/1.8.11/Expressions/Regex/BackspaceEscape.ql...
codeql / Analyze (python)	UNKNOWN STEP	2026-09-26T11:38:33.1021496Z  ... found results file at /home/runner/work/_temp/codeql_databases/python/results/codeql/python-queries/Expressions/Regex/BackspaceEscape.bqrs.
codeql / Analyze (python)	UNKNOWN STEP	2026-09-26T11:38:33.1026197Z Interpreting /opt/hostedtoolcache/CodeQL/2.27.1/x64/codeql/qlpacks/codeql/python-queries/1.8.11/Expressions/Regex/UnmatchableCaret.ql...
codeql / Analyze (python)	UNKNOWN STEP	2026-09-26T11:38:33.1066209Z  ... found results file at /home/runner/work/_temp/codeql_databases/python/results/codeql/python-queries/Expressions/Regex/UnmatchableCaret.bqrs.
codeql / Analyze (python)	UNKNOWN STEP	2026-09-26T11:38:33.1084385Z Interpreting /opt/hostedtoolcache/CodeQL/2.27.1/x64/codeql/qlpacks/codeql/python-queries/1.8.11/Expressions/Regex/MissingPartSpecialGroup.ql...
codeql / Analyze (python)	UNKNOWN STEP	2026-09-26T11:38:33.1119760Z  ... found results file at /home/runner/work/_temp/codeql_databases/python/results/codeql/python-queries/Expressions/Regex/MissingPartSpecialGroup.bqrs.
codeql / Analyze (python)	UNKNOWN STEP	2026-09-26T11:38:33.1122216Z Interpreting /opt/hostedtoolcache/CodeQL/2.27.1/x64/codeql/qlpacks/codeql/python-queries/1.8.11/Expressions/Regex/DuplicateCharacterInSet.ql...
codeql / Analyze (python)	UNKNOWN STEP	2026-09-26T11:38:33.1163524Z  ... found results file at /home/runner/work/_temp/codeql_databases/python/results/codeql/python-queries/Expressions/Regex/DuplicateCharacterInSet.bqrs.
codeql / Analyze (python)	UNKNOWN STEP	2026-09-26T11:38:33.1165701Z Interpreting /opt/hostedtoolcache/CodeQL/2.27.1/x64/codeql/qlpacks/codeql/python-queries/1.8.11/Expressions/UnnecessaryLambda.ql...
codeql / Analyze (python)	UNKNOWN STEP	2026-09-26T11:38:33.1205548Z  ... found results file at /home/runner/work/_temp/codeql_databases/python/results/codeql/python-queries/Expressions/UnnecessaryLambda.bqrs.
codeql / Analyze (python)	UNKNOWN STEP	2026-09-26T11:38:33.1216110Z Interpreting /opt/hostedtoolcache/CodeQL/2.27.1/x64/codeql/qlpacks/codeql/python-queries/1.8.11/Expressions/DuplicateKeyInDictionaryLiteral.ql...
codeql / Analyze (python)	UNKNOWN STEP	2026-09-26T11:38:33.1294488Z  ... found results file at /home/runner/work/_temp/codeql_databases/python/results/codeql/python-queries/Expressions/DuplicateKeyInDictionaryLiteral.bqrs.
codeql / Analyze (python)	UNKNOWN STEP	2026-09-26T11:38:33.1305505Z Interpreting /opt/hostedtoolcache/CodeQL/2.27.1/x64/codeql/qlpacks/codeql/python-queries/1.8.11/Expressions/ExplicitCallToDel.ql...
codeql / Analyze (python)	UNKNOWN STEP	2026-09-26T11:38:33.1359789Z  ... found results file at /home/runner/work/_temp/codeql_databases/python/results/codeql/python-queries/Expressions/ExplicitCallToDel.bqrs.
codeql / Analyze (python)	UNKNOWN STEP	2026-09-26T11:38:33.1361897Z Interpreting /opt/hostedtoolcache/CodeQL/2.27.1/x64/codeql/qlpacks/codeql/python-queries/1.8.11/Expressions/NonCallableCalled.ql...
codeql / Analyze (python)	UNKNOWN STEP	2026-09-26T11:38:33.1405110Z  ... found results file at /home/runner/work/_temp/codeql_databases/python/results/codeql/python-queries/Expressions/NonCallableCalled.bqrs.
codeql / Analyze (python)	UNKNOWN STEP	2026-09-26T11:38:33.1408395Z Interpreting /opt/hostedtoolcache/CodeQL/2.27.1/x64/codeql/qlpacks/codeql/python-queries/1.8.11/Functions/IncorrectlyOverriddenMethod.ql...
codeql / Analyze (python)	UNKNOWN STEP	2026-09-26T11:38:33.1453917Z  ... found results file at /home/runner/work/_temp/codeql_databases/python/results/codeql/python-queries/Functions/IncorrectlyOverriddenMethod.bqrs.
codeql / Analyze (python)	UNKNOWN STEP	2026-09-26T11:38:33.1474493Z Interpreting /opt/hostedtoolcache/CodeQL/2.27.1/x64/codeql/qlpacks/codeql/python-queries/1.8.11/Functions/IterReturnsNonSelf.ql...
codeql / Analyze (python)	UNKNOWN STEP	2026-09-26T11:38:33.1516020Z  ... found results file at /home/runner/work/_temp/codeql_databases/python/results/codeql/python-queries/Functions/IterReturnsNonSelf.bqrs.
codeql / Analyze (python)	UNKNOWN STEP	2026-09-26T11:38:33.1518301Z Interpreting /opt/hostedtoolcache/CodeQL/2.27.1/x64/codeql/qlpacks/codeql/python-queries/1.8.11/Functions/IncorrectlySpecifiedOverriddenMethod.ql...
codeql / Analyze (python)	UNKNOWN STEP	2026-09-26T11:38:33.1599397Z  ... found results file at /home/runner/work/_temp/codeql_databases/python/results/codeql/python-queries/Functions/IncorrectlySpecifiedOverriddenMethod.bqrs.
codeql / Analyze (python)	UNKNOWN STEP	2026-09-26T11:38:33.1615851Z Interpreting /opt/hostedtoolcache/CodeQL/2.27.1/x64/codeql/qlpacks/codeql/python-queries/1.8.11/Functions/DeprecatedSliceMethod.ql...
codeql / Analyze (python)	UNKNOWN STEP	2026-09-26T11:38:33.1655118Z  ... found results file at /home/runner/work/_temp/codeql_databases/python/results/codeql/python-queries/Functions/DeprecatedSliceMethod.bqrs.
codeql / Analyze (python)	UNKNOWN STEP	2026-09-26T11:38:33.1659220Z Interpreting /opt/hostedtoolcache/CodeQL/2.27.1/x64/codeql/qlpacks/codeql/python-queries/1.8.11/Functions/InitIsGenerator.ql...
codeql / Analyze (python)	UNKNOWN STEP	2026-09-26T11:38:33.1705166Z  ... found results file at /home/runner/work/_temp/codeql_databases/python/results/codeql/python-queries/Functions/InitIsGenerator.bqrs.
codeql / Analyze (python)	UNKNOWN STEP	2026-09-26T11:38:33.1708077Z Interpreting /opt/hostedtoolcache/CodeQL/2.27.1/x64/codeql/qlpacks/codeql/python-queries/1.8.11/Functions/NonSelf.ql...
codeql / Analyze (python)	UNKNOWN STEP	2026-09-26T11:38:33.1758919Z  ... found results file at /home/runner/work/_temp/codeql_databases/python/results/codeql/python-queries/Functions/NonSelf.bqrs.
codeql / Analyze (python)	UNKNOWN STEP	2026-09-26T11:38:33.1765230Z Interpreting /opt/hostedtoolcache/CodeQL/2.27.1/x64/codeql/qlpacks/codeql/python-queries/1.8.11/Functions/IterReturnsNonIterator.ql...
codeql / Analyze (python)	UNKNOWN STEP	2026-09-26T11:38:33.1799113Z  ... found results file at /home/runner/work/_temp/codeql_databases/python/results/codeql/python-queries/Functions/IterReturnsNonIterator.bqrs.
codeql / Analyze (python)	UNKNOWN STEP	2026-09-26T11:38:33.1817561Z Interpreting /opt/hostedtoolcache/CodeQL/2.27.1/x64/codeql/qlpacks/codeql/python-queries/1.8.11/Functions/IncorrectRaiseInSpecialMethod.ql...
codeql / Analyze (python)	UNKNOWN STEP	2026-09-26T11:38:33.1848092Z  ... found results file at /home/runner/work/_temp/codeql_databases/python/results/codeql/python-queries/Functions/IncorrectRaiseInSpecialMethod.bqrs.
codeql / Analyze (python)	UNKNOWN STEP	2026-09-26T11:38:33.1853178Z Interpreting /opt/hostedtoolcache/CodeQL/2.27.1/x64/codeql/qlpacks/codeql/python-queries/1.8.11/Functions/UseImplicitNoneReturnValue.ql...
codeql / Analyze (python)	UNKNOWN STEP	2026-09-26T11:38:33.1900702Z  ... found results file at /home/runner/work/_temp/codeql_databases/python/results/codeql/python-queries/Functions/UseImplicitNoneReturnValue.bqrs.
codeql / Analyze (python)	UNKNOWN STEP	2026-09-26T11:38:33.1904753Z Interpreting /opt/hostedtoolcache/CodeQL/2.27.1/x64/codeql/qlpacks/codeql/python-queries/1.8.11/Functions/OverlyComplexDelMethod.ql...
codeql / Analyze (python)	UNKNOWN STEP	2026-09-26T11:38:33.1949787Z  ... found results file at /home/runner/work/_temp/codeql_databases/python/results/codeql/python-queries/Functions/OverlyComplexDelMethod.bqrs.
codeql / Analyze (python)	UNKNOWN STEP	2026-09-26T11:38:33.1954450Z Interpreting /opt/hostedtoolcache/CodeQL/2.27.1/x64/codeql/qlpacks/codeql/python-queries/1.8.11/Functions/ModificationOfParameterWithDefault.ql...
codeql / Analyze (python)	UNKNOWN STEP	2026-09-26T11:38:33.1999957Z  ... found results file at /home/runner/work/_temp/codeql_databases/python/results/codeql/python-queries/Functions/ModificationOfParameterWithDefault.bqrs.
codeql / Analyze (python)	UNKNOWN STEP	2026-09-26T11:38:33.2003948Z Interpreting /opt/hostedtoolcache/CodeQL/2.27.1/x64/codeql/qlpacks/codeql/python-queries/1.8.11/Functions/SignatureOverriddenMethod.ql...
codeql / Analyze (python)	UNKNOWN STEP	2026-09-26T11:38:33.2051584Z  ... found results file at /home/runner/work/_temp/codeql_databases/python/results/codeql/python-queries/Functions/SignatureOverriddenMethod.bqrs.
codeql / Analyze (python)	UNKNOWN STEP	2026-09-26T11:38:33.2055652Z Interpreting /opt/hostedtoolcache/CodeQL/2.27.1/x64/codeql/qlpacks/codeql/python-queries/1.8.11/Functions/ExplicitReturnInInit.ql...
codeql / Analyze (python)	UNKNOWN STEP	2026-09-26T11:38:33.2094879Z  ... found results file at /home/runner/work/_temp/codeql_databases/python/results/codeql/python-queries/Functions/ExplicitReturnInInit.bqrs.
codeql / Analyze (python)	UNKNOWN STEP	2026-09-26T11:38:33.2098824Z Interpreting /opt/hostedtoolcache/CodeQL/2.27.1/x64/codeql/qlpacks/codeql/python-queries/1.8.11/Functions/SignatureSpecialMethods.ql...
codeql / Analyze (python)	UNKNOWN STEP	2026-09-26T11:38:33.2139228Z  ... found results file at /home/runner/work/_temp/codeql_databases/python/results/codeql/python-queries/Functions/SignatureSpecialMethods.bqrs.
codeql / Analyze (python)	UNKNOWN STEP	2026-09-26T11:38:33.2143582Z Interpreting /opt/hostedtoolcache/CodeQL/2.27.1/x64/codeql/qlpacks/codeql/python-queries/1.8.11/Functions/ReturnConsistentTupleSizes.ql...
codeql / Analyze (python)	UNKNOWN STEP	2026-09-26T11:38:33.2183746Z  ... found results file at /home/runner/work/_temp/codeql_databases/python/results/codeql/python-queries/Functions/ReturnConsistentTupleSizes.bqrs.
codeql / Analyze (python)	UNKNOWN STEP	2026-09-26T11:38:33.2194338Z Interpreting /opt/hostedtoolcache/CodeQL/2.27.1/x64/codeql/qlpacks/codeql/python-queries/1.8.11/Functions/ConsistentReturns.ql...
codeql / Analyze (python)	UNKNOWN STEP	2026-09-26T11:38:33.2227508Z  ... found results file at /home/runner/work/_temp/codeql_databases/python/results/codeql/python-queries/Functions/ConsistentReturns.bqrs.
codeql / Analyze (python)	UNKNOWN STEP	2026-09-26T11:38:33.2231428Z Interpreting /opt/hostedtoolcache/CodeQL/2.27.1/x64/codeql/qlpacks/codeql/python-queries/1.8.11/Functions/NonCls.ql...
codeql / Analyze (python)	UNKNOWN STEP	2026-09-26T11:38:33.2269355Z  ... found results file at /home/runner/work/_temp/codeql_databases/python/results/codeql/python-queries/Functions/NonCls.bqrs.
codeql / Analyze (python)	UNKNOWN STEP	2026-09-26T11:38:33.2275783Z Interpreting /opt/hostedtoolcache/CodeQL/2.27.1/x64/codeql/qlpacks/codeql/python-queries/1.8.11/Statements/SideEffectInAssert.ql...
codeql / Analyze (python)	UNKNOWN STEP	2026-09-26T11:38:33.2416287Z  ... found results file at /home/runner/work/_temp/codeql_databases/python/results/codeql/python-queries/Statements/SideEffectInAssert.bqrs.
codeql / Analyze (python)	UNKNOWN STEP	2026-09-26T11:38:33.2434208Z Interpreting /opt/hostedtoolcache/CodeQL/2.27.1/x64/codeql/qlpacks/codeql/python-queries/1.8.11/Statements/TopLevelPrint.ql...
codeql / Analyze (python)	UNKNOWN STEP	2026-09-26T11:38:33.2474244Z  ... found results file at /home/runner/work/_temp/codeql_databases/python/results/codeql/python-queries/Statements/TopLevelPrint.bqrs.
codeql / Analyze (python)	UNKNOWN STEP	2026-09-26T11:38:33.2476770Z Interpreting /opt/hostedtoolcache/CodeQL/2.27.1/x64/codeql/qlpacks/codeql/python-queries/1.8.11/Statements/NonIteratorInForLoop.ql...
codeql / Analyze (python)	UNKNOWN STEP	2026-09-26T11:38:33.2525589Z  ... found results file at /home/runner/work/_temp/codeql_databases/python/results/codeql/python-queries/Statements/NonIteratorInForLoop.bqrs.
codeql / Analyze (python)	UNKNOWN STEP	2026-09-26T11:38:33.2530954Z Interpreting /opt/hostedtoolcache/CodeQL/2.27.1/x64/codeql/qlpacks/codeql/python-queries/1.8.11/Statements/AssertOnTuple.ql...
codeql / Analyze (python)	UNKNOWN STEP	2026-09-26T11:38:33.2578921Z  ... found results file at /home/runner/work/_temp/codeql_databases/python/results/codeql/python-queries/Statements/AssertOnTuple.bqrs.
codeql / Analyze (python)	UNKNOWN STEP	2026-09-26T11:38:33.2583919Z Interpreting /opt/hostedtoolcache/CodeQL/2.27.1/x64/codeql/qlpacks/codeql/python-queries/1.8.11/Statements/StatementNoEffect.ql...
codeql / Analyze (python)	UNKNOWN STEP	2026-09-26T11:38:33.2626703Z  ... found results file at /home/runner/work/_temp/codeql_databases/python/results/codeql/python-queries/Statements/StatementNoEffect.bqrs.
codeql / Analyze (python)	UNKNOWN STEP	2026-09-26T11:38:33.2638468Z Interpreting /opt/hostedtoolcache/CodeQL/2.27.1/x64/codeql/qlpacks/codeql/python-queries/1.8.11/Statements/NestedLoopsSameVariableWithReuse.ql...
codeql / Analyze (python)	UNKNOWN STEP	2026-09-26T11:38:33.2674308Z  ... found results file at /home/runner/work/_temp/codeql_databases/python/results/codeql/python-queries/Statements/NestedLoopsSameVariableWithReuse.bqrs.
codeql / Analyze (python)	UNKNOWN STEP	2026-09-26T11:38:33.2679200Z Interpreting /opt/hostedtoolcache/CodeQL/2.27.1/x64/codeql/qlpacks/codeql/python-queries/1.8.11/Statements/UseOfExit.ql...
codeql / Analyze (python)	UNKNOWN STEP	2026-09-26T11:38:33.2745857Z  ... found results file at /home/runner/work/_temp/codeql_databases/python/results/codeql/python-queries/Statements/UseOfExit.bqrs.
codeql / Analyze (python)	UNKNOWN STEP	2026-09-26T11:38:33.2748314Z Interpreting /opt/hostedtoolcache/CodeQL/2.27.1/x64/codeql/qlpacks/codeql/python-queries/1.8.11/Statements/BreakOrReturnInFinally.ql...
codeql / Analyze (python)	UNKNOWN STEP	2026-09-26T11:38:33.2769858Z  ... found results file at /home/runner/work/_temp/codeql_databases/python/results/codeql/python-queries/Statements/BreakOrReturnInFinally.bqrs.
codeql / Analyze (python)	UNKNOWN STEP	2026-09-26T11:38:33.2775191Z Interpreting /opt/hostedtoolcache/CodeQL/2.27.1/x64/codeql/qlpacks/codeql/python-queries/1.8.11/Statements/IterableStringOrSequence.ql...
codeql / Analyze (python)	UNKNOWN STEP	2026-09-26T11:38:33.2817213Z  ... found results file at /home/runner/work/_temp/codeql_databases/python/results/codeql/python-queries/Statements/IterableStringOrSequence.bqrs.
codeql / Analyze (python)	UNKNOWN STEP	2026-09-26T11:38:33.2821939Z Interpreting /opt/hostedtoolcache/CodeQL/2.27.1/x64/codeql/qlpacks/codeql/python-queries/1.8.11/Statements/ReturnOrYieldOutsideFunction.ql...
codeql / Analyze (python)	UNKNOWN STEP	2026-09-26T11:38:33.2880695Z  ... found results file at /home/runner/work/_temp/codeql_databases/python/results/codeql/python-queries/Statements/ReturnOrYieldOutsideFunction.bqrs.
codeql / Analyze (python)	UNKNOWN STEP	2026-09-26T11:38:33.2883770Z Interpreting /opt/hostedtoolcache/CodeQL/2.27.1/x64/codeql/qlpacks/codeql/python-queries/1.8.11/Statements/UnreachableCode.ql...
codeql / Analyze (python)	UNKNOWN STEP	2026-09-26T11:38:33.2913606Z  ... found results file at /home/runner/work/_temp/codeql_databases/python/results/codeql/python-queries/Statements/UnreachableCode.bqrs.
codeql / Analyze (python)	UNKNOWN STEP	2026-09-26T11:38:33.2920783Z Interpreting /opt/hostedtoolcache/CodeQL/2.27.1/x64/codeql/qlpacks/codeql/python-queries/1.8.11/Statements/NestedLoopsSameVariable.ql...
codeql / Analyze (python)	UNKNOWN STEP	2026-09-26T11:38:33.2953412Z  ... found results file at /home/runner/work/_temp/codeql_databases/python/results/codeql/python-queries/Statements/NestedLoopsSameVariable.bqrs.
codeql / Analyze (python)	UNKNOWN STEP	2026-09-26T11:38:33.2958223Z Interpreting /opt/hostedtoolcache/CodeQL/2.27.1/x64/codeql/qlpacks/codeql/python-queries/1.8.11/Statements/UnnecessaryDelete.ql...
codeql / Analyze (python)	UNKNOWN STEP	2026-09-26T11:38:33.3000458Z  ... found results file at /home/runner/work/_temp/codeql_databases/python/results/codeql/python-queries/Statements/UnnecessaryDelete.bqrs.
codeql / Analyze (python)	UNKNOWN STEP	2026-09-26T11:38:33.3005361Z Interpreting /opt/hostedtoolcache/CodeQL/2.27.1/x64/codeql/qlpacks/codeql/python-queries/1.8.11/Statements/UnnecessaryElseClause.ql...
codeql / Analyze (python)	UNKNOWN STEP	2026-09-26T11:38:33.3047308Z  ... found results file at /home/runner/work/_temp/codeql_databases/python/results/codeql/python-queries/Statements/UnnecessaryElseClause.bqrs.
codeql / Analyze (python)	UNKNOWN STEP	2026-09-26T11:38:33.3054976Z Interpreting /opt/hostedtoolcache/CodeQL/2.27.1/x64/codeql/qlpacks/codeql/python-queries/1.8.11/Statements/ModificationOfLocals.ql...
codeql / Analyze (python)	UNKNOWN STEP	2026-09-26T11:38:33.3092520Z  ... found results file at /home/runner/work/_temp/codeql_databases/python/results/codeql/python-queries/Statements/ModificationOfLocals.bqrs.
codeql / Analyze (python)	UNKNOWN STEP	2026-09-26T11:38:33.3097492Z Interpreting /opt/hostedtoolcache/CodeQL/2.27.1/x64/codeql/qlpacks/codeql/python-queries/1.8.11/Statements/MismatchInMultipleAssignment.ql...
codeql / Analyze (python)	UNKNOWN STEP	2026-09-26T11:38:33.3138920Z  ... found results file at /home/runner/work/_temp/codeql_databases/python/results/codeql/python-queries/Statements/MismatchInMultipleAssignment.bqrs.
codeql / Analyze (python)	UNKNOWN STEP	2026-09-26T11:38:33.3143376Z Interpreting /opt/hostedtoolcache/CodeQL/2.27.1/x64/codeql/qlpacks/codeql/python-queries/1.8.11/Statements/RedundantAssignment.ql...
codeql / Analyze (python)	UNKNOWN STEP	2026-09-26T11:38:33.3186165Z  ... found results file at /home/runner/work/_temp/codeql_databases/python/results/codeql/python-queries/Statements/RedundantAssignment.bqrs.
codeql / Analyze (python)	UNKNOWN STEP	2026-09-26T11:38:33.3191161Z Interpreting /opt/hostedtoolcache/CodeQL/2.27.1/x64/codeql/qlpacks/codeql/python-queries/1.8.11/Statements/UnnecessaryPass.ql...
codeql / Analyze (python)	UNKNOWN STEP	2026-09-26T11:38:33.3238084Z  ... found results file at /home/runner/work/_temp/codeql_databases/python/results/codeql/python-queries/Statements/UnnecessaryPass.bqrs.
codeql / Analyze (python)	UNKNOWN STEP	2026-09-26T11:38:33.3252245Z Interpreting /opt/hostedtoolcache/CodeQL/2.27.1/x64/codeql/qlpacks/codeql/python-queries/1.8.11/Statements/UnusedExceptionObject.ql...
codeql / Analyze (python)	UNKNOWN STEP	2026-09-26T11:38:33.3304384Z  ... found results file at /home/runner/work/_temp/codeql_databases/python/results/codeql/python-queries/Statements/UnusedExceptionObject.bqrs.
codeql / Analyze (python)	UNKNOWN STEP	2026-09-26T11:38:33.3306879Z Interpreting /opt/hostedtoolcache/CodeQL/2.27.1/x64/codeql/qlpacks/codeql/python-queries/1.8.11/Statements/ShouldUseWithStatement.ql...
codeql / Analyze (python)	UNKNOWN STEP	2026-09-26T11:38:33.3336454Z  ... found results file at /home/runner/work/_temp/codeql_databases/python/results/codeql/python-queries/Statements/ShouldUseWithStatement.bqrs.
codeql / Analyze (python)	UNKNOWN STEP	2026-09-26T11:38:33.3359280Z Interpreting /opt/hostedtoolcache/CodeQL/2.27.1/x64/codeql/qlpacks/codeql/python-queries/1.8.11/Statements/ConstantInConditional.ql...
codeql / Analyze (python)	UNKNOWN STEP	2026-09-26T11:38:33.3379428Z  ... found results file at /home/runner/work/_temp/codeql_databases/python/results/codeql/python-queries/Statements/ConstantInConditional.bqrs.
codeql / Analyze (python)	UNKNOWN STEP	2026-09-26T11:38:33.3387598Z Interpreting /opt/hostedtoolcache/CodeQL/2.27.1/x64/codeql/qlpacks/codeql/python-queries/1.8.11/Testing/ImpreciseAssert.ql...
codeql / Analyze (python)	UNKNOWN STEP	2026-09-26T11:38:33.3427275Z  ... found results file at /home/runner/work/_temp/codeql_databases/python/results/codeql/python-queries/Testing/ImpreciseAssert.bqrs.
codeql / Analyze (python)	UNKNOWN STEP	2026-09-26T11:38:33.3431284Z Interpreting /opt/hostedtoolcache/CodeQL/2.27.1/x64/codeql/qlpacks/codeql/python-queries/1.8.11/Numerics/Pythagorean.ql...
codeql / Analyze (python)	UNKNOWN STEP	2026-09-26T11:38:33.3477054Z  ... found results file at /home/runner/work/_temp/codeql_databases/python/results/codeql/python-queries/Numerics/Pythagorean.bqrs.
codeql / Analyze (python)	UNKNOWN STEP	2026-09-26T11:38:33.3514476Z Interpreting /opt/hostedtoolcache/CodeQL/2.27.1/x64/codeql/qlpacks/codeql/python-queries/1.8.11/Exceptions/RaisingTuple.ql...
codeql / Analyze (python)	UNKNOWN STEP	2026-09-26T11:38:33.3518099Z  ... found results file at /home/runner/work/_temp/codeql_databases/python/results/codeql/python-queries/Exceptions/RaisingTuple.bqrs.
codeql / Analyze (python)	UNKNOWN STEP	2026-09-26T11:38:33.3520151Z Interpreting /opt/hostedtoolcache/CodeQL/2.27.1/x64/codeql/qlpacks/codeql/python-queries/1.8.11/Exceptions/IllegalExceptionHandlerType.ql...
codeql / Analyze (python)	UNKNOWN STEP	2026-09-26T11:38:33.3558340Z  ... found results file at /home/runner/work/_temp/codeql_databases/python/results/codeql/python-queries/Exceptions/IllegalExceptionHandlerType.bqrs.
codeql / Analyze (python)	UNKNOWN STEP	2026-09-26T11:38:33.3563537Z Interpreting /opt/hostedtoolcache/CodeQL/2.27.1/x64/codeql/qlpacks/codeql/python-queries/1.8.11/Exceptions/IllegalRaise.ql...
codeql / Analyze (python)	UNKNOWN STEP	2026-09-26T11:38:33.3624458Z  ... found results file at /home/runner/work/_temp/codeql_databases/python/results/codeql/python-queries/Exceptions/IllegalRaise.bqrs.
codeql / Analyze (python)	UNKNOWN STEP	2026-09-26T11:38:33.3633535Z Interpreting /opt/hostedtoolcache/CodeQL/2.27.1/x64/codeql/qlpacks/codeql/python-queries/1.8.11/Exceptions/UnguardedNextInGenerator.ql...
codeql / Analyze (python)	UNKNOWN STEP	2026-09-26T11:38:33.3658171Z  ... found results file at /home/runner/work/_temp/codeql_databases/python/results/codeql/python-queries/Exceptions/UnguardedNextInGenerator.bqrs.
codeql / Analyze (python)	UNKNOWN STEP	2026-09-26T11:38:33.3663970Z Interpreting /opt/hostedtoolcache/CodeQL/2.27.1/x64/codeql/qlpacks/codeql/python-queries/1.8.11/Exceptions/IncorrectExceptOrder.ql...
codeql / Analyze (python)	UNKNOWN STEP	2026-09-26T11:38:33.3706161Z  ... found results file at /home/runner/work/_temp/codeql_databases/python/results/codeql/python-queries/Exceptions/IncorrectExceptOrder.bqrs.
codeql / Analyze (python)	UNKNOWN STEP	2026-09-26T11:38:33.3713057Z Interpreting /opt/hostedtoolcache/CodeQL/2.27.1/x64/codeql/qlpacks/codeql/python-queries/1.8.11/Exceptions/CatchingBaseException.ql...
codeql / Analyze (python)	UNKNOWN STEP	2026-09-26T11:38:33.3765996Z  ... found results file at /home/runner/work/_temp/codeql_databases/python/results/codeql/python-queries/Exceptions/CatchingBaseException.bqrs.
codeql / Analyze (python)	UNKNOWN STEP	2026-09-26T11:38:33.3771584Z Interpreting /opt/hostedtoolcache/CodeQL/2.27.1/x64/codeql/qlpacks/codeql/python-queries/1.8.11/Exceptions/EmptyExcept.ql...
codeql / Analyze (python)	UNKNOWN STEP	2026-09-26T11:38:33.3793075Z  ... found results file at /home/runner/work/_temp/codeql_databases/python/results/codeql/python-queries/Exceptions/EmptyExcept.bqrs.
codeql / Analyze (python)	UNKNOWN STEP	2026-09-26T11:38:33.3806837Z Interpreting /opt/hostedtoolcache/CodeQL/2.27.1/x64/codeql/qlpacks/codeql/python-queries/1.8.11/Exceptions/NotImplementedIsNotAnException.ql...
codeql / Analyze (python)	UNKNOWN STEP	2026-09-26T11:38:33.3834152Z  ... found results file at /home/runner/work/_temp/codeql_databases/python/results/codeql/python-queries/Exceptions/NotImplementedIsNotAnException.bqrs.
codeql / Analyze (python)	UNKNOWN STEP	2026-09-26T11:38:33.3840449Z Interpreting /opt/hostedtoolcache/CodeQL/2.27.1/x64/codeql/qlpacks/codeql/python-queries/1.8.11/Resources/FileNotAlwaysClosed.ql...
codeql / Analyze (python)	UNKNOWN STEP	2026-09-26T11:38:33.3884157Z  ... found results file at /home/runner/work/_temp/codeql_databases/python/results/codeql/python-queries/Resources/FileNotAlwaysClosed.bqrs.
codeql / Analyze (python)	UNKNOWN STEP	2026-09-26T11:38:33.4770333Z Interpreted problem query "'input' function used in Python 2" (py/use-of-input) at path /home/runner/work/_temp/codeql_databases/python/results/codeql/python-queries/Expressions/UseofInput.bqrs.
codeql / Analyze (python)	UNKNOWN STEP	2026-09-26T11:38:33.4787735Z Interpreted pathproblem query "Full server-side request forgery" (py/full-ssrf) at path /home/runner/work/_temp/codeql_databases/python/results/codeql/python-queries/Security/CWE-918/FullServerSideRequestForgery.bqrs.
codeql / Analyze (python)	UNKNOWN STEP	2026-09-26T11:38:33.4796168Z Interpreted pathproblem query "Reflected server-side cross-site scripting" (py/reflective-xss) at path /home/runner/work/_temp/codeql_databases/python/results/codeql/python-queries/Security/CWE-079/ReflectedXss.bqrs.
codeql / Analyze (python)	UNKNOWN STEP	2026-09-26T11:38:33.4820101Z Interpreted problem query "Use of weak cryptographic key" (py/weak-crypto-key) at path /home/runner/work/_temp/codeql_databases/python/results/codeql/python-queries/Security/CWE-326/WeakCryptoKey.bqrs.
codeql / Analyze (python)	UNKNOWN STEP	2026-09-26T11:38:33.4850893Z Interpreted pathproblem query "Uncontrolled data used in path expression" (py/path-injection) at path /home/runner/work/_temp/codeql_databases/python/results/codeql/python-queries/Security/CWE-022/PathInjection.bqrs.
codeql / Analyze (python)	UNKNOWN STEP	2026-09-26T11:38:33.4854091Z Interpreted problem query "Bad HTML filtering regexp" (py/bad-tag-filter) at path /home/runner/work/_temp/codeql_databases/python/results/codeql/python-queries/Security/CWE-116/BadTagFilter.bqrs.
codeql / Analyze (python)	UNKNOWN STEP	2026-09-26T11:38:33.4856774Z Interpreted pathproblem query "NoSQL Injection" (py/nosql-injection) at path /home/runner/work/_temp/codeql_databases/python/results/codeql/python-queries/Security/CWE-943/NoSqlInjection.bqrs.
codeql / Analyze (python)	UNKNOWN STEP	2026-09-26T11:38:33.4863243Z Interpreted pathproblem query "Information exposure through an exception" (py/stack-trace-exposure) at path /home/runner/work/_temp/codeql_databases/python/results/codeql/python-queries/Security/CWE-209/StackTraceExposure.bqrs.
codeql / Analyze (python)	UNKNOWN STEP	2026-09-26T11:38:33.4867517Z Interpreted pathproblem query "XPath query built from user-controlled sources" (py/xpath-injection) at path /home/runner/work/_temp/codeql_databases/python/results/codeql/python-queries/Security/CWE-643/XpathInjection.bqrs.
codeql / Analyze (python)	UNKNOWN STEP	2026-09-26T11:38:33.4870364Z Interpreted pathproblem query "Code injection" (py/code-injection) at path /home/runner/work/_temp/codeql_databases/python/results/codeql/python-queries/Security/CWE-094/CodeInjection.bqrs.
codeql / Analyze (python)	UNKNOWN STEP	2026-09-26T11:38:33.4873444Z Interpreted problem query "Insecure temporary file" (py/insecure-temporary-file) at path /home/runner/work/_temp/codeql_databases/python/results/codeql/python-queries/Security/CWE-377/InsecureTemporaryFile.bqrs.
codeql / Analyze (python)	UNKNOWN STEP	2026-09-26T11:38:33.4882414Z Interpreted pathproblem query "Polynomial regular expression used on uncontrolled data" (py/polynomial-redos) at path /home/runner/work/_temp/codeql_databases/python/results/codeql/python-queries/Security/CWE-730/PolynomialReDoS.bqrs.
codeql / Analyze (python)	UNKNOWN STEP	2026-09-26T11:38:33.4885586Z Interpreted problem query "Inefficient regular expression" (py/redos) at path /home/runner/work/_temp/codeql_databases/python/results/codeql/python-queries/Security/CWE-730/ReDoS.bqrs.
codeql / Analyze (python)	UNKNOWN STEP	2026-09-26T11:38:33.4888229Z Interpreted pathproblem query "Regular expression injection" (py/regex-injection) at path /home/runner/work/_temp/codeql_databases/python/results/codeql/python-queries/Security/CWE-730/RegexInjection.bqrs.
codeql / Analyze (python)	UNKNOWN STEP	2026-09-26T11:38:33.4892997Z Interpreted problem query "Accepting unknown SSH host keys when using Paramiko" (py/paramiko-missing-host-key-validation) at path /home/runner/work/_temp/codeql_databases/python/results/codeql/python-queries/Security/CWE-295/MissingHostKeyValidation.bqrs.
codeql / Analyze (python)	UNKNOWN STEP	2026-09-26T11:38:33.4896251Z Interpreted pathproblem query "URL redirection from remote source" (py/url-redirection) at path /home/runner/work/_temp/codeql_databases/python/results/codeql/python-queries/Security/CWE-601/UrlRedirect.bqrs.
codeql / Analyze (python)	UNKNOWN STEP	2026-09-26T11:38:33.4898917Z Interpreted pathproblem query "XML external entity expansion" (py/xxe) at path /home/runner/work/_temp/codeql_databases/python/results/codeql/python-queries/Security/CWE-611/Xxe.bqrs.
codeql / Analyze (python)	UNKNOWN STEP	2026-09-26T11:38:33.4903993Z Interpreted problem query "Sensitive cookie with `SameSite` attribute set to `None`" (py/samesite-none-cookie) at path /home/runner/work/_temp/codeql_databases/python/results/codeql/python-queries/Security/CWE-1275/SameSiteNoneCookie.bqrs.
codeql / Analyze (python)	UNKNOWN STEP	2026-09-26T11:38:33.4907281Z Interpreted problem query "CSRF protection weakened or disabled" (py/csrf-protection-disabled) at path /home/runner/work/_temp/codeql_databases/python/results/codeql/python-queries/Security/CWE-352/CSRFProtectionDisabled.bqrs.
codeql / Analyze (python)	UNKNOWN STEP	2026-09-26T11:38:33.4910916Z Interpreted pathproblem query "Clear-text storage of sensitive information" (py/clear-text-storage-sensitive-data) at path /home/runner/work/_temp/codeql_databases/python/results/codeql/python-queries/Security/CWE-312/CleartextStorage.bqrs.
codeql / Analyze (python)	UNKNOWN STEP	2026-09-26T11:38:33.4917529Z Interpreted pathproblem query "Clear-text logging of sensitive information" (py/clear-text-logging-sensitive-data) at path /home/runner/work/_temp/codeql_databases/python/results/codeql/python-queries/Security/CWE-312/CleartextLogging.bqrs.
codeql / Analyze (python)	UNKNOWN STEP	2026-09-26T11:38:33.4938188Z Interpreted pathproblem query "XML internal entity expansion" (py/xml-bomb) at path /home/runner/work/_temp/codeql_databases/python/results/codeql/python-queries/Security/CWE-776/XmlBomb.bqrs.
codeql / Analyze (python)	UNKNOWN STEP	2026-09-26T11:38:33.4941106Z Interpreted problem query "Sensitive cookie missing `HttpOnly` attribute" (py/client-exposed-cookie) at path /home/runner/work/_temp/codeql_databases/python/results/codeql/python-queries/Security/CWE-1004/NonHttpOnlyCookie.bqrs.
codeql / Analyze (python)	UNKNOWN STEP	2026-09-26T11:38:33.4959075Z Interpreted pathproblem query "Deserialization of user-controlled data" (py/unsafe-deserialization) at path /home/runner/work/_temp/codeql_databases/python/results/codeql/python-queries/Security/CWE-502/UnsafeDeserialization.bqrs.
codeql / Analyze (python)	UNKNOWN STEP	2026-09-26T11:38:33.4962235Z Interpreted pathproblem query "SQL query built from user-controlled sources" (py/sql-injection) at path /home/runner/work/_temp/codeql_databases/python/results/codeql/python-queries/Security/CWE-089/SqlInjection.bqrs.
codeql / Analyze (python)	UNKNOWN STEP	2026-09-26T11:38:33.4974025Z Interpreted pathproblem query "Binding a socket to all network interfaces" (py/bind-socket-all-network-interfaces) at path /home/runner/work/_temp/codeql_databases/python/results/codeql/python-queries/Security/CVE-2018-1281/BindToAllInterfaces.bqrs.
codeql / Analyze (python)	UNKNOWN STEP	2026-09-26T11:38:33.4977189Z Interpreted pathproblem query "Uncontrolled command line" (py/command-line-injection) at path /home/runner/work/_temp/codeql_databases/python/results/codeql/python-queries/Security/CWE-078/CommandInjection.bqrs.
codeql / Analyze (python)	UNKNOWN STEP	2026-09-26T11:38:33.4980178Z Interpreted pathproblem query "Server Side Template Injection" (py/template-injection) at path /home/runner/work/_temp/codeql_databases/python/results/codeql/python-queries/Security/CWE-074/TemplateInjection.bqrs.
codeql / Analyze (python)	UNKNOWN STEP	2026-09-26T11:38:33.4983186Z Interpreted problem query "Flask app is run in debug mode" (py/flask-debug) at path /home/runner/work/_temp/codeql_databases/python/results/codeql/python-queries/Security/CWE-215/FlaskDebug.bqrs.
codeql / Analyze (python)	UNKNOWN STEP	2026-09-26T11:38:33.4985990Z Interpreted pathproblem query "LDAP query built from user-controlled sources" (py/ldap-injection) at path /home/runner/work/_temp/codeql_databases/python/results/codeql/python-queries/Security/CWE-090/LdapInjection.bqrs.
codeql / Analyze (python)	UNKNOWN STEP	2026-09-26T11:38:33.4989793Z Interpreted pathproblem query "Use of a broken or weak cryptographic hashing algorithm on sensitive data" (py/weak-sensitive-data-hashing) at path /home/runner/work/_temp/codeql_databases/python/results/codeql/python-queries/Security/CWE-327/WeakSensitiveDataHashing.bqrs.
codeql / Analyze (python)	UNKNOWN STEP	2026-09-26T11:38:33.4996164Z Interpreted problem query "Use of insecure SSL/TLS version" (py/insecure-protocol) at path /home/runner/work/_temp/codeql_databases/python/results/codeql/python-queries/Security/CWE-327/InsecureProtocol.bqrs.
codeql / Analyze (python)	UNKNOWN STEP	2026-09-26T11:38:33.4999137Z Interpreted problem query "Use of a broken or weak cryptographic algorithm" (py/weak-cryptographic-algorithm) at path /home/runner/work/_temp/codeql_databases/python/results/codeql/python-queries/Security/CWE-327/BrokenCryptoAlgorithm.bqrs.
codeql / Analyze (python)	UNKNOWN STEP	2026-09-26T11:38:33.5005379Z Interpreted problem query "Default version of SSL/TLS may be insecure" (py/insecure-default-protocol) at path /home/runner/work/_temp/codeql_databases/python/results/codeql/python-queries/Security/CWE-327/InsecureDefaultProtocol.bqrs.
codeql / Analyze (python)	UNKNOWN STEP	2026-09-26T11:38:33.5008351Z Interpreted problem query "Failure to use secure cookies" (py/insecure-cookie) at path /home/runner/work/_temp/codeql_databases/python/results/codeql/python-queries/Security/CWE-614/InsecureCookie.bqrs.
codeql / Analyze (python)	UNKNOWN STEP	2026-09-26T11:38:33.5011819Z Interpreted pathproblem query "PAM authorization bypass due to incorrect usage" (py/pam-auth-bypass) at path /home/runner/work/_temp/codeql_databases/python/results/codeql/python-queries/Security/CWE-285/PamAuthorization.bqrs.
codeql / Analyze (python)	UNKNOWN STEP	2026-09-26T11:38:33.5024956Z Interpreted problem query "Incomplete URL substring sanitization" (py/incomplete-url-substring-sanitization) at path /home/runner/work/_temp/codeql_databases/python/results/codeql/python-queries/Security/CWE-020/IncompleteUrlSubstringSanitization.bqrs.
codeql / Analyze (python)	UNKNOWN STEP	2026-09-26T11:38:33.5028450Z Interpreted problem query "Incomplete regular expression for hostnames" (py/incomplete-hostname-regexp) at path /home/runner/work/_temp/codeql_databases/python/results/codeql/python-queries/Security/CWE-020/IncompleteHostnameRegExp.bqrs.
codeql / Analyze (python)	UNKNOWN STEP	2026-09-26T11:38:33.5031654Z Interpreted problem query "Overly permissive regular expression range" (py/overly-large-range) at path /home/runner/work/_temp/codeql_databases/python/results/codeql/python-queries/Security/CWE-020/OverlyLargeRange.bqrs.
codeql / Analyze (python)	UNKNOWN STEP	2026-09-26T11:38:33.5035011Z Interpreted pathproblem query "Construction of a cookie using user-supplied input" (py/cookie-injection) at path /home/runner/work/_temp/codeql_databases/python/results/codeql/python-queries/Security/CWE-020/CookieInjection.bqrs.
codeql / Analyze (python)	UNKNOWN STEP	2026-09-26T11:38:33.5037977Z Interpreted pathproblem query "HTTP Response Splitting" (py/http-response-splitting) at path /home/runner/work/_temp/codeql_databases/python/results/codeql/python-queries/Security/CWE-113/HeaderInjection.bqrs.
codeql / Analyze (python)	UNKNOWN STEP	2026-09-26T11:38:33.5050896Z Interpreted pathproblem query "Partial server-side request forgery" (py/partial-ssrf) at path /home/runner/work/_temp/codeql_databases/python/results/codeql/python-queries/Security/CWE-918/PartialServerSideRequestForgery.bqrs.
codeql / Analyze (python)	UNKNOWN STEP	2026-09-26T11:38:33.5054312Z Interpreted problem query "Jinja2 templating with autoescape=False" (py/jinja2/autoescape-false) at path /home/runner/work/_temp/codeql_databases/python/results/codeql/python-queries/Security/CWE-079/Jinja2WithoutEscaping.bqrs.
codeql / Analyze (python)	UNKNOWN STEP	2026-09-26T11:38:33.5057177Z Interpreted pathproblem query "Arbitrary file write during tarfile extraction" (py/tarslip) at path /home/runner/work/_temp/codeql_databases/python/results/codeql/python-queries/Security/CWE-022/TarSlip.bqrs.
codeql / Analyze (python)	UNKNOWN STEP	2026-09-26T11:38:33.5060154Z Interpreted problem query "Request without certificate validation" (py/request-without-cert-validation) at path /home/runner/work/_temp/codeql_databases/python/results/codeql/python-queries/Security/CWE-295/RequestWithoutValidation.bqrs.
codeql / Analyze (python)	UNKNOWN STEP	2026-09-26T11:38:33.5066362Z Interpreted problem query "Overly permissive file permissions" (py/overly-permissive-file) at path /home/runner/work/_temp/codeql_databases/python/results/codeql/python-queries/Security/CWE-732/WeakFilePermissions.bqrs.
codeql / Analyze (python)	UNKNOWN STEP	2026-09-26T11:38:33.5069904Z Interpreted pathproblem query "Unsafe shell command constructed from library input" (py/shell-command-constructed-from-input) at path /home/runner/work/_temp/codeql_databases/python/results/codeql/python-queries/Security/CWE-078/UnsafeShellCommandConstruction.bqrs.
codeql / Analyze (python)	UNKNOWN STEP	2026-09-26T11:38:33.5073347Z Interpreted pathproblem query "Log Injection" (py/log-injection) at path /home/runner/work/_temp/codeql_databases/python/results/codeql/python-queries/Security/CWE-117/LogInjection.bqrs.
codeql / Analyze (python)	UNKNOWN STEP	2026-09-26T11:38:33.5077200Z Interpreted diagnostic query "Python extraction warnings" (py/diagnostics/extraction-warnings) at path /home/runner/work/_temp/codeql_databases/python/results/codeql/python-queries/Diagnostics/ExtractionWarnings.bqrs.
codeql / Analyze (python)	UNKNOWN STEP	2026-09-26T11:38:33.5080195Z Interpreted diagnostic query "Extracted Python files" (py/diagnostics/successfully-extracted-files) at path /home/runner/work/_temp/codeql_databases/python/results/codeql/python-queries/Diagnostics/ExtractedFiles.bqrs.
codeql / Analyze (python)	UNKNOWN STEP	2026-09-26T11:38:33.5087062Z Interpreted metric query "Total lines of user written Python code in the database" (py/summary/lines-of-user-code) at path /home/runner/work/_temp/codeql_databases/python/results/codeql/python-queries/Summary/LinesOfUserCode.bqrs.
codeql / Analyze (python)	UNKNOWN STEP	2026-09-26T11:38:33.5117543Z Interpreted metric query "Total lines of Python code in the database" (py/summary/lines-of-code) at path /home/runner/work/_temp/codeql_databases/python/results/codeql/python-queries/Summary/LinesOfCode.bqrs.
codeql / Analyze (python)	UNKNOWN STEP	2026-09-26T11:38:33.5120252Z Interpreted problem query "Commented-out code" (py/commented-out-code) at path /home/runner/work/_temp/codeql_databases/python/results/codeql/python-queries/Lexical/CommentedOutCode.bqrs.
codeql / Analyze (python)	UNKNOWN STEP	2026-09-26T11:38:33.5123156Z Interpreted problem query "Confusing octal literal" (py/old-style-octal-literal) at path /home/runner/work/_temp/codeql_databases/python/results/codeql/python-queries/Lexical/OldOctalLiteral.bqrs.
codeql / Analyze (python)	UNKNOWN STEP	2026-09-26T11:38:33.5125919Z Interpreted problem query "Unused local variable" (py/unused-local-variable) at path /home/runner/work/_temp/codeql_databases/python/results/codeql/python-queries/Variables/UnusedLocalVariable.bqrs.
codeql / Analyze (python)	UNKNOWN STEP	2026-09-26T11:38:33.5128698Z Interpreted problem query "Use of 'global' at module level" (py/redundant-global-declaration) at path /home/runner/work/_temp/codeql_databases/python/results/codeql/python-queries/Variables/GlobalAtModuleLevel.bqrs.
codeql / Analyze (python)	UNKNOWN STEP	2026-09-26T11:38:33.5131680Z Interpreted problem query "Use of an undefined placeholder variable" (py/undefined-placeholder-variable) at path /home/runner/work/_temp/codeql_databases/python/results/codeql/python-queries/Variables/UndefinedPlaceHolder.bqrs.
codeql / Analyze (python)	UNKNOWN STEP	2026-09-26T11:38:33.5134995Z Interpreted problem query "Potentially uninitialized local variable" (py/uninitialized-local-variable) at path /home/runner/work/_temp/codeql_databases/python/results/codeql/python-queries/Variables/UninitializedLocal.bqrs.
codeql / Analyze (python)	UNKNOWN STEP	2026-09-26T11:38:33.5138116Z Interpreted problem query "Suspicious unused loop iteration variable" (py/unused-loop-variable) at path /home/runner/work/_temp/codeql_databases/python/results/codeql/python-queries/Variables/SuspiciousUnusedLoopIterationVariable.bqrs.
codeql / Analyze (python)	UNKNOWN STEP	2026-09-26T11:38:33.5141386Z Interpreted problem query "List comprehension variable used in enclosing scope" (py/leaking-list-comprehension) at path /home/runner/work/_temp/codeql_databases/python/results/codeql/python-queries/Variables/LeakingListComprehension.bqrs.
codeql / Analyze (python)	UNKNOWN STEP	2026-09-26T11:38:33.5144781Z Interpreted pathproblem query "Loop variable capture" (py/loop-variable-capture) at path /home/runner/work/_temp/codeql_databases/python/results/codeql/python-queries/Variables/LoopVariableCapture/LoopVariableCapture.bqrs.
codeql / Analyze (python)	UNKNOWN STEP	2026-09-26T11:38:33.5147676Z Interpreted problem query "Unused global variable" (py/unused-global-variable) at path /home/runner/work/_temp/codeql_databases/python/results/codeql/python-queries/Variables/UnusedModuleVariable.bqrs.
codeql / Analyze (python)	UNKNOWN STEP	2026-09-26T11:38:33.5155243Z Interpreted problem query "Variable defined multiple times" (py/multiple-definition) at path /home/runner/work/_temp/codeql_databases/python/results/codeql/python-queries/Variables/MultiplyDefined.bqrs.
codeql / Analyze (python)	UNKNOWN STEP	2026-09-26T11:38:33.5158279Z Interpreted problem query "Explicit export is not defined" (py/undefined-export) at path /home/runner/work/_temp/codeql_databases/python/results/codeql/python-queries/Variables/UndefinedExport.bqrs.
codeql / Analyze (python)	UNKNOWN STEP	2026-09-26T11:38:33.5161213Z Interpreted problem query "Module is imported with 'import' and 'import from'" (py/import-and-import-from) at path /home/runner/work/_temp/codeql_databases/python/results/codeql/python-queries/Imports/ImportandImportFrom.bqrs.
codeql / Analyze (python)	UNKNOWN STEP	2026-09-26T11:38:33.5164519Z Interpreted problem query "Module-level cyclic import" (py/unsafe-cyclic-import) at path /home/runner/work/_temp/codeql_databases/python/results/codeql/python-queries/Imports/ModuleLevelCyclicImport.bqrs.
codeql / Analyze (python)	UNKNOWN STEP	2026-09-26T11:38:33.5167138Z Interpreted problem query "Cyclic import" (py/cyclic-import) at path /home/runner/work/_temp/codeql_databases/python/results/codeql/python-queries/Imports/CyclicImport.bqrs.
codeql / Analyze (python)	UNKNOWN STEP	2026-09-26T11:38:33.5169726Z Interpreted problem query "Module imports itself" (py/import-own-module) at path /home/runner/work/_temp/codeql_databases/python/results/codeql/python-queries/Imports/ModuleImportsItself.bqrs.
codeql / Analyze (python)	UNKNOWN STEP	2026-09-26T11:38:33.5186788Z Interpreted problem query "Import of deprecated module" (py/import-deprecated-module) at path /home/runner/work/_temp/codeql_databases/python/results/codeql/python-queries/Imports/DeprecatedModule.bqrs.
codeql / Analyze (python)	UNKNOWN STEP	2026-09-26T11:38:33.5189584Z Interpreted problem query "Syntax error" (py/syntax-error) at path /home/runner/work/_temp/codeql_databases/python/results/codeql/python-queries/Imports/SyntaxError.bqrs.
codeql / Analyze (python)	UNKNOWN STEP	2026-09-26T11:38:33.5192055Z Interpreted problem query "Module is imported more than once" (py/repeated-import) at path /home/runner/work/_temp/codeql_databases/python/results/codeql/python-queries/Imports/MultipleImports.bqrs.
codeql / Analyze (python)	UNKNOWN STEP	2026-09-26T11:38:33.5194960Z Interpreted problem query "'import *' may pollute namespace" (py/polluting-import) at path /home/runner/work/_temp/codeql_databases/python/results/codeql/python-queries/Imports/UnintentionalImport.bqrs.
codeql / Analyze (python)	UNKNOWN STEP	2026-09-26T11:38:33.5197908Z Interpreted problem query "Importing value of mutable attribute" (py/import-of-mutable-attribute) at path /home/runner/work/_temp/codeql_databases/python/results/codeql/python-queries/Imports/FromImportOfMutableAttribute.bqrs.
codeql / Analyze (python)	UNKNOWN STEP	2026-09-26T11:38:33.5200596Z Interpreted problem query "Unused import" (py/unused-import) at path /home/runner/work/_temp/codeql_databases/python/results/codeql/python-queries/Imports/UnusedImport.bqrs.
codeql / Analyze (python)	UNKNOWN STEP	2026-09-26T11:38:33.5203125Z Interpreted problem query "Encoding error" (py/encoding-error) at path /home/runner/work/_temp/codeql_databases/python/results/codeql/python-queries/Imports/EncodingError.bqrs.
codeql / Analyze (python)	UNKNOWN STEP	2026-09-26T11:38:33.5206085Z Interpreted problem query "Multiple calls to `__init__` during object initialization" (py/multiple-calls-to-init) at path /home/runner/work/_temp/codeql_databases/python/results/codeql/python-queries/Classes/CallsToInitDel/SuperclassInitCalledMultipleTimes.bqrs.
codeql / Analyze (python)	UNKNOWN STEP	2026-09-26T11:38:33.5209539Z Interpreted problem query "Missing call to superclass `__del__` during object destruction" (py/missing-call-to-delete) at path /home/runner/work/_temp/codeql_databases/python/results/codeql/python-queries/Classes/CallsToInitDel/MissingCallToDel.bqrs.
codeql / Analyze (python)	UNKNOWN STEP	2026-09-26T11:38:33.5213027Z Interpreted problem query "Missing call to superclass `__init__` during object initialization" (py/missing-call-to-init) at path /home/runner/work/_temp/codeql_databases/python/results/codeql/python-queries/Classes/CallsToInitDel/MissingCallToInit.bqrs.
codeql / Analyze (python)	UNKNOWN STEP	2026-09-26T11:38:33.5216467Z Interpreted problem query "Multiple calls to `__del__` during object destruction" (py/multiple-calls-to-delete) at path /home/runner/work/_temp/codeql_databases/python/results/codeql/python-queries/Classes/CallsToInitDel/SuperclassDelCalledMultipleTimes.bqrs.
codeql / Analyze (python)	UNKNOWN STEP	2026-09-26T11:38:33.5219993Z Interpreted problem query "Wrong number of arguments in a class instantiation" (py/call/wrong-number-class-arguments) at path /home/runner/work/_temp/codeql_databases/python/results/codeql/python-queries/Classes/WrongNumberArgumentsInClassInstantiation.bqrs.
codeql / Analyze (python)	UNKNOWN STEP	2026-09-26T11:38:33.5229070Z Interpreted problem query "`__eq__` not overridden when adding attributes" (py/missing-equals) at path /home/runner/work/_temp/codeql_databases/python/results/codeql/python-queries/Classes/DefineEqualsWhenAddingAttributes.bqrs.
codeql / Analyze (python)	UNKNOWN STEP	2026-09-26T11:38:33.5235140Z Interpreted problem query "Superclass attribute shadows subclass method" (py/attribute-shadows-method) at path /home/runner/work/_temp/codeql_databases/python/results/codeql/python-queries/Classes/SubclassShadowing/SubclassShadowing.bqrs.
codeql / Analyze (python)	UNKNOWN STEP	2026-09-26T11:38:33.5268288Z Interpreted problem query "Overwriting attribute in super-class or sub-class" (py/overwritten-inherited-attribute) at path /home/runner/work/_temp/codeql_databases/python/results/codeql/python-queries/Classes/OverwritingAttributeInSuperClass.bqrs.
codeql / Analyze (python)	UNKNOWN STEP	2026-09-26T11:38:33.5271529Z Interpreted problem query "Mutation of descriptor in `__get__` or `__set__` method" (py/mutable-descriptor) at path /home/runner/work/_temp/codeql_databases/python/results/codeql/python-queries/Classes/MutatingDescriptor.bqrs.
codeql / Analyze (python)	UNKNOWN STEP	2026-09-26T11:38:33.5275268Z Interpreted problem query "`__init__` method calls overridden method" (py/init-calls-subclass) at path /home/runner/work/_temp/codeql_databases/python/results/codeql/python-queries/Classes/InitCallsSubclass/InitCallsSubclassMethod.bqrs.
codeql / Analyze (python)	UNKNOWN STEP	2026-09-26T11:38:33.5278268Z Interpreted problem query "Inconsistent method resolution order" (py/inconsistent-mro) at path /home/runner/work/_temp/codeql_databases/python/results/codeql/python-queries/Classes/InconsistentMRO.bqrs.
codeql / Analyze (python)	UNKNOWN STEP	2026-09-26T11:38:33.5281002Z Interpreted problem query "Property in old-style class" (py/property-in-old-style-class) at path /home/runner/work/_temp/codeql_databases/python/results/codeql/python-queries/Classes/PropertyInOldStyleClass.bqrs.
codeql / Analyze (python)	UNKNOWN STEP	2026-09-26T11:38:33.5283860Z Interpreted problem query "'super' in old style class" (py/super-in-old-style) at path /home/runner/work/_temp/codeql_databases/python/results/codeql/python-queries/Classes/SuperInOldStyleClass.bqrs.
codeql / Analyze (python)	UNKNOWN STEP	2026-09-26T11:38:33.5286657Z Interpreted problem query "Inconsistent equality and inequality" (py/inconsistent-equality) at path /home/runner/work/_temp/codeql_databases/python/results/codeql/python-queries/Classes/Comparisons/EqualsOrNotEquals.bqrs.
codeql / Analyze (python)	UNKNOWN STEP	2026-09-26T11:38:33.5289542Z Interpreted problem query "Inconsistent equality and hashing" (py/equals-hash-mismatch) at path /home/runner/work/_temp/codeql_databases/python/results/codeql/python-queries/Classes/Comparisons/EqualsOrHash.bqrs.
codeql / Analyze (python)	UNKNOWN STEP	2026-09-26T11:38:33.5292303Z Interpreted problem query "Incomplete ordering" (py/incomplete-ordering) at path /home/runner/work/_temp/codeql_databases/python/results/codeql/python-queries/Classes/Comparisons/IncompleteOrdering.bqrs.
codeql / Analyze (python)	UNKNOWN STEP	2026-09-26T11:38:33.5295232Z Interpreted problem query "`__slots__` in old-style class" (py/slots-in-old-style-class) at path /home/runner/work/_temp/codeql_databases/python/results/codeql/python-queries/Classes/SlotsInOldStyleClass.bqrs.
codeql / Analyze (python)	UNKNOWN STEP	2026-09-26T11:38:33.5299239Z Interpreted problem query "Conflicting attributes in base classes" (py/conflicting-attributes) at path /home/runner/work/_temp/codeql_databases/python/results/codeql/python-queries/Classes/ConflictingAttributesInBaseClasses.bqrs.
codeql / Analyze (python)	UNKNOWN STEP	2026-09-26T11:38:33.5302461Z Interpreted problem query "Wrong name for an argument in a class instantiation" (py/call/wrong-named-class-argument) at path /home/runner/work/_temp/codeql_databases/python/results/codeql/python-queries/Classes/WrongNameForArgumentInClassInstantiation.bqrs.
codeql / Analyze (python)	UNKNOWN STEP	2026-09-26T11:38:33.5314599Z Interpreted problem query "Formatted object is not a mapping" (py/percent-format/not-mapping) at path /home/runner/work/_temp/codeql_databases/python/results/codeql/python-queries/Expressions/ExpectedMappingForFormatString.bqrs.
codeql / Analyze (python)	UNKNOWN STEP	2026-09-26T11:38:33.5317475Z Interpreted problem query "Unhashable object hashed" (py/hash-unhashable-value) at path /home/runner/work/_temp/codeql_databases/python/results/codeql/python-queries/Expressions/HashedButNoHash.bqrs.
codeql / Analyze (python)	UNKNOWN STEP	2026-09-26T11:38:33.5320258Z Interpreted problem query "'apply' function used" (py/use-of-apply) at path /home/runner/work/_temp/codeql_databases/python/results/codeql/python-queries/Expressions/UseofApply.bqrs.
codeql / Analyze (python)	UNKNOWN STEP	2026-09-26T11:38:33.5322899Z Interpreted problem query "Testing equality to None" (py/test-equals-none) at path /home/runner/work/_temp/codeql_databases/python/results/codeql/python-queries/Expressions/EqualsNone.bqrs.
codeql / Analyze (python)	UNKNOWN STEP	2026-09-26T11:38:33.5329984Z Interpreted problem query "Implicit string concatenation in a list" (py/implicit-string-concatenation-in-list) at path /home/runner/work/_temp/codeql_databases/python/results/codeql/python-queries/Expressions/UnintentionalImplicitStringConcatenation.bqrs.
codeql / Analyze (python)	UNKNOWN STEP	2026-09-26T11:38:33.5333515Z Interpreted problem query "Wrong name for an argument in a call" (py/call/wrong-named-argument) at path /home/runner/work/_temp/codeql_databases/python/results/codeql/python-queries/Expressions/WrongNameForArgumentInCall.bqrs.
codeql / Analyze (python)	UNKNOWN STEP	2026-09-26T11:38:33.5336468Z Interpreted problem query "Wrong number of arguments in a call" (py/call/wrong-arguments) at path /home/runner/work/_temp/codeql_databases/python/results/codeql/python-queries/Expressions/WrongNumberArgumentsInCall.bqrs.
codeql / Analyze (python)	UNKNOWN STEP	2026-09-26T11:38:33.5340981Z Interpreted problem query "Membership test with a non-container" (py/member-test-non-container) at path /home/runner/work/_temp/codeql_databases/python/results/codeql/python-queries/Expressions/ContainsNonContainer.bqrs.
codeql / Analyze (python)	UNKNOWN STEP	2026-09-26T11:38:33.5377820Z Interpreted problem query "Result of integer division may be truncated" (py/truncated-division) at path /home/runner/work/_temp/codeql_databases/python/results/codeql/python-queries/Expressions/TruncatedDivision.bqrs.
codeql / Analyze (python)	UNKNOWN STEP	2026-09-26T11:38:33.5380948Z Interpreted problem query "Wrong number of arguments for format" (py/percent-format/wrong-arguments) at path /home/runner/work/_temp/codeql_databases/python/results/codeql/python-queries/Expressions/WrongNumberArgumentsForFormat.bqrs.
codeql / Analyze (python)	UNKNOWN STEP	2026-09-26T11:38:33.5384456Z Interpreted problem query "Unused argument in a formatting call" (py/str-format/surplus-argument) at path /home/runner/work/_temp/codeql_databases/python/results/codeql/python-queries/Expressions/Formatting/UnusedArgumentIn3101Format.bqrs.
codeql / Analyze (python)	UNKNOWN STEP	2026-09-26T11:38:33.5387834Z Interpreted problem query "Formatting string mixes implicitly and explicitly numbered fields" (py/str-format/mixed-fields) at path /home/runner/work/_temp/codeql_databases/python/results/codeql/python-queries/Expressions/Formatting/MixedExplicitImplicitIn3101Format.bqrs.
codeql / Analyze (python)	UNKNOWN STEP	2026-09-26T11:38:33.5391243Z Interpreted problem query "Too few arguments in formatting call" (py/str-format/missing-argument) at path /home/runner/work/_temp/codeql_databases/python/results/codeql/python-queries/Expressions/Formatting/WrongNumberArgumentsFor3101Format.bqrs.
codeql / Analyze (python)	UNKNOWN STEP	2026-09-26T11:38:33.5394789Z Interpreted problem query "Unused named argument in formatting call" (py/str-format/surplus-named-argument) at path /home/runner/work/_temp/codeql_databases/python/results/codeql/python-queries/Expressions/Formatting/UnusedNamedArgumentIn3101Format.bqrs.
codeql / Analyze (python)	UNKNOWN STEP	2026-09-26T11:38:33.5398241Z Interpreted problem query "Missing named arguments in formatting call" (py/str-format/missing-named-argument) at path /home/runner/work/_temp/codeql_databases/python/results/codeql/python-queries/Expressions/Formatting/WrongNameInArgumentsFor3101Format.bqrs.
codeql / Analyze (python)	UNKNOWN STEP	2026-09-26T11:38:33.5401476Z Interpreted problem query "Comparison using is when operands support `__eq__`" (py/comparison-using-is) at path /home/runner/work/_temp/codeql_databases/python/results/codeql/python-queries/Expressions/IncorrectComparisonUsingIs.bqrs.
codeql / Analyze (python)	UNKNOWN STEP	2026-09-26T11:38:33.5404761Z Interpreted problem query "Maybe missing 'self' in comparison" (py/comparison-missing-self) at path /home/runner/work/_temp/codeql_databases/python/results/codeql/python-queries/Expressions/CompareIdenticalValuesMissingSelf.bqrs.
codeql / Analyze (python)	UNKNOWN STEP	2026-09-26T11:38:33.5407748Z Interpreted problem query "Redundant comparison" (py/redundant-comparison) at path /home/runner/work/_temp/codeql_databases/python/results/codeql/python-queries/Expressions/Comparisons/UselessComparisonTest.bqrs.
codeql / Analyze (python)	UNKNOWN STEP	2026-09-26T11:38:33.5410944Z Interpreted problem query "First argument to super() is not enclosing class" (py/super-not-enclosing-class) at path /home/runner/work/_temp/codeql_databases/python/results/codeql/python-queries/Expressions/CallToSuperWrongClass.bqrs.
codeql / Analyze (python)	UNKNOWN STEP	2026-09-26T11:38:33.5414189Z Interpreted problem query "Comparison of constants" (py/comparison-of-constants) at path /home/runner/work/_temp/codeql_databases/python/results/codeql/python-queries/Expressions/CompareConstants.bqrs.
codeql / Analyze (python)	UNKNOWN STEP	2026-09-26T11:38:33.5417104Z Interpreted problem query "Unsupported format character" (py/percent-format/unsupported-character) at path /home/runner/work/_temp/codeql_databases/python/results/codeql/python-queries/Expressions/UnsupportedFormatCharacter.bqrs.
codeql / Analyze (python)	UNKNOWN STEP	2026-09-26T11:38:33.5420227Z Interpreted problem query "Comparison of identical values" (py/comparison-of-identical-expressions) at path /home/runner/work/_temp/codeql_databases/python/results/codeql/python-queries/Expressions/CompareIdenticalValues.bqrs.
codeql / Analyze (python)	UNKNOWN STEP	2026-09-26T11:38:33.5423806Z Interpreted problem query "Unmatchable dollar in regular expression" (py/regex/unmatchable-dollar) at path /home/runner/work/_temp/codeql_databases/python/results/codeql/python-queries/Expressions/Regex/UnmatchableDollar.bqrs.
codeql / Analyze (python)	UNKNOWN STEP	2026-09-26T11:38:33.5426819Z Interpreted problem query "Backspace escape in regular expression" (py/regex/backspace-escape) at path /home/runner/work/_temp/codeql_databases/python/results/codeql/python-queries/Expressions/Regex/BackspaceEscape.bqrs.
codeql / Analyze (python)	UNKNOWN STEP	2026-09-26T11:38:33.5429715Z Interpreted problem query "Unmatchable caret in regular expression" (py/regex/unmatchable-caret) at path /home/runner/work/_temp/codeql_databases/python/results/codeql/python-queries/Expressions/Regex/UnmatchableCaret.bqrs.
codeql / Analyze (python)	UNKNOWN STEP	2026-09-26T11:38:33.5435186Z Interpreted problem query "Missing part of special group in regular expression" (py/regex/incomplete-special-group) at path /home/runner/work/_temp/codeql_databases/python/results/codeql/python-queries/Expressions/Regex/MissingPartSpecialGroup.bqrs.
codeql / Analyze (python)	UNKNOWN STEP	2026-09-26T11:38:33.5440040Z Interpreted problem query "Duplication in regular expression character class" (py/regex/duplicate-in-character-class) at path /home/runner/work/_temp/codeql_databases/python/results/codeql/python-queries/Expressions/Regex/DuplicateCharacterInSet.bqrs.
codeql / Analyze (python)	UNKNOWN STEP	2026-09-26T11:38:33.5446678Z Interpreted problem query "Unnecessary lambda" (py/unnecessary-lambda) at path /home/runner/work/_temp/codeql_databases/python/results/codeql/python-queries/Expressions/UnnecessaryLambda.bqrs.
codeql / Analyze (python)	UNKNOWN STEP	2026-09-26T11:38:33.5484016Z Interpreted problem query "Duplicate key in dict literal" (py/duplicate-key-dict-literal) at path /home/runner/work/_temp/codeql_databases/python/results/codeql/python-queries/Expressions/DuplicateKeyInDictionaryLiteral.bqrs.
codeql / Analyze (python)	UNKNOWN STEP	2026-09-26T11:38:33.5504648Z Interpreted problem query "`__del__` is called explicitly" (py/explicit-call-to-delete) at path /home/runner/work/_temp/codeql_databases/python/results/codeql/python-queries/Expressions/ExplicitCallToDel.bqrs.
codeql / Analyze (python)	UNKNOWN STEP	2026-09-26T11:38:33.5511751Z Interpreted problem query "Non-callable called" (py/call-to-non-callable) at path /home/runner/work/_temp/codeql_databases/python/results/codeql/python-queries/Expressions/NonCallableCalled.bqrs.
codeql / Analyze (python)	UNKNOWN STEP	2026-09-26T11:38:33.5515315Z Interpreted problem query "Mismatch between signature and use of an overriding method" (py/inheritance/incorrect-overriding-signature) at path /home/runner/work/_temp/codeql_databases/python/results/codeql/python-queries/Functions/IncorrectlyOverriddenMethod.bqrs.
codeql / Analyze (python)	UNKNOWN STEP	2026-09-26T11:38:33.5518769Z Interpreted problem query "Iterator does not return self from `__iter__` method" (py/iter-returns-non-self) at path /home/runner/work/_temp/codeql_databases/python/results/codeql/python-queries/Functions/IterReturnsNonSelf.bqrs.
codeql / Analyze (python)	UNKNOWN STEP	2026-09-26T11:38:33.5522152Z Interpreted problem query "Mismatch between signature and use of an overridden method" (py/inheritance/incorrect-overridden-signature) at path /home/runner/work/_temp/codeql_databases/python/results/codeql/python-queries/Functions/IncorrectlySpecifiedOverriddenMethod.bqrs.
codeql / Analyze (python)	UNKNOWN STEP	2026-09-26T11:38:33.5526282Z Interpreted problem query "Deprecated slice method" (py/deprecated-slice-method) at path /home/runner/work/_temp/codeql_databases/python/results/codeql/python-queries/Functions/DeprecatedSliceMethod.bqrs.
codeql / Analyze (python)	UNKNOWN STEP	2026-09-26T11:38:33.5529128Z Interpreted problem query "`__init__` method is a generator" (py/init-method-is-generator) at path /home/runner/work/_temp/codeql_databases/python/results/codeql/python-queries/Functions/InitIsGenerator.bqrs.
codeql / Analyze (python)	UNKNOWN STEP	2026-09-26T11:38:33.5531817Z Interpreted problem query "First parameter of a method is not named 'self'" (py/not-named-self) at path /home/runner/work/_temp/codeql_databases/python/results/codeql/python-queries/Functions/NonSelf.bqrs.
codeql / Analyze (python)	UNKNOWN STEP	2026-09-26T11:38:33.5534971Z Interpreted problem query "`__iter__` method returns a non-iterator" (py/iter-returns-non-iterator) at path /home/runner/work/_temp/codeql_databases/python/results/codeql/python-queries/Functions/IterReturnsNonIterator.bqrs.
codeql / Analyze (python)	UNKNOWN STEP	2026-09-26T11:38:33.5538261Z Interpreted problem query "Non-standard exception raised in special method" (py/unexpected-raise-in-special-method) at path /home/runner/work/_temp/codeql_databases/python/results/codeql/python-queries/Functions/IncorrectRaiseInSpecialMethod.bqrs.
codeql / Analyze (python)	UNKNOWN STEP	2026-09-26T11:38:33.5541785Z Interpreted problem query "Use of the return value of a procedure" (py/procedure-return-value-used) at path /home/runner/work/_temp/codeql_databases/python/results/codeql/python-queries/Functions/UseImplicitNoneReturnValue.bqrs.
codeql / Analyze (python)	UNKNOWN STEP	2026-09-26T11:38:33.5545057Z Interpreted problem query "Overly complex `__del__` method" (py/overly-complex-delete) at path /home/runner/work/_temp/codeql_databases/python/results/codeql/python-queries/Functions/OverlyComplexDelMethod.bqrs.
codeql / Analyze (python)	UNKNOWN STEP	2026-09-26T11:38:33.5548157Z Interpreted pathproblem query "Modification of parameter with default" (py/modification-of-default-value) at path /home/runner/work/_temp/codeql_databases/python/results/codeql/python-queries/Functions/ModificationOfParameterWithDefault.bqrs.
codeql / Analyze (python)	UNKNOWN STEP	2026-09-26T11:38:33.5551457Z Interpreted problem query "Signature mismatch in overriding method" (py/inheritance/signature-mismatch) at path /home/runner/work/_temp/codeql_databases/python/results/codeql/python-queries/Functions/SignatureOverriddenMethod.bqrs.
codeql / Analyze (python)	UNKNOWN STEP	2026-09-26T11:38:33.5554846Z Interpreted problem query "`__init__` method returns a value" (py/explicit-return-in-init) at path /home/runner/work/_temp/codeql_databases/python/results/codeql/python-queries/Functions/ExplicitReturnInInit.bqrs.
codeql / Analyze (python)	UNKNOWN STEP	2026-09-26T11:38:33.5557929Z Interpreted problem query "Special method has incorrect signature" (py/special-method-wrong-signature) at path /home/runner/work/_temp/codeql_databases/python/results/codeql/python-queries/Functions/SignatureSpecialMethods.bqrs.
codeql / Analyze (python)	UNKNOWN STEP	2026-09-26T11:38:33.5561134Z Interpreted problem query "Returning tuples with varying lengths" (py/mixed-tuple-returns) at path /home/runner/work/_temp/codeql_databases/python/results/codeql/python-queries/Functions/ReturnConsistentTupleSizes.bqrs.
codeql / Analyze (python)	UNKNOWN STEP	2026-09-26T11:38:33.5564552Z Interpreted problem query "Explicit returns mixed with implicit (fall through) returns" (py/mixed-returns) at path /home/runner/work/_temp/codeql_databases/python/results/codeql/python-queries/Functions/ConsistentReturns.bqrs.
codeql / Analyze (python)	UNKNOWN STEP	2026-09-26T11:38:33.5567493Z Interpreted problem query "First parameter of a class method is not named 'cls'" (py/not-named-cls) at path /home/runner/work/_temp/codeql_databases/python/results/codeql/python-queries/Functions/NonCls.bqrs.
codeql / Analyze (python)	UNKNOWN STEP	2026-09-26T11:38:33.5570349Z Interpreted problem query "An assert statement has a side-effect" (py/side-effect-in-assert) at path /home/runner/work/_temp/codeql_databases/python/results/codeql/python-queries/Statements/SideEffectInAssert.bqrs.
codeql / Analyze (python)	UNKNOWN STEP	2026-09-26T11:38:33.5573597Z Interpreted problem query "Use of a print statement at module level" (py/print-during-import) at path /home/runner/work/_temp/codeql_databases/python/results/codeql/python-queries/Statements/TopLevelPrint.bqrs.
codeql / Analyze (python)	UNKNOWN STEP	2026-09-26T11:38:33.5576853Z Interpreted problem query "Non-iterable used in for loop" (py/non-iterable-in-for-loop) at path /home/runner/work/_temp/codeql_databases/python/results/codeql/python-queries/Statements/NonIteratorInForLoop.bqrs.
codeql / Analyze (python)	UNKNOWN STEP	2026-09-26T11:38:33.5579645Z Interpreted problem query "Asserting a tuple" (py/asserts-tuple) at path /home/runner/work/_temp/codeql_databases/python/results/codeql/python-queries/Statements/AssertOnTuple.bqrs.
codeql / Analyze (python)	UNKNOWN STEP	2026-09-26T11:38:33.5582286Z Interpreted problem query "Statement has no effect" (py/ineffectual-statement) at path /home/runner/work/_temp/codeql_databases/python/results/codeql/python-queries/Statements/StatementNoEffect.bqrs.
codeql / Analyze (python)	UNKNOWN STEP	2026-09-26T11:38:33.5585812Z Interpreted problem query "Nested loops with same variable reused after inner loop body" (py/nested-loops-with-same-variable-reused) at path /home/runner/work/_temp/codeql_databases/python/results/codeql/python-queries/Statements/NestedLoopsSameVariableWithReuse.bqrs.
codeql / Analyze (python)	UNKNOWN STEP	2026-09-26T11:38:33.5588898Z Interpreted problem query "Use of exit() or quit()" (py/use-of-exit-or-quit) at path /home/runner/work/_temp/codeql_databases/python/results/codeql/python-queries/Statements/UseOfExit.bqrs.
codeql / Analyze (python)	UNKNOWN STEP	2026-09-26T11:38:33.5591840Z Interpreted problem query "'break' or 'return' statement in finally" (py/exit-from-finally) at path /home/runner/work/_temp/codeql_databases/python/results/codeql/python-queries/Statements/BreakOrReturnInFinally.bqrs.
codeql / Analyze (python)	UNKNOWN STEP	2026-09-26T11:38:33.5595077Z Interpreted problem query "Iterable can be either a string or a sequence" (py/iteration-string-and-sequence) at path /home/runner/work/_temp/codeql_databases/python/results/codeql/python-queries/Statements/IterableStringOrSequence.bqrs.
codeql / Analyze (python)	UNKNOWN STEP	2026-09-26T11:38:33.5598266Z Interpreted problem query "Use of 'return' or 'yield' outside a function" (py/return-or-yield-outside-function) at path /home/runner/work/_temp/codeql_databases/python/results/codeql/python-queries/Statements/ReturnOrYieldOutsideFunction.bqrs.
codeql / Analyze (python)	UNKNOWN STEP	2026-09-26T11:38:33.5601162Z Interpreted problem query "Unreachable code" (py/unreachable-statement) at path /home/runner/work/_temp/codeql_databases/python/results/codeql/python-queries/Statements/UnreachableCode.bqrs.
codeql / Analyze (python)	UNKNOWN STEP	2026-09-26T11:38:33.5604271Z Interpreted problem query "Nested loops with same variable" (py/nested-loops-with-same-variable) at path /home/runner/work/_temp/codeql_databases/python/results/codeql/python-queries/Statements/NestedLoopsSameVariable.bqrs.
codeql / Analyze (python)	UNKNOWN STEP	2026-09-26T11:38:33.5607371Z Interpreted problem query "Unnecessary delete statement in function" (py/unnecessary-delete) at path /home/runner/work/_temp/codeql_databases/python/results/codeql/python-queries/Statements/UnnecessaryDelete.bqrs.
codeql / Analyze (python)	UNKNOWN STEP	2026-09-26T11:38:33.5610280Z Interpreted problem query "Unnecessary 'else' clause in loop" (py/redundant-else) at path /home/runner/work/_temp/codeql_databases/python/results/codeql/python-queries/Statements/UnnecessaryElseClause.bqrs.
codeql / Analyze (python)	UNKNOWN STEP	2026-09-26T11:38:33.5613510Z Interpreted problem query "Modification of dictionary returned by locals()" (py/modification-of-locals) at path /home/runner/work/_temp/codeql_databases/python/results/codeql/python-queries/Statements/ModificationOfLocals.bqrs.
codeql / Analyze (python)	UNKNOWN STEP	2026-09-26T11:38:33.5616750Z Interpreted problem query "Mismatch in multiple assignment" (py/mismatched-multiple-assignment) at path /home/runner/work/_temp/codeql_databases/python/results/codeql/python-queries/Statements/MismatchInMultipleAssignment.bqrs.
codeql / Analyze (python)	UNKNOWN STEP	2026-09-26T11:38:33.5619729Z Interpreted problem query "Redundant assignment" (py/redundant-assignment) at path /home/runner/work/_temp/codeql_databases/python/results/codeql/python-queries/Statements/RedundantAssignment.bqrs.
codeql / Analyze (python)	UNKNOWN STEP	2026-09-26T11:38:33.5622230Z Interpreted problem query "Unnecessary pass" (py/unnecessary-pass) at path /home/runner/work/_temp/codeql_databases/python/results/codeql/python-queries/Statements/UnnecessaryPass.bqrs.
codeql / Analyze (python)	UNKNOWN STEP	2026-09-26T11:38:33.5625149Z Interpreted problem query "Unused exception object" (py/unused-exception-object) at path /home/runner/work/_temp/codeql_databases/python/results/codeql/python-queries/Statements/UnusedExceptionObject.bqrs.
codeql / Analyze (python)	UNKNOWN STEP	2026-09-26T11:38:33.5628067Z Interpreted problem query "Should use a 'with' statement" (py/should-use-with) at path /home/runner/work/_temp/codeql_databases/python/results/codeql/python-queries/Statements/ShouldUseWithStatement.bqrs.
codeql / Analyze (python)	UNKNOWN STEP	2026-09-26T11:38:33.5630986Z Interpreted problem query "Constant in conditional expression or statement" (py/constant-conditional-expression) at path /home/runner/work/_temp/codeql_databases/python/results/codeql/python-queries/Statements/ConstantInConditional.bqrs.
codeql / Analyze (python)	UNKNOWN STEP	2026-09-26T11:38:33.5633912Z Interpreted problem query "Imprecise assert" (py/imprecise-assert) at path /home/runner/work/_temp/codeql_databases/python/results/codeql/python-queries/Testing/ImpreciseAssert.bqrs.
codeql / Analyze (python)	UNKNOWN STEP	2026-09-26T11:38:33.5636393Z Interpreted problem query "Pythagorean calculation with sub-optimal numerics" (py/pythagorean) at path /home/runner/work/_temp/codeql_databases/python/results/codeql/python-queries/Numerics/Pythagorean.bqrs.
codeql / Analyze (python)	UNKNOWN STEP	2026-09-26T11:38:33.5638850Z Interpreted problem query "Raising a tuple" (py/raises-tuple) at path /home/runner/work/_temp/codeql_databases/python/results/codeql/python-queries/Exceptions/RaisingTuple.bqrs.
codeql / Analyze (python)	UNKNOWN STEP	2026-09-26T11:38:33.5641607Z Interpreted problem query "Non-exception in 'except' clause" (py/useless-except) at path /home/runner/work/_temp/codeql_databases/python/results/codeql/python-queries/Exceptions/IllegalExceptionHandlerType.bqrs.
codeql / Analyze (python)	UNKNOWN STEP	2026-09-26T11:38:33.5644315Z Interpreted problem query "Illegal raise" (py/illegal-raise) at path /home/runner/work/_temp/codeql_databases/python/results/codeql/python-queries/Exceptions/IllegalRaise.bqrs.
codeql / Analyze (python)	UNKNOWN STEP	2026-09-26T11:38:33.5647022Z Interpreted problem query "Unguarded next in generator" (py/unguarded-next-in-generator) at path /home/runner/work/_temp/codeql_databases/python/results/codeql/python-queries/Exceptions/UnguardedNextInGenerator.bqrs.
codeql / Analyze (python)	UNKNOWN STEP	2026-09-26T11:38:33.5649815Z Interpreted problem query "Unreachable `except` block" (py/unreachable-except) at path /home/runner/work/_temp/codeql_databases/python/results/codeql/python-queries/Exceptions/IncorrectExceptOrder.bqrs.
codeql / Analyze (python)	UNKNOWN STEP	2026-09-26T11:38:33.5652869Z Interpreted problem query "Except block handles 'BaseException'" (py/catch-base-exception) at path /home/runner/work/_temp/codeql_databases/python/results/codeql/python-queries/Exceptions/CatchingBaseException.bqrs.
codeql / Analyze (python)	UNKNOWN STEP	2026-09-26T11:38:33.5655508Z Interpreted problem query "Empty except" (py/empty-except) at path /home/runner/work/_temp/codeql_databases/python/results/codeql/python-queries/Exceptions/EmptyExcept.bqrs.
codeql / Analyze (python)	UNKNOWN STEP	2026-09-26T11:38:33.5658114Z Interpreted problem query "Raising `NotImplemented`" (py/raise-not-implemented) at path /home/runner/work/_temp/codeql_databases/python/results/codeql/python-queries/Exceptions/NotImplementedIsNotAnException.bqrs.
codeql / Analyze (python)	UNKNOWN STEP	2026-09-26T11:38:33.5660831Z Interpreted problem query "File is not always closed" (py/file-not-closed) at path /home/runner/work/_temp/codeql_databases/python/results/codeql/python-queries/Resources/FileNotAlwaysClosed.bqrs.
codeql / Analyze (python)	UNKNOWN STEP	2026-09-26T11:38:33.5662945Z Reading source archive /home/runner/work/_temp/codeql_databases/python/src.zip
codeql / Analyze (python)	UNKNOWN STEP	2026-09-26T11:38:33.6333709Z Interpreting diagnostic messages...
codeql / Analyze (python)	UNKNOWN STEP	2026-09-26T11:38:33.6793819Z Found 7 raw diagnostic messages.
codeql / Analyze (python)	UNKNOWN STEP	2026-09-26T11:38:33.6887692Z Processed diagnostic messages (removed 0 due to limits, created 0 summary diagnostics for status page).
codeql / Analyze (python)	UNKNOWN STEP	2026-09-26T11:38:33.6908420Z Interpreted diagnostic messages (56ms).
codeql / Analyze (python)	UNKNOWN STEP	2026-09-26T11:38:33.8492135Z Exporting results to SARIF...
codeql / Analyze (python)	UNKNOWN STEP	2026-09-26T11:38:34.0757487Z Exported results to SARIF (226ms).
codeql / Analyze (python)	UNKNOWN STEP	2026-09-26T11:38:34.0968154Z ##[endgroup]
codeql / Analyze (python)	UNKNOWN STEP	2026-09-26T11:38:34.0969093Z To speed up pull request analysis, file coverage information is only enabled when analyzing the default branch and protected branches.
codeql / Analyze (python)	UNKNOWN STEP	2026-09-26T11:38:34.0980094Z Post-processing sarif files: ["/home/runner/work/deepseek-review-probe/results/python.sarif"]
codeql / Analyze (python)	UNKNOWN STEP	2026-09-26T11:38:34.1031980Z Adding fingerprints to SARIF file. See https://docs.github.com/en/code-security/reference/code-scanning/sarif-support-for-code-scanning#data-for-preventing-duplicated-alerts for more information.
codeql / Analyze (python)	UNKNOWN STEP	2026-09-26T11:38:34.1034714Z ##[group]Uploading code scanning results
codeql / Analyze (python)	UNKNOWN STEP	2026-09-26T11:38:34.1376589Z Uploading results
codeql / Analyze (python)	UNKNOWN STEP	2026-09-26T11:38:34.6450990Z Successfully uploaded results
codeql / Analyze (python)	UNKNOWN STEP	2026-09-26T11:38:34.6451780Z ##[endgroup]
codeql / Analyze (python)	UNKNOWN STEP	2026-09-26T11:38:34.6579055Z ##[group]Waiting for processing to finish
codeql / Analyze (python)	UNKNOWN STEP	2026-09-26T11:38:39.8303509Z Analysis upload status is complete.
codeql / Analyze (python)	UNKNOWN STEP	2026-09-26T11:38:39.8306830Z ##[endgroup]
codeql / Analyze (python)	UNKNOWN STEP	2026-09-26T11:38:40.0929379Z Post job cleanup.
codeql / Analyze (python)	UNKNOWN STEP	2026-09-26T11:38:40.3739536Z Post job cleanup.
codeql / Analyze (python)	UNKNOWN STEP	2026-09-26T11:38:40.6488625Z CodeQL job status was success.
codeql / Analyze (python)	UNKNOWN STEP	2026-09-26T11:38:40.6556317Z Sending status report for init-post step.
codeql / Analyze (python)	UNKNOWN STEP	2026-09-26T11:38:41.0160886Z Status report sent for init-post step.
codeql / Analyze (python)	UNKNOWN STEP	2026-09-26T11:38:41.0657762Z Post job cleanup.
codeql / Analyze (python)	UNKNOWN STEP	2026-09-26T11:38:41.1564119Z [command]/usr/bin/git version
codeql / Analyze (python)	UNKNOWN STEP	2026-09-26T11:38:41.1611556Z git version 2.55.0
codeql / Analyze (python)	UNKNOWN STEP	2026-09-26T11:38:41.1653918Z Temporarily overriding HOME='/home/runner/work/_temp/a84640fa-cfb5-46a7-9e64-833a326aab43' before making global git config changes
codeql / Analyze (python)	UNKNOWN STEP	2026-09-26T11:38:41.1655232Z Adding repository directory to the temporary git global config as a safe directory
codeql / Analyze (python)	UNKNOWN STEP	2026-09-26T11:38:41.1660553Z [command]/usr/bin/git config --global --add safe.directory /home/runner/work/deepseek-review-probe/deepseek-review-probe/.kit
codeql / Analyze (python)	UNKNOWN STEP	2026-09-26T11:38:41.1695251Z Removing SSH command configuration
codeql / Analyze (python)	UNKNOWN STEP	2026-09-26T11:38:41.1701623Z [command]/usr/bin/git config --local --name-only --get-regexp core\.sshCommand
codeql / Analyze (python)	UNKNOWN STEP	2026-09-26T11:38:41.1739103Z [command]/usr/bin/git submodule foreach --recursive sh -c "git config --local --name-only --get-regexp 'core\.sshCommand' && git config --local --unset-all 'core.sshCommand' || :"
codeql / Analyze (python)	UNKNOWN STEP	2026-09-26T11:38:41.1983083Z Removing HTTP extra header
codeql / Analyze (python)	UNKNOWN STEP	2026-09-26T11:38:41.1989765Z [command]/usr/bin/git config --local --name-only --get-regexp http\.https\:\/\/github\.com\/\.extraheader
codeql / Analyze (python)	UNKNOWN STEP	2026-09-26T11:38:41.2030136Z [command]/usr/bin/git submodule foreach --recursive sh -c "git config --local --name-only --get-regexp 'http\.https\:\/\/github\.com\/\.extraheader' && git config --local --unset-all 'http.https://github.com/.extraheader' || :"
codeql / Analyze (python)	UNKNOWN STEP	2026-09-26T11:38:41.2276312Z Removing includeIf entries pointing to credentials config files
codeql / Analyze (python)	UNKNOWN STEP	2026-09-26T11:38:41.2294146Z [command]/usr/bin/git config --local --name-only --get-regexp ^includeIf\.gitdir:
codeql / Analyze (python)	UNKNOWN STEP	2026-09-26T11:38:41.2326130Z [command]/usr/bin/git submodule foreach --recursive git config --local --show-origin --name-only --get-regexp remote.origin.url
codeql / Analyze (python)	UNKNOWN STEP	2026-09-26T11:38:41.2744418Z Post job cleanup.
codeql / Analyze (python)	UNKNOWN STEP	2026-09-26T11:38:41.3614549Z [command]/usr/bin/git version
codeql / Analyze (python)	UNKNOWN STEP	2026-09-26T11:38:41.3659269Z git version 2.55.0
codeql / Analyze (python)	UNKNOWN STEP	2026-09-26T11:38:41.3697500Z Temporarily overriding HOME='/home/runner/work/_temp/5f48cd64-aa6d-4348-8760-2eec0ed2b7b5' before making global git config changes
codeql / Analyze (python)	UNKNOWN STEP	2026-09-26T11:38:41.3699018Z Adding repository directory to the temporary git global config as a safe directory
codeql / Analyze (python)	UNKNOWN STEP	2026-09-26T11:38:41.3703728Z [command]/usr/bin/git config --global --add safe.directory /home/runner/work/deepseek-review-probe/deepseek-review-probe
codeql / Analyze (python)	UNKNOWN STEP	2026-09-26T11:38:41.3744171Z Removing SSH command configuration
codeql / Analyze (python)	UNKNOWN STEP	2026-09-26T11:38:41.3751908Z [command]/usr/bin/git config --local --name-only --get-regexp core\.sshCommand
codeql / Analyze (python)	UNKNOWN STEP	2026-09-26T11:38:41.3803046Z [command]/usr/bin/git submodule foreach --recursive sh -c "git config --local --name-only --get-regexp 'core\.sshCommand' && git config --local --unset-all 'core.sshCommand' || :"
codeql / Analyze (python)	UNKNOWN STEP	2026-09-26T11:38:41.4096125Z Removing HTTP extra header
codeql / Analyze (python)	UNKNOWN STEP	2026-09-26T11:38:41.4104051Z [command]/usr/bin/git config --local --name-only --get-regexp http\.https\:\/\/github\.com\/\.extraheader
codeql / Analyze (python)	UNKNOWN STEP	2026-09-26T11:38:41.4143244Z [command]/usr/bin/git submodule foreach --recursive sh -c "git config --local --name-only --get-regexp 'http\.https\:\/\/github\.com\/\.extraheader' && git config --local --unset-all 'http.https://github.com/.extraheader' || :"
codeql / Analyze (python)	UNKNOWN STEP	2026-09-26T11:38:41.4408409Z Removing includeIf entries pointing to credentials config files
codeql / Analyze (python)	UNKNOWN STEP	2026-09-26T11:38:41.4415927Z [command]/usr/bin/git config --local --name-only --get-regexp ^includeIf\.gitdir:
codeql / Analyze (python)	UNKNOWN STEP	2026-09-26T11:38:41.4461234Z [command]/usr/bin/git submodule foreach --recursive git config --local --show-origin --name-only --get-regexp remote.origin.url
codeql / Analyze (python)	UNKNOWN STEP	2026-09-26T11:38:41.4882103Z Cleaning up orphan processes
static / reviewdog (diff-only)	UNKNOWN STEP	﻿2026-09-26T11:37:46.3494226Z Current runner version: '2.337.0'
static / reviewdog (diff-only)	UNKNOWN STEP	2026-09-26T11:37:46.3514818Z ##[group]Runner Image Provisioner
static / reviewdog (diff-only)	UNKNOWN STEP	2026-09-26T11:37:46.3515598Z Hosted Compute Agent
static / reviewdog (diff-only)	UNKNOWN STEP	2026-09-26T11:37:46.3516133Z Version: 20260828.587
static / reviewdog (diff-only)	UNKNOWN STEP	2026-09-26T11:37:46.3516661Z Commit: abac92662cab4cc7352de4f9f9d2e2419aad9c29
static / reviewdog (diff-only)	UNKNOWN STEP	2026-09-26T11:37:46.3517268Z Build Date: 2026-08-28T16:44:25Z
static / reviewdog (diff-only)	UNKNOWN STEP	2026-09-26T11:37:46.3517876Z Worker ID: {5dc412d0-d1ae-41b6-9e89-b93b3dd31799}
static / reviewdog (diff-only)	UNKNOWN STEP	2026-09-26T11:37:46.3518494Z Azure Region: centralus
static / reviewdog (diff-only)	UNKNOWN STEP	2026-09-26T11:37:46.3519028Z ##[endgroup]
static / reviewdog (diff-only)	UNKNOWN STEP	2026-09-26T11:37:46.3520465Z ##[group]Operating System
static / reviewdog (diff-only)	UNKNOWN STEP	2026-09-26T11:37:46.3520975Z Ubuntu
static / reviewdog (diff-only)	UNKNOWN STEP	2026-09-26T11:37:46.3521455Z 24.04.5
static / reviewdog (diff-only)	UNKNOWN STEP	2026-09-26T11:37:46.3521903Z LTS
static / reviewdog (diff-only)	UNKNOWN STEP	2026-09-26T11:37:46.3522341Z ##[endgroup]
static / reviewdog (diff-only)	UNKNOWN STEP	2026-09-26T11:37:46.3522806Z ##[group]Runner Image
static / reviewdog (diff-only)	UNKNOWN STEP	2026-09-26T11:37:46.3523307Z Image: ubuntu-24.04
static / reviewdog (diff-only)	UNKNOWN STEP	2026-09-26T11:37:46.3523782Z Version: 20260920.314.1
static / reviewdog (diff-only)	UNKNOWN STEP	2026-09-26T11:37:46.3524867Z Included Software: https://github.com/actions/runner-images/blob/ubuntu24/20260920.314/images/ubuntu/Ubuntu2404-Readme.md
static / reviewdog (diff-only)	UNKNOWN STEP	2026-09-26T11:37:46.3526142Z Image Release: https://github.com/actions/runner-images/releases/tag/ubuntu24%2F20260920.314
static / reviewdog (diff-only)	UNKNOWN STEP	2026-09-26T11:37:46.3526981Z ##[endgroup]
static / reviewdog (diff-only)	UNKNOWN STEP	2026-09-26T11:37:46.3528081Z ##[group]GITHUB_TOKEN Permissions
static / reviewdog (diff-only)	UNKNOWN STEP	2026-09-26T11:37:46.3530028Z Contents: read
static / reviewdog (diff-only)	UNKNOWN STEP	2026-09-26T11:37:46.3530584Z Metadata: read
static / reviewdog (diff-only)	UNKNOWN STEP	2026-09-26T11:37:46.3531050Z PullRequests: write
static / reviewdog (diff-only)	UNKNOWN STEP	2026-09-26T11:37:46.3531535Z ##[endgroup]
static / reviewdog (diff-only)	UNKNOWN STEP	2026-09-26T11:37:46.3533292Z Secret source: Actions
static / reviewdog (diff-only)	UNKNOWN STEP	2026-09-26T11:37:46.3534020Z Cache mode: write
static / reviewdog (diff-only)	UNKNOWN STEP	2026-09-26T11:37:46.3534661Z Prepare workflow directory
static / reviewdog (diff-only)	UNKNOWN STEP	2026-09-26T11:37:46.4184131Z Prepare all required actions
static / reviewdog (diff-only)	UNKNOWN STEP	2026-09-26T11:37:46.4227043Z Getting action download info
static / reviewdog (diff-only)	UNKNOWN STEP	2026-09-26T11:37:46.6923753Z Download action repository 'actions/checkout@3d3c42e5aac5ba805825da76410c181273ba90b1' (SHA:3d3c42e5aac5ba805825da76410c181273ba90b1)
static / reviewdog (diff-only)	UNKNOWN STEP	2026-09-26T11:37:47.0638612Z Download action repository 'reviewdog/action-setup@d8a7baabd7f3e8544ee4dbde3ee41d0011c3a93f' (SHA:d8a7baabd7f3e8544ee4dbde3ee41d0011c3a93f)
static / reviewdog (diff-only)	UNKNOWN STEP	2026-09-26T11:37:47.3112210Z Uses: tznthou/deepseek-code-review/.github/workflows/reusable-static-review.yml@refs/tags/v1.4.1 (96c5bf9822857caf775cca0072511042d6fd3de1)
static / reviewdog (diff-only)	UNKNOWN STEP	2026-09-26T11:37:47.3115980Z ##[group] Inputs
static / reviewdog (diff-only)	UNKNOWN STEP	2026-09-26T11:37:47.3116561Z   lint-command: shellcheck -f gcc $(git ls-files '*.sh')
static / reviewdog (diff-only)	UNKNOWN STEP	2026-09-26T11:37:47.3117264Z   lint-name: shellcheck
static / reviewdog (diff-only)	UNKNOWN STEP	2026-09-26T11:37:47.3117756Z   lint-errorformat: %f:%l:%c: %m
static / reviewdog (diff-only)	UNKNOWN STEP	2026-09-26T11:37:47.3118279Z   fail-level: error
static / reviewdog (diff-only)	UNKNOWN STEP	2026-09-26T11:37:47.3119028Z   skip-dependency-review: true
static / reviewdog (diff-only)	UNKNOWN STEP	2026-09-26T11:37:47.3119720Z   dependency-fail-on-severity: high
static / reviewdog (diff-only)	UNKNOWN STEP	2026-09-26T11:37:47.3120323Z   skip-draft: true
static / reviewdog (diff-only)	UNKNOWN STEP	2026-09-26T11:37:47.3120778Z ##[endgroup]
static / reviewdog (diff-only)	UNKNOWN STEP	2026-09-26T11:37:47.3121270Z Complete job name: static / reviewdog (diff-only)
static / reviewdog (diff-only)	UNKNOWN STEP	2026-09-26T11:37:47.3720420Z ##[group]Run actions/checkout@3d3c42e5aac5ba805825da76410c181273ba90b1
static / reviewdog (diff-only)	UNKNOWN STEP	2026-09-26T11:37:47.3721288Z with:
static / reviewdog (diff-only)	UNKNOWN STEP	2026-09-26T11:37:47.3721799Z   persist-credentials: false
static / reviewdog (diff-only)	UNKNOWN STEP	2026-09-26T11:37:47.3722611Z   repository: tznthou/deepseek-review-probe
static / reviewdog (diff-only)	UNKNOWN STEP	2026-09-26T11:37:47.3725919Z   token: ***
static / reviewdog (diff-only)	UNKNOWN STEP	2026-09-26T11:37:47.3726385Z   ssh-strict: true
static / reviewdog (diff-only)	UNKNOWN STEP	2026-09-26T11:37:47.3726806Z   ssh-user: git
static / reviewdog (diff-only)	UNKNOWN STEP	2026-09-26T11:37:47.3727254Z   clean: true
static / reviewdog (diff-only)	UNKNOWN STEP	2026-09-26T11:37:47.3727718Z   sparse-checkout-cone-mode: true
static / reviewdog (diff-only)	UNKNOWN STEP	2026-09-26T11:37:47.3728221Z   fetch-depth: 1
static / reviewdog (diff-only)	UNKNOWN STEP	2026-09-26T11:37:47.3728659Z   fetch-tags: false
static / reviewdog (diff-only)	UNKNOWN STEP	2026-09-26T11:37:47.3729092Z   show-progress: true
static / reviewdog (diff-only)	UNKNOWN STEP	2026-09-26T11:37:47.3729747Z   lfs: false
static / reviewdog (diff-only)	UNKNOWN STEP	2026-09-26T11:37:47.3730183Z   submodules: false
static / reviewdog (diff-only)	UNKNOWN STEP	2026-09-26T11:37:47.3730610Z   set-safe-directory: true
static / reviewdog (diff-only)	UNKNOWN STEP	2026-09-26T11:37:47.3731165Z   allow-unsafe-pr-checkout: false
static / reviewdog (diff-only)	UNKNOWN STEP	2026-09-26T11:37:47.3731829Z ##[endgroup]
static / reviewdog (diff-only)	UNKNOWN STEP	2026-09-26T11:37:47.4608880Z Syncing repository: tznthou/deepseek-review-probe
static / reviewdog (diff-only)	UNKNOWN STEP	2026-09-26T11:37:47.4612080Z ##[group]Getting Git version info
static / reviewdog (diff-only)	UNKNOWN STEP	2026-09-26T11:37:47.4613365Z Working directory is '/home/runner/work/deepseek-review-probe/deepseek-review-probe'
static / reviewdog (diff-only)	UNKNOWN STEP	2026-09-26T11:37:47.4615118Z [command]/usr/bin/git version
static / reviewdog (diff-only)	UNKNOWN STEP	2026-09-26T11:37:47.4696795Z git version 2.55.0
static / reviewdog (diff-only)	UNKNOWN STEP	2026-09-26T11:37:47.4712215Z ##[endgroup]
static / reviewdog (diff-only)	UNKNOWN STEP	2026-09-26T11:37:47.4722101Z Temporarily overriding HOME='/home/runner/work/_temp/f02597ff-6236-4823-ad8a-01a577ff5236' before making global git config changes
static / reviewdog (diff-only)	UNKNOWN STEP	2026-09-26T11:37:47.4723967Z Adding repository directory to the temporary git global config as a safe directory
static / reviewdog (diff-only)	UNKNOWN STEP	2026-09-26T11:37:47.4726889Z [command]/usr/bin/git config --global --add safe.directory /home/runner/work/deepseek-review-probe/deepseek-review-probe
static / reviewdog (diff-only)	UNKNOWN STEP	2026-09-26T11:37:47.4769568Z Deleting the contents of '/home/runner/work/deepseek-review-probe/deepseek-review-probe'
static / reviewdog (diff-only)	UNKNOWN STEP	2026-09-26T11:37:47.4772425Z ##[group]Determining repository object format
static / reviewdog (diff-only)	UNKNOWN STEP	2026-09-26T11:37:47.4773824Z ##[endgroup]
static / reviewdog (diff-only)	UNKNOWN STEP	2026-09-26T11:37:47.4774900Z ##[group]Initializing the repository
static / reviewdog (diff-only)	UNKNOWN STEP	2026-09-26T11:37:47.4778691Z [command]/usr/bin/git init /home/runner/work/deepseek-review-probe/deepseek-review-probe
static / reviewdog (diff-only)	UNKNOWN STEP	2026-09-26T11:37:47.4887717Z hint: Using 'master' as the name for the initial branch. This default branch name
static / reviewdog (diff-only)	UNKNOWN STEP	2026-09-26T11:37:47.4889025Z hint: will change to "main" in Git 3.0. To configure the initial branch name
static / reviewdog (diff-only)	UNKNOWN STEP	2026-09-26T11:37:47.4890234Z hint: to use in all of your new repositories, which will suppress this warning,
static / reviewdog (diff-only)	UNKNOWN STEP	2026-09-26T11:37:47.4890965Z hint: call:
static / reviewdog (diff-only)	UNKNOWN STEP	2026-09-26T11:37:47.4891376Z hint:
static / reviewdog (diff-only)	UNKNOWN STEP	2026-09-26T11:37:47.4891960Z hint: 	git config --global init.defaultBranch <name>
static / reviewdog (diff-only)	UNKNOWN STEP	2026-09-26T11:37:47.4892533Z hint:
static / reviewdog (diff-only)	UNKNOWN STEP	2026-09-26T11:37:47.4893081Z hint: Names commonly chosen instead of 'master' are 'main', 'trunk' and
static / reviewdog (diff-only)	UNKNOWN STEP	2026-09-26T11:37:47.4893925Z hint: 'development'. The just-created branch can be renamed via this command:
static / reviewdog (diff-only)	UNKNOWN STEP	2026-09-26T11:37:47.4894588Z hint:
static / reviewdog (diff-only)	UNKNOWN STEP	2026-09-26T11:37:47.4894990Z hint: 	git branch -m <name>
static / reviewdog (diff-only)	UNKNOWN STEP	2026-09-26T11:37:47.4895502Z hint:
static / reviewdog (diff-only)	UNKNOWN STEP	2026-09-26T11:37:47.4896344Z hint: Disable this message with "git config set advice.defaultBranchName false"
static / reviewdog (diff-only)	UNKNOWN STEP	2026-09-26T11:37:47.4908993Z Initialized empty Git repository in /home/runner/work/deepseek-review-probe/deepseek-review-probe/.git/
static / reviewdog (diff-only)	UNKNOWN STEP	2026-09-26T11:37:47.4916105Z [command]/usr/bin/git remote add origin https://github.com/tznthou/deepseek-review-probe
static / reviewdog (diff-only)	UNKNOWN STEP	2026-09-26T11:37:47.4963255Z ##[endgroup]
static / reviewdog (diff-only)	UNKNOWN STEP	2026-09-26T11:37:47.4964581Z ##[group]Disabling automatic garbage collection
static / reviewdog (diff-only)	UNKNOWN STEP	2026-09-26T11:37:47.4965715Z [command]/usr/bin/git config --local gc.auto 0
static / reviewdog (diff-only)	UNKNOWN STEP	2026-09-26T11:37:47.4989510Z ##[endgroup]
static / reviewdog (diff-only)	UNKNOWN STEP	2026-09-26T11:37:47.4990663Z ##[group]Setting up auth
static / reviewdog (diff-only)	UNKNOWN STEP	2026-09-26T11:37:47.4991928Z Removing SSH command configuration
static / reviewdog (diff-only)	UNKNOWN STEP	2026-09-26T11:37:47.4993981Z [command]/usr/bin/git config --local --name-only --get-regexp core\.sshCommand
static / reviewdog (diff-only)	UNKNOWN STEP	2026-09-26T11:37:47.5019408Z [command]/usr/bin/git submodule foreach --recursive sh -c "git config --local --name-only --get-regexp 'core\.sshCommand' && git config --local --unset-all 'core.sshCommand' || :"
static / reviewdog (diff-only)	UNKNOWN STEP	2026-09-26T11:37:47.5324539Z Removing HTTP extra header
static / reviewdog (diff-only)	UNKNOWN STEP	2026-09-26T11:37:47.5330380Z [command]/usr/bin/git config --local --name-only --get-regexp http\.https\:\/\/github\.com\/\.extraheader
static / reviewdog (diff-only)	UNKNOWN STEP	2026-09-26T11:37:47.5356356Z [command]/usr/bin/git submodule foreach --recursive sh -c "git config --local --name-only --get-regexp 'http\.https\:\/\/github\.com\/\.extraheader' && git config --local --unset-all 'http.https://github.com/.extraheader' || :"
static / reviewdog (diff-only)	UNKNOWN STEP	2026-09-26T11:37:47.5517577Z Removing includeIf entries pointing to credentials config files
static / reviewdog (diff-only)	UNKNOWN STEP	2026-09-26T11:37:47.5521949Z [command]/usr/bin/git config --local --name-only --get-regexp ^includeIf\.gitdir:
static / reviewdog (diff-only)	UNKNOWN STEP	2026-09-26T11:37:47.5546113Z [command]/usr/bin/git submodule foreach --recursive git config --local --show-origin --name-only --get-regexp remote.origin.url
static / reviewdog (diff-only)	UNKNOWN STEP	2026-09-26T11:37:47.5706843Z [command]/usr/bin/git config --file /home/runner/work/_temp/git-credentials-ee5db89c-adaf-41f2-8b3f-0854e5c45a9e.config http.https://github.com/.extraheader AUTHORIZATION: basic ***
static / reviewdog (diff-only)	UNKNOWN STEP	2026-09-26T11:37:47.5736502Z [command]/usr/bin/git config --local includeIf.gitdir:/home/runner/work/deepseek-review-probe/deepseek-review-probe/.git.path /home/runner/work/_temp/git-credentials-ee5db89c-adaf-41f2-8b3f-0854e5c45a9e.config
static / reviewdog (diff-only)	UNKNOWN STEP	2026-09-26T11:37:47.5763553Z [command]/usr/bin/git config --local includeIf.gitdir:/home/runner/work/deepseek-review-probe/deepseek-review-probe/.git/worktrees/*.path /home/runner/work/_temp/git-credentials-ee5db89c-adaf-41f2-8b3f-0854e5c45a9e.config
static / reviewdog (diff-only)	UNKNOWN STEP	2026-09-26T11:37:47.5792806Z [command]/usr/bin/git config --local includeIf.gitdir:/github/workspace/.git.path /github/runner_temp/git-credentials-ee5db89c-adaf-41f2-8b3f-0854e5c45a9e.config
static / reviewdog (diff-only)	UNKNOWN STEP	2026-09-26T11:37:47.5819456Z [command]/usr/bin/git config --local includeIf.gitdir:/github/workspace/.git/worktrees/*.path /github/runner_temp/git-credentials-ee5db89c-adaf-41f2-8b3f-0854e5c45a9e.config
static / reviewdog (diff-only)	UNKNOWN STEP	2026-09-26T11:37:47.5843104Z ##[endgroup]
static / reviewdog (diff-only)	UNKNOWN STEP	2026-09-26T11:37:47.5844138Z ##[group]Fetching the repository
static / reviewdog (diff-only)	UNKNOWN STEP	2026-09-26T11:37:47.5849350Z [command]/usr/bin/git -c protocol.version=2 fetch --no-tags --prune --no-recurse-submodules --depth=1 origin +68a7162b45ae91dcba6dca8be19315754c5aa0f1:refs/remotes/pull/1/merge
static / reviewdog (diff-only)	UNKNOWN STEP	2026-09-26T11:37:47.9002567Z From https://github.com/tznthou/deepseek-review-probe
static / reviewdog (diff-only)	UNKNOWN STEP	2026-09-26T11:37:47.9004561Z  * [new ref]         68a7162b45ae91dcba6dca8be19315754c5aa0f1 -> pull/1/merge
static / reviewdog (diff-only)	UNKNOWN STEP	2026-09-26T11:37:47.9008139Z ##[endgroup]
static / reviewdog (diff-only)	UNKNOWN STEP	2026-09-26T11:37:47.9009715Z ##[group]Determining the checkout info
static / reviewdog (diff-only)	UNKNOWN STEP	2026-09-26T11:37:47.9011308Z ##[endgroup]
static / reviewdog (diff-only)	UNKNOWN STEP	2026-09-26T11:37:47.9012147Z [command]/usr/bin/git sparse-checkout disable
static / reviewdog (diff-only)	UNKNOWN STEP	2026-09-26T11:37:47.9058897Z [command]/usr/bin/git config --local --unset-all extensions.worktreeConfig
static / reviewdog (diff-only)	UNKNOWN STEP	2026-09-26T11:37:47.9083178Z ##[group]Checking out the ref
static / reviewdog (diff-only)	UNKNOWN STEP	2026-09-26T11:37:47.9085244Z [command]/usr/bin/git checkout --progress --force refs/remotes/pull/1/merge
static / reviewdog (diff-only)	UNKNOWN STEP	2026-09-26T11:37:47.9124741Z Note: switching to 'refs/remotes/pull/1/merge'.
static / reviewdog (diff-only)	UNKNOWN STEP	2026-09-26T11:37:47.9125946Z 
static / reviewdog (diff-only)	UNKNOWN STEP	2026-09-26T11:37:47.9126695Z You are in 'detached HEAD' state. You can look around, make experimental
static / reviewdog (diff-only)	UNKNOWN STEP	2026-09-26T11:37:47.9128446Z changes and commit them, and you can discard any commits you make in this
static / reviewdog (diff-only)	UNKNOWN STEP	2026-09-26T11:37:47.9130655Z state without impacting any branches by switching back to a branch.
static / reviewdog (diff-only)	UNKNOWN STEP	2026-09-26T11:37:47.9132240Z 
static / reviewdog (diff-only)	UNKNOWN STEP	2026-09-26T11:37:47.9133099Z If you want to create a new branch to retain commits you create, you may
static / reviewdog (diff-only)	UNKNOWN STEP	2026-09-26T11:37:47.9134925Z do so (now or later) by using -c with the switch command. Example:
static / reviewdog (diff-only)	UNKNOWN STEP	2026-09-26T11:37:47.9136112Z 
static / reviewdog (diff-only)	UNKNOWN STEP	2026-09-26T11:37:47.9136779Z   git switch -c <new-branch-name>
static / reviewdog (diff-only)	UNKNOWN STEP	2026-09-26T11:37:47.9137552Z 
static / reviewdog (diff-only)	UNKNOWN STEP	2026-09-26T11:37:47.9137955Z Or undo this operation with:
static / reviewdog (diff-only)	UNKNOWN STEP	2026-09-26T11:37:47.9138625Z 
static / reviewdog (diff-only)	UNKNOWN STEP	2026-09-26T11:37:47.9139005Z   git switch -
static / reviewdog (diff-only)	UNKNOWN STEP	2026-09-26T11:37:47.9139848Z 
static / reviewdog (diff-only)	UNKNOWN STEP	2026-09-26T11:37:47.9140867Z Turn off this advice by setting config variable advice.detachedHead to false
static / reviewdog (diff-only)	UNKNOWN STEP	2026-09-26T11:37:47.9142265Z 
static / reviewdog (diff-only)	UNKNOWN STEP	2026-09-26T11:37:47.9143669Z HEAD is now at 68a7162 Merge d7ace96e6a18ba10b01ae100b19d08e3c19bbe86 into cb6d6dde2fdd4be8037bc2bbc91fcf474976d784
static / reviewdog (diff-only)	UNKNOWN STEP	2026-09-26T11:37:47.9148378Z ##[endgroup]
static / reviewdog (diff-only)	UNKNOWN STEP	2026-09-26T11:37:47.9169342Z [command]/usr/bin/git log -1 --format=%H
static / reviewdog (diff-only)	UNKNOWN STEP	2026-09-26T11:37:47.9190618Z 68a7162b45ae91dcba6dca8be19315754c5aa0f1
static / reviewdog (diff-only)	UNKNOWN STEP	2026-09-26T11:37:47.9200598Z ##[group]Removing auth
static / reviewdog (diff-only)	UNKNOWN STEP	2026-09-26T11:37:47.9201920Z Removing SSH command configuration
static / reviewdog (diff-only)	UNKNOWN STEP	2026-09-26T11:37:47.9204289Z [command]/usr/bin/git config --local --name-only --get-regexp core\.sshCommand
static / reviewdog (diff-only)	UNKNOWN STEP	2026-09-26T11:37:47.9233470Z [command]/usr/bin/git submodule foreach --recursive sh -c "git config --local --name-only --get-regexp 'core\.sshCommand' && git config --local --unset-all 'core.sshCommand' || :"
static / reviewdog (diff-only)	UNKNOWN STEP	2026-09-26T11:37:47.9396518Z Removing HTTP extra header
static / reviewdog (diff-only)	UNKNOWN STEP	2026-09-26T11:37:47.9399764Z [command]/usr/bin/git config --local --name-only --get-regexp http\.https\:\/\/github\.com\/\.extraheader
static / reviewdog (diff-only)	UNKNOWN STEP	2026-09-26T11:37:47.9426295Z [command]/usr/bin/git submodule foreach --recursive sh -c "git config --local --name-only --get-regexp 'http\.https\:\/\/github\.com\/\.extraheader' && git config --local --unset-all 'http.https://github.com/.extraheader' || :"
static / reviewdog (diff-only)	UNKNOWN STEP	2026-09-26T11:37:47.9583034Z Removing includeIf entries pointing to credentials config files
static / reviewdog (diff-only)	UNKNOWN STEP	2026-09-26T11:37:47.9585456Z [command]/usr/bin/git config --local --name-only --get-regexp ^includeIf\.gitdir:
static / reviewdog (diff-only)	UNKNOWN STEP	2026-09-26T11:37:47.9606091Z includeif.gitdir:/home/runner/work/deepseek-review-probe/deepseek-review-probe/.git.path
static / reviewdog (diff-only)	UNKNOWN STEP	2026-09-26T11:37:47.9609916Z includeif.gitdir:/home/runner/work/deepseek-review-probe/deepseek-review-probe/.git/worktrees/*.path
static / reviewdog (diff-only)	UNKNOWN STEP	2026-09-26T11:37:47.9612592Z includeif.gitdir:/github/workspace/.git.path
static / reviewdog (diff-only)	UNKNOWN STEP	2026-09-26T11:37:47.9614095Z includeif.gitdir:/github/workspace/.git/worktrees/*.path
static / reviewdog (diff-only)	UNKNOWN STEP	2026-09-26T11:37:47.9618010Z [command]/usr/bin/git config --local --get-all includeif.gitdir:/home/runner/work/deepseek-review-probe/deepseek-review-probe/.git.path
static / reviewdog (diff-only)	UNKNOWN STEP	2026-09-26T11:37:47.9638930Z /home/runner/work/_temp/git-credentials-ee5db89c-adaf-41f2-8b3f-0854e5c45a9e.config
static / reviewdog (diff-only)	UNKNOWN STEP	2026-09-26T11:37:47.9647094Z [command]/usr/bin/git config --local --unset includeif.gitdir:/home/runner/work/deepseek-review-probe/deepseek-review-probe/.git.path \/home\/runner\/work\/_temp\/git\-credentials\-ee5db89c\-adaf\-41f2\-8b3f\-0854e5c45a9e\.config
static / reviewdog (diff-only)	UNKNOWN STEP	2026-09-26T11:37:47.9675052Z [command]/usr/bin/git config --local --get-all includeif.gitdir:/home/runner/work/deepseek-review-probe/deepseek-review-probe/.git/worktrees/*.path
static / reviewdog (diff-only)	UNKNOWN STEP	2026-09-26T11:37:47.9696852Z /home/runner/work/_temp/git-credentials-ee5db89c-adaf-41f2-8b3f-0854e5c45a9e.config
static / reviewdog (diff-only)	UNKNOWN STEP	2026-09-26T11:37:47.9705858Z [command]/usr/bin/git config --local --unset includeif.gitdir:/home/runner/work/deepseek-review-probe/deepseek-review-probe/.git/worktrees/*.path \/home\/runner\/work\/_temp\/git\-credentials\-ee5db89c\-adaf\-41f2\-8b3f\-0854e5c45a9e\.config
static / reviewdog (diff-only)	UNKNOWN STEP	2026-09-26T11:37:47.9734396Z [command]/usr/bin/git config --local --get-all includeif.gitdir:/github/workspace/.git.path
static / reviewdog (diff-only)	UNKNOWN STEP	2026-09-26T11:37:47.9754502Z /github/runner_temp/git-credentials-ee5db89c-adaf-41f2-8b3f-0854e5c45a9e.config
static / reviewdog (diff-only)	UNKNOWN STEP	2026-09-26T11:37:47.9763420Z [command]/usr/bin/git config --local --unset includeif.gitdir:/github/workspace/.git.path \/github\/runner_temp\/git\-credentials\-ee5db89c\-adaf\-41f2\-8b3f\-0854e5c45a9e\.config
static / reviewdog (diff-only)	UNKNOWN STEP	2026-09-26T11:37:47.9792675Z [command]/usr/bin/git config --local --get-all includeif.gitdir:/github/workspace/.git/worktrees/*.path
static / reviewdog (diff-only)	UNKNOWN STEP	2026-09-26T11:37:47.9812621Z /github/runner_temp/git-credentials-ee5db89c-adaf-41f2-8b3f-0854e5c45a9e.config
static / reviewdog (diff-only)	UNKNOWN STEP	2026-09-26T11:37:47.9832236Z [command]/usr/bin/git config --local --unset includeif.gitdir:/github/workspace/.git/worktrees/*.path \/github\/runner_temp\/git\-credentials\-ee5db89c\-adaf\-41f2\-8b3f\-0854e5c45a9e\.config
static / reviewdog (diff-only)	UNKNOWN STEP	2026-09-26T11:37:47.9899546Z [command]/usr/bin/git submodule foreach --recursive git config --local --show-origin --name-only --get-regexp remote.origin.url
static / reviewdog (diff-only)	UNKNOWN STEP	2026-09-26T11:37:48.0056931Z Removing credentials config '/home/runner/work/_temp/git-credentials-ee5db89c-adaf-41f2-8b3f-0854e5c45a9e.config'
static / reviewdog (diff-only)	UNKNOWN STEP	2026-09-26T11:37:48.0063492Z ##[endgroup]
static / reviewdog (diff-only)	UNKNOWN STEP	2026-09-26T11:37:48.0317698Z ##[group]Run reviewdog/action-setup@d8a7baabd7f3e8544ee4dbde3ee41d0011c3a93f
static / reviewdog (diff-only)	UNKNOWN STEP	2026-09-26T11:37:48.0319141Z with:
static / reviewdog (diff-only)	UNKNOWN STEP	2026-09-26T11:37:48.0320122Z   reviewdog_version: latest
static / reviewdog (diff-only)	UNKNOWN STEP	2026-09-26T11:37:48.0321067Z ##[endgroup]
static / reviewdog (diff-only)	UNKNOWN STEP	2026-09-26T11:37:48.0385592Z ##[start-action display=install reviewdog;id=__reviewdog_action-setup.__run]
static / reviewdog (diff-only)	UNKNOWN STEP	2026-09-26T11:37:48.0452970Z ##[group]Run set -eu
static / reviewdog (diff-only)	UNKNOWN STEP	2026-09-26T11:37:48.0454128Z ^[[36;1mset -eu^[[0m
static / reviewdog (diff-only)	UNKNOWN STEP	2026-09-26T11:37:48.0455132Z ^[[36;1m"$GITHUB_ACTION_PATH/install.sh"^[[0m
static / reviewdog (diff-only)	UNKNOWN STEP	2026-09-26T11:37:48.0476839Z shell: /usr/bin/sh -e {0}
static / reviewdog (diff-only)	UNKNOWN STEP	2026-09-26T11:37:48.0477955Z env:
static / reviewdog (diff-only)	UNKNOWN STEP	2026-09-26T11:37:48.0478820Z   REVIEWDOG_VERSION: latest
static / reviewdog (diff-only)	UNKNOWN STEP	2026-09-26T11:37:48.0480286Z   REVIEWDOG_TEMPDIR: /home/runner/work/_temp
static / reviewdog (diff-only)	UNKNOWN STEP	2026-09-26T11:37:48.0481492Z ##[endgroup]
static / reviewdog (diff-only)	UNKNOWN STEP	2026-09-26T11:37:48.0560109Z ##[group]🐶 Installing reviewdog ... https://github.com/reviewdog/reviewdog
static / reviewdog (diff-only)	UNKNOWN STEP	2026-09-26T11:37:48.0607424Z reviewdog/reviewdog info Detected Platform: linux/amd64
static / reviewdog (diff-only)	UNKNOWN STEP	2026-09-26T11:37:48.0631543Z reviewdog/reviewdog info checking GitHub for latest tag
static / reviewdog (diff-only)	UNKNOWN STEP	2026-09-26T11:37:48.3430398Z reviewdog/reviewdog info Resolved version: 0.21.2 (tag: v0.21.2)
static / reviewdog (diff-only)	UNKNOWN STEP	2026-09-26T11:37:48.3471789Z reviewdog/reviewdog info Downloading https://github.com/reviewdog/reviewdog/releases/download/v0.21.2/reviewdog_0.21.2_Linux_x86_64.tar.gz
static / reviewdog (diff-only)	UNKNOWN STEP	2026-09-26T11:37:48.7028677Z reviewdog/reviewdog info Downloading checksums from https://github.com/reviewdog/reviewdog/releases/download/v0.21.2/checksums.txt
static / reviewdog (diff-only)	UNKNOWN STEP	2026-09-26T11:37:48.9169131Z reviewdog/reviewdog info Verifying checksum ...
static / reviewdog (diff-only)	UNKNOWN STEP	2026-09-26T11:37:48.9424890Z reviewdog/reviewdog info Extracting reviewdog_0.21.2_Linux_x86_64.tar.gz...
static / reviewdog (diff-only)	UNKNOWN STEP	2026-09-26T11:37:49.0284429Z reviewdog/reviewdog info Installing binary to /home/runner/work/_temp/reviewdog/bin/reviewdog
static / reviewdog (diff-only)	UNKNOWN STEP	2026-09-26T11:37:49.0344581Z reviewdog/reviewdog info reviewdog installation complete!
static / reviewdog (diff-only)	UNKNOWN STEP	2026-09-26T11:37:49.0369394Z ##[endgroup]
static / reviewdog (diff-only)	UNKNOWN STEP	2026-09-26T11:37:49.0387101Z ##[end-action id=__reviewdog_action-setup.__run;outcome=success;conclusion=success;duration_ms=999]
static / reviewdog (diff-only)	UNKNOWN STEP	2026-09-26T11:37:49.0391522Z ##[start-action display=check reviewdog is successfully installed;id=__reviewdog_action-setup.__run_2]
static / reviewdog (diff-only)	UNKNOWN STEP	2026-09-26T11:37:49.0423252Z ##[group]Run set -eu
static / reviewdog (diff-only)	UNKNOWN STEP	2026-09-26T11:37:49.0423656Z ^[[36;1mset -eu^[[0m
static / reviewdog (diff-only)	UNKNOWN STEP	2026-09-26T11:37:49.0424020Z ^[[36;1m"$GITHUB_ACTION_PATH/check-installed.sh"^[[0m
static / reviewdog (diff-only)	UNKNOWN STEP	2026-09-26T11:37:49.0443194Z shell: /usr/bin/sh -e {0}
static / reviewdog (diff-only)	UNKNOWN STEP	2026-09-26T11:37:49.0443609Z ##[endgroup]
static / reviewdog (diff-only)	UNKNOWN STEP	2026-09-26T11:37:49.0479368Z ##[group]📖 reviewdog -h
static / reviewdog (diff-only)	UNKNOWN STEP	2026-09-26T11:37:49.0509531Z Usage:	reviewdog [flags]
static / reviewdog (diff-only)	UNKNOWN STEP	2026-09-26T11:37:49.0510263Z 	reviewdog accepts any compiler or linter results from stdin and filters
static / reviewdog (diff-only)	UNKNOWN STEP	2026-09-26T11:37:49.0510957Z 	them by diff for review. reviewdog also can posts the results as a comment to
static / reviewdog (diff-only)	UNKNOWN STEP	2026-09-26T11:37:49.0511580Z 	GitHub if you use reviewdog in CI service.
static / reviewdog (diff-only)	UNKNOWN STEP	2026-09-26T11:37:49.0511972Z Flags:
static / reviewdog (diff-only)	UNKNOWN STEP	2026-09-26T11:37:49.0512679Z   -conf string
static / reviewdog (diff-only)	UNKNOWN STEP	2026-09-26T11:37:49.0513034Z     	config file path
static / reviewdog (diff-only)	UNKNOWN STEP	2026-09-26T11:37:49.0513442Z   -diff string
static / reviewdog (diff-only)	UNKNOWN STEP	2026-09-26T11:37:49.0514216Z     	diff command (e.g. "git diff") for local reporters. Do not use --relative flag for git command.
static / reviewdog (diff-only)	UNKNOWN STEP	2026-09-26T11:37:49.0514855Z   -efm value
static / reviewdog (diff-only)	UNKNOWN STEP	2026-09-26T11:37:49.0515580Z     	list of supported machine-readable format and errorformat (https://github.com/reviewdog/errorformat)
static / reviewdog (diff-only)	UNKNOWN STEP	2026-09-26T11:37:49.0516167Z   -f string
static / reviewdog (diff-only)	UNKNOWN STEP	2026-09-26T11:37:49.0516739Z     	format name (run -list to see supported format name) for input. It's also used as tool name in review comment if -name is empty
static / reviewdog (diff-only)	UNKNOWN STEP	2026-09-26T11:37:49.0517663Z   -f.diff.strip int
static / reviewdog (diff-only)	UNKNOWN STEP	2026-09-26T11:37:49.0518451Z     	option for -f=diff: strip NUM leading components from diff file names (equivalent to 'patch -p') (default is 1 for git diff) (default 1)
static / reviewdog (diff-only)	UNKNOWN STEP	2026-09-26T11:37:49.0519550Z   -fail-level value
static / reviewdog (diff-only)	UNKNOWN STEP	2026-09-26T11:37:49.0520328Z     	reviewdog will exit with code 1 if it finds at least 1 issue with severity greater than or equal to the given level. [none(default),any,info,warning,error]
static / reviewdog (diff-only)	UNKNOWN STEP	2026-09-26T11:37:49.0521147Z   -fail-on-error
static / reviewdog (diff-only)	UNKNOWN STEP	2026-09-26T11:37:49.0521889Z     	[DEPRECATED] use -fail-level instead
static / reviewdog (diff-only)	UNKNOWN STEP	2026-09-26T11:37:49.0522337Z   -filter-mode value
static / reviewdog (diff-only)	UNKNOWN STEP	2026-09-26T11:37:49.0522942Z     	how to filter checks results. [added, diff_context, file, nofilter].
static / reviewdog (diff-only)	UNKNOWN STEP	2026-09-26T11:37:49.0523547Z     			"added" (default)
static / reviewdog (diff-only)	UNKNOWN STEP	2026-09-26T11:37:49.0524010Z     				Filter by added/modified diff lines.
static / reviewdog (diff-only)	UNKNOWN STEP	2026-09-26T11:37:49.0524477Z     			"diff_context"
static / reviewdog (diff-only)	UNKNOWN STEP	2026-09-26T11:37:49.0524926Z     				Filter by diff context, which can include unchanged lines.
static / reviewdog (diff-only)	UNKNOWN STEP	2026-09-26T11:37:49.0525434Z     				i.e. changed lines +-N lines (e.g. N=3 for default git diff).
static / reviewdog (diff-only)	UNKNOWN STEP	2026-09-26T11:37:49.0525854Z     			"file"
static / reviewdog (diff-only)	UNKNOWN STEP	2026-09-26T11:37:49.0526197Z     				Filter by added/modified file.
static / reviewdog (diff-only)	UNKNOWN STEP	2026-09-26T11:37:49.0526538Z     			"nofilter"
static / reviewdog (diff-only)	UNKNOWN STEP	2026-09-26T11:37:49.0526882Z     				Do not filter any results.
static / reviewdog (diff-only)	UNKNOWN STEP	2026-09-26T11:37:49.0527217Z     	
static / reviewdog (diff-only)	UNKNOWN STEP	2026-09-26T11:37:49.0527505Z   -guess
static / reviewdog (diff-only)	UNKNOWN STEP	2026-09-26T11:37:49.0527864Z     	guess Pull Request ID by branch name and commit SHA
static / reviewdog (diff-only)	UNKNOWN STEP	2026-09-26T11:37:49.0528301Z   -level string
static / reviewdog (diff-only)	UNKNOWN STEP	2026-09-26T11:37:49.0528732Z     	default report level for supported reporters ("info","warning","error").
static / reviewdog (diff-only)	UNKNOWN STEP	2026-09-26T11:37:49.0529186Z   -list
static / reviewdog (diff-only)	UNKNOWN STEP	2026-09-26T11:37:49.0529748Z     	list supported pre-defined format names which can be used as -f arg
static / reviewdog (diff-only)	UNKNOWN STEP	2026-09-26T11:37:49.0530197Z   -log-level string
static / reviewdog (diff-only)	UNKNOWN STEP	2026-09-26T11:37:49.0530629Z     	log level for reviewdog itself. (debug, info, warning, error) (default "info")
static / reviewdog (diff-only)	UNKNOWN STEP	2026-09-26T11:37:49.0531081Z   -name string
static / reviewdog (diff-only)	UNKNOWN STEP	2026-09-26T11:37:49.0531513Z     	tool name in review comment. -f is used as tool name if -name is empty
static / reviewdog (diff-only)	UNKNOWN STEP	2026-09-26T11:37:49.0532049Z   -reporter string
static / reviewdog (diff-only)	UNKNOWN STEP	2026-09-26T11:37:49.0532368Z     	reporter of reviewdog results.
static / reviewdog (diff-only)	UNKNOWN STEP	2026-09-26T11:37:49.0532717Z     		"local" (default)
static / reviewdog (diff-only)	UNKNOWN STEP	2026-09-26T11:37:49.0533075Z     			Report results to stdout.
static / reviewdog (diff-only)	UNKNOWN STEP	2026-09-26T11:37:49.0533451Z     	
static / reviewdog (diff-only)	UNKNOWN STEP	2026-09-26T11:37:49.0533730Z     		"rdjson"
static / reviewdog (diff-only)	UNKNOWN STEP	2026-09-26T11:37:49.0534071Z     			Report results to stdout in rdjson format.
static / reviewdog (diff-only)	UNKNOWN STEP	2026-09-26T11:37:49.0534439Z     	
static / reviewdog (diff-only)	UNKNOWN STEP	2026-09-26T11:37:49.0534741Z     		"rdjsonl"
static / reviewdog (diff-only)	UNKNOWN STEP	2026-09-26T11:37:49.0535098Z     			Report results to stdout in rdjsonl format.
static / reviewdog (diff-only)	UNKNOWN STEP	2026-09-26T11:37:49.0535451Z     	
static / reviewdog (diff-only)	UNKNOWN STEP	2026-09-26T11:37:49.0535709Z     		"sarif"
static / reviewdog (diff-only)	UNKNOWN STEP	2026-09-26T11:37:49.0536066Z     			Report results to stdout in SARIF format.
static / reviewdog (diff-only)	UNKNOWN STEP	2026-09-26T11:37:49.0536438Z     	
static / reviewdog (diff-only)	UNKNOWN STEP	2026-09-26T11:37:49.0536764Z     		"github-check"
static / reviewdog (diff-only)	UNKNOWN STEP	2026-09-26T11:37:49.0537193Z     			Report results to GitHub Check. It works both for Pull Requests and commits.
static / reviewdog (diff-only)	UNKNOWN STEP	2026-09-26T11:37:49.0537733Z     			For Pull Request, you can see report results in GitHub PullRequest Check
static / reviewdog (diff-only)	UNKNOWN STEP	2026-09-26T11:37:49.0538264Z     			tab and can control filtering mode by -filter-mode flag.
static / reviewdog (diff-only)	UNKNOWN STEP	2026-09-26T11:37:49.0538675Z     	
static / reviewdog (diff-only)	UNKNOWN STEP	2026-09-26T11:37:49.0539002Z     			There are two options to use this reporter.
static / reviewdog (diff-only)	UNKNOWN STEP	2026-09-26T11:37:49.0539684Z     	
static / reviewdog (diff-only)	UNKNOWN STEP	2026-09-26T11:37:49.0540078Z     			Option 1) Run reviewdog from GitHub Actions w/ secrets.GITHUB_TOKEN
static / reviewdog (diff-only)	UNKNOWN STEP	2026-09-26T11:37:49.0540608Z     				Note that it reports result to GitHub Actions log console for Pull
static / reviewdog (diff-only)	UNKNOWN STEP	2026-09-26T11:37:49.0541175Z     				Requests from fork repository due to GitHub Actions restriction.
static / reviewdog (diff-only)	UNKNOWN STEP	2026-09-26T11:37:49.0541817Z     				https://help.github.com/en/articles/virtual-environments-for-github-actions#github_token-secret
static / reviewdog (diff-only)	UNKNOWN STEP	2026-09-26T11:37:49.0542341Z     	
static / reviewdog (diff-only)	UNKNOWN STEP	2026-09-26T11:37:49.0542712Z     				Set REVIEWDOG_GITHUB_API_TOKEN with secrets.GITHUB_TOKEN. e.g.
static / reviewdog (diff-only)	UNKNOWN STEP	2026-09-26T11:37:49.0543220Z     						REVIEWDOG_GITHUB_API_TOKEN: ${{ secrets.GITHUB_TOKEN }}
static / reviewdog (diff-only)	UNKNOWN STEP	2026-09-26T11:37:49.0543618Z     	
static / reviewdog (diff-only)	UNKNOWN STEP	2026-09-26T11:37:49.0543930Z     			Option 2) Install reviewdog GitHub Apps
static / reviewdog (diff-only)	UNKNOWN STEP	2026-09-26T11:37:49.0544406Z     				1. Install reviewdog Apps. https://github.com/apps/reviewdog
static / reviewdog (diff-only)	UNKNOWN STEP	2026-09-26T11:37:49.0544870Z     				2. Set REVIEWDOG_TOKEN.
static / reviewdog (diff-only)	UNKNOWN STEP	2026-09-26T11:37:49.0545433Z     				You can get token from https://reviewdog.app/gh/<owner>/<repo-name>.
static / reviewdog (diff-only)	UNKNOWN STEP	2026-09-26T11:37:49.0545901Z     				$ export REVIEWDOG_TOKEN="xxxxx"
static / reviewdog (diff-only)	UNKNOWN STEP	2026-09-26T11:37:49.0546224Z     	
static / reviewdog (diff-only)	UNKNOWN STEP	2026-09-26T11:37:49.0546545Z     		"github-pr-check"
static / reviewdog (diff-only)	UNKNOWN STEP	2026-09-26T11:37:49.0546956Z     			Same as github-check reporter but it only supports Pull Requests.
static / reviewdog (diff-only)	UNKNOWN STEP	2026-09-26T11:37:49.0547456Z     	
static / reviewdog (diff-only)	UNKNOWN STEP	2026-09-26T11:37:49.0547784Z     		"github-pr-review"
static / reviewdog (diff-only)	UNKNOWN STEP	2026-09-26T11:37:49.0548147Z     			Report results to GitHub review comments.
static / reviewdog (diff-only)	UNKNOWN STEP	2026-09-26T11:37:49.0548551Z     	
static / reviewdog (diff-only)	UNKNOWN STEP	2026-09-26T11:37:49.0548903Z     			1. Set REVIEWDOG_GITHUB_API_TOKEN environment variable.
static / reviewdog (diff-only)	UNKNOWN STEP	2026-09-26T11:37:49.0549714Z     			Go to https://github.com/settings/tokens and create new Personal access token with repo scope.
static / reviewdog (diff-only)	UNKNOWN STEP	2026-09-26T11:37:49.0550233Z     	
static / reviewdog (diff-only)	UNKNOWN STEP	2026-09-26T11:37:49.0550533Z     			For GitHub Enterprise:
static / reviewdog (diff-only)	UNKNOWN STEP	2026-09-26T11:37:49.0551009Z     				$ export GITHUB_API="https://example.githubenterprise.com/api/v3"
static / reviewdog (diff-only)	UNKNOWN STEP	2026-09-26T11:37:49.0551428Z     	
static / reviewdog (diff-only)	UNKNOWN STEP	2026-09-26T11:37:49.0551718Z     		"github-annotations"
static / reviewdog (diff-only)	UNKNOWN STEP	2026-09-26T11:37:49.0552183Z     			Report results to stdout in GitHub Actions annotation format.
static / reviewdog (diff-only)	UNKNOWN STEP	2026-09-26T11:37:49.0552609Z     	
static / reviewdog (diff-only)	UNKNOWN STEP	2026-09-26T11:37:49.0552924Z     		"github-pr-annotations"
static / reviewdog (diff-only)	UNKNOWN STEP	2026-09-26T11:37:49.0553380Z     			Same as github-annotations reporter but it only supports Pull Requests.
static / reviewdog (diff-only)	UNKNOWN STEP	2026-09-26T11:37:49.0553819Z     	
static / reviewdog (diff-only)	UNKNOWN STEP	2026-09-26T11:37:49.0554145Z     		"gitlab-mr-discussion"
static / reviewdog (diff-only)	UNKNOWN STEP	2026-09-26T11:37:49.0554537Z     			Report results to GitLab MergeRequest discussion.
static / reviewdog (diff-only)	UNKNOWN STEP	2026-09-26T11:37:49.0554901Z     	
static / reviewdog (diff-only)	UNKNOWN STEP	2026-09-26T11:37:49.0555269Z     			1. Set REVIEWDOG_GITLAB_API_TOKEN environment variable.
static / reviewdog (diff-only)	UNKNOWN STEP	2026-09-26T11:37:49.0555765Z     			Go to https://gitlab.com/profile/personal_access_tokens
static / reviewdog (diff-only)	UNKNOWN STEP	2026-09-26T11:37:49.0556186Z     	
static / reviewdog (diff-only)	UNKNOWN STEP	2026-09-26T11:37:49.0556702Z     			CI_API_V4_URL (defined by Gitlab CI) as the base URL for the Gitlab API automatically.
static / reviewdog (diff-only)	UNKNOWN STEP	2026-09-26T11:37:49.0557336Z     			Alternatively, GITLAB_API can also be defined, and it will take precedence over the former:
static / reviewdog (diff-only)	UNKNOWN STEP	2026-09-26T11:37:49.0557911Z     				$ export GITLAB_API="https://example.gitlab.com/api/v4"
static / reviewdog (diff-only)	UNKNOWN STEP	2026-09-26T11:37:49.0558317Z     	
static / reviewdog (diff-only)	UNKNOWN STEP	2026-09-26T11:37:49.0558626Z     		"gitlab-mr-commit"
static / reviewdog (diff-only)	UNKNOWN STEP	2026-09-26T11:37:49.0559065Z     			Same as gitlab-mr-discussion, but report results to GitLab comments for
static / reviewdog (diff-only)	UNKNOWN STEP	2026-09-26T11:37:49.0559736Z     			each commits in Merge Requests.
static / reviewdog (diff-only)	UNKNOWN STEP	2026-09-26T11:37:49.0560115Z     	
static / reviewdog (diff-only)	UNKNOWN STEP	2026-09-26T11:37:49.0560471Z     		"gerrit-change-review"
static / reviewdog (diff-only)	UNKNOWN STEP	2026-09-26T11:37:49.0560855Z     			Report results to Gerrit Change comments.
static / reviewdog (diff-only)	UNKNOWN STEP	2026-09-26T11:37:49.0561205Z     	
static / reviewdog (diff-only)	UNKNOWN STEP	2026-09-26T11:37:49.0561600Z     			1. Set GERRIT_USERNAME and GERRIT_PASSWORD for basic authentication or
static / reviewdog (diff-only)	UNKNOWN STEP	2026-09-26T11:37:49.0562127Z     			GIT_GITCOOKIE_PATH for git cookie based authentication.
static / reviewdog (diff-only)	UNKNOWN STEP	2026-09-26T11:37:49.0562676Z     			2. Set GERRIT_CHANGE_ID, GERRIT_REVISION_ID GERRIT_BRANCH and GERRIT_ADDRESS
static / reviewdog (diff-only)	UNKNOWN STEP	2026-09-26T11:37:49.0563107Z     	
static / reviewdog (diff-only)	UNKNOWN STEP	2026-09-26T11:37:49.0563399Z     			For example:
static / reviewdog (diff-only)	UNKNOWN STEP	2026-09-26T11:37:49.0563868Z     				$ export GERRIT_CHANGE_ID=myproject~master~I1293efab014de2
static / reviewdog (diff-only)	UNKNOWN STEP	2026-09-26T11:37:49.0564418Z     				$ export GERRIT_REVISION_ID=ed318bf9a3c
static / reviewdog (diff-only)	UNKNOWN STEP	2026-09-26T11:37:49.0564830Z     				$ export GERRIT_BRANCH=master
static / reviewdog (diff-only)	UNKNOWN STEP	2026-09-26T11:37:49.0565265Z     				$ export GERRIT_ADDRESS=http://localhost:8080
static / reviewdog (diff-only)	UNKNOWN STEP	2026-09-26T11:37:49.0565642Z     	
static / reviewdog (diff-only)	UNKNOWN STEP	2026-09-26T11:37:49.0565965Z     		"bitbucket-code-report"
static / reviewdog (diff-only)	UNKNOWN STEP	2026-09-26T11:37:49.0566388Z     			Create Bitbucket Code Report via Code Insights
static / reviewdog (diff-only)	UNKNOWN STEP	2026-09-26T11:37:49.0566913Z     			(https://confluence.atlassian.com/display/BITBUCKET/Code+insights).
static / reviewdog (diff-only)	UNKNOWN STEP	2026-09-26T11:37:49.0567387Z     			You can set custom report name with:
static / reviewdog (diff-only)	UNKNOWN STEP	2026-09-26T11:37:49.0567743Z     	
static / reviewdog (diff-only)	UNKNOWN STEP	2026-09-26T11:37:49.0568180Z     			If running as part of Bitbucket Pipelines no additional configurations is needed.
static / reviewdog (diff-only)	UNKNOWN STEP	2026-09-26T11:37:49.0568790Z     			If running outside of Bitbucket Pipelines you need to provide git repo data
static / reviewdog (diff-only)	UNKNOWN STEP	2026-09-26T11:37:49.0569531Z     			(see documentation below for local reporters) and BitBucket credentials:
static / reviewdog (diff-only)	UNKNOWN STEP	2026-09-26T11:37:49.0570111Z     			- For Basic Auth you need to set following env variables:
static / reviewdog (diff-only)	UNKNOWN STEP	2026-09-26T11:37:49.0570557Z     				  BITBUCKET_USER and BITBUCKET_PASSWORD
static / reviewdog (diff-only)	UNKNOWN STEP	2026-09-26T11:37:49.0571017Z     			- For AccessToken Auth you need to set BITBUCKET_ACCESS_TOKEN
static / reviewdog (diff-only)	UNKNOWN STEP	2026-09-26T11:37:49.0571419Z     	
static / reviewdog (diff-only)	UNKNOWN STEP	2026-09-26T11:37:49.0571824Z     			To post results to Bitbucket Server specify BITBUCKET_SERVER_URL.
static / reviewdog (diff-only)	UNKNOWN STEP	2026-09-26T11:37:49.0572291Z     	
static / reviewdog (diff-only)	UNKNOWN STEP	2026-09-26T11:37:49.0572620Z     		"gitea-pr-review"
static / reviewdog (diff-only)	UNKNOWN STEP	2026-09-26T11:37:49.0572980Z     			Report results to Gitea review comments.
static / reviewdog (diff-only)	UNKNOWN STEP	2026-09-26T11:37:49.0573325Z     	
static / reviewdog (diff-only)	UNKNOWN STEP	2026-09-26T11:37:49.0573740Z     			1. Set REVIEWDOG_GITEA_API_TOKEN environment variable.
static / reviewdog (diff-only)	UNKNOWN STEP	2026-09-26T11:37:49.0574352Z     			Go to https://<gitea-server>/user/settings/applications and create new Access Token token with repo scope.
static / reviewdog (diff-only)	UNKNOWN STEP	2026-09-26T11:37:49.0575058Z     			2. Set GITEA_ADDRESS environment variable to your Gitea server base address.
static / reviewdog (diff-only)	UNKNOWN STEP	2026-09-26T11:37:49.0575501Z     			For example:
static / reviewdog (diff-only)	UNKNOWN STEP	2026-09-26T11:37:49.0575887Z     				$ export GITEA_ADDRESS=http://localhost:3000
static / reviewdog (diff-only)	UNKNOWN STEP	2026-09-26T11:37:49.0576253Z     	
static / reviewdog (diff-only)	UNKNOWN STEP	2026-09-26T11:37:49.0576622Z     		For GitHub Enterprise and self hosted GitLab or Gitea, set
static / reviewdog (diff-only)	UNKNOWN STEP	2026-09-26T11:37:49.0577199Z     		REVIEWDOG_INSECURE_SKIP_VERIFY to skip verifying SSL (please use this at your own risk)
static / reviewdog (diff-only)	UNKNOWN STEP	2026-09-26T11:37:49.0577752Z     			$ export REVIEWDOG_INSECURE_SKIP_VERIFY=true
static / reviewdog (diff-only)	UNKNOWN STEP	2026-09-26T11:37:49.0578136Z     	
static / reviewdog (diff-only)	UNKNOWN STEP	2026-09-26T11:37:49.0578557Z     		For non-local reporters, reviewdog automatically get necessary data from
static / reviewdog (diff-only)	UNKNOWN STEP	2026-09-26T11:37:49.0579499Z     		environment variable in CI service (GitHub Actions, Travis CI, Circle CI, drone.io, GitLab CI, Bitbucket Pipelines).
static / reviewdog (diff-only)	UNKNOWN STEP	2026-09-26T11:37:49.0580366Z     		You can set necessary data with following environment variable manually if
static / reviewdog (diff-only)	UNKNOWN STEP	2026-09-26T11:37:49.0580836Z     		you want (e.g. run reviewdog in Jenkins).
static / reviewdog (diff-only)	UNKNOWN STEP	2026-09-26T11:37:49.0581466Z     	
static / reviewdog (diff-only)	UNKNOWN STEP	2026-09-26T11:37:49.0581866Z     			$ export CI_PULL_REQUEST=14 # Pull Request number (e.g. 14)
static / reviewdog (diff-only)	UNKNOWN STEP	2026-09-26T11:37:49.0582398Z     			$ export CI_COMMIT="$(git rev-parse @)" # SHA1 for the current build
static / reviewdog (diff-only)	UNKNOWN STEP	2026-09-26T11:37:49.0582889Z     			$ export CI_REPO_OWNER="haya14busa" # repository owner
static / reviewdog (diff-only)	UNKNOWN STEP	2026-09-26T11:37:49.0583334Z     			$ export CI_REPO_NAME="reviewdog" # repository name
static / reviewdog (diff-only)	UNKNOWN STEP	2026-09-26T11:37:49.0583729Z     	 (default "local")
static / reviewdog (diff-only)	UNKNOWN STEP	2026-09-26T11:37:49.0584073Z   -runners string
static / reviewdog (diff-only)	UNKNOWN STEP	2026-09-26T11:37:49.0584520Z     	comma separated runners name to run in config file. default: run all runners
static / reviewdog (diff-only)	UNKNOWN STEP	2026-09-26T11:37:49.0584959Z   -strip int
static / reviewdog (diff-only)	UNKNOWN STEP	2026-09-26T11:37:49.0585515Z     	strip NUM leading components from diff file names (equivalent to 'patch -p') (default is 1 for git diff) (default 1)
static / reviewdog (diff-only)	UNKNOWN STEP	2026-09-26T11:37:49.0586060Z   -tee
static / reviewdog (diff-only)	UNKNOWN STEP	2026-09-26T11:37:49.0586662Z     	enable "tee"-like mode which outputs tools's output as is while reporting results to -reporter. Useful for debugging as well.
static / reviewdog (diff-only)	UNKNOWN STEP	2026-09-26T11:37:49.0587224Z   -version
static / reviewdog (diff-only)	UNKNOWN STEP	2026-09-26T11:37:49.0587512Z     	print version
static / reviewdog (diff-only)	UNKNOWN STEP	2026-09-26T11:37:49.0587681Z 
static / reviewdog (diff-only)	UNKNOWN STEP	2026-09-26T11:37:49.0587924Z See https://github.com/reviewdog/reviewdog for more detail.
static / reviewdog (diff-only)	UNKNOWN STEP	2026-09-26T11:37:49.0588680Z ##[endgroup]
static / reviewdog (diff-only)	UNKNOWN STEP	2026-09-26T11:37:49.0594446Z ##[end-action id=__reviewdog_action-setup.__run_2;outcome=success;conclusion=success;duration_ms=20]
static / reviewdog (diff-only)	UNKNOWN STEP	2026-09-26T11:37:49.0644591Z ##[group]Run mkdir -p out
static / reviewdog (diff-only)	UNKNOWN STEP	2026-09-26T11:37:49.0644972Z ^[[36;1mmkdir -p out^[[0m
static / reviewdog (diff-only)	UNKNOWN STEP	2026-09-26T11:37:49.0645348Z ^[[36;1m# 失敗不中斷：linter 找到問題是正常的，交給 reviewdog 判斷嚴重度^[[0m
static / reviewdog (diff-only)	UNKNOWN STEP	2026-09-26T11:37:49.0645835Z ^[[36;1mbash -c "$LINT_COMMAND" > out/lint.txt 2>&1 || true^[[0m
static / reviewdog (diff-only)	UNKNOWN STEP	2026-09-26T11:37:49.0646266Z ^[[36;1mhead -30 out/lint.txt || true^[[0m
static / reviewdog (diff-only)	UNKNOWN STEP	2026-09-26T11:37:49.0839072Z shell: /usr/bin/bash -e {0}
static / reviewdog (diff-only)	UNKNOWN STEP	2026-09-26T11:37:49.0839551Z env:
static / reviewdog (diff-only)	UNKNOWN STEP	2026-09-26T11:37:49.0840013Z   LINT_COMMAND: shellcheck -f gcc $(git ls-files '*.sh')
static / reviewdog (diff-only)	UNKNOWN STEP	2026-09-26T11:37:49.0840415Z ##[endgroup]
static / reviewdog (diff-only)	UNKNOWN STEP	2026-09-26T11:37:49.4136360Z ##[group]Run reviewdog \
static / reviewdog (diff-only)	UNKNOWN STEP	2026-09-26T11:37:49.4136742Z ^[[36;1mreviewdog \^[[0m
static / reviewdog (diff-only)	UNKNOWN STEP	2026-09-26T11:37:49.4137050Z ^[[36;1m  -efm="$LINT_ERRORFORMAT" \^[[0m
static / reviewdog (diff-only)	UNKNOWN STEP	2026-09-26T11:37:49.4137375Z ^[[36;1m  -name="$LINT_NAME" \^[[0m
static / reviewdog (diff-only)	UNKNOWN STEP	2026-09-26T11:37:49.4137752Z ^[[36;1m  -reporter=github-pr-review \^[[0m
static / reviewdog (diff-only)	UNKNOWN STEP	2026-09-26T11:37:49.4138072Z ^[[36;1m  -filter-mode=added \^[[0m
static / reviewdog (diff-only)	UNKNOWN STEP	2026-09-26T11:37:49.4138387Z ^[[36;1m  -fail-level="$FAIL_LEVEL" \^[[0m
static / reviewdog (diff-only)	UNKNOWN STEP	2026-09-26T11:37:49.4138694Z ^[[36;1m  -tee < out/lint.txt^[[0m
static / reviewdog (diff-only)	UNKNOWN STEP	2026-09-26T11:37:49.4179934Z shell: /usr/bin/bash -e {0}
static / reviewdog (diff-only)	UNKNOWN STEP	2026-09-26T11:37:49.4180295Z env:
static / reviewdog (diff-only)	UNKNOWN STEP	2026-09-26T11:37:49.4183365Z   REVIEWDOG_GITHUB_API_TOKEN: ***
static / reviewdog (diff-only)	UNKNOWN STEP	2026-09-26T11:37:49.4183763Z   LINT_ERRORFORMAT: %f:%l:%c: %m
static / reviewdog (diff-only)	UNKNOWN STEP	2026-09-26T11:37:49.4184070Z   LINT_NAME: shellcheck
static / reviewdog (diff-only)	UNKNOWN STEP	2026-09-26T11:37:49.4184399Z   FAIL_LEVEL: error
static / reviewdog (diff-only)	UNKNOWN STEP	2026-09-26T11:37:49.4184695Z ##[endgroup]
static / reviewdog (diff-only)	UNKNOWN STEP	2026-09-26T11:37:49.9757431Z Post job cleanup.
static / reviewdog (diff-only)	UNKNOWN STEP	2026-09-26T11:37:50.0475041Z [command]/usr/bin/git version
static / reviewdog (diff-only)	UNKNOWN STEP	2026-09-26T11:37:50.0508266Z git version 2.55.0
static / reviewdog (diff-only)	UNKNOWN STEP	2026-09-26T11:37:50.0539561Z Temporarily overriding HOME='/home/runner/work/_temp/24b7be7f-3cea-43cb-a794-340c7355333f' before making global git config changes
static / reviewdog (diff-only)	UNKNOWN STEP	2026-09-26T11:37:50.0541007Z Adding repository directory to the temporary git global config as a safe directory
static / reviewdog (diff-only)	UNKNOWN STEP	2026-09-26T11:37:50.0545061Z [command]/usr/bin/git config --global --add safe.directory /home/runner/work/deepseek-review-probe/deepseek-review-probe
static / reviewdog (diff-only)	UNKNOWN STEP	2026-09-26T11:37:50.0570377Z Removing SSH command configuration
static / reviewdog (diff-only)	UNKNOWN STEP	2026-09-26T11:37:50.0577122Z [command]/usr/bin/git config --local --name-only --get-regexp core\.sshCommand
static / reviewdog (diff-only)	UNKNOWN STEP	2026-09-26T11:37:50.0605619Z [command]/usr/bin/git submodule foreach --recursive sh -c "git config --local --name-only --get-regexp 'core\.sshCommand' && git config --local --unset-all 'core.sshCommand' || :"
static / reviewdog (diff-only)	UNKNOWN STEP	2026-09-26T11:37:50.0785914Z Removing HTTP extra header
static / reviewdog (diff-only)	UNKNOWN STEP	2026-09-26T11:37:50.0791740Z [command]/usr/bin/git config --local --name-only --get-regexp http\.https\:\/\/github\.com\/\.extraheader
static / reviewdog (diff-only)	UNKNOWN STEP	2026-09-26T11:37:50.0820259Z [command]/usr/bin/git submodule foreach --recursive sh -c "git config --local --name-only --get-regexp 'http\.https\:\/\/github\.com\/\.extraheader' && git config --local --unset-all 'http.https://github.com/.extraheader' || :"
static / reviewdog (diff-only)	UNKNOWN STEP	2026-09-26T11:37:50.0990934Z Removing includeIf entries pointing to credentials config files
static / reviewdog (diff-only)	UNKNOWN STEP	2026-09-26T11:37:50.0997085Z [command]/usr/bin/git config --local --name-only --get-regexp ^includeIf\.gitdir:
static / reviewdog (diff-only)	UNKNOWN STEP	2026-09-26T11:37:50.1021281Z [command]/usr/bin/git submodule foreach --recursive git config --local --show-origin --name-only --get-regexp remote.origin.url
static / reviewdog (diff-only)	UNKNOWN STEP	2026-09-26T11:37:50.1348907Z Cleaning up orphan processes
